network_type,target_plr,threshold_method,threshold_value,duplication_delay,n_frames,n_duplicated,duplication_rate,base_bitrate_kbps,total_bitrate_kbps,bandwidth_overhead_pct,raw_loss_rate,n_recovered,recovery_rate,n_concealed,post_recovery_loss_rate,PESQ,PESQ_WB,PESQ_NB,STOI,ESTOI,SI-SDR,concealment_rate,n_lost_frames,mean_burst_len,max_burst_len,n_bursts,codec,file,seed
random_loss,0.0,no_duplicate,no_duplicate,1,300,0,0.0,3.0,3.0,0.0,0.0,0,0.0,0,0.0,3.234401226043701,3.234401226043701,3.6661603450775146,0.9497512405963333,0.8711391689646195,5.915631008687495,0.0,0,0.0,0,0,HILCodec_3kbps,1089-134686-0000.flac,42
random_loss,0.0,no_duplicate,no_duplicate,1,300,0,0.0,3.0,3.0,0.0,0.0,0,0.0,0,0.0,3.234401226043701,3.234401226043701,3.6661603450775146,0.9497512405963333,0.8711391689646194,5.915631008687495,0.0,0,0.0,0,0,HILCodec_3kbps,1089-134686-0000.flac,123
random_loss,0.0,no_duplicate,no_duplicate,2,300,0,0.0,3.0,3.0,0.0,0.0,0,0.0,0,0.0,3.234401226043701,3.234401226043701,3.6661603450775146,0.9497512405963333,0.8711391689646194,5.915631008687495,0.0,0,0.0,0,0,HILCodec_3kbps,1089-134686-0000.flac,42
random_loss,0.0,no_duplicate,no_duplicate,2,300,0,0.0,3.0,3.0,0.0,0.0,0,0.0,0,0.0,3.234401226043701,3.234401226043701,3.6661603450775146,0.9497512405963333,0.8711391689646194,5.915631008687495,0.0,0,0.0,0,0,HILCodec_3kbps,1089-134686-0000.flac,123
random_loss,0.0,fixed_0.3,0.3,1,300,45,0.15,3.0,3.4499999999999997,15.0,0.0,0,0.0,0,0.0,3.234401226043701,3.234401226043701,3.6661603450775146,0.9497512405963333,0.8711391689646194,5.915631008687495,0.0,0,0.0,0,0,HILCodec_3kbps,1089-134686-0000.flac,42
random_loss,0.0,fixed_0.3,0.3,1,300,45,0.15,3.0,3.4499999999999997,15.0,0.0,0,0.0,0,0.0,3.234401226043701,3.234401226043701,3.6661603450775146,0.9497512405963333,0.8711391689646194,5.915631008687495,0.0,0,0.0,0,0,HILCodec_3kbps,1089-134686-0000.flac,123
random_loss,0.0,fixed_0.3,0.3,2,300,45,0.15,3.0,3.4499999999999997,15.0,0.0,0,0.0,0,0.0,3.234401226043701,3.234401226043701,3.6661603450775146,0.9497512405963333,0.8711391689646195,5.915631008687495,0.0,0,0.0,0,0,HILCodec_3kbps,1089-134686-0000.flac,42
random_loss,0.0,fixed_0.3,0.3,2,300,45,0.15,3.0,3.4499999999999997,15.0,0.0,0,0.0,0,0.0,3.234401226043701,3.234401226043701,3.6661603450775146,0.9497512405963333,0.8711391689646195,5.915631008687495,0.0,0,0.0,0,0,HILCodec_3kbps,1089-134686-0000.flac,123
random_loss,0.0,fixed_0.5,0.5,1,300,16,0.05333333333333334,3.0,3.1599999999999997,5.333333333333334,0.0,0,0.0,0,0.0,3.234401226043701,3.234401226043701,3.6661603450775146,0.9497512405963333,0.8711391689646194,5.915631008687495,0.0,0,0.0,0,0,HILCodec_3kbps,1089-134686-0000.flac,42
random_loss,0.0,fixed_0.5,0.5,1,300,16,0.05333333333333334,3.0,3.1599999999999997,5.333333333333334,0.0,0,0.0,0,0.0,3.234401226043701,3.234401226043701,3.6661603450775146,0.9497512405963333,0.8711391689646194,5.915631008687495,0.0,0,0.0,0,0,HILCodec_3kbps,1089-134686-0000.flac,123
random_loss,0.0,fixed_0.5,0.5,2,300,16,0.05333333333333334,3.0,3.1599999999999997,5.333333333333334,0.0,0,0.0,0,0.0,3.234401226043701,3.234401226043701,3.6661603450775146,0.9497512405963333,0.8711391689646194,5.915631008687495,0.0,0,0.0,0,0,HILCodec_3kbps,1089-134686-0000.flac,42
random_loss,0.0,fixed_0.5,0.5,2,300,16,0.05333333333333334,3.0,3.1599999999999997,5.333333333333334,0.0,0,0.0,0,0.0,3.234401226043701,3.234401226043701,3.6661603450775146,0.9497512405963333,0.8711391689646194,5.915631008687495,0.0,0,0.0,0,0,HILCodec_3kbps,1089-134686-0000.flac,123
random_loss,0.0,fixed_0.7,0.7,1,300,0,0.0,3.0,3.0,0.0,0.0,0,0.0,0,0.0,3.234401226043701,3.234401226043701,3.6661603450775146,0.9497512405963333,0.8711391689646194,5.915631008687495,0.0,0,0.0,0,0,HILCodec_3kbps,1089-134686-0000.flac,42
random_loss,0.0,fixed_0.7,0.7,1,300,0,0.0,3.0,3.0,0.0,0.0,0,0.0,0,0.0,3.234401226043701,3.234401226043701,3.6661603450775146,0.9497512405963333,0.8711391689646194,5.915631008687495,0.0,0,0.0,0,0,HILCodec_3kbps,1089-134686-0000.flac,123
random_loss,0.0,fixed_0.7,0.7,2,300,0,0.0,3.0,3.0,0.0,0.0,0,0.0,0,0.0,3.234401226043701,3.234401226043701,3.6661603450775146,0.9497512405963333,0.8711391689646194,5.915631008687495,0.0,0,0.0,0,0,HILCodec_3kbps,1089-134686-0000.flac,42
random_loss,0.0,fixed_0.7,0.7,2,300,0,0.0,3.0,3.0,0.0,0.0,0,0.0,0,0.0,3.234401226043701,3.234401226043701,3.6661603450775146,0.9497512405963333,0.8711391689646194,5.915631008687495,0.0,0,0.0,0,0,HILCodec_3kbps,1089-134686-0000.flac,123
random_loss,0.0,adaptive_mean_std,dynamic,1,300,55,0.18333333333333332,3.0,3.55,18.333333333333332,0.0,0,0.0,0,0.0,3.234401226043701,3.234401226043701,3.6661603450775146,0.9497512405963333,0.8711391689646194,5.915631008687495,0.0,0,0.0,0,0,HILCodec_3kbps,1089-134686-0000.flac,42
random_loss,0.0,adaptive_mean_std,dynamic,1,300,55,0.18333333333333332,3.0,3.55,18.333333333333332,0.0,0,0.0,0,0.0,3.234401226043701,3.234401226043701,3.6661603450775146,0.9497512405963333,0.8711391689646194,5.915631008687495,0.0,0,0.0,0,0,HILCodec_3kbps,1089-134686-0000.flac,123
random_loss,0.0,adaptive_mean_std,dynamic,2,300,55,0.18333333333333332,3.0,3.55,18.333333333333332,0.0,0,0.0,0,0.0,3.234401226043701,3.234401226043701,3.6661603450775146,0.9497512405963333,0.8711391689646195,5.915631008687495,0.0,0,0.0,0,0,HILCodec_3kbps,1089-134686-0000.flac,42
random_loss,0.0,adaptive_mean_std,dynamic,2,300,55,0.18333333333333332,3.0,3.55,18.333333333333332,0.0,0,0.0,0,0.0,3.234401226043701,3.234401226043701,3.6661603450775146,0.9497512405963333,0.8711391689646194,5.915631008687495,0.0,0,0.0,0,0,HILCodec_3kbps,1089-134686-0000.flac,123
random_loss,0.0,adaptive_quantile_70,dynamic,1,300,110,0.36666666666666664,3.0,4.1,36.666666666666664,0.0,0,0.0,0,0.0,3.234401226043701,3.234401226043701,3.6661603450775146,0.9497512405963333,0.8711391689646194,5.915631008687495,0.0,0,0.0,0,0,HILCodec_3kbps,1089-134686-0000.flac,42
random_loss,0.0,adaptive_quantile_70,dynamic,1,300,110,0.36666666666666664,3.0,4.1,36.666666666666664,0.0,0,0.0,0,0.0,3.234401226043701,3.234401226043701,3.6661603450775146,0.9497512405963333,0.8711391689646194,5.915631008687495,0.0,0,0.0,0,0,HILCodec_3kbps,1089-134686-0000.flac,123
random_loss,0.0,adaptive_quantile_70,dynamic,2,300,110,0.36666666666666664,3.0,4.1,36.666666666666664,0.0,0,0.0,0,0.0,3.234401226043701,3.234401226043701,3.6661603450775146,0.9497512405963333,0.8711391689646194,5.915631008687495,0.0,0,0.0,0,0,HILCodec_3kbps,1089-134686-0000.flac,42
random_loss,0.0,adaptive_quantile_70,dynamic,2,300,110,0.36666666666666664,3.0,4.1,36.666666666666664,0.0,0,0.0,0,0.0,3.234401226043701,3.234401226043701,3.6661603450775146,0.9497512405963333,0.8711391689646194,5.915631008687495,0.0,0,0.0,0,0,HILCodec_3kbps,1089-134686-0000.flac,123
random_loss,0.0,all_duplicate,all_duplicate,1,300,300,1.0,3.0,6.0,100.0,0.0,0,0.0,0,0.0,3.234401226043701,3.234401226043701,3.6661603450775146,0.9497512405963333,0.8711391689646195,5.915631008687495,0.0,0,0.0,0,0,HILCodec_3kbps,1089-134686-0000.flac,42
random_loss,0.0,all_duplicate,all_duplicate,1,300,300,1.0,3.0,6.0,100.0,0.0,0,0.0,0,0.0,3.234401226043701,3.234401226043701,3.6661603450775146,0.9497512405963333,0.8711391689646194,5.915631008687495,0.0,0,0.0,0,0,HILCodec_3kbps,1089-134686-0000.flac,123
random_loss,0.0,all_duplicate,all_duplicate,2,300,300,1.0,3.0,6.0,100.0,0.0,0,0.0,0,0.0,3.234401226043701,3.234401226043701,3.6661603450775146,0.9497512405963333,0.8711391689646194,5.915631008687495,0.0,0,0.0,0,0,HILCodec_3kbps,1089-134686-0000.flac,42
random_loss,0.0,all_duplicate,all_duplicate,2,300,300,1.0,3.0,6.0,100.0,0.0,0,0.0,0,0.0,3.234401226043701,3.234401226043701,3.6661603450775146,0.9497512405963333,0.8711391689646194,5.915631008687495,0.0,0,0.0,0,0,HILCodec_3kbps,1089-134686-0000.flac,123
random_loss,0.01,no_duplicate,no_duplicate,1,300,0,0.0,3.0,3.0,0.0,0.0033333333333332993,0,0.0,1,0.0033333333333333335,2.9943759441375732,2.9943759441375732,3.5854315757751465,0.9492358083856686,0.8696911224007775,5.721502158326384,0.0033333333333333335,1,1.0,1,1,HILCodec_3kbps,1089-134686-0000.flac,42
random_loss,0.01,no_duplicate,no_duplicate,1,300,0,0.0,3.0,3.0,0.0,0.013333333333333308,0,0.0,4,0.013333333333333334,3.0037448406219482,3.0037448406219482,3.543487310409546,0.9479177248872033,0.8679781737280844,5.524485937794975,0.013333333333333334,4,1.0,1,4,HILCodec_3kbps,1089-134686-0000.flac,123
random_loss,0.01,no_duplicate,no_duplicate,2,300,0,0.0,3.0,3.0,0.0,0.0033333333333332993,0,0.0,1,0.0033333333333333335,2.9943759441375732,2.9943759441375732,3.5854315757751465,0.9492358083856686,0.8696911224007775,5.721502158326384,0.0033333333333333335,1,1.0,1,1,HILCodec_3kbps,1089-134686-0000.flac,42
random_loss,0.01,no_duplicate,no_duplicate,2,300,0,0.0,3.0,3.0,0.0,0.013333333333333308,0,0.0,4,0.013333333333333334,3.0037448406219482,3.0037448406219482,3.543487310409546,0.9479177248872033,0.8679781737280844,5.524485937794975,0.013333333333333334,4,1.0,1,4,HILCodec_3kbps,1089-134686-0000.flac,123
random_loss,0.01,fixed_0.3,0.3,1,300,45,0.15,3.0,3.4499999999999997,15.0,0.0033333333333332993,0,0.0,1,0.0033333333333333335,2.9943759441375732,2.9943759441375732,3.5854315757751465,0.9492358083856686,0.8696911224007775,5.721502158326384,0.0033333333333333335,1,1.0,1,1,HILCodec_3kbps,1089-134686-0000.flac,42
random_loss,0.01,fixed_0.3,0.3,1,300,45,0.15,3.0,3.4499999999999997,15.0,0.013333333333333308,0,0.0,4,0.013333333333333334,3.0037448406219482,3.0037448406219482,3.543487310409546,0.9479177248872033,0.8679781737280844,5.524485937794975,0.013333333333333334,4,1.0,1,4,HILCodec_3kbps,1089-134686-0000.flac,123
random_loss,0.01,fixed_0.3,0.3,2,300,45,0.15,3.0,3.4499999999999997,15.0,0.0033333333333332993,0,0.0,1,0.0033333333333333335,2.9943759441375732,2.9943759441375732,3.5854315757751465,0.9492358083856686,0.8696911224007775,5.721502158326384,0.0033333333333333335,1,1.0,1,1,HILCodec_3kbps,1089-134686-0000.flac,42
random_loss,0.01,fixed_0.3,0.3,2,300,45,0.15,3.0,3.4499999999999997,15.0,0.013333333333333308,0,0.0,4,0.013333333333333334,3.0037448406219482,3.0037448406219482,3.543487310409546,0.9479177248872033,0.8679781737280844,5.524485937794975,0.013333333333333334,4,1.0,1,4,HILCodec_3kbps,1089-134686-0000.flac,123
random_loss,0.01,fixed_0.5,0.5,1,300,16,0.05333333333333334,3.0,3.1599999999999997,5.333333333333334,0.0033333333333332993,0,0.0,1,0.0033333333333333335,2.9943759441375732,2.9943759441375732,3.5854315757751465,0.9492358083856686,0.8696911224007775,5.721502158326384,0.0033333333333333335,1,1.0,1,1,HILCodec_3kbps,1089-134686-0000.flac,42
random_loss,0.01,fixed_0.5,0.5,1,300,16,0.05333333333333334,3.0,3.1599999999999997,5.333333333333334,0.013333333333333308,0,0.0,4,0.013333333333333334,3.0037448406219482,3.0037448406219482,3.543487310409546,0.9479177248872033,0.8679781737280844,5.524485937794975,0.013333333333333334,4,1.0,1,4,HILCodec_3kbps,1089-134686-0000.flac,123
random_loss,0.01,fixed_0.5,0.5,2,300,16,0.05333333333333334,3.0,3.1599999999999997,5.333333333333334,0.0033333333333332993,0,0.0,1,0.0033333333333333335,2.9943759441375732,2.9943759441375732,3.5854315757751465,0.9492358083856686,0.8696911224007775,5.721502158326384,0.0033333333333333335,1,1.0,1,1,HILCodec_3kbps,1089-134686-0000.flac,42
random_loss,0.01,fixed_0.5,0.5,2,300,16,0.05333333333333334,3.0,3.1599999999999997,5.333333333333334,0.013333333333333308,0,0.0,4,0.013333333333333334,3.0037448406219482,3.0037448406219482,3.543487310409546,0.9479177248872033,0.8679781737280844,5.524485937794975,0.013333333333333334,4,1.0,1,4,HILCodec_3kbps,1089-134686-0000.flac,123
random_loss,0.01,fixed_0.7,0.7,1,300,0,0.0,3.0,3.0,0.0,0.0033333333333332993,0,0.0,1,0.0033333333333333335,2.9943759441375732,2.9943759441375732,3.5854315757751465,0.9492358083856686,0.8696911224007775,5.721502158326384,0.0033333333333333335,1,1.0,1,1,HILCodec_3kbps,1089-134686-0000.flac,42
random_loss,0.01,fixed_0.7,0.7,1,300,0,0.0,3.0,3.0,0.0,0.013333333333333308,0,0.0,4,0.013333333333333334,3.0037448406219482,3.0037448406219482,3.543487310409546,0.9479177248872033,0.8679781737280844,5.524485937794975,0.013333333333333334,4,1.0,1,4,HILCodec_3kbps,1089-134686-0000.flac,123
random_loss,0.01,fixed_0.7,0.7,2,300,0,0.0,3.0,3.0,0.0,0.0033333333333332993,0,0.0,1,0.0033333333333333335,2.9943759441375732,2.9943759441375732,3.5854315757751465,0.9492358083856686,0.8696911224007775,5.721502158326384,0.0033333333333333335,1,1.0,1,1,HILCodec_3kbps,1089-134686-0000.flac,42
random_loss,0.01,fixed_0.7,0.7,2,300,0,0.0,3.0,3.0,0.0,0.013333333333333308,0,0.0,4,0.013333333333333334,3.0037448406219482,3.0037448406219482,3.543487310409546,0.9479177248872033,0.8679781737280844,5.524485937794975,0.013333333333333334,4,1.0,1,4,HILCodec_3kbps,1089-134686-0000.flac,123
random_loss,0.01,adaptive_mean_std,dynamic,1,300,55,0.18333333333333332,3.0,3.55,18.333333333333332,0.0033333333333332993,0,0.0,1,0.0033333333333333335,2.9943759441375732,2.9943759441375732,3.5854315757751465,0.9492358083856686,0.8696911224007775,5.721502158326384,0.0033333333333333335,1,1.0,1,1,HILCodec_3kbps,1089-134686-0000.flac,42
random_loss,0.01,adaptive_mean_std,dynamic,1,300,55,0.18333333333333332,3.0,3.55,18.333333333333332,0.013333333333333308,0,0.0,4,0.013333333333333334,3.0037448406219482,3.0037448406219482,3.543487310409546,0.9479177248872033,0.8679781737280844,5.524485937794975,0.013333333333333334,4,1.0,1,4,HILCodec_3kbps,1089-134686-0000.flac,123
random_loss,0.01,adaptive_mean_std,dynamic,2,300,55,0.18333333333333332,3.0,3.55,18.333333333333332,0.0033333333333332993,0,0.0,1,0.0033333333333333335,2.9943759441375732,2.9943759441375732,3.5854315757751465,0.9492358083856686,0.8696911224007775,5.721502158326384,0.0033333333333333335,1,1.0,1,1,HILCodec_3kbps,1089-134686-0000.flac,42
random_loss,0.01,adaptive_mean_std,dynamic,2,300,55,0.18333333333333332,3.0,3.55,18.333333333333332,0.013333333333333308,0,0.0,4,0.013333333333333334,3.0037448406219482,3.0037448406219482,3.543487310409546,0.9479177248872033,0.8679781737280844,5.524485937794975,0.013333333333333334,4,1.0,1,4,HILCodec_3kbps,1089-134686-0000.flac,123
random_loss,0.01,adaptive_quantile_70,dynamic,1,300,110,0.36666666666666664,3.0,4.1,36.666666666666664,0.0033333333333332993,1,1.0,0,0.0,3.234401226043701,3.234401226043701,3.6661603450775146,0.9497512405963333,0.8711391689646194,5.915631008687495,0.0,0,0.0,0,0,HILCodec_3kbps,1089-134686-0000.flac,42
random_loss,0.01,adaptive_quantile_70,dynamic,1,300,110,0.36666666666666664,3.0,4.1,36.666666666666664,0.013333333333333308,3,0.75,1,0.0033333333333333335,3.174665927886963,3.174665927886963,3.5933120250701904,0.948607609763099,0.8699519234438772,5.692423127863374,0.0033333333333333335,1,1.0,1,1,HILCodec_3kbps,1089-134686-0000.flac,123
random_loss,0.01,adaptive_quantile_70,dynamic,2,300,110,0.36666666666666664,3.0,4.1,36.666666666666664,0.0033333333333332993,1,1.0,0,0.0,3.234401226043701,3.234401226043701,3.6661603450775146,0.9497512405963333,0.8711391689646194,5.915631008687495,0.0,0,0.0,0,0,HILCodec_3kbps,1089-134686-0000.flac,42
random_loss,0.01,adaptive_quantile_70,dynamic,2,300,110,0.36666666666666664,3.0,4.1,36.666666666666664,0.013333333333333308,3,0.75,1,0.0033333333333333335,3.174665927886963,3.174665927886963,3.5933120250701904,0.948607609763099,0.8699519234438774,5.692423127863374,0.0033333333333333335,1,1.0,1,1,HILCodec_3kbps,1089-134686-0000.flac,123
random_loss,0.01,all_duplicate,all_duplicate,1,300,300,1.0,3.0,6.0,100.0,0.0033333333333332993,1,1.0,0,0.0,3.234401226043701,3.234401226043701,3.6661603450775146,0.9497512405963333,0.8711391689646194,5.915631008687495,0.0,0,0.0,0,0,HILCodec_3kbps,1089-134686-0000.flac,42
random_loss,0.01,all_duplicate,all_duplicate,1,300,300,1.0,3.0,6.0,100.0,0.013333333333333308,4,1.0,0,0.0,3.234401226043701,3.234401226043701,3.6661603450775146,0.9497512405963333,0.8711391689646195,5.915631008687495,0.0,0,0.0,0,0,HILCodec_3kbps,1089-134686-0000.flac,123
random_loss,0.01,all_duplicate,all_duplicate,2,300,300,1.0,3.0,6.0,100.0,0.0033333333333332993,1,1.0,0,0.0,3.234401226043701,3.234401226043701,3.6661603450775146,0.9497512405963333,0.8711391689646194,5.915631008687495,0.0,0,0.0,0,0,HILCodec_3kbps,1089-134686-0000.flac,42
random_loss,0.01,all_duplicate,all_duplicate,2,300,300,1.0,3.0,6.0,100.0,0.013333333333333308,4,1.0,0,0.0,3.234401226043701,3.234401226043701,3.6661603450775146,0.9497512405963333,0.8711391689646195,5.915631008687495,0.0,0,0.0,0,0,HILCodec_3kbps,1089-134686-0000.flac,123
random_loss,0.03,no_duplicate,no_duplicate,1,300,0,0.0,3.0,3.0,0.0,0.026666666666666616,0,0.0,8,0.02666666666666667,2.9264636039733887,2.9264636039733887,3.509246826171875,0.9455606785403301,0.8677854704408159,5.447891214155597,0.02666666666666667,8,1.0,1,8,HILCodec_3kbps,1089-134686-0000.flac,42
random_loss,0.03,no_duplicate,no_duplicate,1,300,0,0.0,3.0,3.0,0.0,0.033333333333333326,0,0.0,10,0.03333333333333333,2.8162448406219482,2.8162448406219482,3.439819097518921,0.9475884653931816,0.8671227559042236,4.953375691271599,0.03333333333333333,10,1.0,1,10,HILCodec_3kbps,1089-134686-0000.flac,123
random_loss,0.03,no_duplicate,no_duplicate,2,300,0,0.0,3.0,3.0,0.0,0.026666666666666616,0,0.0,8,0.02666666666666667,2.9264636039733887,2.9264636039733887,3.509246826171875,0.9455606785403301,0.8677854704408159,5.447891214155597,0.02666666666666667,8,1.0,1,8,HILCodec_3kbps,1089-134686-0000.flac,42
random_loss,0.03,no_duplicate,no_duplicate,2,300,0,0.0,3.0,3.0,0.0,0.033333333333333326,0,0.0,10,0.03333333333333333,2.8162448406219482,2.8162448406219482,3.439819097518921,0.9475884653931816,0.8671227559042236,4.953375691271599,0.03333333333333333,10,1.0,1,10,HILCodec_3kbps,1089-134686-0000.flac,123
random_loss,0.03,fixed_0.3,0.3,1,300,45,0.15,3.0,3.4499999999999997,15.0,0.026666666666666616,0,0.0,8,0.02666666666666667,2.9264636039733887,2.9264636039733887,3.509246826171875,0.9455606785403301,0.8677854704408159,5.447891214155597,0.02666666666666667,8,1.0,1,8,HILCodec_3kbps,1089-134686-0000.flac,42
random_loss,0.03,fixed_0.3,0.3,1,300,45,0.15,3.0,3.4499999999999997,15.0,0.033333333333333326,0,0.0,10,0.03333333333333333,2.8162448406219482,2.8162448406219482,3.439819097518921,0.9475884653931816,0.8671227559042236,4.953375691271599,0.03333333333333333,10,1.0,1,10,HILCodec_3kbps,1089-134686-0000.flac,123
random_loss,0.03,fixed_0.3,0.3,2,300,45,0.15,3.0,3.4499999999999997,15.0,0.026666666666666616,0,0.0,8,0.02666666666666667,2.9264636039733887,2.9264636039733887,3.509246826171875,0.9455606785403301,0.8677854704408159,5.447891214155597,0.02666666666666667,8,1.0,1,8,HILCodec_3kbps,1089-134686-0000.flac,42
random_loss,0.03,fixed_0.3,0.3,2,300,45,0.15,3.0,3.4499999999999997,15.0,0.033333333333333326,0,0.0,10,0.03333333333333333,2.8162448406219482,2.8162448406219482,3.439819097518921,0.9475884653931816,0.8671227559042236,4.953375691271599,0.03333333333333333,10,1.0,1,10,HILCodec_3kbps,1089-134686-0000.flac,123
random_loss,0.03,fixed_0.5,0.5,1,300,16,0.05333333333333334,3.0,3.1599999999999997,5.333333333333334,0.026666666666666616,0,0.0,8,0.02666666666666667,2.9264636039733887,2.9264636039733887,3.509246826171875,0.9455606785403301,0.8677854704408159,5.447891214155597,0.02666666666666667,8,1.0,1,8,HILCodec_3kbps,1089-134686-0000.flac,42
random_loss,0.03,fixed_0.5,0.5,1,300,16,0.05333333333333334,3.0,3.1599999999999997,5.333333333333334,0.033333333333333326,0,0.0,10,0.03333333333333333,2.8162448406219482,2.8162448406219482,3.439819097518921,0.9475884653931816,0.8671227559042236,4.953375691271599,0.03333333333333333,10,1.0,1,10,HILCodec_3kbps,1089-134686-0000.flac,123
random_loss,0.03,fixed_0.5,0.5,2,300,16,0.05333333333333334,3.0,3.1599999999999997,5.333333333333334,0.026666666666666616,0,0.0,8,0.02666666666666667,2.9264636039733887,2.9264636039733887,3.509246826171875,0.9455606785403301,0.8677854704408159,5.447891214155597,0.02666666666666667,8,1.0,1,8,HILCodec_3kbps,1089-134686-0000.flac,42
random_loss,0.03,fixed_0.5,0.5,2,300,16,0.05333333333333334,3.0,3.1599999999999997,5.333333333333334,0.033333333333333326,0,0.0,10,0.03333333333333333,2.8162448406219482,2.8162448406219482,3.439819097518921,0.9475884653931816,0.8671227559042236,4.953375691271599,0.03333333333333333,10,1.0,1,10,HILCodec_3kbps,1089-134686-0000.flac,123
random_loss,0.03,fixed_0.7,0.7,1,300,0,0.0,3.0,3.0,0.0,0.026666666666666616,0,0.0,8,0.02666666666666667,2.9264636039733887,2.9264636039733887,3.509246826171875,0.9455606785403301,0.8677854704408159,5.447891214155597,0.02666666666666667,8,1.0,1,8,HILCodec_3kbps,1089-134686-0000.flac,42
random_loss,0.03,fixed_0.7,0.7,1,300,0,0.0,3.0,3.0,0.0,0.033333333333333326,0,0.0,10,0.03333333333333333,2.8162448406219482,2.8162448406219482,3.439819097518921,0.9475884653931816,0.8671227559042236,4.953375691271599,0.03333333333333333,10,1.0,1,10,HILCodec_3kbps,1089-134686-0000.flac,123
random_loss,0.03,fixed_0.7,0.7,2,300,0,0.0,3.0,3.0,0.0,0.026666666666666616,0,0.0,8,0.02666666666666667,2.9264636039733887,2.9264636039733887,3.509246826171875,0.9455606785403301,0.8677854704408159,5.447891214155597,0.02666666666666667,8,1.0,1,8,HILCodec_3kbps,1089-134686-0000.flac,42
random_loss,0.03,fixed_0.7,0.7,2,300,0,0.0,3.0,3.0,0.0,0.033333333333333326,0,0.0,10,0.03333333333333333,2.8162448406219482,2.8162448406219482,3.439819097518921,0.9475884653931816,0.8671227559042236,4.953375691271599,0.03333333333333333,10,1.0,1,10,HILCodec_3kbps,1089-134686-0000.flac,123
random_loss,0.03,adaptive_mean_std,dynamic,1,300,55,0.18333333333333332,3.0,3.55,18.333333333333332,0.026666666666666616,0,0.0,8,0.02666666666666667,2.9264636039733887,2.9264636039733887,3.509246826171875,0.9455606785403301,0.8677854704408159,5.447891214155597,0.02666666666666667,8,1.0,1,8,HILCodec_3kbps,1089-134686-0000.flac,42
random_loss,0.03,adaptive_mean_std,dynamic,1,300,55,0.18333333333333332,3.0,3.55,18.333333333333332,0.033333333333333326,0,0.0,10,0.03333333333333333,2.8162448406219482,2.8162448406219482,3.439819097518921,0.9475884653931816,0.8671227559042236,4.953375691271599,0.03333333333333333,10,1.0,1,10,HILCodec_3kbps,1089-134686-0000.flac,123
random_loss,0.03,adaptive_mean_std,dynamic,2,300,55,0.18333333333333332,3.0,3.55,18.333333333333332,0.026666666666666616,0,0.0,8,0.02666666666666667,2.9264636039733887,2.9264636039733887,3.509246826171875,0.9455606785403301,0.8677854704408159,5.447891214155597,0.02666666666666667,8,1.0,1,8,HILCodec_3kbps,1089-134686-0000.flac,42
random_loss,0.03,adaptive_mean_std,dynamic,2,300,55,0.18333333333333332,3.0,3.55,18.333333333333332,0.033333333333333326,0,0.0,10,0.03333333333333333,2.8162448406219482,2.8162448406219482,3.439819097518921,0.9475884653931816,0.8671227559042236,4.953375691271599,0.03333333333333333,10,1.0,1,10,HILCodec_3kbps,1089-134686-0000.flac,123
random_loss,0.03,adaptive_quantile_70,dynamic,1,300,110,0.36666666666666664,3.0,4.1,36.666666666666664,0.026666666666666616,3,0.375,5,0.016666666666666666,3.1951825618743896,3.1951825618743896,3.625105857849121,0.9476972055160064,0.8665972812129092,5.825420062815611,0.016666666666666666,5,1.0,1,5,HILCodec_3kbps,1089-134686-0000.flac,42
random_loss,0.03,adaptive_quantile_70,dynamic,1,300,110,0.36666666666666664,3.0,4.1,36.666666666666664,0.033333333333333326,5,0.5,5,0.016666666666666666,3.145581007003784,3.145581007003784,3.590651035308838,0.9485749408892348,0.8693311812623806,5.6861143811146695,0.016666666666666666,5,1.0,1,5,HILCodec_3kbps,1089-134686-0000.flac,123
random_loss,0.03,adaptive_quantile_70,dynamic,2,300,110,0.36666666666666664,3.0,4.1,36.666666666666664,0.026666666666666616,3,0.375,5,0.016666666666666666,3.1951825618743896,3.1951825618743896,3.625105857849121,0.9476972055160064,0.8665972812129092,5.825420062815611,0.016666666666666666,5,1.0,1,5,HILCodec_3kbps,1089-134686-0000.flac,42
random_loss,0.03,adaptive_quantile_70,dynamic,2,300,110,0.36666666666666664,3.0,4.1,36.666666666666664,0.033333333333333326,5,0.5,5,0.016666666666666666,3.145581007003784,3.145581007003784,3.590651035308838,0.9485749408892348,0.8693311812623806,5.6861143811146695,0.016666666666666666,5,1.0,1,5,HILCodec_3kbps,1089-134686-0000.flac,123
random_loss,0.03,all_duplicate,all_duplicate,1,300,300,1.0,3.0,6.0,100.0,0.026666666666666616,8,1.0,0,0.0,3.234401226043701,3.234401226043701,3.6661603450775146,0.9497512405963333,0.8711391689646194,5.915631008687495,0.0,0,0.0,0,0,HILCodec_3kbps,1089-134686-0000.flac,42
random_loss,0.03,all_duplicate,all_duplicate,1,300,300,1.0,3.0,6.0,100.0,0.033333333333333326,10,1.0,0,0.0,3.234401226043701,3.234401226043701,3.6661603450775146,0.9497512405963333,0.8711391689646194,5.915631008687495,0.0,0,0.0,0,0,HILCodec_3kbps,1089-134686-0000.flac,123
random_loss,0.03,all_duplicate,all_duplicate,2,300,300,1.0,3.0,6.0,100.0,0.026666666666666616,8,1.0,0,0.0,3.234401226043701,3.234401226043701,3.6661603450775146,0.9497512405963333,0.8711391689646194,5.915631008687495,0.0,0,0.0,0,0,HILCodec_3kbps,1089-134686-0000.flac,42
random_loss,0.03,all_duplicate,all_duplicate,2,300,300,1.0,3.0,6.0,100.0,0.033333333333333326,10,1.0,0,0.0,3.234401226043701,3.234401226043701,3.6661603450775146,0.9497512405963333,0.8711391689646194,5.915631008687495,0.0,0,0.0,0,0,HILCodec_3kbps,1089-134686-0000.flac,123
random_loss,0.05,no_duplicate,no_duplicate,1,300,0,0.0,3.0,3.0,0.0,0.050000000000000044,0,0.0,15,0.05,2.5367510318756104,2.5367510318756104,3.1579396724700928,0.9398222220613804,0.8588468913676734,5.056571247403991,0.05,15,1.0,1,15,HILCodec_3kbps,1089-134686-0000.flac,42
random_loss,0.05,no_duplicate,no_duplicate,1,300,0,0.0,3.0,3.0,0.0,0.050000000000000044,0,0.0,15,0.05,2.590620756149292,2.590620756149292,3.344510793685913,0.9384523651758877,0.8529463086926847,4.129200460934099,0.05,15,1.0714285714285714,2,14,HILCodec_3kbps,1089-134686-0000.flac,123
random_loss,0.05,no_duplicate,no_duplicate,2,300,0,0.0,3.0,3.0,0.0,0.050000000000000044,0,0.0,15,0.05,2.5367510318756104,2.5367510318756104,3.1579396724700928,0.9398222220613804,0.8588468913676734,5.056571247403991,0.05,15,1.0,1,15,HILCodec_3kbps,1089-134686-0000.flac,42
random_loss,0.05,no_duplicate,no_duplicate,2,300,0,0.0,3.0,3.0,0.0,0.050000000000000044,0,0.0,15,0.05,2.590620756149292,2.590620756149292,3.344510793685913,0.9384523651758877,0.8529463086926847,4.129200460934099,0.05,15,1.0714285714285714,2,14,HILCodec_3kbps,1089-134686-0000.flac,123
random_loss,0.05,fixed_0.3,0.3,1,300,45,0.15,3.0,3.4499999999999997,15.0,0.050000000000000044,1,0.06666666666666667,14,0.04666666666666667,2.6315855979919434,2.6315855979919434,3.299720287322998,0.939839955483515,0.8592117826532837,5.051931904931291,0.04666666666666667,14,1.0,1,14,HILCodec_3kbps,1089-134686-0000.flac,42
random_loss,0.05,fixed_0.3,0.3,1,300,45,0.15,3.0,3.4499999999999997,15.0,0.050000000000000044,0,0.0,15,0.05,2.590620756149292,2.590620756149292,3.344510793685913,0.9384523651758877,0.8529463086926847,4.129200460934099,0.05,15,1.0714285714285714,2,14,HILCodec_3kbps,1089-134686-0000.flac,123
random_loss,0.05,fixed_0.3,0.3,2,300,45,0.15,3.0,3.4499999999999997,15.0,0.050000000000000044,1,0.06666666666666667,14,0.04666666666666667,2.6315855979919434,2.6315855979919434,3.299720287322998,0.939839955483515,0.8592117826532837,5.051931904931291,0.04666666666666667,14,1.0,1,14,HILCodec_3kbps,1089-134686-0000.flac,42
random_loss,0.05,fixed_0.3,0.3,2,300,45,0.15,3.0,3.4499999999999997,15.0,0.050000000000000044,0,0.0,15,0.05,2.590620756149292,2.590620756149292,3.344510793685913,0.9384523651758877,0.8529463086926847,4.129200460934099,0.05,15,1.0714285714285714,2,14,HILCodec_3kbps,1089-134686-0000.flac,123
random_loss,0.05,fixed_0.5,0.5,1,300,16,0.05333333333333334,3.0,3.1599999999999997,5.333333333333334,0.050000000000000044,1,0.06666666666666667,14,0.04666666666666667,2.6315855979919434,2.6315855979919434,3.299720287322998,0.939839955483515,0.8592117826532837,5.051931904931291,0.04666666666666667,14,1.0,1,14,HILCodec_3kbps,1089-134686-0000.flac,42
random_loss,0.05,fixed_0.5,0.5,1,300,16,0.05333333333333334,3.0,3.1599999999999997,5.333333333333334,0.050000000000000044,0,0.0,15,0.05,2.590620756149292,2.590620756149292,3.344510793685913,0.9384523651758877,0.8529463086926847,4.129200460934099,0.05,15,1.0714285714285714,2,14,HILCodec_3kbps,1089-134686-0000.flac,123
random_loss,0.05,fixed_0.5,0.5,2,300,16,0.05333333333333334,3.0,3.1599999999999997,5.333333333333334,0.050000000000000044,1,0.06666666666666667,14,0.04666666666666667,2.6315855979919434,2.6315855979919434,3.299720287322998,0.939839955483515,0.8592117826532837,5.051931904931291,0.04666666666666667,14,1.0,1,14,HILCodec_3kbps,1089-134686-0000.flac,42
random_loss,0.05,fixed_0.5,0.5,2,300,16,0.05333333333333334,3.0,3.1599999999999997,5.333333333333334,0.050000000000000044,0,0.0,15,0.05,2.590620756149292,2.590620756149292,3.344510793685913,0.9384523651758877,0.8529463086926847,4.129200460934099,0.05,15,1.0714285714285714,2,14,HILCodec_3kbps,1089-134686-0000.flac,123
random_loss,0.05,fixed_0.7,0.7,1,300,0,0.0,3.0,3.0,0.0,0.050000000000000044,0,0.0,15,0.05,2.5367510318756104,2.5367510318756104,3.1579396724700928,0.9398222220613804,0.8588468913676737,5.056571247403991,0.05,15,1.0,1,15,HILCodec_3kbps,1089-134686-0000.flac,42
random_loss,0.05,fixed_0.7,0.7,1,300,0,0.0,3.0,3.0,0.0,0.050000000000000044,0,0.0,15,0.05,2.590620756149292,2.590620756149292,3.344510793685913,0.9384523651758877,0.8529463086926847,4.129200460934099,0.05,15,1.0714285714285714,2,14,HILCodec_3kbps,1089-134686-0000.flac,123
random_loss,0.05,fixed_0.7,0.7,2,300,0,0.0,3.0,3.0,0.0,0.050000000000000044,0,0.0,15,0.05,2.5367510318756104,2.5367510318756104,3.1579396724700928,0.9398222220613804,0.8588468913676734,5.056571247403991,0.05,15,1.0,1,15,HILCodec_3kbps,1089-134686-0000.flac,42
random_loss,0.05,fixed_0.7,0.7,2,300,0,0.0,3.0,3.0,0.0,0.050000000000000044,0,0.0,15,0.05,2.590620756149292,2.590620756149292,3.344510793685913,0.9384523651758877,0.8529463086926847,4.129200460934099,0.05,15,1.0714285714285714,2,14,HILCodec_3kbps,1089-134686-0000.flac,123
random_loss,0.05,adaptive_mean_std,dynamic,1,300,55,0.18333333333333332,3.0,3.55,18.333333333333332,0.050000000000000044,1,0.06666666666666667,14,0.04666666666666667,2.6315855979919434,2.6315855979919434,3.299720287322998,0.939839955483515,0.8592117826532837,5.051931904931291,0.04666666666666667,14,1.0,1,14,HILCodec_3kbps,1089-134686-0000.flac,42
random_loss,0.05,adaptive_mean_std,dynamic,1,300,55,0.18333333333333332,3.0,3.55,18.333333333333332,0.050000000000000044,0,0.0,15,0.05,2.590620756149292,2.590620756149292,3.344510793685913,0.9384523651758877,0.8529463086926847,4.129200460934099,0.05,15,1.0714285714285714,2,14,HILCodec_3kbps,1089-134686-0000.flac,123
random_loss,0.05,adaptive_mean_std,dynamic,2,300,55,0.18333333333333332,3.0,3.55,18.333333333333332,0.050000000000000044,1,0.06666666666666667,14,0.04666666666666667,2.6315855979919434,2.6315855979919434,3.299720287322998,0.939839955483515,0.8592117826532837,5.051931904931291,0.04666666666666667,14,1.0,1,14,HILCodec_3kbps,1089-134686-0000.flac,42
random_loss,0.05,adaptive_mean_std,dynamic,2,300,55,0.18333333333333332,3.0,3.55,18.333333333333332,0.050000000000000044,0,0.0,15,0.05,2.590620756149292,2.590620756149292,3.344510793685913,0.9384523651758877,0.8529463086926847,4.129200460934099,0.05,15,1.0714285714285714,2,14,HILCodec_3kbps,1089-134686-0000.flac,123
random_loss,0.05,adaptive_quantile_70,dynamic,1,300,110,0.36666666666666664,3.0,4.1,36.666666666666664,0.050000000000000044,5,0.3333333333333333,10,0.03333333333333333,2.8715295791625977,2.8715295791625977,3.4275200366973877,0.9419974240733652,0.8585039078496934,5.404031160296652,0.03333333333333333,10,1.0,1,10,HILCodec_3kbps,1089-134686-0000.flac,42
random_loss,0.05,adaptive_quantile_70,dynamic,1,300,110,0.36666666666666664,3.0,4.1,36.666666666666664,0.050000000000000044,6,0.4,9,0.03,2.786698341369629,2.786698341369629,3.411414623260498,0.9445855356782646,0.8621255668757267,4.733477682059148,0.03,9,1.0,1,9,HILCodec_3kbps,1089-134686-0000.flac,123
random_loss,0.05,adaptive_quantile_70,dynamic,2,300,110,0.36666666666666664,3.0,4.1,36.666666666666664,0.050000000000000044,5,0.3333333333333333,10,0.03333333333333333,2.8715295791625977,2.8715295791625977,3.4275200366973877,0.9419974240733652,0.8585039078496934,5.404031160296652,0.03333333333333333,10,1.0,1,10,HILCodec_3kbps,1089-134686-0000.flac,42
random_loss,0.05,adaptive_quantile_70,dynamic,2,300,110,0.36666666666666664,3.0,4.1,36.666666666666664,0.050000000000000044,6,0.4,9,0.03,2.943660020828247,2.943660020828247,3.484988212585449,0.9402423972434175,0.8584866708620765,5.247871751798211,0.03,9,1.0,1,9,HILCodec_3kbps,1089-134686-0000.flac,123
random_loss,0.05,all_duplicate,all_duplicate,1,300,300,1.0,3.0,6.0,100.0,0.050000000000000044,15,1.0,0,0.0,3.234401226043701,3.234401226043701,3.6661603450775146,0.9497512405963333,0.8711391689646194,5.915631008687495,0.0,0,0.0,0,0,HILCodec_3kbps,1089-134686-0000.flac,42
random_loss,0.05,all_duplicate,all_duplicate,1,300,300,1.0,3.0,6.0,100.0,0.050000000000000044,14,0.9333333333333333,1,0.0033333333333333335,3.0001420974731445,3.0001420974731445,3.5465824604034424,0.9494366890598406,0.8707881402143712,5.319683092732454,0.0033333333333333335,1,1.0,1,1,HILCodec_3kbps,1089-134686-0000.flac,123
random_loss,0.05,all_duplicate,all_duplicate,2,300,300,1.0,3.0,6.0,100.0,0.050000000000000044,15,1.0,0,0.0,3.234401226043701,3.234401226043701,3.6661603450775146,0.9497512405963333,0.8711391689646194,5.915631008687495,0.0,0,0.0,0,0,HILCodec_3kbps,1089-134686-0000.flac,42
random_loss,0.05,all_duplicate,all_duplicate,2,300,300,1.0,3.0,6.0,100.0,0.050000000000000044,13,0.8666666666666667,2,0.006666666666666667,3.108670711517334,3.108670711517334,3.573807954788208,0.9438588099794653,0.8642955041447952,5.76193509748193,0.006666666666666667,2,1.0,1,2,HILCodec_3kbps,1089-134686-0000.flac,123
random_loss,0.1,no_duplicate,no_duplicate,1,300,0,0.0,3.0,3.0,0.0,0.09666666666666668,0,0.0,29,0.09666666666666666,2.14370059967041,2.14370059967041,2.9314773082733154,0.9330851531836039,0.8488897948190406,4.337138659094942,0.09666666666666666,29,1.0740740740740742,2,27,HILCodec_3kbps,1089-134686-0000.flac,42
random_loss,0.1,no_duplicate,no_duplicate,1,300,0,0.0,3.0,3.0,0.0,0.09999999999999998,0,0.0,30,0.1,2.07023286819458,2.07023286819458,2.809462070465088,0.9189475240512859,0.8195704732935467,3.5109672836599715,0.1,30,1.1111111111111112,2,27,HILCodec_3kbps,1089-134686-0000.flac,123
random_loss,0.1,no_duplicate,no_duplicate,2,300,0,0.0,3.0,3.0,0.0,0.09666666666666668,0,0.0,29,0.09666666666666666,2.14370059967041,2.14370059967041,2.9314773082733154,0.9330851531836039,0.8488897948190405,4.337138659094942,0.09666666666666666,29,1.0740740740740742,2,27,HILCodec_3kbps,1089-134686-0000.flac,42
random_loss,0.1,no_duplicate,no_duplicate,2,300,0,0.0,3.0,3.0,0.0,0.09999999999999998,0,0.0,30,0.1,2.07023286819458,2.07023286819458,2.809462070465088,0.9189475240512859,0.8195704732935467,3.5109672836599715,0.1,30,1.1111111111111112,2,27,HILCodec_3kbps,1089-134686-0000.flac,123
random_loss,0.1,fixed_0.3,0.3,1,300,45,0.15,3.0,3.4499999999999997,15.0,0.09666666666666668,2,0.06896551724137931,27,0.09,2.290520191192627,2.290520191192627,3.0885555744171143,0.9360583912941929,0.8510725299213973,4.40868739455623,0.09,27,1.08,2,25,HILCodec_3kbps,1089-134686-0000.flac,42
random_loss,0.1,fixed_0.3,0.3,1,300,45,0.15,3.0,3.4499999999999997,15.0,0.09999999999999998,4,0.13333333333333333,26,0.08666666666666667,2.4143829345703125,2.4143829345703125,3.205479860305786,0.9335186760188027,0.8411146548778666,3.6587095592637153,0.08666666666666667,26,1.0833333333333333,2,24,HILCodec_3kbps,1089-134686-0000.flac,123
random_loss,0.1,fixed_0.3,0.3,2,300,45,0.15,3.0,3.4499999999999997,15.0,0.09666666666666668,1,0.034482758620689655,28,0.09333333333333334,2.178162097930908,2.178162097930908,3.0460257530212402,0.9331271548876611,0.8493695622643819,4.332940302755519,0.09333333333333334,28,1.0769230769230769,2,26,HILCodec_3kbps,1089-134686-0000.flac,42
random_loss,0.1,fixed_0.3,0.3,2,300,45,0.15,3.0,3.4499999999999997,15.0,0.09999999999999998,4,0.13333333333333333,26,0.08666666666666667,2.4143829345703125,2.4143829345703125,3.205479860305786,0.9335186760188027,0.8411146548778666,3.6587095592637153,0.08666666666666667,26,1.0833333333333333,2,24,HILCodec_3kbps,1089-134686-0000.flac,123
random_loss,0.1,fixed_0.5,0.5,1,300,16,0.05333333333333334,3.0,3.1599999999999997,5.333333333333334,0.09666666666666668,1,0.034482758620689655,28,0.09333333333333334,2.178162097930908,2.178162097930908,3.0460257530212402,0.9331271548876611,0.8493695622643819,4.332940302755519,0.09333333333333334,28,1.0769230769230769,2,26,HILCodec_3kbps,1089-134686-0000.flac,42
random_loss,0.1,fixed_0.5,0.5,1,300,16,0.05333333333333334,3.0,3.1599999999999997,5.333333333333334,0.09999999999999998,1,0.03333333333333333,29,0.09666666666666666,2.3377132415771484,2.3377132415771484,3.112844944000244,0.928423620667684,0.8351198442999922,3.546809616371343,0.09666666666666666,29,1.0740740740740742,2,27,HILCodec_3kbps,1089-134686-0000.flac,123
random_loss,0.1,fixed_0.5,0.5,2,300,16,0.05333333333333334,3.0,3.1599999999999997,5.333333333333334,0.09666666666666668,1,0.034482758620689655,28,0.09333333333333334,2.178162097930908,2.178162097930908,3.0460257530212402,0.9331271548876611,0.8493695622643819,4.332940302755519,0.09333333333333334,28,1.0769230769230769,2,26,HILCodec_3kbps,1089-134686-0000.flac,42
random_loss,0.1,fixed_0.5,0.5,2,300,16,0.05333333333333334,3.0,3.1599999999999997,5.333333333333334,0.09999999999999998,1,0.03333333333333333,29,0.09666666666666666,2.3377132415771484,2.3377132415771484,3.112844944000244,0.928423620667684,0.8351198442999922,3.546809616371343,0.09666666666666666,29,1.0740740740740742,2,27,HILCodec_3kbps,1089-134686-0000.flac,123
random_loss,0.1,fixed_0.7,0.7,1,300,0,0.0,3.0,3.0,0.0,0.09666666666666668,0,0.0,29,0.09666666666666666,2.14370059967041,2.14370059967041,2.9314773082733154,0.9330851531836039,0.8488897948190406,4.337138659094942,0.09666666666666666,29,1.0740740740740742,2,27,HILCodec_3kbps,1089-134686-0000.flac,42
random_loss,0.1,fixed_0.7,0.7,1,300,0,0.0,3.0,3.0,0.0,0.09999999999999998,0,0.0,30,0.1,2.07023286819458,2.07023286819458,2.809462070465088,0.9189475240512859,0.8195704732935467,3.5109672836599715,0.1,30,1.1111111111111112,2,27,HILCodec_3kbps,1089-134686-0000.flac,123
random_loss,0.1,fixed_0.7,0.7,2,300,0,0.0,3.0,3.0,0.0,0.09666666666666668,0,0.0,29,0.09666666666666666,2.14370059967041,2.14370059967041,2.9314773082733154,0.9330851531836039,0.8488897948190405,4.337138659094942,0.09666666666666666,29,1.0740740740740742,2,27,HILCodec_3kbps,1089-134686-0000.flac,42
random_loss,0.1,fixed_0.7,0.7,2,300,0,0.0,3.0,3.0,0.0,0.09999999999999998,0,0.0,30,0.1,2.07023286819458,2.07023286819458,2.809462070465088,0.9189475240512859,0.8195704732935467,3.5109672836599715,0.1,30,1.1111111111111112,2,27,HILCodec_3kbps,1089-134686-0000.flac,123
random_loss,0.1,adaptive_mean_std,dynamic,1,300,55,0.18333333333333332,3.0,3.55,18.333333333333332,0.09666666666666668,2,0.06896551724137931,27,0.09,2.290520191192627,2.290520191192627,3.0885555744171143,0.9360583912941929,0.8510725299213973,4.40868739455623,0.09,27,1.08,2,25,HILCodec_3kbps,1089-134686-0000.flac,42
random_loss,0.1,adaptive_mean_std,dynamic,1,300,55,0.18333333333333332,3.0,3.55,18.333333333333332,0.09999999999999998,5,0.16666666666666666,25,0.08333333333333333,2.4145355224609375,2.4145355224609375,3.205479860305786,0.9335186760188027,0.8411146548778665,3.658711485975228,0.08333333333333333,25,1.0869565217391304,2,23,HILCodec_3kbps,1089-134686-0000.flac,123
random_loss,0.1,adaptive_mean_std,dynamic,2,300,55,0.18333333333333332,3.0,3.55,18.333333333333332,0.09666666666666668,1,0.034482758620689655,28,0.09333333333333334,2.178162097930908,2.178162097930908,3.0460257530212402,0.9331271548876611,0.8493695622643819,4.332940302755519,0.09333333333333334,28,1.0769230769230769,2,26,HILCodec_3kbps,1089-134686-0000.flac,42
random_loss,0.1,adaptive_mean_std,dynamic,2,300,55,0.18333333333333332,3.0,3.55,18.333333333333332,0.09999999999999998,5,0.16666666666666666,25,0.08333333333333333,2.4145355224609375,2.4145355224609375,3.205479860305786,0.9335186760188027,0.8411146548778665,3.658711485975228,0.08333333333333333,25,1.0869565217391304,2,23,HILCodec_3kbps,1089-134686-0000.flac,123
random_loss,0.1,adaptive_quantile_70,dynamic,1,300,110,0.36666666666666664,3.0,4.1,36.666666666666664,0.09666666666666668,6,0.20689655172413793,23,0.07666666666666666,2.472820281982422,2.472820281982422,3.207653522491455,0.939139572732685,0.8536919354937692,4.774216290141564,0.07666666666666666,23,1.0454545454545454,2,22,HILCodec_3kbps,1089-134686-0000.flac,42
random_loss,0.1,adaptive_quantile_70,dynamic,1,300,110,0.36666666666666664,3.0,4.1,36.666666666666664,0.09999999999999998,12,0.4,18,0.06,2.675662040710449,2.675662040710449,3.3917198181152344,0.9429695003908097,0.8593547187937475,4.682061925250042,0.06,18,1.0588235294117647,2,17,HILCodec_3kbps,1089-134686-0000.flac,123
random_loss,0.1,adaptive_quantile_70,dynamic,2,300,110,0.36666666666666664,3.0,4.1,36.666666666666664,0.09666666666666668,6,0.20689655172413793,23,0.07666666666666666,2.352027177810669,2.352027177810669,3.1707377433776855,0.9368777907632857,0.851521018629461,4.681534247614804,0.07666666666666666,23,1.0454545454545454,2,22,HILCodec_3kbps,1089-134686-0000.flac,42
random_loss,0.1,adaptive_quantile_70,dynamic,2,300,110,0.36666666666666664,3.0,4.1,36.666666666666664,0.09999999999999998,11,0.36666666666666664,19,0.06333333333333334,2.817171335220337,2.817171335220337,3.451469898223877,0.9384700376980514,0.8560317291864743,5.192105609803692,0.06333333333333334,19,1.0555555555555556,2,18,HILCodec_3kbps,1089-134686-0000.flac,123
random_loss,0.1,all_duplicate,all_duplicate,1,300,300,1.0,3.0,6.0,100.0,0.09666666666666668,27,0.9310344827586207,2,0.006666666666666667,3.229158401489258,3.229158401489258,3.6661343574523926,0.9490225843385004,0.8714513724864986,5.927970412002637,0.006666666666666667,2,1.0,1,2,HILCodec_3kbps,1089-134686-0000.flac,42
random_loss,0.1,all_duplicate,all_duplicate,1,300,300,1.0,3.0,6.0,100.0,0.09999999999999998,27,0.9,3,0.01,3.0010528564453125,3.0010528564453125,3.5532381534576416,0.9493823011361336,0.8726621682618275,5.319979542057476,0.01,3,1.0,1,3,HILCodec_3kbps,1089-134686-0000.flac,123
random_loss,0.1,all_duplicate,all_duplicate,2,300,300,1.0,3.0,6.0,100.0,0.09666666666666668,26,0.896551724137931,3,0.01,2.7703230381011963,2.7703230381011963,3.481576681137085,0.9462621744470172,0.8685525187127723,5.813566095436922,0.01,3,1.0,1,3,HILCodec_3kbps,1089-134686-0000.flac,42
random_loss,0.1,all_duplicate,all_duplicate,2,300,300,1.0,3.0,6.0,100.0,0.09999999999999998,25,0.8333333333333334,5,0.016666666666666666,3.0395829677581787,3.0395829677581787,3.4937760829925537,0.9426072566511495,0.8633927833461303,5.541572294615673,0.016666666666666666,5,1.0,1,5,HILCodec_3kbps,1089-134686-0000.flac,123
random_loss,0.2,no_duplicate,no_duplicate,1,300,0,0.0,3.0,3.0,0.0,0.24,0,0.0,72,0.24,1.4770327806472778,1.4770327806472778,2.183333158493042,0.8672621265246994,0.7475148191795304,-1.8292643738929846,0.24,72,1.44,6,50,HILCodec_3kbps,1089-134686-0000.flac,42
random_loss,0.2,no_duplicate,no_duplicate,1,300,0,0.0,3.0,3.0,0.0,0.20666666666666667,0,0.0,62,0.20666666666666667,1.5597748756408691,1.5597748756408691,2.0776278972625732,0.8651736267570301,0.7520399777789912,0.8368447519751214,0.20666666666666667,62,1.3478260869565217,4,46,HILCodec_3kbps,1089-134686-0000.flac,123
random_loss,0.2,no_duplicate,no_duplicate,2,300,0,0.0,3.0,3.0,0.0,0.24,0,0.0,72,0.24,1.4770327806472778,1.4770327806472778,2.183333158493042,0.8672621265246994,0.7475148191795304,-1.8292643738929846,0.24,72,1.44,6,50,HILCodec_3kbps,1089-134686-0000.flac,42
random_loss,0.2,no_duplicate,no_duplicate,2,300,0,0.0,3.0,3.0,0.0,0.20666666666666667,0,0.0,62,0.20666666666666667,1.5597748756408691,1.5597748756408691,2.0776278972625732,0.8651736267570301,0.7520399777789912,0.8368447519751214,0.20666666666666667,62,1.3478260869565217,4,46,HILCodec_3kbps,1089-134686-0000.flac,123
random_loss,0.2,fixed_0.3,0.3,1,300,45,0.15,3.0,3.4499999999999997,15.0,0.24,6,0.08333333333333333,66,0.22,1.5046873092651367,1.5046873092651367,2.3323192596435547,0.8827252311519176,0.7534823815806092,-0.23046939125499863,0.22,66,1.4666666666666666,6,45,HILCodec_3kbps,1089-134686-0000.flac,42
random_loss,0.2,fixed_0.3,0.3,1,300,45,0.15,3.0,3.4499999999999997,15.0,0.20666666666666667,6,0.0967741935483871,56,0.18666666666666668,1.5490021705627441,1.5490021705627441,2.215682029724121,0.8834139794740475,0.7534566716770927,1.2813896428408833,0.18666666666666668,56,1.3333333333333333,3,42,HILCodec_3kbps,1089-134686-0000.flac,123
random_loss,0.2,fixed_0.3,0.3,2,300,45,0.15,3.0,3.4499999999999997,15.0,0.24,5,0.06944444444444445,67,0.22333333333333333,1.5033023357391357,1.5033023357391357,2.3156330585479736,0.8747977397182177,0.7469852953289575,-0.29245149084369365,0.22333333333333333,67,1.4565217391304348,6,46,HILCodec_3kbps,1089-134686-0000.flac,42
random_loss,0.2,fixed_0.3,0.3,2,300,45,0.15,3.0,3.4499999999999997,15.0,0.20666666666666667,5,0.08064516129032258,57,0.19,1.6441011428833008,1.6441011428833008,2.389946460723877,0.891634148978064,0.7682025464303105,0.9405562573331839,0.19,57,1.2666666666666666,3,45,HILCodec_3kbps,1089-134686-0000.flac,123
random_loss,0.2,fixed_0.5,0.5,1,300,16,0.05333333333333334,3.0,3.1599999999999997,5.333333333333334,0.24,2,0.027777777777777776,70,0.23333333333333334,1.491561770439148,1.491561770439148,2.2127935886383057,0.8726031246893051,0.7529871350980416,-1.8270503887991354,0.23333333333333334,70,1.4583333333333333,6,48,HILCodec_3kbps,1089-134686-0000.flac,42
random_loss,0.2,fixed_0.5,0.5,1,300,16,0.05333333333333334,3.0,3.1599999999999997,5.333333333333334,0.20666666666666667,1,0.016129032258064516,61,0.20333333333333334,1.6013180017471313,1.6013180017471313,2.1346817016601562,0.8654658158486478,0.7524913291853714,1.1494749020692046,0.20333333333333334,61,1.3555555555555556,4,45,HILCodec_3kbps,1089-134686-0000.flac,123
random_loss,0.2,fixed_0.5,0.5,2,300,16,0.05333333333333334,3.0,3.1599999999999997,5.333333333333334,0.24,1,0.013888888888888888,71,0.23666666666666666,1.4892796277999878,1.4892796277999878,2.203197956085205,0.8672220961974831,0.7480685378830755,-1.8315492749419144,0.23666666666666666,71,1.4489795918367347,6,49,HILCodec_3kbps,1089-134686-0000.flac,42
random_loss,0.2,fixed_0.5,0.5,2,300,16,0.05333333333333334,3.0,3.1599999999999997,5.333333333333334,0.20666666666666667,1,0.016129032258064516,61,0.20333333333333334,1.6728601455688477,1.6728601455688477,2.253633737564087,0.8831784355537294,0.7735009856923838,0.9475861467650982,0.20333333333333334,61,1.297872340425532,4,47,HILCodec_3kbps,1089-134686-0000.flac,123
random_loss,0.2,fixed_0.7,0.7,1,300,0,0.0,3.0,3.0,0.0,0.24,0,0.0,72,0.24,1.4770327806472778,1.4770327806472778,2.183333158493042,0.8672621265246994,0.7475148191795304,-1.8292643738929846,0.24,72,1.44,6,50,HILCodec_3kbps,1089-134686-0000.flac,42
random_loss,0.2,fixed_0.7,0.7,1,300,0,0.0,3.0,3.0,0.0,0.20666666666666667,0,0.0,62,0.20666666666666667,1.5597748756408691,1.5597748756408691,2.0776278972625732,0.8651736267570301,0.7520399777789911,0.8368447519751214,0.20666666666666667,62,1.3478260869565217,4,46,HILCodec_3kbps,1089-134686-0000.flac,123
random_loss,0.2,fixed_0.7,0.7,2,300,0,0.0,3.0,3.0,0.0,0.24,0,0.0,72,0.24,1.4770327806472778,1.4770327806472778,2.183333158493042,0.8672621265246994,0.7475148191795304,-1.8292643738929846,0.24,72,1.44,6,50,HILCodec_3kbps,1089-134686-0000.flac,42
random_loss,0.2,fixed_0.7,0.7,2,300,0,0.0,3.0,3.0,0.0,0.20666666666666667,0,0.0,62,0.20666666666666667,1.5597748756408691,1.5597748756408691,2.0776278972625732,0.8651736267570301,0.7520399777789912,0.8368447519751214,0.20666666666666667,62,1.3478260869565217,4,46,HILCodec_3kbps,1089-134686-0000.flac,123
random_loss,0.2,adaptive_mean_std,dynamic,1,300,55,0.18333333333333332,3.0,3.55,18.333333333333332,0.24,7,0.09722222222222222,65,0.21666666666666667,1.5046708583831787,1.5046708583831787,2.3323192596435547,0.8827252311519176,0.7534823815806092,-0.2304691998455,0.21666666666666667,65,1.4772727272727273,6,44,HILCodec_3kbps,1089-134686-0000.flac,42
random_loss,0.2,adaptive_mean_std,dynamic,1,300,55,0.18333333333333332,3.0,3.55,18.333333333333332,0.20666666666666667,7,0.11290322580645161,55,0.18333333333333332,1.549056887626648,1.549056887626648,2.215682029724121,0.8834139794740475,0.7534566716770927,1.2813916657142026,0.18333333333333332,55,1.3414634146341464,3,41,HILCodec_3kbps,1089-134686-0000.flac,123
random_loss,0.2,adaptive_mean_std,dynamic,2,300,55,0.18333333333333332,3.0,3.55,18.333333333333332,0.24,6,0.08333333333333333,66,0.22,1.5032908916473389,1.5032908916473389,2.315633535385132,0.8747977397182177,0.7469852953289575,-0.29245133354345487,0.22,66,1.4666666666666666,6,45,HILCodec_3kbps,1089-134686-0000.flac,42
random_loss,0.2,adaptive_mean_std,dynamic,2,300,55,0.18333333333333332,3.0,3.55,18.333333333333332,0.20666666666666667,5,0.08064516129032258,57,0.19,1.6441011428833008,1.6441011428833008,2.389946460723877,0.891634148978064,0.7682025464303105,0.9405562573331839,0.19,57,1.2666666666666666,3,45,HILCodec_3kbps,1089-134686-0000.flac,123
random_loss,0.2,adaptive_quantile_70,dynamic,1,300,110,0.36666666666666664,3.0,4.1,36.666666666666664,0.24,12,0.16666666666666666,60,0.2,1.5948600769042969,1.5948600769042969,2.4411025047302246,0.8873313495761457,0.7632734103058526,0.521136180485944,0.2,60,1.3953488372093024,6,43,HILCodec_3kbps,1089-134686-0000.flac,42
random_loss,0.2,adaptive_quantile_70,dynamic,1,300,110,0.36666666666666664,3.0,4.1,36.666666666666664,0.20666666666666667,18,0.2903225806451613,44,0.14666666666666667,1.7533280849456787,1.7533280849456787,2.469538450241089,0.9051872221113404,0.792750682288584,3.1507785888654953,0.14666666666666667,44,1.375,3,32,HILCodec_3kbps,1089-134686-0000.flac,123
random_loss,0.2,adaptive_quantile_70,dynamic,2,300,110,0.36666666666666664,3.0,4.1,36.666666666666664,0.24,14,0.19444444444444445,58,0.19333333333333333,1.70009183883667,1.70009183883667,2.560255765914917,0.8994653902736952,0.7773938787382378,1.3192058228741985,0.19333333333333333,58,1.3181818181818181,6,44,HILCodec_3kbps,1089-134686-0000.flac,42
random_loss,0.2,adaptive_quantile_70,dynamic,2,300,110,0.36666666666666664,3.0,4.1,36.666666666666664,0.20666666666666667,14,0.22580645161290322,48,0.16,1.826157569885254,1.826157569885254,2.607508659362793,0.9065784506112712,0.800528603249873,3.018658731805091,0.16,48,1.263157894736842,3,38,HILCodec_3kbps,1089-134686-0000.flac,123
random_loss,0.2,all_duplicate,all_duplicate,1,300,300,1.0,3.0,6.0,100.0,0.24,50,0.6944444444444444,22,0.07333333333333333,2.182757616043091,2.182757616043091,2.8819456100463867,0.9244683547374991,0.8245753043983067,3.067665017443755,0.07333333333333333,22,1.375,5,16,HILCodec_3kbps,1089-134686-0000.flac,42
random_loss,0.2,all_duplicate,all_duplicate,1,300,300,1.0,3.0,6.0,100.0,0.20666666666666667,46,0.7419354838709677,16,0.05333333333333334,1.967738389968872,1.967738389968872,2.744279384613037,0.9276387435904603,0.8323012284135572,4.466447006271616,0.05333333333333334,16,1.3333333333333333,3,12,HILCodec_3kbps,1089-134686-0000.flac,123
random_loss,0.2,all_duplicate,all_duplicate,2,300,300,1.0,3.0,6.0,100.0,0.24,53,0.7361111111111112,19,0.06333333333333334,2.2449188232421875,2.2449188232421875,2.992825508117676,0.9295337177979205,0.8413741741875609,3.7041925079481555,0.06333333333333334,19,1.1875,4,16,HILCodec_3kbps,1089-134686-0000.flac,42
random_loss,0.2,all_duplicate,all_duplicate,2,300,300,1.0,3.0,6.0,100.0,0.20666666666666667,46,0.7419354838709677,16,0.05333333333333334,2.160146951675415,2.160146951675415,2.9545938968658447,0.933361066785053,0.8492546462647877,4.63076571624349,0.05333333333333334,16,1.0666666666666667,2,15,HILCodec_3kbps,1089-134686-0000.flac,123
random_loss,0.3,no_duplicate,no_duplicate,1,300,0,0.0,3.0,3.0,0.0,0.32333333333333336,0,0.0,97,0.3233333333333333,1.3532211780548096,1.3532211780548096,1.9800989627838135,0.8415623554535671,0.7063557060171517,-3.726297001990286,0.3233333333333333,97,1.564516129032258,8,62,HILCodec_3kbps,1089-134686-0000.flac,42
random_loss,0.3,no_duplicate,no_duplicate,1,300,0,0.0,3.0,3.0,0.0,0.3433333333333334,0,0.0,103,0.3433333333333333,1.3200709819793701,1.3200709819793701,1.7354340553283691,0.801350723048451,0.6723118648177723,-0.7826214272144685,0.3433333333333333,103,1.5846153846153845,6,65,HILCodec_3kbps,1089-134686-0000.flac,123
random_loss,0.3,no_duplicate,no_duplicate,2,300,0,0.0,3.0,3.0,0.0,0.32333333333333336,0,0.0,97,0.3233333333333333,1.3532211780548096,1.3532211780548096,1.9800989627838135,0.8415623554535671,0.7063557060171517,-3.726297001990286,0.3233333333333333,97,1.564516129032258,8,62,HILCodec_3kbps,1089-134686-0000.flac,42
random_loss,0.3,no_duplicate,no_duplicate,2,300,0,0.0,3.0,3.0,0.0,0.3433333333333334,0,0.0,103,0.3433333333333333,1.3200709819793701,1.3200709819793701,1.7354340553283691,0.801350723048451,0.6723118648177723,-0.7826214272144685,0.3433333333333333,103,1.5846153846153845,6,65,HILCodec_3kbps,1089-134686-0000.flac,123
random_loss,0.3,fixed_0.3,0.3,1,300,45,0.15,3.0,3.4499999999999997,15.0,0.32333333333333336,10,0.10309278350515463,87,0.29,1.3587424755096436,1.3587424755096436,2.1860506534576416,0.8616836362505265,0.7181308237267572,-2.1141655805246815,0.29,87,1.6111111111111112,8,54,HILCodec_3kbps,1089-134686-0000.flac,42
random_loss,0.3,fixed_0.3,0.3,1,300,45,0.15,3.0,3.4499999999999997,15.0,0.3433333333333334,9,0.08737864077669903,94,0.31333333333333335,1.3642627000808716,1.3642627000808716,1.9031932353973389,0.8398066083245372,0.6971385093246656,-0.2576697183134421,0.31333333333333335,94,1.5932203389830508,6,59,HILCodec_3kbps,1089-134686-0000.flac,123
random_loss,0.3,fixed_0.3,0.3,2,300,45,0.15,3.0,3.4499999999999997,15.0,0.32333333333333336,6,0.061855670103092786,91,0.30333333333333334,1.3425228595733643,1.3425228595733643,2.1069815158843994,0.8516088719734185,0.7082717388821339,-2.2358805627207032,0.30333333333333334,91,1.5689655172413792,8,58,HILCodec_3kbps,1089-134686-0000.flac,42
random_loss,0.3,fixed_0.3,0.3,2,300,45,0.15,3.0,3.4499999999999997,15.0,0.3433333333333334,7,0.06796116504854369,96,0.32,1.3569930791854858,1.3569930791854858,1.9132121801376343,0.8445859740578078,0.693355157302191,-0.5460666596520973,0.32,96,1.5483870967741935,6,62,HILCodec_3kbps,1089-134686-0000.flac,123
random_loss,0.3,fixed_0.5,0.5,1,300,16,0.05333333333333334,3.0,3.1599999999999997,5.333333333333334,0.32333333333333336,3,0.030927835051546393,94,0.31333333333333335,1.3309789896011353,1.3309789896011353,2.0720396041870117,0.8489511276344279,0.7155028853871849,-3.6838213502681993,0.31333333333333335,94,1.5666666666666667,8,60,HILCodec_3kbps,1089-134686-0000.flac,42
random_loss,0.3,fixed_0.5,0.5,1,300,16,0.05333333333333334,3.0,3.1599999999999997,5.333333333333334,0.3433333333333334,2,0.019417475728155338,101,0.33666666666666667,1.3362221717834473,1.3362221717834473,1.7599310874938965,0.8015577589681796,0.6723812097221971,-0.5032948305114261,0.33666666666666667,101,1.6031746031746033,6,63,HILCodec_3kbps,1089-134686-0000.flac,123
random_loss,0.3,fixed_0.5,0.5,2,300,16,0.05333333333333334,3.0,3.1599999999999997,5.333333333333334,0.32333333333333336,1,0.010309278350515464,96,0.32,1.3257064819335938,1.3257064819335938,2.051901340484619,0.8437574120945034,0.7081162943600107,-3.689553878726082,0.32,96,1.5483870967741935,8,62,HILCodec_3kbps,1089-134686-0000.flac,42
random_loss,0.3,fixed_0.5,0.5,2,300,16,0.05333333333333334,3.0,3.1599999999999997,5.333333333333334,0.3433333333333334,0,0.0,103,0.3433333333333333,1.3200709819793701,1.3200709819793701,1.7354340553283691,0.801350723048451,0.6723118648177723,-0.7826214272144685,0.3433333333333333,103,1.5846153846153845,6,65,HILCodec_3kbps,1089-134686-0000.flac,123
random_loss,0.3,fixed_0.7,0.7,1,300,0,0.0,3.0,3.0,0.0,0.32333333333333336,0,0.0,97,0.3233333333333333,1.3532211780548096,1.3532211780548096,1.9800989627838135,0.8415623554535671,0.7063557060171517,-3.726297001990286,0.3233333333333333,97,1.564516129032258,8,62,HILCodec_3kbps,1089-134686-0000.flac,42
random_loss,0.3,fixed_0.7,0.7,1,300,0,0.0,3.0,3.0,0.0,0.3433333333333334,0,0.0,103,0.3433333333333333,1.3200709819793701,1.3200709819793701,1.7354340553283691,0.801350723048451,0.6723118648177723,-0.7826214272144685,0.3433333333333333,103,1.5846153846153845,6,65,HILCodec_3kbps,1089-134686-0000.flac,123
random_loss,0.3,fixed_0.7,0.7,2,300,0,0.0,3.0,3.0,0.0,0.32333333333333336,0,0.0,97,0.3233333333333333,1.3532211780548096,1.3532211780548096,1.9800989627838135,0.8415623554535671,0.7063557060171517,-3.726297001990286,0.3233333333333333,97,1.564516129032258,8,62,HILCodec_3kbps,1089-134686-0000.flac,42
random_loss,0.3,fixed_0.7,0.7,2,300,0,0.0,3.0,3.0,0.0,0.3433333333333334,0,0.0,103,0.3433333333333333,1.3200709819793701,1.3200709819793701,1.7354340553283691,0.801350723048451,0.6723118648177723,-0.7826214272144685,0.3433333333333333,103,1.5846153846153845,6,65,HILCodec_3kbps,1089-134686-0000.flac,123
random_loss,0.3,adaptive_mean_std,dynamic,1,300,55,0.18333333333333332,3.0,3.55,18.333333333333332,0.32333333333333336,11,0.1134020618556701,86,0.2866666666666667,1.3587217330932617,1.3587217330932617,2.18605375289917,0.8616836362505265,0.7181308237267572,-2.1141651194481503,0.2866666666666667,86,1.6226415094339623,8,53,HILCodec_3kbps,1089-134686-0000.flac,42
random_loss,0.3,adaptive_mean_std,dynamic,1,300,55,0.18333333333333332,3.0,3.55,18.333333333333332,0.3433333333333334,11,0.10679611650485436,92,0.30666666666666664,1.3644120693206787,1.3644120693206787,1.9031953811645508,0.8398066083245372,0.6971385093246654,-0.25767143852912333,0.30666666666666664,92,1.6140350877192982,6,57,HILCodec_3kbps,1089-134686-0000.flac,123
random_loss,0.3,adaptive_mean_std,dynamic,2,300,55,0.18333333333333332,3.0,3.55,18.333333333333332,0.32333333333333336,7,0.07216494845360824,90,0.3,1.3425086736679077,1.3425086736679077,2.1069815158843994,0.8516088719734185,0.7082717388821339,-2.235880112778197,0.3,90,1.5789473684210527,8,57,HILCodec_3kbps,1089-134686-0000.flac,42
random_loss,0.3,adaptive_mean_std,dynamic,2,300,55,0.18333333333333332,3.0,3.55,18.333333333333332,0.3433333333333334,8,0.07766990291262135,95,0.31666666666666665,1.3571616411209106,1.3571616411209106,1.9132124185562134,0.8445859740578078,0.6933551573021911,-0.5460679068577681,0.31666666666666665,95,1.5573770491803278,6,61,HILCodec_3kbps,1089-134686-0000.flac,123
random_loss,0.3,adaptive_quantile_70,dynamic,1,300,110,0.36666666666666664,3.0,4.1,36.666666666666664,0.32333333333333336,17,0.17525773195876287,80,0.26666666666666666,1.4134602546691895,1.4134602546691895,2.2703559398651123,0.8664468922221785,0.7274470294954783,-0.6760250144649831,0.26666666666666666,80,1.5686274509803921,8,51,HILCodec_3kbps,1089-134686-0000.flac,42
random_loss,0.3,adaptive_quantile_70,dynamic,1,300,110,0.36666666666666664,3.0,4.1,36.666666666666664,0.3433333333333334,21,0.20388349514563106,82,0.2733333333333333,1.504866123199463,1.504866123199463,2.193202257156372,0.8723550919751546,0.7454453790247574,1.6086690980053275,0.2733333333333333,82,1.607843137254902,6,51,HILCodec_3kbps,1089-134686-0000.flac,123
random_loss,0.3,adaptive_quantile_70,dynamic,2,300,110,0.36666666666666664,3.0,4.1,36.666666666666664,0.32333333333333336,18,0.18556701030927836,79,0.2633333333333333,1.454369306564331,1.454369306564331,2.297299385070801,0.8799003113253449,0.743969105068006,0.15502543733514584,0.2633333333333333,79,1.4363636363636363,8,55,HILCodec_3kbps,1089-134686-0000.flac,42
random_loss,0.3,adaptive_quantile_70,dynamic,2,300,110,0.36666666666666664,3.0,4.1,36.666666666666664,0.3433333333333334,20,0.1941747572815534,83,0.27666666666666667,1.5231715440750122,1.5231715440750122,2.196105718612671,0.8763676298591616,0.7481979272428336,1.9161867257585161,0.27666666666666667,83,1.509090909090909,6,55,HILCodec_3kbps,1089-134686-0000.flac,123
random_loss,0.3,all_duplicate,all_duplicate,1,300,300,1.0,3.0,6.0,100.0,0.32333333333333336,62,0.6391752577319587,35,0.11666666666666667,1.849533200263977,1.849533200263977,2.6573288440704346,0.9102334295980443,0.7963746213787943,1.6724357482283947,0.11666666666666667,35,1.6666666666666667,7,21,HILCodec_3kbps,1089-134686-0000.flac,42
random_loss,0.3,all_duplicate,all_duplicate,1,300,300,1.0,3.0,6.0,100.0,0.3433333333333334,65,0.6310679611650486,38,0.12666666666666668,1.7010109424591064,1.7010109424591064,2.469160556793213,0.9064590307991608,0.8087158842734953,3.109940331726764,0.12666666666666668,38,1.52,5,25,HILCodec_3kbps,1089-134686-0000.flac,123
random_loss,0.3,all_duplicate,all_duplicate,2,300,300,1.0,3.0,6.0,100.0,0.32333333333333336,61,0.6288659793814433,36,0.12,1.7784810066223145,1.7784810066223145,2.645197629928589,0.9176368236211756,0.8137710473127643,2.2614347875905056,0.12,36,1.2857142857142858,6,28,HILCodec_3kbps,1089-134686-0000.flac,42
random_loss,0.3,all_duplicate,all_duplicate,2,300,300,1.0,3.0,6.0,100.0,0.3433333333333334,65,0.6310679611650486,38,0.12666666666666668,1.8112189769744873,1.8112189769744873,2.537062406539917,0.9136026298792976,0.8201492463932581,4.200745901554551,0.12666666666666668,38,1.1875,4,32,HILCodec_3kbps,1089-134686-0000.flac,123
random_loss,0.4,no_duplicate,no_duplicate,1,300,0,0.0,3.0,3.0,0.0,0.41000000000000003,0,0.0,123,0.41,1.2929304838180542,1.2929304838180542,1.6904687881469727,0.8042388594567978,0.6715834771319064,-5.006760466965412,0.41,123,1.662162162162162,8,74,HILCodec_3kbps,1089-134686-0000.flac,42
random_loss,0.4,no_duplicate,no_duplicate,1,300,0,0.0,3.0,3.0,0.0,0.42333333333333334,0,0.0,127,0.42333333333333334,1.2279047966003418,1.2279047966003418,1.7249096632003784,0.7491226333548958,0.6079065841594774,-3.61440632639912,0.42333333333333334,127,1.7887323943661972,6,71,HILCodec_3kbps,1089-134686-0000.flac,123
random_loss,0.4,no_duplicate,no_duplicate,2,300,0,0.0,3.0,3.0,0.0,0.41000000000000003,0,0.0,123,0.41,1.2929304838180542,1.2929304838180542,1.6904687881469727,0.8042388594567978,0.6715834771319064,-5.006760466965412,0.41,123,1.662162162162162,8,74,HILCodec_3kbps,1089-134686-0000.flac,42
random_loss,0.4,no_duplicate,no_duplicate,2,300,0,0.0,3.0,3.0,0.0,0.42333333333333334,0,0.0,127,0.42333333333333334,1.2279047966003418,1.2279047966003418,1.7249096632003784,0.7491226333548958,0.6079065841594774,-3.61440632639912,0.42333333333333334,127,1.7887323943661972,6,71,HILCodec_3kbps,1089-134686-0000.flac,123
random_loss,0.4,fixed_0.3,0.3,1,300,45,0.15,3.0,3.4499999999999997,15.0,0.41000000000000003,13,0.10569105691056911,110,0.36666666666666664,1.3117780685424805,1.3117780685424805,1.977947473526001,0.8264433970582694,0.682219534677803,-3.2602766850089693,0.36666666666666664,110,1.6666666666666667,8,66,HILCodec_3kbps,1089-134686-0000.flac,42
random_loss,0.4,fixed_0.3,0.3,1,300,45,0.15,3.0,3.4499999999999997,15.0,0.42333333333333334,7,0.05511811023622047,120,0.4,1.2370431423187256,1.2370431423187256,1.7275633811950684,0.7830228301273504,0.6254241568671363,-3.5922504142308798,0.4,120,1.8181818181818181,6,66,HILCodec_3kbps,1089-134686-0000.flac,123
random_loss,0.4,fixed_0.3,0.3,2,300,45,0.15,3.0,3.4499999999999997,15.0,0.41000000000000003,11,0.08943089430894309,112,0.37333333333333335,1.2895616292953491,1.2895616292953491,1.8929078578948975,0.8193591120814823,0.6669512442814289,-3.382509294433599,0.37333333333333335,112,1.671641791044776,8,67,HILCodec_3kbps,1089-134686-0000.flac,42
random_loss,0.4,fixed_0.3,0.3,2,300,45,0.15,3.0,3.4499999999999997,15.0,0.42333333333333334,7,0.05511811023622047,120,0.4,1.2723373174667358,1.2723373174667358,1.7889180183410645,0.7948428590627898,0.6328507731174051,-3.028164809647416,0.4,120,1.7142857142857142,6,70,HILCodec_3kbps,1089-134686-0000.flac,123
random_loss,0.4,fixed_0.5,0.5,1,300,16,0.05333333333333334,3.0,3.1599999999999997,5.333333333333334,0.41000000000000003,4,0.032520325203252036,119,0.39666666666666667,1.2870513200759888,1.2870513200759888,1.9296989440917969,0.813520707413715,0.682029517663984,-4.823926231715344,0.39666666666666667,119,1.6527777777777777,8,72,HILCodec_3kbps,1089-134686-0000.flac,42
random_loss,0.4,fixed_0.5,0.5,1,300,16,0.05333333333333334,3.0,3.1599999999999997,5.333333333333334,0.42333333333333334,1,0.007874015748031496,126,0.42,1.2283661365509033,1.2283661365509033,1.7260687351226807,0.7490468241711333,0.607802882313729,-3.5980950665976246,0.42,126,1.8,6,70,HILCodec_3kbps,1089-134686-0000.flac,123
random_loss,0.4,fixed_0.5,0.5,2,300,16,0.05333333333333334,3.0,3.1599999999999997,5.333333333333334,0.41000000000000003,3,0.024390243902439025,120,0.4,1.278361201286316,1.278361201286316,1.9024531841278076,0.8074702692646741,0.6737613817125412,-4.833467398720534,0.4,120,1.643835616438356,8,73,HILCodec_3kbps,1089-134686-0000.flac,42
random_loss,0.4,fixed_0.5,0.5,2,300,16,0.05333333333333334,3.0,3.1599999999999997,5.333333333333334,0.42333333333333334,0,0.0,127,0.42333333333333334,1.2279047966003418,1.2279047966003418,1.7249096632003784,0.7491226333548958,0.6079065841594774,-3.61440632639912,0.42333333333333334,127,1.7887323943661972,6,71,HILCodec_3kbps,1089-134686-0000.flac,123
random_loss,0.4,fixed_0.7,0.7,1,300,0,0.0,3.0,3.0,0.0,0.41000000000000003,0,0.0,123,0.41,1.2929304838180542,1.2929304838180542,1.6904687881469727,0.8042388594567978,0.6715834771319064,-5.006760466965412,0.41,123,1.662162162162162,8,74,HILCodec_3kbps,1089-134686-0000.flac,42
random_loss,0.4,fixed_0.7,0.7,1,300,0,0.0,3.0,3.0,0.0,0.42333333333333334,0,0.0,127,0.42333333333333334,1.2279047966003418,1.2279047966003418,1.7249096632003784,0.7491226333548958,0.6079065841594774,-3.61440632639912,0.42333333333333334,127,1.7887323943661972,6,71,HILCodec_3kbps,1089-134686-0000.flac,123
random_loss,0.4,fixed_0.7,0.7,2,300,0,0.0,3.0,3.0,0.0,0.41000000000000003,0,0.0,123,0.41,1.2929304838180542,1.2929304838180542,1.6904687881469727,0.8042388594567978,0.6715834771319064,-5.006760466965412,0.41,123,1.662162162162162,8,74,HILCodec_3kbps,1089-134686-0000.flac,42
random_loss,0.4,fixed_0.7,0.7,2,300,0,0.0,3.0,3.0,0.0,0.42333333333333334,0,0.0,127,0.42333333333333334,1.2279047966003418,1.2279047966003418,1.7249096632003784,0.7491226333548958,0.6079065841594774,-3.61440632639912,0.42333333333333334,127,1.7887323943661972,6,71,HILCodec_3kbps,1089-134686-0000.flac,123
random_loss,0.4,adaptive_mean_std,dynamic,1,300,55,0.18333333333333332,3.0,3.55,18.333333333333332,0.41000000000000003,14,0.11382113821138211,109,0.36333333333333334,1.3117518424987793,1.3117518424987793,1.977947473526001,0.8264433970582694,0.682219534677803,-3.260274637779268,0.36333333333333334,109,1.676923076923077,8,65,HILCodec_3kbps,1089-134686-0000.flac,42
random_loss,0.4,adaptive_mean_std,dynamic,1,300,55,0.18333333333333332,3.0,3.55,18.333333333333332,0.42333333333333334,9,0.07086614173228346,118,0.3933333333333333,1.2371047735214233,1.2371047735214233,1.7275633811950684,0.7830228301273504,0.6254241568671363,-3.592256302146031,0.3933333333333333,118,1.84375,6,64,HILCodec_3kbps,1089-134686-0000.flac,123
random_loss,0.4,adaptive_mean_std,dynamic,2,300,55,0.18333333333333332,3.0,3.55,18.333333333333332,0.41000000000000003,11,0.08943089430894309,112,0.37333333333333335,1.2895616292953491,1.2895616292953491,1.8929078578948975,0.8193591120814823,0.6669512442814288,-3.382509294433599,0.37333333333333335,112,1.671641791044776,8,67,HILCodec_3kbps,1089-134686-0000.flac,42
random_loss,0.4,adaptive_mean_std,dynamic,2,300,55,0.18333333333333332,3.0,3.55,18.333333333333332,0.42333333333333334,8,0.06299212598425197,119,0.39666666666666667,1.2724400758743286,1.2724400758743286,1.788918137550354,0.7948428590627898,0.6328507731174051,-3.0281665170206957,0.39666666666666667,119,1.7246376811594204,6,69,HILCodec_3kbps,1089-134686-0000.flac,123
random_loss,0.4,adaptive_quantile_70,dynamic,1,300,110,0.36666666666666664,3.0,4.1,36.666666666666664,0.41000000000000003,21,0.17073170731707318,102,0.34,1.3821544647216797,1.3821544647216797,2.1982998847961426,0.8431728891329188,0.7069483852098398,-1.7222471903611247,0.34,102,1.59375,8,64,HILCodec_3kbps,1089-134686-0000.flac,42
random_loss,0.4,adaptive_quantile_70,dynamic,1,300,110,0.36666666666666664,3.0,4.1,36.666666666666664,0.42333333333333334,21,0.16535433070866143,106,0.35333333333333333,1.2952789068222046,1.2952789068222046,1.8974084854125977,0.8180599057375831,0.6732312781972675,-0.9903539345026952,0.35333333333333333,106,1.8275862068965518,6,58,HILCodec_3kbps,1089-134686-0000.flac,123
random_loss,0.4,adaptive_quantile_70,dynamic,2,300,110,0.36666666666666664,3.0,4.1,36.666666666666664,0.41000000000000003,24,0.1951219512195122,99,0.33,1.401719570159912,1.401719570159912,2.1701269149780273,0.8579928424979049,0.7100935666078368,-0.5730872766156301,0.33,99,1.523076923076923,8,65,HILCodec_3kbps,1089-134686-0000.flac,42
random_loss,0.4,adaptive_quantile_70,dynamic,2,300,110,0.36666666666666664,3.0,4.1,36.666666666666664,0.42333333333333334,22,0.1732283464566929,105,0.35,1.3609209060668945,1.3609209060668945,1.955385684967041,0.8288900422165426,0.680071292691376,-0.6018367111042258,0.35,105,1.640625,6,64,HILCodec_3kbps,1089-134686-0000.flac,123
random_loss,0.4,all_duplicate,all_duplicate,1,300,300,1.0,3.0,6.0,100.0,0.41000000000000003,74,0.6016260162601627,49,0.16333333333333333,1.7041659355163574,1.7041659355163574,2.4741809368133545,0.8949327729075542,0.7913967874930427,0.708187298305871,0.16333333333333333,49,1.4848484848484849,7,33,HILCodec_3kbps,1089-134686-0000.flac,42
random_loss,0.4,all_duplicate,all_duplicate,1,300,300,1.0,3.0,6.0,100.0,0.42333333333333334,71,0.5590551181102362,56,0.18666666666666668,1.4325342178344727,1.4325342178344727,2.1322708129882812,0.881126145682497,0.7669459024007852,0.5658690258558011,0.18666666666666668,56,1.75,5,32,HILCodec_3kbps,1089-134686-0000.flac,123
random_loss,0.4,all_duplicate,all_duplicate,2,300,300,1.0,3.0,6.0,100.0,0.41000000000000003,74,0.6016260162601627,49,0.16333333333333333,1.63557767868042,1.63557767868042,2.437230348587036,0.8981543249982508,0.7765038833374392,0.9047797095099688,0.16333333333333333,49,1.1951219512195121,6,41,HILCodec_3kbps,1089-134686-0000.flac,42
random_loss,0.4,all_duplicate,all_duplicate,2,300,300,1.0,3.0,6.0,100.0,0.42333333333333334,73,0.5748031496062992,54,0.18,1.5820989608764648,1.5820989608764648,2.244985580444336,0.8980639135355518,0.7857334020709895,1.8744801043076778,0.18,54,1.255813953488372,4,43,HILCodec_3kbps,1089-134686-0000.flac,123
random_loss,0.0,no_duplicate,no_duplicate,1,300,0,0.0,3.0,3.0,0.0,0.0,0,0.0,0,0.0,2.531886339187622,2.531886339187622,3.3490564823150635,0.858452564825691,0.7823969073770316,6.208059224966915,0.0,0,0.0,0,0,HILCodec_3kbps,1188-133604-0000.flac,42
random_loss,0.0,no_duplicate,no_duplicate,1,300,0,0.0,3.0,3.0,0.0,0.0,0,0.0,0,0.0,2.531886339187622,2.531886339187622,3.3490564823150635,0.858452564825691,0.7823969073770315,6.208059224966915,0.0,0,0.0,0,0,HILCodec_3kbps,1188-133604-0000.flac,123
random_loss,0.0,no_duplicate,no_duplicate,2,300,0,0.0,3.0,3.0,0.0,0.0,0,0.0,0,0.0,2.531886339187622,2.531886339187622,3.3490564823150635,0.858452564825691,0.7823969073770316,6.208059224966915,0.0,0,0.0,0,0,HILCodec_3kbps,1188-133604-0000.flac,42
random_loss,0.0,no_duplicate,no_duplicate,2,300,0,0.0,3.0,3.0,0.0,0.0,0,0.0,0,0.0,2.531886339187622,2.531886339187622,3.3490564823150635,0.858452564825691,0.7823969073770315,6.208059224966915,0.0,0,0.0,0,0,HILCodec_3kbps,1188-133604-0000.flac,123
random_loss,0.0,fixed_0.3,0.3,1,300,55,0.18333333333333332,3.0,3.55,18.333333333333332,0.0,0,0.0,0,0.0,2.531886339187622,2.531886339187622,3.3490564823150635,0.858452564825691,0.7823969073770316,6.208059224966915,0.0,0,0.0,0,0,HILCodec_3kbps,1188-133604-0000.flac,42
random_loss,0.0,fixed_0.3,0.3,1,300,55,0.18333333333333332,3.0,3.55,18.333333333333332,0.0,0,0.0,0,0.0,2.531886339187622,2.531886339187622,3.3490564823150635,0.858452564825691,0.7823969073770316,6.208059224966915,0.0,0,0.0,0,0,HILCodec_3kbps,1188-133604-0000.flac,123
random_loss,0.0,fixed_0.3,0.3,2,300,55,0.18333333333333332,3.0,3.55,18.333333333333332,0.0,0,0.0,0,0.0,2.531886339187622,2.531886339187622,3.3490564823150635,0.858452564825691,0.7823969073770316,6.208059224966915,0.0,0,0.0,0,0,HILCodec_3kbps,1188-133604-0000.flac,42
random_loss,0.0,fixed_0.3,0.3,2,300,55,0.18333333333333332,3.0,3.55,18.333333333333332,0.0,0,0.0,0,0.0,2.531886339187622,2.531886339187622,3.3490564823150635,0.858452564825691,0.7823969073770316,6.208059224966915,0.0,0,0.0,0,0,HILCodec_3kbps,1188-133604-0000.flac,123
random_loss,0.0,fixed_0.5,0.5,1,300,19,0.06333333333333334,3.0,3.1899999999999995,6.333333333333334,0.0,0,0.0,0,0.0,2.531886339187622,2.531886339187622,3.3490564823150635,0.858452564825691,0.7823969073770315,6.208059224966915,0.0,0,0.0,0,0,HILCodec_3kbps,1188-133604-0000.flac,42
random_loss,0.0,fixed_0.5,0.5,1,300,19,0.06333333333333334,3.0,3.1899999999999995,6.333333333333334,0.0,0,0.0,0,0.0,2.531886339187622,2.531886339187622,3.3490564823150635,0.858452564825691,0.7823969073770316,6.208059224966915,0.0,0,0.0,0,0,HILCodec_3kbps,1188-133604-0000.flac,123
random_loss,0.0,fixed_0.5,0.5,2,300,19,0.06333333333333334,3.0,3.1899999999999995,6.333333333333334,0.0,0,0.0,0,0.0,2.531886339187622,2.531886339187622,3.3490564823150635,0.858452564825691,0.7823969073770314,6.208059224966915,0.0,0,0.0,0,0,HILCodec_3kbps,1188-133604-0000.flac,42
random_loss,0.0,fixed_0.5,0.5,2,300,19,0.06333333333333334,3.0,3.1899999999999995,6.333333333333334,0.0,0,0.0,0,0.0,2.531886339187622,2.531886339187622,3.3490564823150635,0.858452564825691,0.7823969073770316,6.208059224966915,0.0,0,0.0,0,0,HILCodec_3kbps,1188-133604-0000.flac,123
random_loss,0.0,fixed_0.7,0.7,1,300,0,0.0,3.0,3.0,0.0,0.0,0,0.0,0,0.0,2.531886339187622,2.531886339187622,3.3490564823150635,0.858452564825691,0.7823969073770315,6.208059224966915,0.0,0,0.0,0,0,HILCodec_3kbps,1188-133604-0000.flac,42
random_loss,0.0,fixed_0.7,0.7,1,300,0,0.0,3.0,3.0,0.0,0.0,0,0.0,0,0.0,2.531886339187622,2.531886339187622,3.3490564823150635,0.858452564825691,0.7823969073770316,6.208059224966915,0.0,0,0.0,0,0,HILCodec_3kbps,1188-133604-0000.flac,123
random_loss,0.0,fixed_0.7,0.7,2,300,0,0.0,3.0,3.0,0.0,0.0,0,0.0,0,0.0,2.531886339187622,2.531886339187622,3.3490564823150635,0.858452564825691,0.7823969073770316,6.208059224966915,0.0,0,0.0,0,0,HILCodec_3kbps,1188-133604-0000.flac,42
random_loss,0.0,fixed_0.7,0.7,2,300,0,0.0,3.0,3.0,0.0,0.0,0,0.0,0,0.0,2.531886339187622,2.531886339187622,3.3490564823150635,0.858452564825691,0.7823969073770316,6.208059224966915,0.0,0,0.0,0,0,HILCodec_3kbps,1188-133604-0000.flac,123
random_loss,0.0,adaptive_mean_std,dynamic,1,300,45,0.15,3.0,3.4499999999999997,15.0,0.0,0,0.0,0,0.0,2.531886339187622,2.531886339187622,3.3490564823150635,0.858452564825691,0.7823969073770315,6.208059224966915,0.0,0,0.0,0,0,HILCodec_3kbps,1188-133604-0000.flac,42
random_loss,0.0,adaptive_mean_std,dynamic,1,300,45,0.15,3.0,3.4499999999999997,15.0,0.0,0,0.0,0,0.0,2.531886339187622,2.531886339187622,3.3490564823150635,0.858452564825691,0.7823969073770316,6.208059224966915,0.0,0,0.0,0,0,HILCodec_3kbps,1188-133604-0000.flac,123
random_loss,0.0,adaptive_mean_std,dynamic,2,300,45,0.15,3.0,3.4499999999999997,15.0,0.0,0,0.0,0,0.0,2.531886339187622,2.531886339187622,3.3490564823150635,0.858452564825691,0.7823969073770316,6.208059224966915,0.0,0,0.0,0,0,HILCodec_3kbps,1188-133604-0000.flac,42
random_loss,0.0,adaptive_mean_std,dynamic,2,300,45,0.15,3.0,3.4499999999999997,15.0,0.0,0,0.0,0,0.0,2.531886339187622,2.531886339187622,3.3490564823150635,0.858452564825691,0.7823969073770316,6.208059224966915,0.0,0,0.0,0,0,HILCodec_3kbps,1188-133604-0000.flac,123
random_loss,0.0,adaptive_quantile_70,dynamic,1,300,91,0.30333333333333334,3.0,3.9099999999999997,30.333333333333336,0.0,0,0.0,0,0.0,2.531886339187622,2.531886339187622,3.3490564823150635,0.858452564825691,0.7823969073770316,6.208059224966915,0.0,0,0.0,0,0,HILCodec_3kbps,1188-133604-0000.flac,42
random_loss,0.0,adaptive_quantile_70,dynamic,1,300,91,0.30333333333333334,3.0,3.9099999999999997,30.333333333333336,0.0,0,0.0,0,0.0,2.531886339187622,2.531886339187622,3.3490564823150635,0.858452564825691,0.7823969073770316,6.208059224966915,0.0,0,0.0,0,0,HILCodec_3kbps,1188-133604-0000.flac,123
random_loss,0.0,adaptive_quantile_70,dynamic,2,300,91,0.30333333333333334,3.0,3.9099999999999997,30.333333333333336,0.0,0,0.0,0,0.0,2.531886339187622,2.531886339187622,3.3490564823150635,0.858452564825691,0.7823969073770316,6.208059224966915,0.0,0,0.0,0,0,HILCodec_3kbps,1188-133604-0000.flac,42
random_loss,0.0,adaptive_quantile_70,dynamic,2,300,91,0.30333333333333334,3.0,3.9099999999999997,30.333333333333336,0.0,0,0.0,0,0.0,2.531886339187622,2.531886339187622,3.3490564823150635,0.858452564825691,0.7823969073770316,6.208059224966915,0.0,0,0.0,0,0,HILCodec_3kbps,1188-133604-0000.flac,123
random_loss,0.0,all_duplicate,all_duplicate,1,300,300,1.0,3.0,6.0,100.0,0.0,0,0.0,0,0.0,2.531886339187622,2.531886339187622,3.3490564823150635,0.858452564825691,0.7823969073770315,6.208059224966915,0.0,0,0.0,0,0,HILCodec_3kbps,1188-133604-0000.flac,42
random_loss,0.0,all_duplicate,all_duplicate,1,300,300,1.0,3.0,6.0,100.0,0.0,0,0.0,0,0.0,2.531886339187622,2.531886339187622,3.3490564823150635,0.858452564825691,0.7823969073770316,6.208059224966915,0.0,0,0.0,0,0,HILCodec_3kbps,1188-133604-0000.flac,123
random_loss,0.0,all_duplicate,all_duplicate,2,300,300,1.0,3.0,6.0,100.0,0.0,0,0.0,0,0.0,2.531886339187622,2.531886339187622,3.3490564823150635,0.858452564825691,0.7823969073770316,6.208059224966915,0.0,0,0.0,0,0,HILCodec_3kbps,1188-133604-0000.flac,42
random_loss,0.0,all_duplicate,all_duplicate,2,300,300,1.0,3.0,6.0,100.0,0.0,0,0.0,0,0.0,2.531886339187622,2.531886339187622,3.3490564823150635,0.858452564825691,0.7823969073770315,6.208059224966915,0.0,0,0.0,0,0,HILCodec_3kbps,1188-133604-0000.flac,123
random_loss,0.01,no_duplicate,no_duplicate,1,300,0,0.0,3.0,3.0,0.0,0.0033333333333332993,0,0.0,1,0.0033333333333333335,2.503607749938965,2.503607749938965,3.312246322631836,0.8577538594129459,0.7815513979490205,6.03459069970294,0.0033333333333333335,1,1.0,1,1,HILCodec_3kbps,1188-133604-0000.flac,42
random_loss,0.01,no_duplicate,no_duplicate,1,300,0,0.0,3.0,3.0,0.0,0.013333333333333308,0,0.0,4,0.013333333333333334,2.3322560787200928,2.3322560787200928,3.2161309719085693,0.855170028345289,0.7741884155771607,5.673347534163584,0.013333333333333334,4,1.0,1,4,HILCodec_3kbps,1188-133604-0000.flac,123
random_loss,0.01,no_duplicate,no_duplicate,2,300,0,0.0,3.0,3.0,0.0,0.0033333333333332993,0,0.0,1,0.0033333333333333335,2.503607749938965,2.503607749938965,3.312246322631836,0.8577538594129459,0.7815513979490205,6.03459069970294,0.0033333333333333335,1,1.0,1,1,HILCodec_3kbps,1188-133604-0000.flac,42
random_loss,0.01,no_duplicate,no_duplicate,2,300,0,0.0,3.0,3.0,0.0,0.013333333333333308,0,0.0,4,0.013333333333333334,2.3322560787200928,2.3322560787200928,3.2161309719085693,0.855170028345289,0.7741884155771607,5.673347534163584,0.013333333333333334,4,1.0,1,4,HILCodec_3kbps,1188-133604-0000.flac,123
random_loss,0.01,fixed_0.3,0.3,1,300,55,0.18333333333333332,3.0,3.55,18.333333333333332,0.0033333333333332993,0,0.0,1,0.0033333333333333335,2.503607749938965,2.503607749938965,3.312246322631836,0.8577538594129459,0.7815513979490205,6.03459069970294,0.0033333333333333335,1,1.0,1,1,HILCodec_3kbps,1188-133604-0000.flac,42
random_loss,0.01,fixed_0.3,0.3,1,300,55,0.18333333333333332,3.0,3.55,18.333333333333332,0.013333333333333308,0,0.0,4,0.013333333333333334,2.3322560787200928,2.3322560787200928,3.2161309719085693,0.855170028345289,0.7741884155771607,5.673347534163584,0.013333333333333334,4,1.0,1,4,HILCodec_3kbps,1188-133604-0000.flac,123
random_loss,0.01,fixed_0.3,0.3,2,300,55,0.18333333333333332,3.0,3.55,18.333333333333332,0.0033333333333332993,0,0.0,1,0.0033333333333333335,2.503607749938965,2.503607749938965,3.312246322631836,0.8577538594129459,0.7815513979490205,6.03459069970294,0.0033333333333333335,1,1.0,1,1,HILCodec_3kbps,1188-133604-0000.flac,42
random_loss,0.01,fixed_0.3,0.3,2,300,55,0.18333333333333332,3.0,3.55,18.333333333333332,0.013333333333333308,0,0.0,4,0.013333333333333334,2.3322560787200928,2.3322560787200928,3.2161309719085693,0.855170028345289,0.7741884155771607,5.673347534163584,0.013333333333333334,4,1.0,1,4,HILCodec_3kbps,1188-133604-0000.flac,123
random_loss,0.01,fixed_0.5,0.5,1,300,19,0.06333333333333334,3.0,3.1899999999999995,6.333333333333334,0.0033333333333332993,0,0.0,1,0.0033333333333333335,2.503607749938965,2.503607749938965,3.312246322631836,0.8577538594129459,0.7815513979490204,6.03459069970294,0.0033333333333333335,1,1.0,1,1,HILCodec_3kbps,1188-133604-0000.flac,42
random_loss,0.01,fixed_0.5,0.5,1,300,19,0.06333333333333334,3.0,3.1899999999999995,6.333333333333334,0.013333333333333308,0,0.0,4,0.013333333333333334,2.3322560787200928,2.3322560787200928,3.2161309719085693,0.855170028345289,0.7741884155771607,5.673347534163584,0.013333333333333334,4,1.0,1,4,HILCodec_3kbps,1188-133604-0000.flac,123
random_loss,0.01,fixed_0.5,0.5,2,300,19,0.06333333333333334,3.0,3.1899999999999995,6.333333333333334,0.0033333333333332993,0,0.0,1,0.0033333333333333335,2.503607749938965,2.503607749938965,3.312246322631836,0.8577538594129459,0.7815513979490205,6.03459069970294,0.0033333333333333335,1,1.0,1,1,HILCodec_3kbps,1188-133604-0000.flac,42
random_loss,0.01,fixed_0.5,0.5,2,300,19,0.06333333333333334,3.0,3.1899999999999995,6.333333333333334,0.013333333333333308,0,0.0,4,0.013333333333333334,2.3322560787200928,2.3322560787200928,3.2161309719085693,0.855170028345289,0.7741884155771606,5.673347534163584,0.013333333333333334,4,1.0,1,4,HILCodec_3kbps,1188-133604-0000.flac,123
random_loss,0.01,fixed_0.7,0.7,1,300,0,0.0,3.0,3.0,0.0,0.0033333333333332993,0,0.0,1,0.0033333333333333335,2.503607749938965,2.503607749938965,3.312246322631836,0.8577538594129459,0.7815513979490205,6.03459069970294,0.0033333333333333335,1,1.0,1,1,HILCodec_3kbps,1188-133604-0000.flac,42
random_loss,0.01,fixed_0.7,0.7,1,300,0,0.0,3.0,3.0,0.0,0.013333333333333308,0,0.0,4,0.013333333333333334,2.3322560787200928,2.3322560787200928,3.2161309719085693,0.855170028345289,0.7741884155771607,5.673347534163584,0.013333333333333334,4,1.0,1,4,HILCodec_3kbps,1188-133604-0000.flac,123
random_loss,0.01,fixed_0.7,0.7,2,300,0,0.0,3.0,3.0,0.0,0.0033333333333332993,0,0.0,1,0.0033333333333333335,2.503607749938965,2.503607749938965,3.312246322631836,0.8577538594129459,0.7815513979490205,6.03459069970294,0.0033333333333333335,1,1.0,1,1,HILCodec_3kbps,1188-133604-0000.flac,42
random_loss,0.01,fixed_0.7,0.7,2,300,0,0.0,3.0,3.0,0.0,0.013333333333333308,0,0.0,4,0.013333333333333334,2.3322560787200928,2.3322560787200928,3.2161309719085693,0.855170028345289,0.7741884155771607,5.673347534163584,0.013333333333333334,4,1.0,1,4,HILCodec_3kbps,1188-133604-0000.flac,123
random_loss,0.01,adaptive_mean_std,dynamic,1,300,45,0.15,3.0,3.4499999999999997,15.0,0.0033333333333332993,0,0.0,1,0.0033333333333333335,2.503607749938965,2.503607749938965,3.312246322631836,0.8577538594129459,0.7815513979490204,6.03459069970294,0.0033333333333333335,1,1.0,1,1,HILCodec_3kbps,1188-133604-0000.flac,42
random_loss,0.01,adaptive_mean_std,dynamic,1,300,45,0.15,3.0,3.4499999999999997,15.0,0.013333333333333308,0,0.0,4,0.013333333333333334,2.3322560787200928,2.3322560787200928,3.2161309719085693,0.855170028345289,0.7741884155771606,5.673347534163584,0.013333333333333334,4,1.0,1,4,HILCodec_3kbps,1188-133604-0000.flac,123
random_loss,0.01,adaptive_mean_std,dynamic,2,300,45,0.15,3.0,3.4499999999999997,15.0,0.0033333333333332993,0,0.0,1,0.0033333333333333335,2.503607749938965,2.503607749938965,3.312246322631836,0.8577538594129459,0.7815513979490205,6.03459069970294,0.0033333333333333335,1,1.0,1,1,HILCodec_3kbps,1188-133604-0000.flac,42
random_loss,0.01,adaptive_mean_std,dynamic,2,300,45,0.15,3.0,3.4499999999999997,15.0,0.013333333333333308,0,0.0,4,0.013333333333333334,2.3322560787200928,2.3322560787200928,3.2161309719085693,0.855170028345289,0.7741884155771607,5.673347534163584,0.013333333333333334,4,1.0,1,4,HILCodec_3kbps,1188-133604-0000.flac,123
random_loss,0.01,adaptive_quantile_70,dynamic,1,300,91,0.30333333333333334,3.0,3.9099999999999997,30.333333333333336,0.0033333333333332993,0,0.0,1,0.0033333333333333335,2.503607749938965,2.503607749938965,3.312246322631836,0.8577538594129459,0.7815513979490205,6.03459069970294,0.0033333333333333335,1,1.0,1,1,HILCodec_3kbps,1188-133604-0000.flac,42
random_loss,0.01,adaptive_quantile_70,dynamic,1,300,91,0.30333333333333334,3.0,3.9099999999999997,30.333333333333336,0.013333333333333308,0,0.0,4,0.013333333333333334,2.3322560787200928,2.3322560787200928,3.2161309719085693,0.855170028345289,0.7741884155771607,5.673347534163584,0.013333333333333334,4,1.0,1,4,HILCodec_3kbps,1188-133604-0000.flac,123
random_loss,0.01,adaptive_quantile_70,dynamic,2,300,91,0.30333333333333334,3.0,3.9099999999999997,30.333333333333336,0.0033333333333332993,0,0.0,1,0.0033333333333333335,2.503607749938965,2.503607749938965,3.312246322631836,0.8577538594129459,0.7815513979490205,6.03459069970294,0.0033333333333333335,1,1.0,1,1,HILCodec_3kbps,1188-133604-0000.flac,42
random_loss,0.01,adaptive_quantile_70,dynamic,2,300,91,0.30333333333333334,3.0,3.9099999999999997,30.333333333333336,0.013333333333333308,0,0.0,4,0.013333333333333334,2.3322560787200928,2.3322560787200928,3.2161309719085693,0.855170028345289,0.7741884155771607,5.673347534163584,0.013333333333333334,4,1.0,1,4,HILCodec_3kbps,1188-133604-0000.flac,123
random_loss,0.01,all_duplicate,all_duplicate,1,300,300,1.0,3.0,6.0,100.0,0.0033333333333332993,1,1.0,0,0.0,2.531886339187622,2.531886339187622,3.3490564823150635,0.858452564825691,0.7823969073770316,6.208059224966915,0.0,0,0.0,0,0,HILCodec_3kbps,1188-133604-0000.flac,42
random_loss,0.01,all_duplicate,all_duplicate,1,300,300,1.0,3.0,6.0,100.0,0.013333333333333308,4,1.0,0,0.0,2.531886339187622,2.531886339187622,3.3490564823150635,0.858452564825691,0.7823969073770316,6.208059224966915,0.0,0,0.0,0,0,HILCodec_3kbps,1188-133604-0000.flac,123
random_loss,0.01,all_duplicate,all_duplicate,2,300,300,1.0,3.0,6.0,100.0,0.0033333333333332993,1,1.0,0,0.0,2.531886339187622,2.531886339187622,3.3490564823150635,0.858452564825691,0.7823969073770316,6.208059224966915,0.0,0,0.0,0,0,HILCodec_3kbps,1188-133604-0000.flac,42
random_loss,0.01,all_duplicate,all_duplicate,2,300,300,1.0,3.0,6.0,100.0,0.013333333333333308,4,1.0,0,0.0,2.531886339187622,2.531886339187622,3.3490564823150635,0.858452564825691,0.7823969073770316,6.208059224966915,0.0,0,0.0,0,0,HILCodec_3kbps,1188-133604-0000.flac,123
random_loss,0.03,no_duplicate,no_duplicate,1,300,0,0.0,3.0,3.0,0.0,0.026666666666666616,0,0.0,8,0.02666666666666667,2.353069543838501,2.353069543838501,3.254539966583252,0.8481162745217493,0.7721092248725792,5.403278670092479,0.02666666666666667,8,1.0,1,8,HILCodec_3kbps,1188-133604-0000.flac,42
random_loss,0.03,no_duplicate,no_duplicate,1,300,0,0.0,3.0,3.0,0.0,0.033333333333333326,0,0.0,10,0.03333333333333333,2.1317453384399414,2.1317453384399414,3.1165244579315186,0.8496975714695234,0.7649756753314709,5.495917664832071,0.03333333333333333,10,1.0,1,10,HILCodec_3kbps,1188-133604-0000.flac,123
random_loss,0.03,no_duplicate,no_duplicate,2,300,0,0.0,3.0,3.0,0.0,0.026666666666666616,0,0.0,8,0.02666666666666667,2.353069543838501,2.353069543838501,3.254539966583252,0.8481162745217493,0.7721092248725792,5.403278670092479,0.02666666666666667,8,1.0,1,8,HILCodec_3kbps,1188-133604-0000.flac,42
random_loss,0.03,no_duplicate,no_duplicate,2,300,0,0.0,3.0,3.0,0.0,0.033333333333333326,0,0.0,10,0.03333333333333333,2.1317453384399414,2.1317453384399414,3.1165244579315186,0.8496975714695234,0.7649756753314709,5.495917664832071,0.03333333333333333,10,1.0,1,10,HILCodec_3kbps,1188-133604-0000.flac,123
random_loss,0.03,fixed_0.3,0.3,1,300,55,0.18333333333333332,3.0,3.55,18.333333333333332,0.026666666666666616,1,0.125,7,0.023333333333333334,2.3657920360565186,2.3657920360565186,3.261472225189209,0.8534707230053497,0.773133810356386,5.404909882006283,0.023333333333333334,7,1.0,1,7,HILCodec_3kbps,1188-133604-0000.flac,42
random_loss,0.03,fixed_0.3,0.3,1,300,55,0.18333333333333332,3.0,3.55,18.333333333333332,0.033333333333333326,0,0.0,10,0.03333333333333333,2.1317453384399414,2.1317453384399414,3.1165244579315186,0.8496975714695234,0.7649756753314708,5.495917664832071,0.03333333333333333,10,1.0,1,10,HILCodec_3kbps,1188-133604-0000.flac,123
random_loss,0.03,fixed_0.3,0.3,2,300,55,0.18333333333333332,3.0,3.55,18.333333333333332,0.026666666666666616,1,0.125,7,0.023333333333333334,2.3657920360565186,2.3657920360565186,3.261472225189209,0.8534707230053497,0.773133810356386,5.404909882006283,0.023333333333333334,7,1.0,1,7,HILCodec_3kbps,1188-133604-0000.flac,42
random_loss,0.03,fixed_0.3,0.3,2,300,55,0.18333333333333332,3.0,3.55,18.333333333333332,0.033333333333333326,0,0.0,10,0.03333333333333333,2.1317453384399414,2.1317453384399414,3.1165244579315186,0.8496975714695234,0.7649756753314709,5.495917664832071,0.03333333333333333,10,1.0,1,10,HILCodec_3kbps,1188-133604-0000.flac,123
random_loss,0.03,fixed_0.5,0.5,1,300,19,0.06333333333333334,3.0,3.1899999999999995,6.333333333333334,0.026666666666666616,1,0.125,7,0.023333333333333334,2.3657920360565186,2.3657920360565186,3.261472225189209,0.8534707230053497,0.773133810356386,5.404909882006283,0.023333333333333334,7,1.0,1,7,HILCodec_3kbps,1188-133604-0000.flac,42
random_loss,0.03,fixed_0.5,0.5,1,300,19,0.06333333333333334,3.0,3.1899999999999995,6.333333333333334,0.033333333333333326,0,0.0,10,0.03333333333333333,2.1317453384399414,2.1317453384399414,3.1165244579315186,0.8496975714695234,0.7649756753314708,5.495917664832071,0.03333333333333333,10,1.0,1,10,HILCodec_3kbps,1188-133604-0000.flac,123
random_loss,0.03,fixed_0.5,0.5,2,300,19,0.06333333333333334,3.0,3.1899999999999995,6.333333333333334,0.026666666666666616,1,0.125,7,0.023333333333333334,2.3657920360565186,2.3657920360565186,3.261472225189209,0.8534707230053497,0.773133810356386,5.404909882006283,0.023333333333333334,7,1.0,1,7,HILCodec_3kbps,1188-133604-0000.flac,42
random_loss,0.03,fixed_0.5,0.5,2,300,19,0.06333333333333334,3.0,3.1899999999999995,6.333333333333334,0.033333333333333326,0,0.0,10,0.03333333333333333,2.1317453384399414,2.1317453384399414,3.1165244579315186,0.8496975714695234,0.7649756753314708,5.495917664832071,0.03333333333333333,10,1.0,1,10,HILCodec_3kbps,1188-133604-0000.flac,123
random_loss,0.03,fixed_0.7,0.7,1,300,0,0.0,3.0,3.0,0.0,0.026666666666666616,0,0.0,8,0.02666666666666667,2.353069543838501,2.353069543838501,3.254539966583252,0.8481162745217493,0.7721092248725792,5.403278670092479,0.02666666666666667,8,1.0,1,8,HILCodec_3kbps,1188-133604-0000.flac,42
random_loss,0.03,fixed_0.7,0.7,1,300,0,0.0,3.0,3.0,0.0,0.033333333333333326,0,0.0,10,0.03333333333333333,2.1317453384399414,2.1317453384399414,3.1165244579315186,0.8496975714695234,0.7649756753314709,5.495917664832071,0.03333333333333333,10,1.0,1,10,HILCodec_3kbps,1188-133604-0000.flac,123
random_loss,0.03,fixed_0.7,0.7,2,300,0,0.0,3.0,3.0,0.0,0.026666666666666616,0,0.0,8,0.02666666666666667,2.353069543838501,2.353069543838501,3.254539966583252,0.8481162745217493,0.7721092248725792,5.403278670092479,0.02666666666666667,8,1.0,1,8,HILCodec_3kbps,1188-133604-0000.flac,42
random_loss,0.03,fixed_0.7,0.7,2,300,0,0.0,3.0,3.0,0.0,0.033333333333333326,0,0.0,10,0.03333333333333333,2.1317453384399414,2.1317453384399414,3.1165244579315186,0.8496975714695234,0.7649756753314709,5.495917664832071,0.03333333333333333,10,1.0,1,10,HILCodec_3kbps,1188-133604-0000.flac,123
random_loss,0.03,adaptive_mean_std,dynamic,1,300,45,0.15,3.0,3.4499999999999997,15.0,0.026666666666666616,1,0.125,7,0.023333333333333334,2.3657920360565186,2.3657920360565186,3.261472225189209,0.8534707230053497,0.7731338103563858,5.404909882006283,0.023333333333333334,7,1.0,1,7,HILCodec_3kbps,1188-133604-0000.flac,42
random_loss,0.03,adaptive_mean_std,dynamic,1,300,45,0.15,3.0,3.4499999999999997,15.0,0.033333333333333326,0,0.0,10,0.03333333333333333,2.1317453384399414,2.1317453384399414,3.1165244579315186,0.8496975714695234,0.7649756753314709,5.495917664832071,0.03333333333333333,10,1.0,1,10,HILCodec_3kbps,1188-133604-0000.flac,123
random_loss,0.03,adaptive_mean_std,dynamic,2,300,45,0.15,3.0,3.4499999999999997,15.0,0.026666666666666616,1,0.125,7,0.023333333333333334,2.3657920360565186,2.3657920360565186,3.261472225189209,0.8534707230053497,0.7731338103563858,5.404909882006283,0.023333333333333334,7,1.0,1,7,HILCodec_3kbps,1188-133604-0000.flac,42
random_loss,0.03,adaptive_mean_std,dynamic,2,300,45,0.15,3.0,3.4499999999999997,15.0,0.033333333333333326,0,0.0,10,0.03333333333333333,2.1317453384399414,2.1317453384399414,3.1165244579315186,0.8496975714695234,0.7649756753314709,5.495917664832071,0.03333333333333333,10,1.0,1,10,HILCodec_3kbps,1188-133604-0000.flac,123
random_loss,0.03,adaptive_quantile_70,dynamic,1,300,91,0.30333333333333334,3.0,3.9099999999999997,30.333333333333336,0.026666666666666616,1,0.125,7,0.023333333333333334,2.3657920360565186,2.3657920360565186,3.261472225189209,0.8534707230053497,0.773133810356386,5.404909882006283,0.023333333333333334,7,1.0,1,7,HILCodec_3kbps,1188-133604-0000.flac,42
random_loss,0.03,adaptive_quantile_70,dynamic,1,300,91,0.30333333333333334,3.0,3.9099999999999997,30.333333333333336,0.033333333333333326,1,0.1,9,0.03,2.2855091094970703,2.2855091094970703,3.1909661293029785,0.8528661917982703,0.7700004197475584,5.740164811302262,0.03,9,1.0,1,9,HILCodec_3kbps,1188-133604-0000.flac,123
random_loss,0.03,adaptive_quantile_70,dynamic,2,300,91,0.30333333333333334,3.0,3.9099999999999997,30.333333333333336,0.026666666666666616,1,0.125,7,0.023333333333333334,2.3657920360565186,2.3657920360565186,3.261472225189209,0.8534707230053497,0.773133810356386,5.404909882006283,0.023333333333333334,7,1.0,1,7,HILCodec_3kbps,1188-133604-0000.flac,42
random_loss,0.03,adaptive_quantile_70,dynamic,2,300,91,0.30333333333333334,3.0,3.9099999999999997,30.333333333333336,0.033333333333333326,1,0.1,9,0.03,2.2855091094970703,2.2855091094970703,3.1909661293029785,0.8528661917982703,0.7700004197475584,5.740164811302262,0.03,9,1.0,1,9,HILCodec_3kbps,1188-133604-0000.flac,123
random_loss,0.03,all_duplicate,all_duplicate,1,300,300,1.0,3.0,6.0,100.0,0.026666666666666616,8,1.0,0,0.0,2.531886339187622,2.531886339187622,3.3490564823150635,0.858452564825691,0.7823969073770315,6.208059224966915,0.0,0,0.0,0,0,HILCodec_3kbps,1188-133604-0000.flac,42
random_loss,0.03,all_duplicate,all_duplicate,1,300,300,1.0,3.0,6.0,100.0,0.033333333333333326,10,1.0,0,0.0,2.531886339187622,2.531886339187622,3.3490564823150635,0.858452564825691,0.7823969073770316,6.208059224966915,0.0,0,0.0,0,0,HILCodec_3kbps,1188-133604-0000.flac,123
random_loss,0.03,all_duplicate,all_duplicate,2,300,300,1.0,3.0,6.0,100.0,0.026666666666666616,8,1.0,0,0.0,2.531886339187622,2.531886339187622,3.3490564823150635,0.858452564825691,0.7823969073770314,6.208059224966915,0.0,0,0.0,0,0,HILCodec_3kbps,1188-133604-0000.flac,42
random_loss,0.03,all_duplicate,all_duplicate,2,300,300,1.0,3.0,6.0,100.0,0.033333333333333326,10,1.0,0,0.0,2.531886339187622,2.531886339187622,3.3490564823150635,0.858452564825691,0.7823969073770315,6.208059224966915,0.0,0,0.0,0,0,HILCodec_3kbps,1188-133604-0000.flac,123
random_loss,0.05,no_duplicate,no_duplicate,1,300,0,0.0,3.0,3.0,0.0,0.050000000000000044,0,0.0,15,0.05,2.0118296146392822,2.0118296146392822,2.941169023513794,0.8425047230473994,0.7634331827066788,4.2974425527845685,0.05,15,1.0,1,15,HILCodec_3kbps,1188-133604-0000.flac,42
random_loss,0.05,no_duplicate,no_duplicate,1,300,0,0.0,3.0,3.0,0.0,0.050000000000000044,0,0.0,15,0.05,2.1626570224761963,2.1626570224761963,3.088702440261841,0.8436518776342025,0.7516212921423012,5.180305631372852,0.05,15,1.0714285714285714,2,14,HILCodec_3kbps,1188-133604-0000.flac,123
random_loss,0.05,no_duplicate,no_duplicate,2,300,0,0.0,3.0,3.0,0.0,0.050000000000000044,0,0.0,15,0.05,2.0118296146392822,2.0118296146392822,2.941169023513794,0.8425047230473994,0.7634331827066788,4.2974425527845685,0.05,15,1.0,1,15,HILCodec_3kbps,1188-133604-0000.flac,42
random_loss,0.05,no_duplicate,no_duplicate,2,300,0,0.0,3.0,3.0,0.0,0.050000000000000044,0,0.0,15,0.05,2.1626570224761963,2.1626570224761963,3.088702440261841,0.8436518776342025,0.7516212921423012,5.180305631372852,0.05,15,1.0714285714285714,2,14,HILCodec_3kbps,1188-133604-0000.flac,123
random_loss,0.05,fixed_0.3,0.3,1,300,55,0.18333333333333332,3.0,3.55,18.333333333333332,0.050000000000000044,3,0.2,12,0.04,2.26361346244812,2.26361346244812,3.169545888900757,0.8511361997409338,0.7676408339199584,5.192148531958232,0.04,12,1.0,1,12,HILCodec_3kbps,1188-133604-0000.flac,42
random_loss,0.05,fixed_0.3,0.3,1,300,55,0.18333333333333332,3.0,3.55,18.333333333333332,0.050000000000000044,1,0.06666666666666667,14,0.04666666666666667,2.1579291820526123,2.1579291820526123,3.08538818359375,0.844124062054457,0.751479820959291,5.180691341213919,0.04666666666666667,14,1.0769230769230769,2,13,HILCodec_3kbps,1188-133604-0000.flac,123
random_loss,0.05,fixed_0.3,0.3,2,300,55,0.18333333333333332,3.0,3.55,18.333333333333332,0.050000000000000044,3,0.2,12,0.04,2.26361346244812,2.26361346244812,3.169545888900757,0.8511361997409338,0.7676408339199584,5.192148531958232,0.04,12,1.0,1,12,HILCodec_3kbps,1188-133604-0000.flac,42
random_loss,0.05,fixed_0.3,0.3,2,300,55,0.18333333333333332,3.0,3.55,18.333333333333332,0.050000000000000044,1,0.06666666666666667,14,0.04666666666666667,2.1579291820526123,2.1579291820526123,3.08538818359375,0.844124062054457,0.751479820959291,5.180691341213919,0.04666666666666667,14,1.0769230769230769,2,13,HILCodec_3kbps,1188-133604-0000.flac,123
random_loss,0.05,fixed_0.5,0.5,1,300,19,0.06333333333333334,3.0,3.1899999999999995,6.333333333333334,0.050000000000000044,1,0.06666666666666667,14,0.04666666666666667,2.0215163230895996,2.0215163230895996,2.9455039501190186,0.8478591715309995,0.7644577681904854,4.298867909134564,0.04666666666666667,14,1.0,1,14,HILCodec_3kbps,1188-133604-0000.flac,42
random_loss,0.05,fixed_0.5,0.5,1,300,19,0.06333333333333334,3.0,3.1899999999999995,6.333333333333334,0.050000000000000044,0,0.0,15,0.05,2.1626570224761963,2.1626570224761963,3.088702440261841,0.8436518776342025,0.7516212921423012,5.180305631372852,0.05,15,1.0714285714285714,2,14,HILCodec_3kbps,1188-133604-0000.flac,123
random_loss,0.05,fixed_0.5,0.5,2,300,19,0.06333333333333334,3.0,3.1899999999999995,6.333333333333334,0.050000000000000044,1,0.06666666666666667,14,0.04666666666666667,2.0215163230895996,2.0215163230895996,2.9455039501190186,0.8478591715309995,0.7644577681904854,4.298867909134564,0.04666666666666667,14,1.0,1,14,HILCodec_3kbps,1188-133604-0000.flac,42
random_loss,0.05,fixed_0.5,0.5,2,300,19,0.06333333333333334,3.0,3.1899999999999995,6.333333333333334,0.050000000000000044,0,0.0,15,0.05,2.1626570224761963,2.1626570224761963,3.088702440261841,0.8436518776342025,0.7516212921423012,5.180305631372852,0.05,15,1.0714285714285714,2,14,HILCodec_3kbps,1188-133604-0000.flac,123
random_loss,0.05,fixed_0.7,0.7,1,300,0,0.0,3.0,3.0,0.0,0.050000000000000044,0,0.0,15,0.05,2.0118296146392822,2.0118296146392822,2.941169023513794,0.8425047230473994,0.7634331827066788,4.2974425527845685,0.05,15,1.0,1,15,HILCodec_3kbps,1188-133604-0000.flac,42
random_loss,0.05,fixed_0.7,0.7,1,300,0,0.0,3.0,3.0,0.0,0.050000000000000044,0,0.0,15,0.05,2.1626570224761963,2.1626570224761963,3.088702440261841,0.8436518776342025,0.7516212921423011,5.180305631372852,0.05,15,1.0714285714285714,2,14,HILCodec_3kbps,1188-133604-0000.flac,123
random_loss,0.05,fixed_0.7,0.7,2,300,0,0.0,3.0,3.0,0.0,0.050000000000000044,0,0.0,15,0.05,2.0118296146392822,2.0118296146392822,2.941169023513794,0.8425047230473994,0.7634331827066788,4.2974425527845685,0.05,15,1.0,1,15,HILCodec_3kbps,1188-133604-0000.flac,42
random_loss,0.05,fixed_0.7,0.7,2,300,0,0.0,3.0,3.0,0.0,0.050000000000000044,0,0.0,15,0.05,2.1626570224761963,2.1626570224761963,3.088702440261841,0.8436518776342025,0.7516212921423012,5.180305631372852,0.05,15,1.0714285714285714,2,14,HILCodec_3kbps,1188-133604-0000.flac,123
random_loss,0.05,adaptive_mean_std,dynamic,1,300,45,0.15,3.0,3.4499999999999997,15.0,0.050000000000000044,3,0.2,12,0.04,2.26361346244812,2.26361346244812,3.169545888900757,0.8511361997409338,0.7676408339199584,5.192148531958232,0.04,12,1.0,1,12,HILCodec_3kbps,1188-133604-0000.flac,42
random_loss,0.05,adaptive_mean_std,dynamic,1,300,45,0.15,3.0,3.4499999999999997,15.0,0.050000000000000044,1,0.06666666666666667,14,0.04666666666666667,2.1579291820526123,2.1579291820526123,3.08538818359375,0.844124062054457,0.751479820959291,5.180691341213919,0.04666666666666667,14,1.0769230769230769,2,13,HILCodec_3kbps,1188-133604-0000.flac,123
random_loss,0.05,adaptive_mean_std,dynamic,2,300,45,0.15,3.0,3.4499999999999997,15.0,0.050000000000000044,3,0.2,12,0.04,2.26361346244812,2.26361346244812,3.169545888900757,0.8511361997409338,0.7676408339199584,5.192148531958232,0.04,12,1.0,1,12,HILCodec_3kbps,1188-133604-0000.flac,42
random_loss,0.05,adaptive_mean_std,dynamic,2,300,45,0.15,3.0,3.4499999999999997,15.0,0.050000000000000044,1,0.06666666666666667,14,0.04666666666666667,2.1579291820526123,2.1579291820526123,3.08538818359375,0.844124062054457,0.751479820959291,5.180691341213919,0.04666666666666667,14,1.0769230769230769,2,13,HILCodec_3kbps,1188-133604-0000.flac,123
random_loss,0.05,adaptive_quantile_70,dynamic,1,300,91,0.30333333333333334,3.0,3.9099999999999997,30.333333333333336,0.050000000000000044,4,0.26666666666666666,11,0.03666666666666667,2.2766494750976562,2.2766494750976562,3.195650100708008,0.8513153194138058,0.7697084765079235,5.198767233330155,0.03666666666666667,11,1.0,1,11,HILCodec_3kbps,1188-133604-0000.flac,42
random_loss,0.05,adaptive_quantile_70,dynamic,1,300,91,0.30333333333333334,3.0,3.9099999999999997,30.333333333333336,0.050000000000000044,2,0.13333333333333333,13,0.043333333333333335,2.1130192279815674,2.1130192279815674,3.090552806854248,0.8480631133597394,0.7594250969038654,5.466170586174016,0.043333333333333335,13,1.0,1,13,HILCodec_3kbps,1188-133604-0000.flac,123
random_loss,0.05,adaptive_quantile_70,dynamic,2,300,91,0.30333333333333334,3.0,3.9099999999999997,30.333333333333336,0.050000000000000044,4,0.26666666666666666,11,0.03666666666666667,2.2766494750976562,2.2766494750976562,3.195650100708008,0.8513153194138058,0.7697084765079234,5.198767233330155,0.03666666666666667,11,1.0,1,11,HILCodec_3kbps,1188-133604-0000.flac,42
random_loss,0.05,adaptive_quantile_70,dynamic,2,300,91,0.30333333333333334,3.0,3.9099999999999997,30.333333333333336,0.050000000000000044,3,0.2,12,0.04,2.2636024951934814,2.2636024951934814,3.163616180419922,0.8512317336884864,0.764449841319953,5.709594644177561,0.04,12,1.0,1,12,HILCodec_3kbps,1188-133604-0000.flac,123
random_loss,0.05,all_duplicate,all_duplicate,1,300,300,1.0,3.0,6.0,100.0,0.050000000000000044,15,1.0,0,0.0,2.531886339187622,2.531886339187622,3.3490564823150635,0.858452564825691,0.7823969073770316,6.208059224966915,0.0,0,0.0,0,0,HILCodec_3kbps,1188-133604-0000.flac,42
random_loss,0.05,all_duplicate,all_duplicate,1,300,300,1.0,3.0,6.0,100.0,0.050000000000000044,14,0.9333333333333333,1,0.0033333333333333335,2.334510326385498,2.334510326385498,3.2608747482299805,0.8553389453568887,0.7774668774625444,5.936229407026242,0.0033333333333333335,1,1.0,1,1,HILCodec_3kbps,1188-133604-0000.flac,123
random_loss,0.05,all_duplicate,all_duplicate,2,300,300,1.0,3.0,6.0,100.0,0.050000000000000044,15,1.0,0,0.0,2.531886339187622,2.531886339187622,3.3490564823150635,0.858452564825691,0.7823969073770316,6.208059224966915,0.0,0,0.0,0,0,HILCodec_3kbps,1188-133604-0000.flac,42
random_loss,0.05,all_duplicate,all_duplicate,2,300,300,1.0,3.0,6.0,100.0,0.050000000000000044,13,0.8666666666666667,2,0.006666666666666667,2.5155081748962402,2.5155081748962402,3.3121280670166016,0.856817442024258,0.7775886500013304,6.165222033816264,0.006666666666666667,2,1.0,1,2,HILCodec_3kbps,1188-133604-0000.flac,123
random_loss,0.1,no_duplicate,no_duplicate,1,300,0,0.0,3.0,3.0,0.0,0.09666666666666668,0,0.0,29,0.09666666666666666,1.805984616279602,1.805984616279602,2.7953832149505615,0.8185218181815527,0.7339214667768441,3.572201117304019,0.09666666666666666,29,1.0740740740740742,2,27,HILCodec_3kbps,1188-133604-0000.flac,42
random_loss,0.1,no_duplicate,no_duplicate,1,300,0,0.0,3.0,3.0,0.0,0.09999999999999998,0,0.0,30,0.1,1.8856992721557617,1.8856992721557617,2.8869447708129883,0.8228497580592222,0.7290254766685663,4.0956907273559775,0.1,30,1.1111111111111112,2,27,HILCodec_3kbps,1188-133604-0000.flac,123
random_loss,0.1,no_duplicate,no_duplicate,2,300,0,0.0,3.0,3.0,0.0,0.09666666666666668,0,0.0,29,0.09666666666666666,1.805984616279602,1.805984616279602,2.7953832149505615,0.8185218181815527,0.7339214667768441,3.572201117304019,0.09666666666666666,29,1.0740740740740742,2,27,HILCodec_3kbps,1188-133604-0000.flac,42
random_loss,0.1,no_duplicate,no_duplicate,2,300,0,0.0,3.0,3.0,0.0,0.09999999999999998,0,0.0,30,0.1,1.8856992721557617,1.8856992721557617,2.8869447708129883,0.8228497580592222,0.7290254766685663,4.0956907273559775,0.1,30,1.1111111111111112,2,27,HILCodec_3kbps,1188-133604-0000.flac,123
random_loss,0.1,fixed_0.3,0.3,1,300,55,0.18333333333333332,3.0,3.55,18.333333333333332,0.09666666666666668,7,0.2413793103448276,22,0.07333333333333333,2.016153573989868,2.016153573989868,3.0127341747283936,0.8335311088846747,0.7426385327244707,4.510800996604858,0.07333333333333333,22,1.1,2,20,HILCodec_3kbps,1188-133604-0000.flac,42
random_loss,0.1,fixed_0.3,0.3,1,300,55,0.18333333333333332,3.0,3.55,18.333333333333332,0.09999999999999998,4,0.13333333333333333,26,0.08666666666666667,1.8877439498901367,1.8877439498901367,2.91055965423584,0.8256923676184208,0.7300586856666365,4.217459223118426,0.08666666666666667,26,1.1304347826086956,2,23,HILCodec_3kbps,1188-133604-0000.flac,123
random_loss,0.1,fixed_0.3,0.3,2,300,55,0.18333333333333332,3.0,3.55,18.333333333333332,0.09666666666666668,7,0.2413793103448276,22,0.07333333333333333,2.016153573989868,2.016153573989868,3.0127341747283936,0.8335311088846747,0.7426385327244707,4.510800996604858,0.07333333333333333,22,1.1,2,20,HILCodec_3kbps,1188-133604-0000.flac,42
random_loss,0.1,fixed_0.3,0.3,2,300,55,0.18333333333333332,3.0,3.55,18.333333333333332,0.09999999999999998,4,0.13333333333333333,26,0.08666666666666667,1.8877439498901367,1.8877439498901367,2.91055965423584,0.8256923676184208,0.7300586856666365,4.217459223118426,0.08666666666666667,26,1.1304347826086956,2,23,HILCodec_3kbps,1188-133604-0000.flac,123
random_loss,0.1,fixed_0.5,0.5,1,300,19,0.06333333333333334,3.0,3.1899999999999995,6.333333333333334,0.09666666666666668,2,0.06896551724137931,27,0.09,1.815065860748291,1.815065860748291,2.798855781555176,0.8236882262167705,0.734774610161997,3.5735444779430474,0.09,27,1.08,2,25,HILCodec_3kbps,1188-133604-0000.flac,42
random_loss,0.1,fixed_0.5,0.5,1,300,19,0.06333333333333334,3.0,3.1899999999999995,6.333333333333334,0.09999999999999998,2,0.06666666666666667,28,0.09333333333333334,1.892382025718689,1.892382025718689,2.900942802429199,0.823332221137879,0.7287151764413429,4.096238686592587,0.09333333333333334,28,1.12,2,25,HILCodec_3kbps,1188-133604-0000.flac,123
random_loss,0.1,fixed_0.5,0.5,2,300,19,0.06333333333333334,3.0,3.1899999999999995,6.333333333333334,0.09666666666666668,2,0.06896551724137931,27,0.09,1.815065860748291,1.815065860748291,2.798855781555176,0.8236882262167705,0.7347746101619969,3.5735444779430474,0.09,27,1.08,2,25,HILCodec_3kbps,1188-133604-0000.flac,42
random_loss,0.1,fixed_0.5,0.5,2,300,19,0.06333333333333334,3.0,3.1899999999999995,6.333333333333334,0.09999999999999998,2,0.06666666666666667,28,0.09333333333333334,1.892382025718689,1.892382025718689,2.900942802429199,0.823332221137879,0.7287151764413429,4.096238686592587,0.09333333333333334,28,1.12,2,25,HILCodec_3kbps,1188-133604-0000.flac,123
random_loss,0.1,fixed_0.7,0.7,1,300,0,0.0,3.0,3.0,0.0,0.09666666666666668,0,0.0,29,0.09666666666666666,1.805984616279602,1.805984616279602,2.7953832149505615,0.8185218181815527,0.7339214667768441,3.572201117304019,0.09666666666666666,29,1.0740740740740742,2,27,HILCodec_3kbps,1188-133604-0000.flac,42
random_loss,0.1,fixed_0.7,0.7,1,300,0,0.0,3.0,3.0,0.0,0.09999999999999998,0,0.0,30,0.1,1.8856992721557617,1.8856992721557617,2.8869447708129883,0.8228497580592222,0.7290254766685663,4.0956907273559775,0.1,30,1.1111111111111112,2,27,HILCodec_3kbps,1188-133604-0000.flac,123
random_loss,0.1,fixed_0.7,0.7,2,300,0,0.0,3.0,3.0,0.0,0.09666666666666668,0,0.0,29,0.09666666666666666,1.805984616279602,1.805984616279602,2.7953832149505615,0.8185218181815527,0.7339214667768441,3.572201117304019,0.09666666666666666,29,1.0740740740740742,2,27,HILCodec_3kbps,1188-133604-0000.flac,42
random_loss,0.1,fixed_0.7,0.7,2,300,0,0.0,3.0,3.0,0.0,0.09999999999999998,0,0.0,30,0.1,1.8856992721557617,1.8856992721557617,2.8869447708129883,0.8228497580592222,0.7290254766685663,4.0956907273559775,0.1,30,1.1111111111111112,2,27,HILCodec_3kbps,1188-133604-0000.flac,123
random_loss,0.1,adaptive_mean_std,dynamic,1,300,45,0.15,3.0,3.4499999999999997,15.0,0.09666666666666668,6,0.20689655172413793,23,0.07666666666666666,2.015549421310425,2.015549421310425,2.99812912940979,0.8318659281696611,0.7412352170213447,4.409511580514524,0.07666666666666666,23,1.0952380952380953,2,21,HILCodec_3kbps,1188-133604-0000.flac,42
random_loss,0.1,adaptive_mean_std,dynamic,1,300,45,0.15,3.0,3.4499999999999997,15.0,0.09999999999999998,4,0.13333333333333333,26,0.08666666666666667,1.888859748840332,1.888859748840332,2.8985893726348877,0.8240290162445633,0.72869940497039,4.097572612693914,0.08666666666666667,26,1.1304347826086956,2,23,HILCodec_3kbps,1188-133604-0000.flac,123
random_loss,0.1,adaptive_mean_std,dynamic,2,300,45,0.15,3.0,3.4499999999999997,15.0,0.09666666666666668,6,0.20689655172413793,23,0.07666666666666666,2.015549421310425,2.015549421310425,2.99812912940979,0.8318659281696611,0.7412352170213447,4.409511580514524,0.07666666666666666,23,1.0952380952380953,2,21,HILCodec_3kbps,1188-133604-0000.flac,42
random_loss,0.1,adaptive_mean_std,dynamic,2,300,45,0.15,3.0,3.4499999999999997,15.0,0.09999999999999998,4,0.13333333333333333,26,0.08666666666666667,1.888859748840332,1.888859748840332,2.8985893726348877,0.8240290162445633,0.72869940497039,4.097572612693914,0.08666666666666667,26,1.1304347826086956,2,23,HILCodec_3kbps,1188-133604-0000.flac,123
random_loss,0.1,adaptive_quantile_70,dynamic,1,300,91,0.30333333333333334,3.0,3.9099999999999997,30.333333333333336,0.09666666666666668,11,0.3793103448275862,18,0.06,2.2124369144439697,2.2124369144439697,3.146695613861084,0.8401637325256807,0.7531059993965664,5.193173805233404,0.06,18,1.125,2,16,HILCodec_3kbps,1188-133604-0000.flac,42
random_loss,0.1,adaptive_quantile_70,dynamic,1,300,91,0.30333333333333334,3.0,3.9099999999999997,30.333333333333336,0.09999999999999998,7,0.23333333333333334,23,0.07666666666666666,1.8795275688171387,1.8795275688171387,2.9527997970581055,0.8324356058886587,0.7419637190562923,4.709589229331601,0.07666666666666666,23,1.0454545454545454,2,22,HILCodec_3kbps,1188-133604-0000.flac,123
random_loss,0.1,adaptive_quantile_70,dynamic,2,300,91,0.30333333333333334,3.0,3.9099999999999997,30.333333333333336,0.09666666666666668,10,0.3448275862068966,19,0.06333333333333334,2.2115345001220703,2.2115345001220703,3.1165099143981934,0.838597802242897,0.7518077228611091,5.111554496956802,0.06333333333333334,19,1.1176470588235294,2,17,HILCodec_3kbps,1188-133604-0000.flac,42
random_loss,0.1,adaptive_quantile_70,dynamic,2,300,91,0.30333333333333334,3.0,3.9099999999999997,30.333333333333336,0.09999999999999998,9,0.3,21,0.07,2.1005699634552,2.1005699634552,3.088222026824951,0.8370064489720989,0.7484821443564097,5.1356350616795545,0.07,21,1.05,2,20,HILCodec_3kbps,1188-133604-0000.flac,123
random_loss,0.1,all_duplicate,all_duplicate,1,300,300,1.0,3.0,6.0,100.0,0.09666666666666668,27,0.9310344827586207,2,0.006666666666666667,2.479743003845215,2.479743003845215,3.315662145614624,0.8559584116977714,0.7779546100522681,6.172597216794174,0.006666666666666667,2,1.0,1,2,HILCodec_3kbps,1188-133604-0000.flac,42
random_loss,0.1,all_duplicate,all_duplicate,1,300,300,1.0,3.0,6.0,100.0,0.09999999999999998,27,0.9,3,0.01,2.1769697666168213,2.1769697666168213,3.1854288578033447,0.8521052236182275,0.7751908077435752,5.709074350572849,0.01,3,1.0,1,3,HILCodec_3kbps,1188-133604-0000.flac,123
random_loss,0.1,all_duplicate,all_duplicate,2,300,300,1.0,3.0,6.0,100.0,0.09666666666666668,26,0.896551724137931,3,0.01,2.5036377906799316,2.5036377906799316,3.3285324573516846,0.8576778879745403,0.78089390212087,6.191196118881868,0.01,3,1.0,1,3,HILCodec_3kbps,1188-133604-0000.flac,42
random_loss,0.1,all_duplicate,all_duplicate,2,300,300,1.0,3.0,6.0,100.0,0.09999999999999998,25,0.8333333333333334,5,0.016666666666666666,2.369863748550415,2.369863748550415,3.273524522781372,0.8476558574687931,0.7664034109325267,5.8752898362920725,0.016666666666666666,5,1.0,1,5,HILCodec_3kbps,1188-133604-0000.flac,123
random_loss,0.2,no_duplicate,no_duplicate,1,300,0,0.0,3.0,3.0,0.0,0.24,0,0.0,72,0.24,1.3432915210723877,1.3432915210723877,2.12402606010437,0.7521235354972835,0.6472061581830778,-0.4999458353616184,0.24,72,1.44,6,50,HILCodec_3kbps,1188-133604-0000.flac,42
random_loss,0.2,no_duplicate,no_duplicate,1,300,0,0.0,3.0,3.0,0.0,0.20666666666666667,0,0.0,62,0.20666666666666667,1.4179847240447998,1.4179847240447998,2.3161368370056152,0.7728917495570113,0.6569057916803006,1.1607070789054454,0.20666666666666667,62,1.3478260869565217,4,46,HILCodec_3kbps,1188-133604-0000.flac,123
random_loss,0.2,no_duplicate,no_duplicate,2,300,0,0.0,3.0,3.0,0.0,0.24,0,0.0,72,0.24,1.3432915210723877,1.3432915210723877,2.12402606010437,0.7521235354972835,0.6472061581830778,-0.4999458353616184,0.24,72,1.44,6,50,HILCodec_3kbps,1188-133604-0000.flac,42
random_loss,0.2,no_duplicate,no_duplicate,2,300,0,0.0,3.0,3.0,0.0,0.20666666666666667,0,0.0,62,0.20666666666666667,1.4179847240447998,1.4179847240447998,2.3161368370056152,0.7728917495570113,0.6569057916803006,1.1607070789054454,0.20666666666666667,62,1.3478260869565217,4,46,HILCodec_3kbps,1188-133604-0000.flac,123
random_loss,0.2,fixed_0.3,0.3,1,300,55,0.18333333333333332,3.0,3.55,18.333333333333332,0.24,14,0.19444444444444445,58,0.19333333333333333,1.533988356590271,1.533988356590271,2.502795457839966,0.7877615062388053,0.6746732403000186,1.6941663091059267,0.19333333333333333,58,1.4871794871794872,6,39,HILCodec_3kbps,1188-133604-0000.flac,42
random_loss,0.2,fixed_0.3,0.3,1,300,55,0.18333333333333332,3.0,3.55,18.333333333333332,0.20666666666666667,7,0.11290322580645161,55,0.18333333333333332,1.4246416091918945,1.4246416091918945,2.3367481231689453,0.782263747471668,0.6649612080274717,1.254912072732128,0.18333333333333332,55,1.3414634146341464,4,41,HILCodec_3kbps,1188-133604-0000.flac,123
random_loss,0.2,fixed_0.3,0.3,2,300,55,0.18333333333333332,3.0,3.55,18.333333333333332,0.24,12,0.16666666666666666,60,0.2,1.440461277961731,1.440461277961731,2.2895593643188477,0.785088261714779,0.6686667304010765,0.9321889415325324,0.2,60,1.3953488372093024,6,43,HILCodec_3kbps,1188-133604-0000.flac,42
random_loss,0.2,fixed_0.3,0.3,2,300,55,0.18333333333333332,3.0,3.55,18.333333333333332,0.20666666666666667,9,0.14516129032258066,53,0.17666666666666667,1.4143354892730713,1.4143354892730713,2.345367670059204,0.7874167893330895,0.6709363630450605,1.2817547410635481,0.17666666666666667,53,1.325,4,40,HILCodec_3kbps,1188-133604-0000.flac,123
random_loss,0.2,fixed_0.5,0.5,1,300,19,0.06333333333333334,3.0,3.1899999999999995,6.333333333333334,0.24,2,0.027777777777777776,70,0.23333333333333334,1.392866849899292,1.392866849899292,2.22340726852417,0.7549750086474484,0.6514550714072619,-0.4247933902541085,0.23333333333333334,70,1.4583333333333333,6,48,HILCodec_3kbps,1188-133604-0000.flac,42
random_loss,0.2,fixed_0.5,0.5,1,300,19,0.06333333333333334,3.0,3.1899999999999995,6.333333333333334,0.20666666666666667,3,0.04838709677419355,59,0.19666666666666666,1.4219071865081787,1.4219071865081787,2.3261520862579346,0.7752817516716523,0.659839819160382,1.165130181381656,0.19666666666666666,59,1.3409090909090908,4,44,HILCodec_3kbps,1188-133604-0000.flac,123
random_loss,0.2,fixed_0.5,0.5,2,300,19,0.06333333333333334,3.0,3.1899999999999995,6.333333333333334,0.24,2,0.027777777777777776,70,0.23333333333333334,1.3477444648742676,1.3477444648742676,2.124467134475708,0.7615150861803249,0.6482011258411644,-0.49894057631185035,0.23333333333333334,70,1.4285714285714286,6,49,HILCodec_3kbps,1188-133604-0000.flac,42
random_loss,0.2,fixed_0.5,0.5,2,300,19,0.06333333333333334,3.0,3.1899999999999995,6.333333333333334,0.20666666666666667,3,0.04838709677419355,59,0.19666666666666666,1.4219071865081787,1.4219071865081787,2.3261520862579346,0.7752817516716523,0.659839819160382,1.165130181381656,0.19666666666666666,59,1.3409090909090908,4,44,HILCodec_3kbps,1188-133604-0000.flac,123
random_loss,0.2,fixed_0.7,0.7,1,300,0,0.0,3.0,3.0,0.0,0.24,0,0.0,72,0.24,1.3432915210723877,1.3432915210723877,2.12402606010437,0.7521235354972835,0.6472061581830778,-0.4999458353616184,0.24,72,1.44,6,50,HILCodec_3kbps,1188-133604-0000.flac,42
random_loss,0.2,fixed_0.7,0.7,1,300,0,0.0,3.0,3.0,0.0,0.20666666666666667,0,0.0,62,0.20666666666666667,1.4179847240447998,1.4179847240447998,2.3161368370056152,0.7728917495570113,0.6569057916803005,1.1607070789054454,0.20666666666666667,62,1.3478260869565217,4,46,HILCodec_3kbps,1188-133604-0000.flac,123
random_loss,0.2,fixed_0.7,0.7,2,300,0,0.0,3.0,3.0,0.0,0.24,0,0.0,72,0.24,1.3432915210723877,1.3432915210723877,2.12402606010437,0.7521235354972835,0.6472061581830779,-0.4999458353616184,0.24,72,1.44,6,50,HILCodec_3kbps,1188-133604-0000.flac,42
random_loss,0.2,fixed_0.7,0.7,2,300,0,0.0,3.0,3.0,0.0,0.20666666666666667,0,0.0,62,0.20666666666666667,1.4179847240447998,1.4179847240447998,2.3161368370056152,0.7728917495570113,0.6569057916803004,1.1607070789054454,0.20666666666666667,62,1.3478260869565217,4,46,HILCodec_3kbps,1188-133604-0000.flac,123
random_loss,0.2,adaptive_mean_std,dynamic,1,300,45,0.15,3.0,3.4499999999999997,15.0,0.24,10,0.1388888888888889,62,0.20666666666666667,1.458931803703308,1.458931803703308,2.3551459312438965,0.7787492239700788,0.6647333476906823,0.16532338584237855,0.20666666666666667,62,1.4761904761904763,6,42,HILCodec_3kbps,1188-133604-0000.flac,42
random_loss,0.2,adaptive_mean_std,dynamic,1,300,45,0.15,3.0,3.4499999999999997,15.0,0.20666666666666667,7,0.11290322580645161,55,0.18333333333333332,1.4245390892028809,1.4245390892028809,2.332432508468628,0.7807247918975276,0.6637967498159965,1.1694842467687234,0.18333333333333332,55,1.3414634146341464,4,41,HILCodec_3kbps,1188-133604-0000.flac,123
random_loss,0.2,adaptive_mean_std,dynamic,2,300,45,0.15,3.0,3.4499999999999997,15.0,0.24,9,0.125,63,0.21,1.40431547164917,1.40431547164917,2.2427167892456055,0.7791748004837254,0.6609422480391945,0.0899883860790477,0.21,63,1.4318181818181819,6,44,HILCodec_3kbps,1188-133604-0000.flac,42
random_loss,0.2,adaptive_mean_std,dynamic,2,300,45,0.15,3.0,3.4499999999999997,15.0,0.20666666666666667,8,0.12903225806451613,54,0.18,1.414655089378357,1.414655089378357,2.339684247970581,0.7857250362045365,0.6696423152770085,1.1952566099252264,0.18,54,1.3170731707317074,4,41,HILCodec_3kbps,1188-133604-0000.flac,123
random_loss,0.2,adaptive_quantile_70,dynamic,1,300,91,0.30333333333333334,3.0,3.9099999999999997,30.333333333333336,0.24,20,0.2777777777777778,52,0.17333333333333334,1.5860683917999268,1.5860683917999268,2.607130765914917,0.7973078463358757,0.6875466303987999,2.651303934141132,0.17333333333333334,52,1.5294117647058822,6,34,HILCodec_3kbps,1188-133604-0000.flac,42
random_loss,0.2,adaptive_quantile_70,dynamic,1,300,91,0.30333333333333334,3.0,3.9099999999999997,30.333333333333336,0.20666666666666667,11,0.1774193548387097,51,0.17,1.466849684715271,1.466849684715271,2.3748831748962402,0.7895154554777309,0.68235869440234,1.9049353363620996,0.17,51,1.3076923076923077,4,39,HILCodec_3kbps,1188-133604-0000.flac,123
random_loss,0.2,adaptive_quantile_70,dynamic,2,300,91,0.30333333333333334,3.0,3.9099999999999997,30.333333333333336,0.24,19,0.2638888888888889,53,0.17666666666666667,1.5042058229446411,1.5042058229446411,2.4032294750213623,0.8018942530610489,0.6966344363702548,2.0342835475115533,0.17666666666666667,53,1.325,6,40,HILCodec_3kbps,1188-133604-0000.flac,42
random_loss,0.2,adaptive_quantile_70,dynamic,2,300,91,0.30333333333333334,3.0,3.9099999999999997,30.333333333333336,0.20666666666666667,12,0.1935483870967742,50,0.16666666666666666,1.4898122549057007,1.4898122549057007,2.5304133892059326,0.8049249090028225,0.6963775230227123,2.2944274200903196,0.16666666666666666,50,1.25,4,40,HILCodec_3kbps,1188-133604-0000.flac,123
random_loss,0.2,all_duplicate,all_duplicate,1,300,300,1.0,3.0,6.0,100.0,0.24,50,0.6944444444444444,22,0.07333333333333333,2.016875743865967,2.016875743865967,2.9162521362304688,0.8273613129276921,0.7396542965224543,4.458580309778193,0.07333333333333333,22,1.375,5,16,HILCodec_3kbps,1188-133604-0000.flac,42
random_loss,0.2,all_duplicate,all_duplicate,1,300,300,1.0,3.0,6.0,100.0,0.20666666666666667,46,0.7419354838709677,16,0.05333333333333334,2.002061367034912,2.002061367034912,3.0552382469177246,0.8379656516681369,0.7470792393428732,5.170326913047891,0.05333333333333334,16,1.3333333333333333,3,12,HILCodec_3kbps,1188-133604-0000.flac,123
random_loss,0.2,all_duplicate,all_duplicate,2,300,300,1.0,3.0,6.0,100.0,0.24,53,0.7361111111111112,19,0.06333333333333334,2.0209028720855713,2.0209028720855713,2.97957444190979,0.8346861402153369,0.7544188679594768,4.391464803425728,0.06333333333333334,19,1.1875,4,16,HILCodec_3kbps,1188-133604-0000.flac,42
random_loss,0.2,all_duplicate,all_duplicate,2,300,300,1.0,3.0,6.0,100.0,0.20666666666666667,46,0.7419354838709677,16,0.05333333333333334,1.9495799541473389,1.9495799541473389,3.0072546005249023,0.8361166990022418,0.7442536971153804,4.886689249402534,0.05333333333333334,16,1.0666666666666667,2,15,HILCodec_3kbps,1188-133604-0000.flac,123
random_loss,0.3,no_duplicate,no_duplicate,1,300,0,0.0,3.0,3.0,0.0,0.32333333333333336,0,0.0,97,0.3233333333333333,1.2269108295440674,1.2269108295440674,1.8768665790557861,0.7054995581034135,0.5943650954040507,-5.196385009860736,0.3233333333333333,97,1.564516129032258,8,62,HILCodec_3kbps,1188-133604-0000.flac,42
random_loss,0.3,no_duplicate,no_duplicate,1,300,0,0.0,3.0,3.0,0.0,0.3433333333333334,0,0.0,103,0.3433333333333333,1.2404311895370483,1.2404311895370483,1.9251863956451416,0.6937792401268645,0.561797615713395,-2.2661118958381725,0.3433333333333333,103,1.5846153846153845,6,65,HILCodec_3kbps,1188-133604-0000.flac,123
random_loss,0.3,no_duplicate,no_duplicate,2,300,0,0.0,3.0,3.0,0.0,0.32333333333333336,0,0.0,97,0.3233333333333333,1.2269108295440674,1.2269108295440674,1.8768665790557861,0.7054995581034135,0.5943650954040507,-5.196385009860736,0.3233333333333333,97,1.564516129032258,8,62,HILCodec_3kbps,1188-133604-0000.flac,42
random_loss,0.3,no_duplicate,no_duplicate,2,300,0,0.0,3.0,3.0,0.0,0.3433333333333334,0,0.0,103,0.3433333333333333,1.2404311895370483,1.2404311895370483,1.9251863956451416,0.6937792401268645,0.561797615713395,-2.2661118958381725,0.3433333333333333,103,1.5846153846153845,6,65,HILCodec_3kbps,1188-133604-0000.flac,123
random_loss,0.3,fixed_0.3,0.3,1,300,55,0.18333333333333332,3.0,3.55,18.333333333333332,0.32333333333333336,13,0.13402061855670103,84,0.28,1.3375862836837769,1.3375862836837769,2.1324374675750732,0.7395413347725863,0.6227872870970609,-2.863952263521462,0.28,84,1.5,8,56,HILCodec_3kbps,1188-133604-0000.flac,42
random_loss,0.3,fixed_0.3,0.3,1,300,55,0.18333333333333332,3.0,3.55,18.333333333333332,0.3433333333333334,12,0.11650485436893204,91,0.30333333333333334,1.2658638954162598,1.2658638954162598,2.027498960494995,0.716507879119382,0.5827498359488988,-1.697883715509593,0.30333333333333334,91,1.5964912280701755,6,57,HILCodec_3kbps,1188-133604-0000.flac,123
random_loss,0.3,fixed_0.3,0.3,2,300,55,0.18333333333333332,3.0,3.55,18.333333333333332,0.32333333333333336,12,0.12371134020618557,85,0.2833333333333333,1.2362874746322632,1.2362874746322632,1.9316080808639526,0.733141142882911,0.6161491693323844,-4.37693921290959,0.2833333333333333,85,1.4912280701754386,8,57,HILCodec_3kbps,1188-133604-0000.flac,42
random_loss,0.3,fixed_0.3,0.3,2,300,55,0.18333333333333332,3.0,3.55,18.333333333333332,0.3433333333333334,12,0.11650485436893204,91,0.30333333333333334,1.271188735961914,1.271188735961914,2.0981836318969727,0.7232704920398532,0.5881583281801198,-1.750457900404303,0.30333333333333334,91,1.5166666666666666,6,60,HILCodec_3kbps,1188-133604-0000.flac,123
random_loss,0.3,fixed_0.5,0.5,1,300,19,0.06333333333333334,3.0,3.1899999999999995,6.333333333333334,0.32333333333333336,2,0.020618556701030927,95,0.31666666666666665,1.2526655197143555,1.2526655197143555,1.939293622970581,0.7084297908814805,0.599084765694448,-5.108376673118467,0.31666666666666665,95,1.5833333333333333,8,60,HILCodec_3kbps,1188-133604-0000.flac,42
random_loss,0.3,fixed_0.5,0.5,1,300,19,0.06333333333333334,3.0,3.1899999999999995,6.333333333333334,0.3433333333333334,4,0.038834951456310676,99,0.33,1.255744457244873,1.255744457244873,2.039579153060913,0.7008836911029629,0.5637933686150051,-2.1322510350154995,0.33,99,1.596774193548387,6,62,HILCodec_3kbps,1188-133604-0000.flac,123
random_loss,0.3,fixed_0.5,0.5,2,300,19,0.06333333333333334,3.0,3.1899999999999995,6.333333333333334,0.32333333333333336,3,0.030927835051546393,94,0.31333333333333335,1.2307913303375244,1.2307913303375244,1.879260540008545,0.7144063775162216,0.5957294341847456,-5.195404216212218,0.31333333333333335,94,1.540983606557377,8,61,HILCodec_3kbps,1188-133604-0000.flac,42
random_loss,0.3,fixed_0.5,0.5,2,300,19,0.06333333333333334,3.0,3.1899999999999995,6.333333333333334,0.3433333333333334,4,0.038834951456310676,99,0.33,1.2552632093429565,1.2552632093429565,2.035625696182251,0.7018523071575046,0.5670869321379358,-2.124297355111066,0.33,99,1.5714285714285714,6,63,HILCodec_3kbps,1188-133604-0000.flac,123
random_loss,0.3,fixed_0.7,0.7,1,300,0,0.0,3.0,3.0,0.0,0.32333333333333336,0,0.0,97,0.3233333333333333,1.2269108295440674,1.2269108295440674,1.8768665790557861,0.7054995581034135,0.5943650954040507,-5.196385009860736,0.3233333333333333,97,1.564516129032258,8,62,HILCodec_3kbps,1188-133604-0000.flac,42
random_loss,0.3,fixed_0.7,0.7,1,300,0,0.0,3.0,3.0,0.0,0.3433333333333334,0,0.0,103,0.3433333333333333,1.2404311895370483,1.2404311895370483,1.9251863956451416,0.6937792401268645,0.561797615713395,-2.2661118958381725,0.3433333333333333,103,1.5846153846153845,6,65,HILCodec_3kbps,1188-133604-0000.flac,123
random_loss,0.3,fixed_0.7,0.7,2,300,0,0.0,3.0,3.0,0.0,0.32333333333333336,0,0.0,97,0.3233333333333333,1.2269108295440674,1.2269108295440674,1.8768665790557861,0.7054995581034135,0.5943650954040507,-5.196385009860736,0.3233333333333333,97,1.564516129032258,8,62,HILCodec_3kbps,1188-133604-0000.flac,42
random_loss,0.3,fixed_0.7,0.7,2,300,0,0.0,3.0,3.0,0.0,0.3433333333333334,0,0.0,103,0.3433333333333333,1.2404311895370483,1.2404311895370483,1.9251863956451416,0.6937792401268645,0.561797615713395,-2.2661118958381725,0.3433333333333333,103,1.5846153846153845,6,65,HILCodec_3kbps,1188-133604-0000.flac,123
random_loss,0.3,adaptive_mean_std,dynamic,1,300,45,0.15,3.0,3.4499999999999997,15.0,0.32333333333333336,10,0.10309278350515463,87,0.29,1.3004858493804932,1.3004858493804932,2.002760410308838,0.7335555369818805,0.6157973049326402,-4.135573959448352,0.29,87,1.5535714285714286,8,56,HILCodec_3kbps,1188-133604-0000.flac,42
random_loss,0.3,adaptive_mean_std,dynamic,1,300,45,0.15,3.0,3.4499999999999997,15.0,0.3433333333333334,9,0.08737864077669903,94,0.31333333333333335,1.2606722116470337,1.2606722116470337,2.0099799633026123,0.7083295009523465,0.5752344962621508,-2.1476529618875158,0.31333333333333335,94,1.5932203389830508,6,59,HILCodec_3kbps,1188-133604-0000.flac,123
random_loss,0.3,adaptive_mean_std,dynamic,2,300,45,0.15,3.0,3.4499999999999997,15.0,0.32333333333333336,10,0.10309278350515463,87,0.29,1.2353246212005615,1.2353246212005615,1.8949253559112549,0.729407302728428,0.6102759287062539,-5.167059617287478,0.29,87,1.5263157894736843,8,57,HILCodec_3kbps,1188-133604-0000.flac,42
random_loss,0.3,adaptive_mean_std,dynamic,2,300,45,0.15,3.0,3.4499999999999997,15.0,0.3433333333333334,10,0.0970873786407767,93,0.31,1.2600982189178467,1.2600982189178467,2.0741312503814697,0.7162305968511723,0.5828465762750568,-2.1272405736995665,0.31,93,1.5245901639344261,6,61,HILCodec_3kbps,1188-133604-0000.flac,123
random_loss,0.3,adaptive_quantile_70,dynamic,1,300,91,0.30333333333333334,3.0,3.9099999999999997,30.333333333333336,0.32333333333333336,24,0.24742268041237114,73,0.24333333333333335,1.499316930770874,1.499316930770874,2.460524082183838,0.7643659278424838,0.6565463756769571,-0.12863513671813198,0.24333333333333335,73,1.5208333333333333,8,48,HILCodec_3kbps,1188-133604-0000.flac,42
random_loss,0.3,adaptive_quantile_70,dynamic,1,300,91,0.30333333333333334,3.0,3.9099999999999997,30.333333333333336,0.3433333333333334,15,0.14563106796116504,88,0.29333333333333333,1.2866508960723877,1.2866508960723877,2.134458541870117,0.7335182485406498,0.6035890989916428,-1.3889676796291162,0.29333333333333333,88,1.5714285714285714,6,56,HILCodec_3kbps,1188-133604-0000.flac,123
random_loss,0.3,adaptive_quantile_70,dynamic,2,300,91,0.30333333333333334,3.0,3.9099999999999997,30.333333333333336,0.32333333333333336,22,0.2268041237113402,75,0.25,1.3059449195861816,1.3059449195861816,2.0433402061462402,0.7575759895090844,0.6542029645148927,-1.6727065450566878,0.25,75,1.4150943396226414,8,53,HILCodec_3kbps,1188-133604-0000.flac,42
random_loss,0.3,adaptive_quantile_70,dynamic,2,300,91,0.30333333333333334,3.0,3.9099999999999997,30.333333333333336,0.3433333333333334,15,0.14563106796116504,88,0.29333333333333333,1.3080037832260132,1.3080037832260132,2.1415536403656006,0.7411267402792739,0.6103731419582887,-1.240399702837174,0.29333333333333333,88,1.5172413793103448,6,58,HILCodec_3kbps,1188-133604-0000.flac,123
random_loss,0.3,all_duplicate,all_duplicate,1,300,300,1.0,3.0,6.0,100.0,0.32333333333333336,62,0.6391752577319587,35,0.11666666666666667,1.8146092891693115,1.8146092891693115,2.740171432495117,0.8128994355240854,0.7220226887062483,1.2743326754541282,0.11666666666666667,35,1.6666666666666667,7,21,HILCodec_3kbps,1188-133604-0000.flac,42
random_loss,0.3,all_duplicate,all_duplicate,1,300,300,1.0,3.0,6.0,100.0,0.3433333333333334,65,0.6310679611650486,38,0.12666666666666668,1.6116960048675537,1.6116960048675537,2.6319453716278076,0.8112881042047821,0.7027639414332191,2.7451436472232595,0.12666666666666668,38,1.52,5,25,HILCodec_3kbps,1188-133604-0000.flac,123
random_loss,0.3,all_duplicate,all_duplicate,2,300,300,1.0,3.0,6.0,100.0,0.32333333333333336,61,0.6288659793814433,36,0.12,1.5192975997924805,1.5192975997924805,2.4024622440338135,0.8050483305245008,0.7174234288370889,0.9633223807161995,0.12,36,1.2857142857142858,6,28,HILCodec_3kbps,1188-133604-0000.flac,42
random_loss,0.3,all_duplicate,all_duplicate,2,300,300,1.0,3.0,6.0,100.0,0.3433333333333334,65,0.6310679611650486,38,0.12666666666666668,1.5751867294311523,1.5751867294311523,2.665876865386963,0.8036869785474898,0.7055924052640412,2.4627680064415856,0.12666666666666668,38,1.1875,4,32,HILCodec_3kbps,1188-133604-0000.flac,123
random_loss,0.4,no_duplicate,no_duplicate,1,300,0,0.0,3.0,3.0,0.0,0.41000000000000003,0,0.0,123,0.41,1.1946098804473877,1.1946098804473877,1.786508321762085,0.682184433750074,0.5527172305205941,-6.50768103783199,0.41,123,1.662162162162162,8,74,HILCodec_3kbps,1188-133604-0000.flac,42
random_loss,0.4,no_duplicate,no_duplicate,1,300,0,0.0,3.0,3.0,0.0,0.42333333333333334,0,0.0,127,0.42333333333333334,1.1770732402801514,1.1770732402801514,1.6792255640029907,0.631263738934531,0.49942461446322234,-5.425428334071709,0.42333333333333334,127,1.7887323943661972,6,71,HILCodec_3kbps,1188-133604-0000.flac,123
random_loss,0.4,no_duplicate,no_duplicate,2,300,0,0.0,3.0,3.0,0.0,0.41000000000000003,0,0.0,123,0.41,1.1946098804473877,1.1946098804473877,1.786508321762085,0.682184433750074,0.5527172305205941,-6.50768103783199,0.41,123,1.662162162162162,8,74,HILCodec_3kbps,1188-133604-0000.flac,42
random_loss,0.4,no_duplicate,no_duplicate,2,300,0,0.0,3.0,3.0,0.0,0.42333333333333334,0,0.0,127,0.42333333333333334,1.1770732402801514,1.1770732402801514,1.6792255640029907,0.631263738934531,0.4994246144632222,-5.425428334071709,0.42333333333333334,127,1.7887323943661972,6,71,HILCodec_3kbps,1188-133604-0000.flac,123
random_loss,0.4,fixed_0.3,0.3,1,300,55,0.18333333333333332,3.0,3.55,18.333333333333332,0.41000000000000003,13,0.10569105691056911,110,0.36666666666666664,1.2644236087799072,1.2644236087799072,1.991119146347046,0.7112101010020537,0.5777777790734999,-5.104356790182763,0.36666666666666664,110,1.5492957746478873,8,71,HILCodec_3kbps,1188-133604-0000.flac,42
random_loss,0.4,fixed_0.3,0.3,1,300,55,0.18333333333333332,3.0,3.55,18.333333333333332,0.42333333333333334,15,0.11811023622047244,112,0.37333333333333335,1.2071876525878906,1.2071876525878906,1.7970614433288574,0.6684395234236334,0.5300445700859995,-4.800946288900975,0.37333333333333335,112,1.8064516129032258,6,62,HILCodec_3kbps,1188-133604-0000.flac,123
random_loss,0.4,fixed_0.3,0.3,2,300,55,0.18333333333333332,3.0,3.55,18.333333333333332,0.41000000000000003,13,0.10569105691056911,110,0.36666666666666664,1.2085288763046265,1.2085288763046265,1.858022928237915,0.708856006195126,0.5741961225115575,-5.936741984187566,0.36666666666666664,110,1.5714285714285714,8,70,HILCodec_3kbps,1188-133604-0000.flac,42
random_loss,0.4,fixed_0.3,0.3,2,300,55,0.18333333333333332,3.0,3.55,18.333333333333332,0.42333333333333334,12,0.09448818897637795,115,0.38333333333333336,1.1764590740203857,1.1764590740203857,1.7420907020568848,0.6640529761798218,0.5283788683567483,-4.852630813557582,0.38333333333333336,115,1.6911764705882353,6,68,HILCodec_3kbps,1188-133604-0000.flac,123
random_loss,0.4,fixed_0.5,0.5,1,300,19,0.06333333333333334,3.0,3.1899999999999995,6.333333333333334,0.41000000000000003,2,0.016260162601626018,121,0.4033333333333333,1.2098928689956665,1.2098928689956665,1.8365380764007568,0.6850264796708181,0.5573745337608719,-6.413202679333087,0.4033333333333333,121,1.6805555555555556,8,72,HILCodec_3kbps,1188-133604-0000.flac,42
random_loss,0.4,fixed_0.5,0.5,1,300,19,0.06333333333333334,3.0,3.1899999999999995,6.333333333333334,0.42333333333333334,7,0.05511811023622047,120,0.4,1.191819667816162,1.191819667816162,1.7605371475219727,0.6561931031015306,0.5139342029951798,-5.242106257391241,0.4,120,1.791044776119403,6,67,HILCodec_3kbps,1188-133604-0000.flac,123
random_loss,0.4,fixed_0.5,0.5,2,300,19,0.06333333333333334,3.0,3.1899999999999995,6.333333333333334,0.41000000000000003,3,0.024390243902439025,120,0.4,1.1980409622192383,1.1980409622192383,1.78704035282135,0.6912302973749644,0.5549710056384196,-6.506750312006409,0.4,120,1.643835616438356,8,73,HILCodec_3kbps,1188-133604-0000.flac,42
random_loss,0.4,fixed_0.5,0.5,2,300,19,0.06333333333333334,3.0,3.1899999999999995,6.333333333333334,0.42333333333333334,4,0.031496062992125984,123,0.41,1.1687631607055664,1.1687631607055664,1.7117152214050293,0.646445444535852,0.5105848636930812,-5.25550703035079,0.41,123,1.7826086956521738,6,69,HILCodec_3kbps,1188-133604-0000.flac,123
random_loss,0.4,fixed_0.7,0.7,1,300,0,0.0,3.0,3.0,0.0,0.41000000000000003,0,0.0,123,0.41,1.1946098804473877,1.1946098804473877,1.786508321762085,0.682184433750074,0.5527172305205941,-6.50768103783199,0.41,123,1.662162162162162,8,74,HILCodec_3kbps,1188-133604-0000.flac,42
random_loss,0.4,fixed_0.7,0.7,1,300,0,0.0,3.0,3.0,0.0,0.42333333333333334,0,0.0,127,0.42333333333333334,1.1770732402801514,1.1770732402801514,1.6792255640029907,0.631263738934531,0.4994246144632222,-5.425428334071709,0.42333333333333334,127,1.7887323943661972,6,71,HILCodec_3kbps,1188-133604-0000.flac,123
random_loss,0.4,fixed_0.7,0.7,2,300,0,0.0,3.0,3.0,0.0,0.41000000000000003,0,0.0,123,0.41,1.1946098804473877,1.1946098804473877,1.786508321762085,0.682184433750074,0.5527172305205941,-6.50768103783199,0.41,123,1.662162162162162,8,74,HILCodec_3kbps,1188-133604-0000.flac,42
random_loss,0.4,fixed_0.7,0.7,2,300,0,0.0,3.0,3.0,0.0,0.42333333333333334,0,0.0,127,0.42333333333333334,1.1770732402801514,1.1770732402801514,1.6792255640029907,0.631263738934531,0.4994246144632222,-5.425428334071709,0.42333333333333334,127,1.7887323943661972,6,71,HILCodec_3kbps,1188-133604-0000.flac,123
random_loss,0.4,adaptive_mean_std,dynamic,1,300,45,0.15,3.0,3.4499999999999997,15.0,0.41000000000000003,10,0.08130081300813008,113,0.37666666666666665,1.2298022508621216,1.2298022508621216,1.8838210105895996,0.70470330165863,0.5700831807817581,-6.501977259387415,0.37666666666666665,113,1.591549295774648,8,71,HILCodec_3kbps,1188-133604-0000.flac,42
random_loss,0.4,adaptive_mean_std,dynamic,1,300,45,0.15,3.0,3.4499999999999997,15.0,0.42333333333333334,12,0.09448818897637795,115,0.38333333333333336,1.201810598373413,1.201810598373413,1.7881138324737549,0.6632517040360322,0.5250726183303035,-5.318971585977948,0.38333333333333336,115,1.796875,6,64,HILCodec_3kbps,1188-133604-0000.flac,123
random_loss,0.4,adaptive_mean_std,dynamic,2,300,45,0.15,3.0,3.4499999999999997,15.0,0.41000000000000003,11,0.08943089430894309,112,0.37333333333333335,1.2036933898925781,1.2036933898925781,1.8344871997833252,0.7051917996220151,0.568679693166538,-6.723469979178777,0.37333333333333335,112,1.6,8,70,HILCodec_3kbps,1188-133604-0000.flac,42
random_loss,0.4,adaptive_mean_std,dynamic,2,300,45,0.15,3.0,3.4499999999999997,15.0,0.42333333333333334,10,0.07874015748031496,117,0.39,1.1730903387069702,1.1730903387069702,1.7322821617126465,0.6594520756477676,0.5252085564274223,-5.276278505961038,0.39,117,1.6956521739130435,6,69,HILCodec_3kbps,1188-133604-0000.flac,123
random_loss,0.4,adaptive_quantile_70,dynamic,1,300,91,0.30333333333333334,3.0,3.9099999999999997,30.333333333333336,0.41000000000000003,25,0.2032520325203252,98,0.32666666666666666,1.3357493877410889,1.3357493877410889,2.2030186653137207,0.737303031870449,0.6090779308189372,-2.2104201973130455,0.32666666666666666,98,1.5555555555555556,8,63,HILCodec_3kbps,1188-133604-0000.flac,42
random_loss,0.4,adaptive_quantile_70,dynamic,1,300,91,0.30333333333333334,3.0,3.9099999999999997,30.333333333333336,0.42333333333333334,21,0.16535433070866143,106,0.35333333333333333,1.2589595317840576,1.2589595317840576,1.942732572555542,0.7015129116221974,0.5654604884534028,-3.4839852812266843,0.35333333333333333,106,1.7377049180327868,6,61,HILCodec_3kbps,1188-133604-0000.flac,123
random_loss,0.4,adaptive_quantile_70,dynamic,2,300,91,0.30333333333333334,3.0,3.9099999999999997,30.333333333333336,0.41000000000000003,25,0.2032520325203252,98,0.32666666666666666,1.2435842752456665,1.2435842752456665,1.953672170639038,0.7374890204052428,0.6191311564930458,-2.9297562898733966,0.32666666666666666,98,1.4848484848484849,8,66,HILCodec_3kbps,1188-133604-0000.flac,42
random_loss,0.4,adaptive_quantile_70,dynamic,2,300,91,0.30333333333333334,3.0,3.9099999999999997,30.333333333333336,0.42333333333333334,18,0.14173228346456693,109,0.36333333333333334,1.2353730201721191,1.2353730201721191,1.8972809314727783,0.6968557652055707,0.5572940514502809,-3.3154031352147073,0.36333333333333334,109,1.626865671641791,6,67,HILCodec_3kbps,1188-133604-0000.flac,123
random_loss,0.4,all_duplicate,all_duplicate,1,300,300,1.0,3.0,6.0,100.0,0.41000000000000003,74,0.6016260162601627,49,0.16333333333333333,1.5690970420837402,1.5690970420837402,2.511934280395508,0.7984918033896102,0.6956071020331456,-0.004718941710019676,0.16333333333333333,49,1.4848484848484849,7,33,HILCodec_3kbps,1188-133604-0000.flac,42
random_loss,0.4,all_duplicate,all_duplicate,1,300,300,1.0,3.0,6.0,100.0,0.42333333333333334,71,0.5590551181102362,56,0.18666666666666668,1.4302023649215698,1.4302023649215698,2.2472362518310547,0.7795309976847975,0.6582971780391207,0.06357593499294267,0.18666666666666668,56,1.75,5,32,HILCodec_3kbps,1188-133604-0000.flac,123
random_loss,0.4,all_duplicate,all_duplicate,2,300,300,1.0,3.0,6.0,100.0,0.41000000000000003,74,0.6016260162601627,49,0.16333333333333333,1.4024103879928589,1.4024103879928589,2.2262396812438965,0.79265113284904,0.699017399137705,-0.165614650150405,0.16333333333333333,49,1.1951219512195121,6,41,HILCodec_3kbps,1188-133604-0000.flac,42
random_loss,0.4,all_duplicate,all_duplicate,2,300,300,1.0,3.0,6.0,100.0,0.42333333333333334,73,0.5748031496062992,54,0.18,1.4034470319747925,1.4034470319747925,2.3509128093719482,0.771226994729745,0.6714724768281316,0.7198657099758659,0.18,54,1.255813953488372,4,43,HILCodec_3kbps,1188-133604-0000.flac,123
random_loss,0.0,no_duplicate,no_duplicate,1,300,0,0.0,3.0,3.0,0.0,0.0,0,0.0,0,0.0,3.137563467025757,3.137563467025757,3.6158576011657715,0.9358706166202369,0.8994951942423252,1.8119962527441305,0.0,0,0.0,0,0,HILCodec_3kbps,121-121726-0000.flac,42
random_loss,0.0,no_duplicate,no_duplicate,1,300,0,0.0,3.0,3.0,0.0,0.0,0,0.0,0,0.0,3.137563467025757,3.137563467025757,3.6158576011657715,0.9358706166202369,0.8994951942423253,1.8119962527441305,0.0,0,0.0,0,0,HILCodec_3kbps,121-121726-0000.flac,123
random_loss,0.0,no_duplicate,no_duplicate,2,300,0,0.0,3.0,3.0,0.0,0.0,0,0.0,0,0.0,3.137563467025757,3.137563467025757,3.6158576011657715,0.9358706166202369,0.8994951942423252,1.8119962527441305,0.0,0,0.0,0,0,HILCodec_3kbps,121-121726-0000.flac,42
random_loss,0.0,no_duplicate,no_duplicate,2,300,0,0.0,3.0,3.0,0.0,0.0,0,0.0,0,0.0,3.137563467025757,3.137563467025757,3.6158576011657715,0.9358706166202369,0.8994951942423253,1.8119962527441305,0.0,0,0.0,0,0,HILCodec_3kbps,121-121726-0000.flac,123
random_loss,0.0,fixed_0.3,0.3,1,300,31,0.10333333333333333,3.0,3.3099999999999996,10.333333333333334,0.0,0,0.0,0,0.0,3.137563467025757,3.137563467025757,3.6158576011657715,0.9358706166202369,0.8994951942423252,1.8119962527441305,0.0,0,0.0,0,0,HILCodec_3kbps,121-121726-0000.flac,42
random_loss,0.0,fixed_0.3,0.3,1,300,31,0.10333333333333333,3.0,3.3099999999999996,10.333333333333334,0.0,0,0.0,0,0.0,3.137563467025757,3.137563467025757,3.6158576011657715,0.9358706166202369,0.8994951942423252,1.8119962527441305,0.0,0,0.0,0,0,HILCodec_3kbps,121-121726-0000.flac,123
random_loss,0.0,fixed_0.3,0.3,2,300,31,0.10333333333333333,3.0,3.3099999999999996,10.333333333333334,0.0,0,0.0,0,0.0,3.137563467025757,3.137563467025757,3.6158576011657715,0.9358706166202369,0.8994951942423252,1.8119962527441305,0.0,0,0.0,0,0,HILCodec_3kbps,121-121726-0000.flac,42
random_loss,0.0,fixed_0.3,0.3,2,300,31,0.10333333333333333,3.0,3.3099999999999996,10.333333333333334,0.0,0,0.0,0,0.0,3.137563467025757,3.137563467025757,3.6158576011657715,0.9358706166202369,0.8994951942423253,1.8119962527441305,0.0,0,0.0,0,0,HILCodec_3kbps,121-121726-0000.flac,123
random_loss,0.0,fixed_0.5,0.5,1,300,11,0.03666666666666667,3.0,3.11,3.6666666666666665,0.0,0,0.0,0,0.0,3.137563467025757,3.137563467025757,3.6158576011657715,0.9358706166202369,0.8994951942423253,1.8119962527441305,0.0,0,0.0,0,0,HILCodec_3kbps,121-121726-0000.flac,42
random_loss,0.0,fixed_0.5,0.5,1,300,11,0.03666666666666667,3.0,3.11,3.6666666666666665,0.0,0,0.0,0,0.0,3.137563467025757,3.137563467025757,3.6158576011657715,0.9358706166202369,0.8994951942423253,1.8119962527441305,0.0,0,0.0,0,0,HILCodec_3kbps,121-121726-0000.flac,123
random_loss,0.0,fixed_0.5,0.5,2,300,11,0.03666666666666667,3.0,3.11,3.6666666666666665,0.0,0,0.0,0,0.0,3.137563467025757,3.137563467025757,3.6158576011657715,0.9358706166202369,0.8994951942423253,1.8119962527441305,0.0,0,0.0,0,0,HILCodec_3kbps,121-121726-0000.flac,42
random_loss,0.0,fixed_0.5,0.5,2,300,11,0.03666666666666667,3.0,3.11,3.6666666666666665,0.0,0,0.0,0,0.0,3.137563467025757,3.137563467025757,3.6158576011657715,0.9358706166202369,0.8994951942423253,1.8119962527441305,0.0,0,0.0,0,0,HILCodec_3kbps,121-121726-0000.flac,123
random_loss,0.0,fixed_0.7,0.7,1,300,1,0.0033333333333333335,3.0,3.0100000000000002,0.33333333333333337,0.0,0,0.0,0,0.0,3.137563467025757,3.137563467025757,3.6158576011657715,0.9358706166202369,0.8994951942423252,1.8119962527441305,0.0,0,0.0,0,0,HILCodec_3kbps,121-121726-0000.flac,42
random_loss,0.0,fixed_0.7,0.7,1,300,1,0.0033333333333333335,3.0,3.0100000000000002,0.33333333333333337,0.0,0,0.0,0,0.0,3.137563467025757,3.137563467025757,3.6158576011657715,0.9358706166202369,0.8994951942423253,1.8119962527441305,0.0,0,0.0,0,0,HILCodec_3kbps,121-121726-0000.flac,123
random_loss,0.0,fixed_0.7,0.7,2,300,1,0.0033333333333333335,3.0,3.0100000000000002,0.33333333333333337,0.0,0,0.0,0,0.0,3.137563467025757,3.137563467025757,3.6158576011657715,0.9358706166202369,0.8994951942423253,1.8119962527441305,0.0,0,0.0,0,0,HILCodec_3kbps,121-121726-0000.flac,42
random_loss,0.0,fixed_0.7,0.7,2,300,1,0.0033333333333333335,3.0,3.0100000000000002,0.33333333333333337,0.0,0,0.0,0,0.0,3.137563467025757,3.137563467025757,3.6158576011657715,0.9358706166202369,0.8994951942423252,1.8119962527441305,0.0,0,0.0,0,0,HILCodec_3kbps,121-121726-0000.flac,123
random_loss,0.0,adaptive_mean_std,dynamic,1,300,33,0.11,3.0,3.33,11.0,0.0,0,0.0,0,0.0,3.137563467025757,3.137563467025757,3.6158576011657715,0.9358706166202369,0.8994951942423252,1.8119962527441305,0.0,0,0.0,0,0,HILCodec_3kbps,121-121726-0000.flac,42
random_loss,0.0,adaptive_mean_std,dynamic,1,300,33,0.11,3.0,3.33,11.0,0.0,0,0.0,0,0.0,3.137563467025757,3.137563467025757,3.6158576011657715,0.9358706166202369,0.8994951942423252,1.8119962527441305,0.0,0,0.0,0,0,HILCodec_3kbps,121-121726-0000.flac,123
random_loss,0.0,adaptive_mean_std,dynamic,2,300,33,0.11,3.0,3.33,11.0,0.0,0,0.0,0,0.0,3.137563467025757,3.137563467025757,3.6158576011657715,0.9358706166202369,0.8994951942423253,1.8119962527441305,0.0,0,0.0,0,0,HILCodec_3kbps,121-121726-0000.flac,42
random_loss,0.0,adaptive_mean_std,dynamic,2,300,33,0.11,3.0,3.33,11.0,0.0,0,0.0,0,0.0,3.137563467025757,3.137563467025757,3.6158576011657715,0.9358706166202369,0.8994951942423253,1.8119962527441305,0.0,0,0.0,0,0,HILCodec_3kbps,121-121726-0000.flac,123
random_loss,0.0,adaptive_quantile_70,dynamic,1,300,98,0.32666666666666666,3.0,3.98,32.666666666666664,0.0,0,0.0,0,0.0,3.137563467025757,3.137563467025757,3.6158576011657715,0.9358706166202369,0.8994951942423252,1.8119962527441305,0.0,0,0.0,0,0,HILCodec_3kbps,121-121726-0000.flac,42
random_loss,0.0,adaptive_quantile_70,dynamic,1,300,98,0.32666666666666666,3.0,3.98,32.666666666666664,0.0,0,0.0,0,0.0,3.137563467025757,3.137563467025757,3.6158576011657715,0.9358706166202369,0.8994951942423252,1.8119962527441305,0.0,0,0.0,0,0,HILCodec_3kbps,121-121726-0000.flac,123
random_loss,0.0,adaptive_quantile_70,dynamic,2,300,98,0.32666666666666666,3.0,3.98,32.666666666666664,0.0,0,0.0,0,0.0,3.137563467025757,3.137563467025757,3.6158576011657715,0.9358706166202369,0.8994951942423252,1.8119962527441305,0.0,0,0.0,0,0,HILCodec_3kbps,121-121726-0000.flac,42
random_loss,0.0,adaptive_quantile_70,dynamic,2,300,98,0.32666666666666666,3.0,3.98,32.666666666666664,0.0,0,0.0,0,0.0,3.137563467025757,3.137563467025757,3.6158576011657715,0.9358706166202369,0.8994951942423253,1.8119962527441305,0.0,0,0.0,0,0,HILCodec_3kbps,121-121726-0000.flac,123
random_loss,0.0,all_duplicate,all_duplicate,1,300,300,1.0,3.0,6.0,100.0,0.0,0,0.0,0,0.0,3.137563467025757,3.137563467025757,3.6158576011657715,0.9358706166202369,0.8994951942423252,1.8119962527441305,0.0,0,0.0,0,0,HILCodec_3kbps,121-121726-0000.flac,42
random_loss,0.0,all_duplicate,all_duplicate,1,300,300,1.0,3.0,6.0,100.0,0.0,0,0.0,0,0.0,3.137563467025757,3.137563467025757,3.6158576011657715,0.9358706166202369,0.8994951942423253,1.8119962527441305,0.0,0,0.0,0,0,HILCodec_3kbps,121-121726-0000.flac,123
random_loss,0.0,all_duplicate,all_duplicate,2,300,300,1.0,3.0,6.0,100.0,0.0,0,0.0,0,0.0,3.137563467025757,3.137563467025757,3.6158576011657715,0.9358706166202369,0.8994951942423252,1.8119962527441305,0.0,0,0.0,0,0,HILCodec_3kbps,121-121726-0000.flac,42
random_loss,0.0,all_duplicate,all_duplicate,2,300,300,1.0,3.0,6.0,100.0,0.0,0,0.0,0,0.0,3.137563467025757,3.137563467025757,3.6158576011657715,0.9358706166202369,0.8994951942423253,1.8119962527441305,0.0,0,0.0,0,0,HILCodec_3kbps,121-121726-0000.flac,123
random_loss,0.01,no_duplicate,no_duplicate,1,300,0,0.0,3.0,3.0,0.0,0.0033333333333332993,0,0.0,1,0.0033333333333333335,3.1100645065307617,3.1100645065307617,3.5790488719940186,0.9348004404112832,0.8980987317824153,1.663284928825337,0.0033333333333333335,1,1.0,1,1,HILCodec_3kbps,121-121726-0000.flac,42
random_loss,0.01,no_duplicate,no_duplicate,1,300,0,0.0,3.0,3.0,0.0,0.013333333333333308,0,0.0,4,0.013333333333333334,2.9316799640655518,2.9316799640655518,3.5101449489593506,0.9330618496759168,0.8937706270438257,1.648723423025983,0.013333333333333334,4,1.0,1,4,HILCodec_3kbps,121-121726-0000.flac,123
random_loss,0.01,no_duplicate,no_duplicate,2,300,0,0.0,3.0,3.0,0.0,0.0033333333333332993,0,0.0,1,0.0033333333333333335,3.1100645065307617,3.1100645065307617,3.5790488719940186,0.9348004404112832,0.8980987317824153,1.663284928825337,0.0033333333333333335,1,1.0,1,1,HILCodec_3kbps,121-121726-0000.flac,42
random_loss,0.01,no_duplicate,no_duplicate,2,300,0,0.0,3.0,3.0,0.0,0.013333333333333308,0,0.0,4,0.013333333333333334,2.9316799640655518,2.9316799640655518,3.5101449489593506,0.9330618496759168,0.8937706270438257,1.648723423025983,0.013333333333333334,4,1.0,1,4,HILCodec_3kbps,121-121726-0000.flac,123
random_loss,0.01,fixed_0.3,0.3,1,300,31,0.10333333333333333,3.0,3.3099999999999996,10.333333333333334,0.0033333333333332993,0,0.0,1,0.0033333333333333335,3.1100645065307617,3.1100645065307617,3.5790488719940186,0.9348004404112832,0.8980987317824152,1.663284928825337,0.0033333333333333335,1,1.0,1,1,HILCodec_3kbps,121-121726-0000.flac,42
random_loss,0.01,fixed_0.3,0.3,1,300,31,0.10333333333333333,3.0,3.3099999999999996,10.333333333333334,0.013333333333333308,0,0.0,4,0.013333333333333334,2.9316799640655518,2.9316799640655518,3.5101449489593506,0.9330618496759168,0.8937706270438257,1.648723423025983,0.013333333333333334,4,1.0,1,4,HILCodec_3kbps,121-121726-0000.flac,123
random_loss,0.01,fixed_0.3,0.3,2,300,31,0.10333333333333333,3.0,3.3099999999999996,10.333333333333334,0.0033333333333332993,0,0.0,1,0.0033333333333333335,3.1100645065307617,3.1100645065307617,3.5790488719940186,0.9348004404112832,0.8980987317824153,1.663284928825337,0.0033333333333333335,1,1.0,1,1,HILCodec_3kbps,121-121726-0000.flac,42
random_loss,0.01,fixed_0.3,0.3,2,300,31,0.10333333333333333,3.0,3.3099999999999996,10.333333333333334,0.013333333333333308,0,0.0,4,0.013333333333333334,2.9316799640655518,2.9316799640655518,3.5101449489593506,0.9330618496759168,0.8937706270438257,1.648723423025983,0.013333333333333334,4,1.0,1,4,HILCodec_3kbps,121-121726-0000.flac,123
random_loss,0.01,fixed_0.5,0.5,1,300,11,0.03666666666666667,3.0,3.11,3.6666666666666665,0.0033333333333332993,0,0.0,1,0.0033333333333333335,3.1100645065307617,3.1100645065307617,3.5790488719940186,0.9348004404112832,0.8980987317824153,1.663284928825337,0.0033333333333333335,1,1.0,1,1,HILCodec_3kbps,121-121726-0000.flac,42
random_loss,0.01,fixed_0.5,0.5,1,300,11,0.03666666666666667,3.0,3.11,3.6666666666666665,0.013333333333333308,0,0.0,4,0.013333333333333334,2.9316799640655518,2.9316799640655518,3.5101449489593506,0.9330618496759168,0.8937706270438257,1.648723423025983,0.013333333333333334,4,1.0,1,4,HILCodec_3kbps,121-121726-0000.flac,123
random_loss,0.01,fixed_0.5,0.5,2,300,11,0.03666666666666667,3.0,3.11,3.6666666666666665,0.0033333333333332993,0,0.0,1,0.0033333333333333335,3.1100645065307617,3.1100645065307617,3.5790488719940186,0.9348004404112832,0.8980987317824153,1.663284928825337,0.0033333333333333335,1,1.0,1,1,HILCodec_3kbps,121-121726-0000.flac,42
random_loss,0.01,fixed_0.5,0.5,2,300,11,0.03666666666666667,3.0,3.11,3.6666666666666665,0.013333333333333308,0,0.0,4,0.013333333333333334,2.9316799640655518,2.9316799640655518,3.5101449489593506,0.9330618496759168,0.8937706270438257,1.648723423025983,0.013333333333333334,4,1.0,1,4,HILCodec_3kbps,121-121726-0000.flac,123
random_loss,0.01,fixed_0.7,0.7,1,300,1,0.0033333333333333335,3.0,3.0100000000000002,0.33333333333333337,0.0033333333333332993,0,0.0,1,0.0033333333333333335,3.1100645065307617,3.1100645065307617,3.5790488719940186,0.9348004404112832,0.8980987317824153,1.663284928825337,0.0033333333333333335,1,1.0,1,1,HILCodec_3kbps,121-121726-0000.flac,42
random_loss,0.01,fixed_0.7,0.7,1,300,1,0.0033333333333333335,3.0,3.0100000000000002,0.33333333333333337,0.013333333333333308,0,0.0,4,0.013333333333333334,2.9316799640655518,2.9316799640655518,3.5101449489593506,0.9330618496759168,0.8937706270438257,1.648723423025983,0.013333333333333334,4,1.0,1,4,HILCodec_3kbps,121-121726-0000.flac,123
random_loss,0.01,fixed_0.7,0.7,2,300,1,0.0033333333333333335,3.0,3.0100000000000002,0.33333333333333337,0.0033333333333332993,0,0.0,1,0.0033333333333333335,3.1100645065307617,3.1100645065307617,3.5790488719940186,0.9348004404112832,0.8980987317824153,1.663284928825337,0.0033333333333333335,1,1.0,1,1,HILCodec_3kbps,121-121726-0000.flac,42
random_loss,0.01,fixed_0.7,0.7,2,300,1,0.0033333333333333335,3.0,3.0100000000000002,0.33333333333333337,0.013333333333333308,0,0.0,4,0.013333333333333334,2.9316799640655518,2.9316799640655518,3.5101449489593506,0.9330618496759168,0.8937706270438257,1.648723423025983,0.013333333333333334,4,1.0,1,4,HILCodec_3kbps,121-121726-0000.flac,123
random_loss,0.01,adaptive_mean_std,dynamic,1,300,33,0.11,3.0,3.33,11.0,0.0033333333333332993,0,0.0,1,0.0033333333333333335,3.1100645065307617,3.1100645065307617,3.5790488719940186,0.9348004404112832,0.8980987317824152,1.663284928825337,0.0033333333333333335,1,1.0,1,1,HILCodec_3kbps,121-121726-0000.flac,42
random_loss,0.01,adaptive_mean_std,dynamic,1,300,33,0.11,3.0,3.33,11.0,0.013333333333333308,0,0.0,4,0.013333333333333334,2.9316799640655518,2.9316799640655518,3.5101449489593506,0.9330618496759168,0.8937706270438258,1.648723423025983,0.013333333333333334,4,1.0,1,4,HILCodec_3kbps,121-121726-0000.flac,123
random_loss,0.01,adaptive_mean_std,dynamic,2,300,33,0.11,3.0,3.33,11.0,0.0033333333333332993,0,0.0,1,0.0033333333333333335,3.1100645065307617,3.1100645065307617,3.5790488719940186,0.9348004404112832,0.8980987317824153,1.663284928825337,0.0033333333333333335,1,1.0,1,1,HILCodec_3kbps,121-121726-0000.flac,42
random_loss,0.01,adaptive_mean_std,dynamic,2,300,33,0.11,3.0,3.33,11.0,0.013333333333333308,0,0.0,4,0.013333333333333334,2.9316799640655518,2.9316799640655518,3.5101449489593506,0.9330618496759168,0.8937706270438257,1.648723423025983,0.013333333333333334,4,1.0,1,4,HILCodec_3kbps,121-121726-0000.flac,123
random_loss,0.01,adaptive_quantile_70,dynamic,1,300,98,0.32666666666666666,3.0,3.98,32.666666666666664,0.0033333333333332993,0,0.0,1,0.0033333333333333335,3.1100645065307617,3.1100645065307617,3.5790488719940186,0.9348004404112832,0.8980987317824153,1.663284928825337,0.0033333333333333335,1,1.0,1,1,HILCodec_3kbps,121-121726-0000.flac,42
random_loss,0.01,adaptive_quantile_70,dynamic,1,300,98,0.32666666666666666,3.0,3.98,32.666666666666664,0.013333333333333308,0,0.0,4,0.013333333333333334,2.9316799640655518,2.9316799640655518,3.5101449489593506,0.9330618496759168,0.8937706270438257,1.648723423025983,0.013333333333333334,4,1.0,1,4,HILCodec_3kbps,121-121726-0000.flac,123
random_loss,0.01,adaptive_quantile_70,dynamic,2,300,98,0.32666666666666666,3.0,3.98,32.666666666666664,0.0033333333333332993,0,0.0,1,0.0033333333333333335,3.1100645065307617,3.1100645065307617,3.5790488719940186,0.9348004404112832,0.8980987317824153,1.663284928825337,0.0033333333333333335,1,1.0,1,1,HILCodec_3kbps,121-121726-0000.flac,42
random_loss,0.01,adaptive_quantile_70,dynamic,2,300,98,0.32666666666666666,3.0,3.98,32.666666666666664,0.013333333333333308,0,0.0,4,0.013333333333333334,2.9316799640655518,2.9316799640655518,3.5101449489593506,0.9330618496759168,0.8937706270438257,1.648723423025983,0.013333333333333334,4,1.0,1,4,HILCodec_3kbps,121-121726-0000.flac,123
random_loss,0.01,all_duplicate,all_duplicate,1,300,300,1.0,3.0,6.0,100.0,0.0033333333333332993,1,1.0,0,0.0,3.137563467025757,3.137563467025757,3.6158576011657715,0.9358706166202369,0.8994951942423252,1.8119962527441305,0.0,0,0.0,0,0,HILCodec_3kbps,121-121726-0000.flac,42
random_loss,0.01,all_duplicate,all_duplicate,1,300,300,1.0,3.0,6.0,100.0,0.013333333333333308,4,1.0,0,0.0,3.137563467025757,3.137563467025757,3.6158576011657715,0.9358706166202369,0.8994951942423253,1.8119962527441305,0.0,0,0.0,0,0,HILCodec_3kbps,121-121726-0000.flac,123
random_loss,0.01,all_duplicate,all_duplicate,2,300,300,1.0,3.0,6.0,100.0,0.0033333333333332993,1,1.0,0,0.0,3.137563467025757,3.137563467025757,3.6158576011657715,0.9358706166202369,0.8994951942423253,1.8119962527441305,0.0,0,0.0,0,0,HILCodec_3kbps,121-121726-0000.flac,42
random_loss,0.01,all_duplicate,all_duplicate,2,300,300,1.0,3.0,6.0,100.0,0.013333333333333308,4,1.0,0,0.0,3.137563467025757,3.137563467025757,3.6158576011657715,0.9358706166202369,0.8994951942423252,1.8119962527441305,0.0,0,0.0,0,0,HILCodec_3kbps,121-121726-0000.flac,123
random_loss,0.03,no_duplicate,no_duplicate,1,300,0,0.0,3.0,3.0,0.0,0.026666666666666616,0,0.0,8,0.02666666666666667,2.2552711963653564,2.2552711963653564,2.788792610168457,0.9215521302473804,0.8812784312187412,1.1614944147371915,0.02666666666666667,8,1.0,1,8,HILCodec_3kbps,121-121726-0000.flac,42
random_loss,0.03,no_duplicate,no_duplicate,1,300,0,0.0,3.0,3.0,0.0,0.033333333333333326,0,0.0,10,0.03333333333333333,2.3780179023742676,2.3780179023742676,3.0067758560180664,0.9205098920592579,0.8768788162379143,0.4777500906374546,0.03333333333333333,10,1.0,1,10,HILCodec_3kbps,121-121726-0000.flac,123
random_loss,0.03,no_duplicate,no_duplicate,2,300,0,0.0,3.0,3.0,0.0,0.026666666666666616,0,0.0,8,0.02666666666666667,2.2552711963653564,2.2552711963653564,2.788792610168457,0.9215521302473804,0.8812784312187412,1.1614944147371915,0.02666666666666667,8,1.0,1,8,HILCodec_3kbps,121-121726-0000.flac,42
random_loss,0.03,no_duplicate,no_duplicate,2,300,0,0.0,3.0,3.0,0.0,0.033333333333333326,0,0.0,10,0.03333333333333333,2.3780179023742676,2.3780179023742676,3.0067758560180664,0.9205098920592579,0.8768788162379143,0.4777500906374546,0.03333333333333333,10,1.0,1,10,HILCodec_3kbps,121-121726-0000.flac,123
random_loss,0.03,fixed_0.3,0.3,1,300,31,0.10333333333333333,3.0,3.3099999999999996,10.333333333333334,0.026666666666666616,0,0.0,8,0.02666666666666667,2.2552711963653564,2.2552711963653564,2.788792610168457,0.9215521302473804,0.8812784312187412,1.1614944147371915,0.02666666666666667,8,1.0,1,8,HILCodec_3kbps,121-121726-0000.flac,42
random_loss,0.03,fixed_0.3,0.3,1,300,31,0.10333333333333333,3.0,3.3099999999999996,10.333333333333334,0.033333333333333326,1,0.1,9,0.03,2.4890267848968506,2.4890267848968506,3.0706708431243896,0.9247449245415318,0.8813131618909984,0.7596044976009496,0.03,9,1.0,1,9,HILCodec_3kbps,121-121726-0000.flac,123
random_loss,0.03,fixed_0.3,0.3,2,300,31,0.10333333333333333,3.0,3.3099999999999996,10.333333333333334,0.026666666666666616,0,0.0,8,0.02666666666666667,2.2552711963653564,2.2552711963653564,2.788792610168457,0.9215521302473804,0.8812784312187412,1.1614944147371915,0.02666666666666667,8,1.0,1,8,HILCodec_3kbps,121-121726-0000.flac,42
random_loss,0.03,fixed_0.3,0.3,2,300,31,0.10333333333333333,3.0,3.3099999999999996,10.333333333333334,0.033333333333333326,1,0.1,9,0.03,2.4890267848968506,2.4890267848968506,3.0706708431243896,0.9247449245415318,0.8813131618909984,0.7596044976009496,0.03,9,1.0,1,9,HILCodec_3kbps,121-121726-0000.flac,123
random_loss,0.03,fixed_0.5,0.5,1,300,11,0.03666666666666667,3.0,3.11,3.6666666666666665,0.026666666666666616,0,0.0,8,0.02666666666666667,2.2552711963653564,2.2552711963653564,2.788792610168457,0.9215521302473804,0.8812784312187412,1.1614944147371915,0.02666666666666667,8,1.0,1,8,HILCodec_3kbps,121-121726-0000.flac,42
random_loss,0.03,fixed_0.5,0.5,1,300,11,0.03666666666666667,3.0,3.11,3.6666666666666665,0.033333333333333326,0,0.0,10,0.03333333333333333,2.3780179023742676,2.3780179023742676,3.0067758560180664,0.9205098920592579,0.8768788162379143,0.4777500906374546,0.03333333333333333,10,1.0,1,10,HILCodec_3kbps,121-121726-0000.flac,123
random_loss,0.03,fixed_0.5,0.5,2,300,11,0.03666666666666667,3.0,3.11,3.6666666666666665,0.026666666666666616,0,0.0,8,0.02666666666666667,2.2552711963653564,2.2552711963653564,2.788792610168457,0.9215521302473804,0.8812784312187412,1.1614944147371915,0.02666666666666667,8,1.0,1,8,HILCodec_3kbps,121-121726-0000.flac,42
random_loss,0.03,fixed_0.5,0.5,2,300,11,0.03666666666666667,3.0,3.11,3.6666666666666665,0.033333333333333326,0,0.0,10,0.03333333333333333,2.3780179023742676,2.3780179023742676,3.0067758560180664,0.9205098920592579,0.8768788162379143,0.4777500906374546,0.03333333333333333,10,1.0,1,10,HILCodec_3kbps,121-121726-0000.flac,123
random_loss,0.03,fixed_0.7,0.7,1,300,1,0.0033333333333333335,3.0,3.0100000000000002,0.33333333333333337,0.026666666666666616,0,0.0,8,0.02666666666666667,2.2552711963653564,2.2552711963653564,2.788792610168457,0.9215521302473804,0.8812784312187412,1.1614944147371915,0.02666666666666667,8,1.0,1,8,HILCodec_3kbps,121-121726-0000.flac,42
random_loss,0.03,fixed_0.7,0.7,1,300,1,0.0033333333333333335,3.0,3.0100000000000002,0.33333333333333337,0.033333333333333326,0,0.0,10,0.03333333333333333,2.3780179023742676,2.3780179023742676,3.0067758560180664,0.9205098920592579,0.8768788162379143,0.4777500906374546,0.03333333333333333,10,1.0,1,10,HILCodec_3kbps,121-121726-0000.flac,123
random_loss,0.03,fixed_0.7,0.7,2,300,1,0.0033333333333333335,3.0,3.0100000000000002,0.33333333333333337,0.026666666666666616,0,0.0,8,0.02666666666666667,2.2552711963653564,2.2552711963653564,2.788792610168457,0.9215521302473804,0.8812784312187412,1.1614944147371915,0.02666666666666667,8,1.0,1,8,HILCodec_3kbps,121-121726-0000.flac,42
random_loss,0.03,fixed_0.7,0.7,2,300,1,0.0033333333333333335,3.0,3.0100000000000002,0.33333333333333337,0.033333333333333326,0,0.0,10,0.03333333333333333,2.3780179023742676,2.3780179023742676,3.0067758560180664,0.9205098920592579,0.8768788162379143,0.4777500906374546,0.03333333333333333,10,1.0,1,10,HILCodec_3kbps,121-121726-0000.flac,123
random_loss,0.03,adaptive_mean_std,dynamic,1,300,33,0.11,3.0,3.33,11.0,0.026666666666666616,0,0.0,8,0.02666666666666667,2.2552711963653564,2.2552711963653564,2.788792610168457,0.9215521302473804,0.8812784312187412,1.1614944147371915,0.02666666666666667,8,1.0,1,8,HILCodec_3kbps,121-121726-0000.flac,42
random_loss,0.03,adaptive_mean_std,dynamic,1,300,33,0.11,3.0,3.33,11.0,0.033333333333333326,1,0.1,9,0.03,2.4890267848968506,2.4890267848968506,3.0706708431243896,0.9247449245415318,0.8813131618909984,0.7596044976009496,0.03,9,1.0,1,9,HILCodec_3kbps,121-121726-0000.flac,123
random_loss,0.03,adaptive_mean_std,dynamic,2,300,33,0.11,3.0,3.33,11.0,0.026666666666666616,0,0.0,8,0.02666666666666667,2.2552711963653564,2.2552711963653564,2.788792610168457,0.9215521302473804,0.8812784312187412,1.1614944147371915,0.02666666666666667,8,1.0,1,8,HILCodec_3kbps,121-121726-0000.flac,42
random_loss,0.03,adaptive_mean_std,dynamic,2,300,33,0.11,3.0,3.33,11.0,0.033333333333333326,1,0.1,9,0.03,2.4890267848968506,2.4890267848968506,3.0706708431243896,0.9247449245415318,0.8813131618909984,0.7596044976009496,0.03,9,1.0,1,9,HILCodec_3kbps,121-121726-0000.flac,123
random_loss,0.03,adaptive_quantile_70,dynamic,1,300,98,0.32666666666666666,3.0,3.98,32.666666666666664,0.026666666666666616,2,0.25,6,0.02,2.451930046081543,2.451930046081543,3.00986385345459,0.9256944768366431,0.8868015983705235,1.3879110405139485,0.02,6,1.0,1,6,HILCodec_3kbps,121-121726-0000.flac,42
random_loss,0.03,adaptive_quantile_70,dynamic,1,300,98,0.32666666666666666,3.0,3.98,32.666666666666664,0.033333333333333326,3,0.3,7,0.023333333333333334,2.5958573818206787,2.5958573818206787,3.230579376220703,0.925988479576341,0.8832677822377478,1.219147921622306,0.023333333333333334,7,1.0,1,7,HILCodec_3kbps,121-121726-0000.flac,123
random_loss,0.03,adaptive_quantile_70,dynamic,2,300,98,0.32666666666666666,3.0,3.98,32.666666666666664,0.026666666666666616,2,0.25,6,0.02,2.451930046081543,2.451930046081543,3.00986385345459,0.9256944768366431,0.8868015983705235,1.3879110405139485,0.02,6,1.0,1,6,HILCodec_3kbps,121-121726-0000.flac,42
random_loss,0.03,adaptive_quantile_70,dynamic,2,300,98,0.32666666666666666,3.0,3.98,32.666666666666664,0.033333333333333326,3,0.3,7,0.023333333333333334,2.5958573818206787,2.5958573818206787,3.230579376220703,0.925988479576341,0.8832677822377478,1.219147921622306,0.023333333333333334,7,1.0,1,7,HILCodec_3kbps,121-121726-0000.flac,123
random_loss,0.03,all_duplicate,all_duplicate,1,300,300,1.0,3.0,6.0,100.0,0.026666666666666616,8,1.0,0,0.0,3.137563467025757,3.137563467025757,3.6158576011657715,0.9358706166202369,0.8994951942423253,1.8119962527441305,0.0,0,0.0,0,0,HILCodec_3kbps,121-121726-0000.flac,42
random_loss,0.03,all_duplicate,all_duplicate,1,300,300,1.0,3.0,6.0,100.0,0.033333333333333326,10,1.0,0,0.0,3.137563467025757,3.137563467025757,3.6158576011657715,0.9358706166202369,0.8994951942423253,1.8119962527441305,0.0,0,0.0,0,0,HILCodec_3kbps,121-121726-0000.flac,123
random_loss,0.03,all_duplicate,all_duplicate,2,300,300,1.0,3.0,6.0,100.0,0.026666666666666616,8,1.0,0,0.0,3.137563467025757,3.137563467025757,3.6158576011657715,0.9358706166202369,0.8994951942423253,1.8119962527441305,0.0,0,0.0,0,0,HILCodec_3kbps,121-121726-0000.flac,42
random_loss,0.03,all_duplicate,all_duplicate,2,300,300,1.0,3.0,6.0,100.0,0.033333333333333326,10,1.0,0,0.0,3.137563467025757,3.137563467025757,3.6158576011657715,0.9358706166202369,0.8994951942423253,1.8119962527441305,0.0,0,0.0,0,0,HILCodec_3kbps,121-121726-0000.flac,123
random_loss,0.05,no_duplicate,no_duplicate,1,300,0,0.0,3.0,3.0,0.0,0.050000000000000044,0,0.0,15,0.05,2.170685052871704,2.170685052871704,2.703131914138794,0.9198995095712594,0.8766492792679638,0.8778404019726925,0.05,15,1.0,1,15,HILCodec_3kbps,121-121726-0000.flac,42
random_loss,0.05,no_duplicate,no_duplicate,1,300,0,0.0,3.0,3.0,0.0,0.050000000000000044,0,0.0,15,0.05,2.09407377243042,2.09407377243042,2.735774278640747,0.9100278999959748,0.8564085768611268,-0.1856723423178721,0.05,15,1.0714285714285714,2,14,HILCodec_3kbps,121-121726-0000.flac,123
random_loss,0.05,no_duplicate,no_duplicate,2,300,0,0.0,3.0,3.0,0.0,0.050000000000000044,0,0.0,15,0.05,2.170685052871704,2.170685052871704,2.703131914138794,0.9198995095712594,0.8766492792679639,0.8778404019726925,0.05,15,1.0,1,15,HILCodec_3kbps,121-121726-0000.flac,42
random_loss,0.05,no_duplicate,no_duplicate,2,300,0,0.0,3.0,3.0,0.0,0.050000000000000044,0,0.0,15,0.05,2.09407377243042,2.09407377243042,2.735774278640747,0.9100278999959748,0.8564085768611268,-0.1856723423178721,0.05,15,1.0714285714285714,2,14,HILCodec_3kbps,121-121726-0000.flac,123
random_loss,0.05,fixed_0.3,0.3,1,300,31,0.10333333333333333,3.0,3.3099999999999996,10.333333333333334,0.050000000000000044,2,0.13333333333333333,13,0.043333333333333335,2.2048721313476562,2.2048721313476562,2.725957155227661,0.9219180489366571,0.8803456035051777,0.9175649149438542,0.043333333333333335,13,1.0,1,13,HILCodec_3kbps,121-121726-0000.flac,42
random_loss,0.05,fixed_0.3,0.3,1,300,31,0.10333333333333333,3.0,3.3099999999999996,10.333333333333334,0.050000000000000044,2,0.13333333333333333,13,0.043333333333333335,2.205507516860962,2.205507516860962,2.8081018924713135,0.9162868393359672,0.8668987259116779,0.09794530943732402,0.043333333333333335,13,1.0833333333333333,2,12,HILCodec_3kbps,121-121726-0000.flac,123
random_loss,0.05,fixed_0.3,0.3,2,300,31,0.10333333333333333,3.0,3.3099999999999996,10.333333333333334,0.050000000000000044,2,0.13333333333333333,13,0.043333333333333335,2.2048721313476562,2.2048721313476562,2.725957155227661,0.9219180489366571,0.8803456035051777,0.9175649149438542,0.043333333333333335,13,1.0,1,13,HILCodec_3kbps,121-121726-0000.flac,42
random_loss,0.05,fixed_0.3,0.3,2,300,31,0.10333333333333333,3.0,3.3099999999999996,10.333333333333334,0.050000000000000044,2,0.13333333333333333,13,0.043333333333333335,2.205507516860962,2.205507516860962,2.8081018924713135,0.9162868393359672,0.8668987259116779,0.09794530943732402,0.043333333333333335,13,1.0833333333333333,2,12,HILCodec_3kbps,121-121726-0000.flac,123
random_loss,0.05,fixed_0.5,0.5,1,300,11,0.03666666666666667,3.0,3.11,3.6666666666666665,0.050000000000000044,2,0.13333333333333333,13,0.043333333333333335,2.2048721313476562,2.2048721313476562,2.725957155227661,0.9219180489366571,0.8803456035051778,0.9175649149438542,0.043333333333333335,13,1.0,1,13,HILCodec_3kbps,121-121726-0000.flac,42
random_loss,0.05,fixed_0.5,0.5,1,300,11,0.03666666666666667,3.0,3.11,3.6666666666666665,0.050000000000000044,0,0.0,15,0.05,2.09407377243042,2.09407377243042,2.735774278640747,0.9100278999959748,0.8564085768611268,-0.1856723423178721,0.05,15,1.0714285714285714,2,14,HILCodec_3kbps,121-121726-0000.flac,123
random_loss,0.05,fixed_0.5,0.5,2,300,11,0.03666666666666667,3.0,3.11,3.6666666666666665,0.050000000000000044,2,0.13333333333333333,13,0.043333333333333335,2.2048721313476562,2.2048721313476562,2.725957155227661,0.9219180489366571,0.8803456035051777,0.9175649149438542,0.043333333333333335,13,1.0,1,13,HILCodec_3kbps,121-121726-0000.flac,42
random_loss,0.05,fixed_0.5,0.5,2,300,11,0.03666666666666667,3.0,3.11,3.6666666666666665,0.050000000000000044,0,0.0,15,0.05,2.09407377243042,2.09407377243042,2.735774278640747,0.9100278999959748,0.8564085768611268,-0.1856723423178721,0.05,15,1.0714285714285714,2,14,HILCodec_3kbps,121-121726-0000.flac,123
random_loss,0.05,fixed_0.7,0.7,1,300,1,0.0033333333333333335,3.0,3.0100000000000002,0.33333333333333337,0.050000000000000044,0,0.0,15,0.05,2.170685052871704,2.170685052871704,2.703131914138794,0.9198995095712594,0.8766492792679637,0.8778404019726925,0.05,15,1.0,1,15,HILCodec_3kbps,121-121726-0000.flac,42
random_loss,0.05,fixed_0.7,0.7,1,300,1,0.0033333333333333335,3.0,3.0100000000000002,0.33333333333333337,0.050000000000000044,0,0.0,15,0.05,2.09407377243042,2.09407377243042,2.735774278640747,0.9100278999959748,0.8564085768611268,-0.1856723423178721,0.05,15,1.0714285714285714,2,14,HILCodec_3kbps,121-121726-0000.flac,123
random_loss,0.05,fixed_0.7,0.7,2,300,1,0.0033333333333333335,3.0,3.0100000000000002,0.33333333333333337,0.050000000000000044,0,0.0,15,0.05,2.170685052871704,2.170685052871704,2.703131914138794,0.9198995095712594,0.8766492792679638,0.8778404019726925,0.05,15,1.0,1,15,HILCodec_3kbps,121-121726-0000.flac,42
random_loss,0.05,fixed_0.7,0.7,2,300,1,0.0033333333333333335,3.0,3.0100000000000002,0.33333333333333337,0.050000000000000044,0,0.0,15,0.05,2.09407377243042,2.09407377243042,2.735774278640747,0.9100278999959748,0.8564085768611268,-0.1856723423178721,0.05,15,1.0714285714285714,2,14,HILCodec_3kbps,121-121726-0000.flac,123
random_loss,0.05,adaptive_mean_std,dynamic,1,300,33,0.11,3.0,3.33,11.0,0.050000000000000044,2,0.13333333333333333,13,0.043333333333333335,2.2048721313476562,2.2048721313476562,2.725957155227661,0.9219180489366571,0.8803456035051779,0.9175649149438542,0.043333333333333335,13,1.0,1,13,HILCodec_3kbps,121-121726-0000.flac,42
random_loss,0.05,adaptive_mean_std,dynamic,1,300,33,0.11,3.0,3.33,11.0,0.050000000000000044,2,0.13333333333333333,13,0.043333333333333335,2.205507516860962,2.205507516860962,2.8081018924713135,0.9162868393359672,0.8668987259116779,0.09794530943732402,0.043333333333333335,13,1.0833333333333333,2,12,HILCodec_3kbps,121-121726-0000.flac,123
random_loss,0.05,adaptive_mean_std,dynamic,2,300,33,0.11,3.0,3.33,11.0,0.050000000000000044,2,0.13333333333333333,13,0.043333333333333335,2.2048721313476562,2.2048721313476562,2.725957155227661,0.9219180489366571,0.8803456035051777,0.9175649149438542,0.043333333333333335,13,1.0,1,13,HILCodec_3kbps,121-121726-0000.flac,42
random_loss,0.05,adaptive_mean_std,dynamic,2,300,33,0.11,3.0,3.33,11.0,0.050000000000000044,2,0.13333333333333333,13,0.043333333333333335,2.205507516860962,2.205507516860962,2.8081018924713135,0.9162868393359672,0.8668987259116779,0.09794530943732402,0.043333333333333335,13,1.0833333333333333,2,12,HILCodec_3kbps,121-121726-0000.flac,123
random_loss,0.05,adaptive_quantile_70,dynamic,1,300,98,0.32666666666666666,3.0,3.98,32.666666666666664,0.050000000000000044,4,0.26666666666666666,11,0.03666666666666667,2.386958599090576,2.386958599090576,2.9317779541015625,0.9260583767288534,0.8860108369883726,1.1392071034876259,0.03666666666666667,11,1.0,1,11,HILCodec_3kbps,121-121726-0000.flac,42
random_loss,0.05,adaptive_quantile_70,dynamic,1,300,98,0.32666666666666666,3.0,3.98,32.666666666666664,0.050000000000000044,6,0.4,9,0.03,2.4061291217803955,2.4061291217803955,3.0855801105499268,0.9223959467348525,0.8763266485826336,1.0259674035647328,0.03,9,1.125,2,8,HILCodec_3kbps,121-121726-0000.flac,123
random_loss,0.05,adaptive_quantile_70,dynamic,2,300,98,0.32666666666666666,3.0,3.98,32.666666666666664,0.050000000000000044,4,0.26666666666666666,11,0.03666666666666667,2.386958599090576,2.386958599090576,2.9317779541015625,0.9260583767288534,0.8860108369883726,1.1392071034876259,0.03666666666666667,11,1.0,1,11,HILCodec_3kbps,121-121726-0000.flac,42
random_loss,0.05,adaptive_quantile_70,dynamic,2,300,98,0.32666666666666666,3.0,3.98,32.666666666666664,0.050000000000000044,4,0.26666666666666666,11,0.03666666666666667,2.302217960357666,2.302217960357666,2.954592227935791,0.9190214927427911,0.8718719066278852,0.6842907239146547,0.03666666666666667,11,1.1,2,10,HILCodec_3kbps,121-121726-0000.flac,123
random_loss,0.05,all_duplicate,all_duplicate,1,300,300,1.0,3.0,6.0,100.0,0.050000000000000044,15,1.0,0,0.0,3.137563467025757,3.137563467025757,3.6158576011657715,0.9358706166202369,0.8994951942423254,1.8119962527441305,0.0,0,0.0,0,0,HILCodec_3kbps,121-121726-0000.flac,42
random_loss,0.05,all_duplicate,all_duplicate,1,300,300,1.0,3.0,6.0,100.0,0.050000000000000044,14,0.9333333333333333,1,0.0033333333333333335,2.9278314113616943,2.9278314113616943,3.4193549156188965,0.9349083339027272,0.8978862983035724,1.5515817534241383,0.0033333333333333335,1,1.0,1,1,HILCodec_3kbps,121-121726-0000.flac,123
random_loss,0.05,all_duplicate,all_duplicate,2,300,300,1.0,3.0,6.0,100.0,0.050000000000000044,15,1.0,0,0.0,3.137563467025757,3.137563467025757,3.6158576011657715,0.9358706166202369,0.8994951942423253,1.8119962527441305,0.0,0,0.0,0,0,HILCodec_3kbps,121-121726-0000.flac,42
random_loss,0.05,all_duplicate,all_duplicate,2,300,300,1.0,3.0,6.0,100.0,0.050000000000000044,13,0.8666666666666667,2,0.006666666666666667,2.8513808250427246,2.8513808250427246,3.4493908882141113,0.9325686526266965,0.8949582174311295,1.4613134827678493,0.006666666666666667,2,1.0,1,2,HILCodec_3kbps,121-121726-0000.flac,123
random_loss,0.1,no_duplicate,no_duplicate,1,300,0,0.0,3.0,3.0,0.0,0.09666666666666668,0,0.0,29,0.09666666666666666,1.848299264907837,1.848299264907837,2.4401679039001465,0.9121192752333664,0.8625397822057393,0.31989860437979645,0.09666666666666666,29,1.0740740740740742,2,27,HILCodec_3kbps,121-121726-0000.flac,42
random_loss,0.1,no_duplicate,no_duplicate,1,300,0,0.0,3.0,3.0,0.0,0.09999999999999998,0,0.0,30,0.1,1.8937880992889404,1.8937880992889404,2.492489814758301,0.9006318547103239,0.8429922463527539,-0.6149700046478467,0.1,30,1.1111111111111112,2,27,HILCodec_3kbps,121-121726-0000.flac,123
random_loss,0.1,no_duplicate,no_duplicate,2,300,0,0.0,3.0,3.0,0.0,0.09666666666666668,0,0.0,29,0.09666666666666666,1.848299264907837,1.848299264907837,2.4401679039001465,0.9121192752333664,0.8625397822057393,0.31989860437979645,0.09666666666666666,29,1.0740740740740742,2,27,HILCodec_3kbps,121-121726-0000.flac,42
random_loss,0.1,no_duplicate,no_duplicate,2,300,0,0.0,3.0,3.0,0.0,0.09999999999999998,0,0.0,30,0.1,1.8937880992889404,1.8937880992889404,2.492489814758301,0.9006318547103239,0.8429922463527539,-0.6149700046478467,0.1,30,1.1111111111111112,2,27,HILCodec_3kbps,121-121726-0000.flac,123
random_loss,0.1,fixed_0.3,0.3,1,300,31,0.10333333333333333,3.0,3.3099999999999996,10.333333333333334,0.09666666666666668,3,0.10344827586206896,26,0.08666666666666667,1.9204332828521729,1.9204332828521729,2.4991743564605713,0.9158470264992223,0.8674429987708389,0.5186131162745932,0.08666666666666667,26,1.0833333333333333,2,24,HILCodec_3kbps,121-121726-0000.flac,42
random_loss,0.1,fixed_0.3,0.3,1,300,31,0.10333333333333333,3.0,3.3099999999999996,10.333333333333334,0.09999999999999998,2,0.06666666666666667,28,0.09333333333333334,1.9711737632751465,1.9711737632751465,2.5254082679748535,0.907665345922218,0.8546995304635024,-0.3404963426259295,0.09333333333333334,28,1.12,2,25,HILCodec_3kbps,121-121726-0000.flac,123
random_loss,0.1,fixed_0.3,0.3,2,300,31,0.10333333333333333,3.0,3.3099999999999996,10.333333333333334,0.09666666666666668,3,0.10344827586206896,26,0.08666666666666667,1.9204332828521729,1.9204332828521729,2.4991743564605713,0.9158470264992223,0.8674429987708387,0.5186131162745932,0.08666666666666667,26,1.0833333333333333,2,24,HILCodec_3kbps,121-121726-0000.flac,42
random_loss,0.1,fixed_0.3,0.3,2,300,31,0.10333333333333333,3.0,3.3099999999999996,10.333333333333334,0.09999999999999998,2,0.06666666666666667,28,0.09333333333333334,1.9711737632751465,1.9711737632751465,2.5254082679748535,0.907665345922218,0.8546995304635024,-0.3404963426259295,0.09333333333333334,28,1.12,2,25,HILCodec_3kbps,121-121726-0000.flac,123
random_loss,0.1,fixed_0.5,0.5,1,300,11,0.03666666666666667,3.0,3.11,3.6666666666666665,0.09666666666666668,3,0.10344827586206896,26,0.08666666666666667,1.9204332828521729,1.9204332828521729,2.4991743564605713,0.9158470264992223,0.8674429987708389,0.5186131162745932,0.08666666666666667,26,1.0833333333333333,2,24,HILCodec_3kbps,121-121726-0000.flac,42
random_loss,0.1,fixed_0.5,0.5,1,300,11,0.03666666666666667,3.0,3.11,3.6666666666666665,0.09999999999999998,0,0.0,30,0.1,1.8937880992889404,1.8937880992889404,2.492489814758301,0.9006318547103239,0.8429922463527539,-0.6149700046478467,0.1,30,1.1111111111111112,2,27,HILCodec_3kbps,121-121726-0000.flac,123
random_loss,0.1,fixed_0.5,0.5,2,300,11,0.03666666666666667,3.0,3.11,3.6666666666666665,0.09666666666666668,3,0.10344827586206896,26,0.08666666666666667,1.9204332828521729,1.9204332828521729,2.4991743564605713,0.9158470264992223,0.8674429987708387,0.5186131162745932,0.08666666666666667,26,1.0833333333333333,2,24,HILCodec_3kbps,121-121726-0000.flac,42
random_loss,0.1,fixed_0.5,0.5,2,300,11,0.03666666666666667,3.0,3.11,3.6666666666666665,0.09999999999999998,0,0.0,30,0.1,1.8937880992889404,1.8937880992889404,2.492489814758301,0.9006318547103239,0.8429922463527539,-0.6149700046478467,0.1,30,1.1111111111111112,2,27,HILCodec_3kbps,121-121726-0000.flac,123
random_loss,0.1,fixed_0.7,0.7,1,300,1,0.0033333333333333335,3.0,3.0100000000000002,0.33333333333333337,0.09666666666666668,0,0.0,29,0.09666666666666666,1.848299264907837,1.848299264907837,2.4401679039001465,0.9121192752333664,0.8625397822057393,0.31989860437979645,0.09666666666666666,29,1.0740740740740742,2,27,HILCodec_3kbps,121-121726-0000.flac,42
random_loss,0.1,fixed_0.7,0.7,1,300,1,0.0033333333333333335,3.0,3.0100000000000002,0.33333333333333337,0.09999999999999998,0,0.0,30,0.1,1.8937880992889404,1.8937880992889404,2.492489814758301,0.9006318547103239,0.8429922463527539,-0.6149700046478467,0.1,30,1.1111111111111112,2,27,HILCodec_3kbps,121-121726-0000.flac,123
random_loss,0.1,fixed_0.7,0.7,2,300,1,0.0033333333333333335,3.0,3.0100000000000002,0.33333333333333337,0.09666666666666668,0,0.0,29,0.09666666666666666,1.848299264907837,1.848299264907837,2.4401679039001465,0.9121192752333664,0.8625397822057393,0.31989860437979645,0.09666666666666666,29,1.0740740740740742,2,27,HILCodec_3kbps,121-121726-0000.flac,42
random_loss,0.1,fixed_0.7,0.7,2,300,1,0.0033333333333333335,3.0,3.0100000000000002,0.33333333333333337,0.09999999999999998,0,0.0,30,0.1,1.8937880992889404,1.8937880992889404,2.492489814758301,0.9006318547103239,0.8429922463527539,-0.6149700046478467,0.1,30,1.1111111111111112,2,27,HILCodec_3kbps,121-121726-0000.flac,123
random_loss,0.1,adaptive_mean_std,dynamic,1,300,33,0.11,3.0,3.33,11.0,0.09666666666666668,3,0.10344827586206896,26,0.08666666666666667,1.9204332828521729,1.9204332828521729,2.4991743564605713,0.9158470264992223,0.8674429987708389,0.5186131162745932,0.08666666666666667,26,1.0833333333333333,2,24,HILCodec_3kbps,121-121726-0000.flac,42
random_loss,0.1,adaptive_mean_std,dynamic,1,300,33,0.11,3.0,3.33,11.0,0.09999999999999998,3,0.1,27,0.09,1.9711737632751465,1.9711737632751465,2.5254082679748535,0.907665345922218,0.8546995304635024,-0.3404963339883692,0.09,27,1.125,2,24,HILCodec_3kbps,121-121726-0000.flac,123
random_loss,0.1,adaptive_mean_std,dynamic,2,300,33,0.11,3.0,3.33,11.0,0.09666666666666668,3,0.10344827586206896,26,0.08666666666666667,1.9204332828521729,1.9204332828521729,2.4991743564605713,0.9158470264992223,0.8674429987708389,0.5186131162745932,0.08666666666666667,26,1.0833333333333333,2,24,HILCodec_3kbps,121-121726-0000.flac,42
random_loss,0.1,adaptive_mean_std,dynamic,2,300,33,0.11,3.0,3.33,11.0,0.09999999999999998,3,0.1,27,0.09,1.9711737632751465,1.9711737632751465,2.5254082679748535,0.907665345922218,0.8546995304635024,-0.3404963339883692,0.09,27,1.125,2,24,HILCodec_3kbps,121-121726-0000.flac,123
random_loss,0.1,adaptive_quantile_70,dynamic,1,300,98,0.32666666666666666,3.0,3.98,32.666666666666664,0.09666666666666668,6,0.20689655172413793,23,0.07666666666666666,2.0001792907714844,2.0001792907714844,2.624290943145752,0.9202262971182703,0.87345315764173,0.7356103148103816,0.07666666666666666,23,1.0952380952380953,2,21,HILCodec_3kbps,121-121726-0000.flac,42
random_loss,0.1,adaptive_quantile_70,dynamic,1,300,98,0.32666666666666666,3.0,3.98,32.666666666666664,0.09999999999999998,11,0.36666666666666664,19,0.06333333333333334,2.27262806892395,2.27262806892395,2.8689355850219727,0.9190001792577048,0.8696916253031982,0.8552434171873979,0.06333333333333334,19,1.1176470588235294,2,17,HILCodec_3kbps,121-121726-0000.flac,123
random_loss,0.1,adaptive_quantile_70,dynamic,2,300,98,0.32666666666666666,3.0,3.98,32.666666666666664,0.09666666666666668,6,0.20689655172413793,23,0.07666666666666666,2.0001792907714844,2.0001792907714844,2.624290943145752,0.9202262971182703,0.8734531576417299,0.7356103148103816,0.07666666666666666,23,1.0952380952380953,2,21,HILCodec_3kbps,121-121726-0000.flac,42
random_loss,0.1,adaptive_quantile_70,dynamic,2,300,98,0.32666666666666666,3.0,3.98,32.666666666666664,0.09999999999999998,8,0.26666666666666666,22,0.07333333333333333,2.1773650646209717,2.1773650646209717,2.758793354034424,0.9141528373405831,0.8632691288512824,0.49414438150410517,0.07333333333333333,22,1.1578947368421053,2,19,HILCodec_3kbps,121-121726-0000.flac,123
random_loss,0.1,all_duplicate,all_duplicate,1,300,300,1.0,3.0,6.0,100.0,0.09666666666666668,27,0.9310344827586207,2,0.006666666666666667,2.801400899887085,2.801400899887085,3.3215653896331787,0.9331724941125747,0.8951506206316666,1.6221486409565264,0.006666666666666667,2,1.0,1,2,HILCodec_3kbps,121-121726-0000.flac,42
random_loss,0.1,all_duplicate,all_duplicate,1,300,300,1.0,3.0,6.0,100.0,0.09999999999999998,27,0.9,3,0.01,2.885918140411377,2.885918140411377,3.344541072845459,0.9344096921086015,0.8969067174802664,1.523118492500715,0.01,3,1.0,1,3,HILCodec_3kbps,121-121726-0000.flac,123
random_loss,0.1,all_duplicate,all_duplicate,2,300,300,1.0,3.0,6.0,100.0,0.09666666666666668,26,0.896551724137931,3,0.01,2.6973037719726562,2.6973037719726562,3.369004726409912,0.9331767162453644,0.8930810077195642,1.5758314388603858,0.01,3,1.0,1,3,HILCodec_3kbps,121-121726-0000.flac,42
random_loss,0.1,all_duplicate,all_duplicate,2,300,300,1.0,3.0,6.0,100.0,0.09999999999999998,25,0.8333333333333334,5,0.016666666666666666,2.823188543319702,2.823188543319702,3.4008231163024902,0.9309635953400193,0.8925338364942647,1.4438932216571512,0.016666666666666666,5,1.0,1,5,HILCodec_3kbps,121-121726-0000.flac,123
random_loss,0.2,no_duplicate,no_duplicate,1,300,0,0.0,3.0,3.0,0.0,0.24,0,0.0,72,0.24,1.3559622764587402,1.3559622764587402,1.8127827644348145,0.8442522207368988,0.7660757201752791,-3.6096877692069747,0.24,72,1.44,6,50,HILCodec_3kbps,121-121726-0000.flac,42
random_loss,0.2,no_duplicate,no_duplicate,1,300,0,0.0,3.0,3.0,0.0,0.20666666666666667,0,0.0,62,0.20666666666666667,1.3656102418899536,1.3656102418899536,1.698781132698059,0.8406745544727499,0.7659231860955498,-2.9409774157901314,0.20666666666666667,62,1.3478260869565217,4,46,HILCodec_3kbps,121-121726-0000.flac,123
random_loss,0.2,no_duplicate,no_duplicate,2,300,0,0.0,3.0,3.0,0.0,0.24,0,0.0,72,0.24,1.3559622764587402,1.3559622764587402,1.8127827644348145,0.8442522207368988,0.7660757201752791,-3.6096877692069747,0.24,72,1.44,6,50,HILCodec_3kbps,121-121726-0000.flac,42
random_loss,0.2,no_duplicate,no_duplicate,2,300,0,0.0,3.0,3.0,0.0,0.20666666666666667,0,0.0,62,0.20666666666666667,1.3656102418899536,1.3656102418899536,1.698781132698059,0.8406745544727499,0.7659231860955498,-2.9409774157901314,0.20666666666666667,62,1.3478260869565217,4,46,HILCodec_3kbps,121-121726-0000.flac,123
random_loss,0.2,fixed_0.3,0.3,1,300,31,0.10333333333333333,3.0,3.3099999999999996,10.333333333333334,0.24,6,0.08333333333333333,66,0.22,1.3906742334365845,1.3906742334365845,1.9074881076812744,0.8608486719328302,0.7879750926207807,-3.213854787297212,0.22,66,1.5,6,44,HILCodec_3kbps,121-121726-0000.flac,42
random_loss,0.2,fixed_0.3,0.3,1,300,31,0.10333333333333333,3.0,3.3099999999999996,10.333333333333334,0.20666666666666667,4,0.06451612903225806,58,0.19333333333333333,1.4785491228103638,1.4785491228103638,1.8544321060180664,0.8633797615304942,0.7980565076661735,-2.5028815813216005,0.19333333333333333,58,1.3181818181818181,4,44,HILCodec_3kbps,121-121726-0000.flac,123
random_loss,0.2,fixed_0.3,0.3,2,300,31,0.10333333333333333,3.0,3.3099999999999996,10.333333333333334,0.24,5,0.06944444444444445,67,0.22333333333333333,1.3882359266281128,1.3882359266281128,1.859647274017334,0.853755446227428,0.7808921565407507,-3.238644035727947,0.22333333333333333,67,1.4565217391304348,6,46,HILCodec_3kbps,121-121726-0000.flac,42
random_loss,0.2,fixed_0.3,0.3,2,300,31,0.10333333333333333,3.0,3.3099999999999996,10.333333333333334,0.20666666666666667,5,0.08064516129032258,57,0.19,1.4805866479873657,1.4805866479873657,1.8572100400924683,0.8648340715256939,0.7991239295031508,-2.497595039801003,0.19,57,1.3255813953488371,4,43,HILCodec_3kbps,121-121726-0000.flac,123
random_loss,0.2,fixed_0.5,0.5,1,300,11,0.03666666666666667,3.0,3.11,3.6666666666666665,0.24,3,0.041666666666666664,69,0.23,1.378645420074463,1.378645420074463,1.8499782085418701,0.8485105715241164,0.7735927772318575,-3.380394750261991,0.23,69,1.4680851063829787,6,47,HILCodec_3kbps,121-121726-0000.flac,42
random_loss,0.2,fixed_0.5,0.5,1,300,11,0.03666666666666667,3.0,3.11,3.6666666666666665,0.20666666666666667,0,0.0,62,0.20666666666666667,1.3656102418899536,1.3656102418899536,1.698781132698059,0.8406745544727499,0.7659231860955498,-2.9409774157901314,0.20666666666666667,62,1.3478260869565217,4,46,HILCodec_3kbps,121-121726-0000.flac,123
random_loss,0.2,fixed_0.5,0.5,2,300,11,0.03666666666666667,3.0,3.11,3.6666666666666665,0.24,4,0.05555555555555555,68,0.22666666666666666,1.3838189840316772,1.3838189840316772,1.8550760746002197,0.8497124390177485,0.7780330815337578,-3.30691802680417,0.22666666666666666,68,1.446808510638298,6,47,HILCodec_3kbps,121-121726-0000.flac,42
random_loss,0.2,fixed_0.5,0.5,2,300,11,0.03666666666666667,3.0,3.11,3.6666666666666665,0.20666666666666667,1,0.016129032258064516,61,0.20333333333333334,1.4360311031341553,1.4360311031341553,1.8192358016967773,0.8474416659763859,0.7749477994478742,-2.8862554386609283,0.20333333333333334,61,1.326086956521739,4,46,HILCodec_3kbps,121-121726-0000.flac,123
random_loss,0.2,fixed_0.7,0.7,1,300,1,0.0033333333333333335,3.0,3.0100000000000002,0.33333333333333337,0.24,0,0.0,72,0.24,1.3559622764587402,1.3559622764587402,1.8127827644348145,0.8442522207368988,0.7660757201752791,-3.6096877692069747,0.24,72,1.44,6,50,HILCodec_3kbps,121-121726-0000.flac,42
random_loss,0.2,fixed_0.7,0.7,1,300,1,0.0033333333333333335,3.0,3.0100000000000002,0.33333333333333337,0.20666666666666667,0,0.0,62,0.20666666666666667,1.3656102418899536,1.3656102418899536,1.698781132698059,0.8406745544727499,0.7659231860955498,-2.9409774157901314,0.20666666666666667,62,1.3478260869565217,4,46,HILCodec_3kbps,121-121726-0000.flac,123
random_loss,0.2,fixed_0.7,0.7,2,300,1,0.0033333333333333335,3.0,3.0100000000000002,0.33333333333333337,0.24,0,0.0,72,0.24,1.3559622764587402,1.3559622764587402,1.8127827644348145,0.8442522207368988,0.7660757201752791,-3.6096877692069747,0.24,72,1.44,6,50,HILCodec_3kbps,121-121726-0000.flac,42
random_loss,0.2,fixed_0.7,0.7,2,300,1,0.0033333333333333335,3.0,3.0100000000000002,0.33333333333333337,0.20666666666666667,0,0.0,62,0.20666666666666667,1.3656102418899536,1.3656102418899536,1.698781132698059,0.8406745544727499,0.7659231860955498,-2.9409774157901314,0.20666666666666667,62,1.3478260869565217,4,46,HILCodec_3kbps,121-121726-0000.flac,123
random_loss,0.2,adaptive_mean_std,dynamic,1,300,33,0.11,3.0,3.33,11.0,0.24,6,0.08333333333333333,66,0.22,1.3906742334365845,1.3906742334365845,1.9074881076812744,0.8608486719328302,0.7879750926207807,-3.213854787297212,0.22,66,1.5,6,44,HILCodec_3kbps,121-121726-0000.flac,42
random_loss,0.2,adaptive_mean_std,dynamic,1,300,33,0.11,3.0,3.33,11.0,0.20666666666666667,5,0.08064516129032258,57,0.19,1.4785490036010742,1.4785490036010742,1.8544321060180664,0.8633797615304942,0.7980565076661735,-2.5028815817129884,0.19,57,1.3255813953488371,4,43,HILCodec_3kbps,121-121726-0000.flac,123
random_loss,0.2,adaptive_mean_std,dynamic,2,300,33,0.11,3.0,3.33,11.0,0.24,5,0.06944444444444445,67,0.22333333333333333,1.3882359266281128,1.3882359266281128,1.859647274017334,0.853755446227428,0.7808921565407508,-3.238644035727947,0.22333333333333333,67,1.4565217391304348,6,46,HILCodec_3kbps,121-121726-0000.flac,42
random_loss,0.2,adaptive_mean_std,dynamic,2,300,33,0.11,3.0,3.33,11.0,0.20666666666666667,5,0.08064516129032258,57,0.19,1.4805866479873657,1.4805866479873657,1.8572100400924683,0.8648340715256939,0.7991239295031508,-2.497595039801003,0.19,57,1.3255813953488371,4,43,HILCodec_3kbps,121-121726-0000.flac,123
random_loss,0.2,adaptive_quantile_70,dynamic,1,300,98,0.32666666666666666,3.0,3.98,32.666666666666664,0.24,13,0.18055555555555555,59,0.19666666666666666,1.4427512884140015,1.4427512884140015,2.0153090953826904,0.8730344415721667,0.8056625259614237,-1.9882458991943617,0.19666666666666666,59,1.5128205128205128,5,39,HILCodec_3kbps,121-121726-0000.flac,42
random_loss,0.2,adaptive_quantile_70,dynamic,1,300,98,0.32666666666666666,3.0,3.98,32.666666666666664,0.20666666666666667,15,0.24193548387096775,47,0.15666666666666668,1.6168301105499268,1.6168301105499268,2.063965082168579,0.8817243064728384,0.8205808925578778,-1.0468611413588533,0.15666666666666668,47,1.3055555555555556,4,36,HILCodec_3kbps,121-121726-0000.flac,123
random_loss,0.2,adaptive_quantile_70,dynamic,2,300,98,0.32666666666666666,3.0,3.98,32.666666666666664,0.24,12,0.16666666666666666,60,0.2,1.4698518514633179,1.4698518514633179,1.9778401851654053,0.8665175052414996,0.7981235951273755,-2.0542120244795594,0.2,60,1.4285714285714286,5,42,HILCodec_3kbps,121-121726-0000.flac,42
random_loss,0.2,adaptive_quantile_70,dynamic,2,300,98,0.32666666666666666,3.0,3.98,32.666666666666664,0.20666666666666667,14,0.22580645161290322,48,0.16,1.674361228942871,1.674361228942871,2.2137210369110107,0.8820335076706476,0.8198156325585852,-0.7429951621603198,0.16,48,1.2972972972972974,4,37,HILCodec_3kbps,121-121726-0000.flac,123
random_loss,0.2,all_duplicate,all_duplicate,1,300,300,1.0,3.0,6.0,100.0,0.24,50,0.6944444444444444,22,0.07333333333333333,2.134479522705078,2.134479522705078,2.7137794494628906,0.9094148732056263,0.8601396237277515,0.15835383345897014,0.07333333333333333,22,1.375,5,16,HILCodec_3kbps,121-121726-0000.flac,42
random_loss,0.2,all_duplicate,all_duplicate,1,300,300,1.0,3.0,6.0,100.0,0.20666666666666667,46,0.7419354838709677,16,0.05333333333333334,2.1352572441101074,2.1352572441101074,2.6119041442871094,0.9193329144406218,0.8764406940818582,0.3944643929210174,0.05333333333333334,16,1.3333333333333333,3,12,HILCodec_3kbps,121-121726-0000.flac,123
random_loss,0.2,all_duplicate,all_duplicate,2,300,300,1.0,3.0,6.0,100.0,0.24,53,0.7361111111111112,19,0.06333333333333334,1.963038444519043,1.963038444519043,2.5714869499206543,0.9094597462983794,0.8567148123395026,0.0012358410159120752,0.06333333333333334,19,1.1875,4,16,HILCodec_3kbps,121-121726-0000.flac,42
random_loss,0.2,all_duplicate,all_duplicate,2,300,300,1.0,3.0,6.0,100.0,0.20666666666666667,46,0.7419354838709677,16,0.05333333333333334,2.4599077701568604,2.4599077701568604,3.0638933181762695,0.9242537609153081,0.8867103093194234,0.882470647102914,0.05333333333333334,16,1.0666666666666667,2,15,HILCodec_3kbps,121-121726-0000.flac,123
random_loss,0.3,no_duplicate,no_duplicate,1,300,0,0.0,3.0,3.0,0.0,0.32333333333333336,0,0.0,97,0.3233333333333333,1.248749852180481,1.248749852180481,1.660354495048523,0.8229097528382302,0.7222534510607123,-4.937699754211628,0.3233333333333333,97,1.564516129032258,8,62,HILCodec_3kbps,121-121726-0000.flac,42
random_loss,0.3,no_duplicate,no_duplicate,1,300,0,0.0,3.0,3.0,0.0,0.3433333333333334,0,0.0,103,0.3433333333333333,1.2403775453567505,1.2403775453567505,1.505871295928955,0.7651585774073082,0.6742040349710103,-5.749453747494233,0.3433333333333333,103,1.5846153846153845,6,65,HILCodec_3kbps,121-121726-0000.flac,123
random_loss,0.3,no_duplicate,no_duplicate,2,300,0,0.0,3.0,3.0,0.0,0.32333333333333336,0,0.0,97,0.3233333333333333,1.248749852180481,1.248749852180481,1.660354495048523,0.8229097528382302,0.7222534510607123,-4.937699754211628,0.3233333333333333,97,1.564516129032258,8,62,HILCodec_3kbps,121-121726-0000.flac,42
random_loss,0.3,no_duplicate,no_duplicate,2,300,0,0.0,3.0,3.0,0.0,0.3433333333333334,0,0.0,103,0.3433333333333333,1.2403775453567505,1.2403775453567505,1.505871295928955,0.7651585774073082,0.6742040349710103,-5.749453747494233,0.3433333333333333,103,1.5846153846153845,6,65,HILCodec_3kbps,121-121726-0000.flac,123
random_loss,0.3,fixed_0.3,0.3,1,300,31,0.10333333333333333,3.0,3.3099999999999996,10.333333333333334,0.32333333333333336,6,0.061855670103092786,91,0.30333333333333334,1.271813154220581,1.271813154220581,1.6853926181793213,0.8383104878640213,0.7461179409562401,-4.509160534078306,0.30333333333333334,91,1.625,8,56,HILCodec_3kbps,121-121726-0000.flac,42
random_loss,0.3,fixed_0.3,0.3,1,300,31,0.10333333333333333,3.0,3.3099999999999996,10.333333333333334,0.3433333333333334,9,0.08737864077669903,94,0.31333333333333335,1.2872891426086426,1.2872891426086426,1.6146619319915771,0.7996438812268474,0.7274133186784691,-4.902598450215109,0.31333333333333335,94,1.5932203389830508,6,59,HILCodec_3kbps,121-121726-0000.flac,123
random_loss,0.3,fixed_0.3,0.3,2,300,31,0.10333333333333333,3.0,3.3099999999999996,10.333333333333334,0.32333333333333336,4,0.041237113402061855,93,0.31,1.2820379734039307,1.2820379734039307,1.7186775207519531,0.8310909953272975,0.7387240277591463,-4.5364480963249045,0.31,93,1.576271186440678,8,59,HILCodec_3kbps,121-121726-0000.flac,42
random_loss,0.3,fixed_0.3,0.3,2,300,31,0.10333333333333333,3.0,3.3099999999999996,10.333333333333334,0.3433333333333334,7,0.06796116504854369,96,0.32,1.2630999088287354,1.2630999088287354,1.5701017379760742,0.7871995378626847,0.712132366238105,-5.25424276902124,0.32,96,1.5737704918032787,6,61,HILCodec_3kbps,121-121726-0000.flac,123
random_loss,0.3,fixed_0.5,0.5,1,300,11,0.03666666666666667,3.0,3.11,3.6666666666666665,0.32333333333333336,3,0.030927835051546393,94,0.31333333333333335,1.2550925016403198,1.2550925016403198,1.6674318313598633,0.8275893989535879,0.7314468711974371,-4.687606910533227,0.31333333333333335,94,1.5932203389830508,8,59,HILCodec_3kbps,121-121726-0000.flac,42
random_loss,0.3,fixed_0.5,0.5,1,300,11,0.03666666666666667,3.0,3.11,3.6666666666666665,0.3433333333333334,1,0.009708737864077669,102,0.34,1.2332847118377686,1.2332847118377686,1.4937465190887451,0.7662603702638844,0.6742912584540973,-5.636931638292593,0.34,102,1.59375,6,64,HILCodec_3kbps,121-121726-0000.flac,123
random_loss,0.3,fixed_0.5,0.5,2,300,11,0.03666666666666667,3.0,3.11,3.6666666666666665,0.32333333333333336,3,0.030927835051546393,94,0.31333333333333335,1.2550925016403198,1.2550925016403198,1.6674318313598633,0.8275893989535879,0.7314468711974371,-4.687606910533227,0.31333333333333335,94,1.5932203389830508,8,59,HILCodec_3kbps,121-121726-0000.flac,42
random_loss,0.3,fixed_0.5,0.5,2,300,11,0.03666666666666667,3.0,3.11,3.6666666666666665,0.3433333333333334,2,0.019417475728155338,101,0.33666666666666667,1.2495917081832886,1.2495917081832886,1.5589520931243896,0.7744653557051692,0.6885863668800616,-5.602996674968697,0.33666666666666667,101,1.578125,6,64,HILCodec_3kbps,121-121726-0000.flac,123
random_loss,0.3,fixed_0.7,0.7,1,300,1,0.0033333333333333335,3.0,3.0100000000000002,0.33333333333333337,0.32333333333333336,0,0.0,97,0.3233333333333333,1.248749852180481,1.248749852180481,1.660354495048523,0.8229097528382302,0.7222534510607123,-4.937699754211628,0.3233333333333333,97,1.564516129032258,8,62,HILCodec_3kbps,121-121726-0000.flac,42
random_loss,0.3,fixed_0.7,0.7,1,300,1,0.0033333333333333335,3.0,3.0100000000000002,0.33333333333333337,0.3433333333333334,0,0.0,103,0.3433333333333333,1.2403775453567505,1.2403775453567505,1.505871295928955,0.7651585774073082,0.6742040349710103,-5.749453747494233,0.3433333333333333,103,1.5846153846153845,6,65,HILCodec_3kbps,121-121726-0000.flac,123
random_loss,0.3,fixed_0.7,0.7,2,300,1,0.0033333333333333335,3.0,3.0100000000000002,0.33333333333333337,0.32333333333333336,0,0.0,97,0.3233333333333333,1.248749852180481,1.248749852180481,1.660354495048523,0.8229097528382302,0.7222534510607123,-4.937699754211628,0.3233333333333333,97,1.564516129032258,8,62,HILCodec_3kbps,121-121726-0000.flac,42
random_loss,0.3,fixed_0.7,0.7,2,300,1,0.0033333333333333335,3.0,3.0100000000000002,0.33333333333333337,0.3433333333333334,0,0.0,103,0.3433333333333333,1.2403775453567505,1.2403775453567505,1.505871295928955,0.7651585774073082,0.6742040349710103,-5.749453747494233,0.3433333333333333,103,1.5846153846153845,6,65,HILCodec_3kbps,121-121726-0000.flac,123
random_loss,0.3,adaptive_mean_std,dynamic,1,300,33,0.11,3.0,3.33,11.0,0.32333333333333336,7,0.07216494845360824,90,0.3,1.2719440460205078,1.2719440460205078,1.6850523948669434,0.8383058135931176,0.7460948642765022,-4.500751267103329,0.3,90,1.6363636363636365,8,55,HILCodec_3kbps,121-121726-0000.flac,42
random_loss,0.3,adaptive_mean_std,dynamic,1,300,33,0.11,3.0,3.33,11.0,0.3433333333333334,8,0.07766990291262135,95,0.31666666666666665,1.2826159000396729,1.2826159000396729,1.6005604267120361,0.7880351204053244,0.7176067709348363,-5.140001013501764,0.31666666666666665,95,1.5833333333333333,6,60,HILCodec_3kbps,121-121726-0000.flac,123
random_loss,0.3,adaptive_mean_std,dynamic,2,300,33,0.11,3.0,3.33,11.0,0.32333333333333336,4,0.041237113402061855,93,0.31,1.2820379734039307,1.2820379734039307,1.7186775207519531,0.8310909953272975,0.7387240277591461,-4.5364480963249045,0.31,93,1.576271186440678,8,59,HILCodec_3kbps,121-121726-0000.flac,42
random_loss,0.3,adaptive_mean_std,dynamic,2,300,33,0.11,3.0,3.33,11.0,0.3433333333333334,7,0.06796116504854369,96,0.32,1.2615724802017212,1.2615724802017212,1.5688164234161377,0.7853350460632441,0.7096232996987711,-5.310899968730797,0.32,96,1.5737704918032787,6,61,HILCodec_3kbps,121-121726-0000.flac,123
random_loss,0.3,adaptive_quantile_70,dynamic,1,300,98,0.32666666666666666,3.0,3.98,32.666666666666664,0.32333333333333336,16,0.16494845360824742,81,0.27,1.302266001701355,1.302266001701355,1.753132939338684,0.8524808950030555,0.7648789003977188,-3.031089950830122,0.27,81,1.6875,7,48,HILCodec_3kbps,121-121726-0000.flac,42
random_loss,0.3,adaptive_quantile_70,dynamic,1,300,98,0.32666666666666666,3.0,3.98,32.666666666666664,0.3433333333333334,25,0.24271844660194175,78,0.26,1.3690497875213623,1.3690497875213623,1.735924482345581,0.8403637953992645,0.7606550687244523,-3.34468548152775,0.26,78,1.6595744680851063,6,47,HILCodec_3kbps,121-121726-0000.flac,123
random_loss,0.3,adaptive_quantile_70,dynamic,2,300,98,0.32666666666666666,3.0,3.98,32.666666666666664,0.32333333333333336,12,0.12371134020618557,85,0.2833333333333333,1.325371503829956,1.325371503829956,1.7835118770599365,0.8467507274431388,0.7573407823735072,-3.0914792904788895,0.2833333333333333,85,1.5740740740740742,7,54,HILCodec_3kbps,121-121726-0000.flac,42
random_loss,0.3,adaptive_quantile_70,dynamic,2,300,98,0.32666666666666666,3.0,3.98,32.666666666666664,0.3433333333333334,20,0.1941747572815534,83,0.27666666666666667,1.3815593719482422,1.3815593719482422,1.7925177812576294,0.8288567683566418,0.746338577836419,-3.0003515149854194,0.27666666666666667,83,1.5660377358490567,6,53,HILCodec_3kbps,121-121726-0000.flac,123
random_loss,0.3,all_duplicate,all_duplicate,1,300,300,1.0,3.0,6.0,100.0,0.32333333333333336,62,0.6391752577319587,35,0.11666666666666667,1.7255632877349854,1.7255632877349854,2.328498125076294,0.8966416409079959,0.8343454240528203,-0.548828789976266,0.11666666666666667,35,1.6666666666666667,7,21,HILCodec_3kbps,121-121726-0000.flac,42
random_loss,0.3,all_duplicate,all_duplicate,1,300,300,1.0,3.0,6.0,100.0,0.3433333333333334,65,0.6310679611650486,38,0.12666666666666668,1.614222764968872,1.614222764968872,2.127028703689575,0.892485867669913,0.8322526908221601,-1.2363361717331802,0.12666666666666668,38,1.52,5,25,HILCodec_3kbps,121-121726-0000.flac,123
random_loss,0.3,all_duplicate,all_duplicate,2,300,300,1.0,3.0,6.0,100.0,0.32333333333333336,61,0.6288659793814433,36,0.12,1.593327522277832,1.593327522277832,2.227980852127075,0.8895002836698213,0.8328036636333989,-0.5012405014628218,0.12,36,1.2857142857142858,6,28,HILCodec_3kbps,121-121726-0000.flac,42
random_loss,0.3,all_duplicate,all_duplicate,2,300,300,1.0,3.0,6.0,100.0,0.3433333333333334,65,0.6310679611650486,38,0.12666666666666668,1.8187947273254395,1.8187947273254395,2.4357523918151855,0.8935594903002977,0.8393981695711084,0.009841212245938862,0.12666666666666668,38,1.1875,4,32,HILCodec_3kbps,121-121726-0000.flac,123
random_loss,0.4,no_duplicate,no_duplicate,1,300,0,0.0,3.0,3.0,0.0,0.41000000000000003,0,0.0,123,0.41,1.1931241750717163,1.1931241750717163,1.4870496988296509,0.7731990071978803,0.6481173706472403,-6.88564630227395,0.41,123,1.662162162162162,8,74,HILCodec_3kbps,121-121726-0000.flac,42
random_loss,0.4,no_duplicate,no_duplicate,1,300,0,0.0,3.0,3.0,0.0,0.42333333333333334,0,0.0,127,0.42333333333333334,1.1790872812271118,1.1790872812271118,1.4295406341552734,0.7277533295953669,0.629907139674124,-7.883725704063736,0.42333333333333334,127,1.7887323943661972,6,71,HILCodec_3kbps,121-121726-0000.flac,123
random_loss,0.4,no_duplicate,no_duplicate,2,300,0,0.0,3.0,3.0,0.0,0.41000000000000003,0,0.0,123,0.41,1.1931241750717163,1.1931241750717163,1.4870496988296509,0.7731990071978803,0.6481173706472403,-6.88564630227395,0.41,123,1.662162162162162,8,74,HILCodec_3kbps,121-121726-0000.flac,42
random_loss,0.4,no_duplicate,no_duplicate,2,300,0,0.0,3.0,3.0,0.0,0.42333333333333334,0,0.0,127,0.42333333333333334,1.1790872812271118,1.1790872812271118,1.4295406341552734,0.7277533295953669,0.6299071396741242,-7.883725704063736,0.42333333333333334,127,1.7887323943661972,6,71,HILCodec_3kbps,121-121726-0000.flac,123
random_loss,0.4,fixed_0.3,0.3,1,300,31,0.10333333333333333,3.0,3.3099999999999996,10.333333333333334,0.41000000000000003,6,0.04878048780487805,117,0.39,1.2295629978179932,1.2295629978179932,1.6097288131713867,0.7966809631131556,0.6708829823684231,-6.470865743579255,0.39,117,1.6956521739130435,8,69,HILCodec_3kbps,121-121726-0000.flac,42
random_loss,0.4,fixed_0.3,0.3,1,300,31,0.10333333333333333,3.0,3.3099999999999996,10.333333333333334,0.42333333333333334,11,0.08661417322834646,116,0.38666666666666666,1.1951111555099487,1.1951111555099487,1.4809849262237549,0.7583959868891341,0.6756182320792679,-7.345348155637392,0.38666666666666666,116,1.8125,6,64,HILCodec_3kbps,121-121726-0000.flac,123
random_loss,0.4,fixed_0.3,0.3,2,300,31,0.10333333333333333,3.0,3.3099999999999996,10.333333333333334,0.41000000000000003,4,0.032520325203252036,119,0.39666666666666667,1.2227461338043213,1.2227461338043213,1.6323747634887695,0.7890351177359248,0.6668275059357155,-6.48107503555131,0.39666666666666667,119,1.6527777777777777,8,72,HILCodec_3kbps,121-121726-0000.flac,42
random_loss,0.4,fixed_0.3,0.3,2,300,31,0.10333333333333333,3.0,3.3099999999999996,10.333333333333334,0.42333333333333334,9,0.07086614173228346,118,0.3933333333333333,1.2067347764968872,1.2067347764968872,1.4745503664016724,0.7592352092594172,0.6710245108201536,-7.268393239926071,0.3933333333333333,118,1.7611940298507462,6,67,HILCodec_3kbps,121-121726-0000.flac,123
random_loss,0.4,fixed_0.5,0.5,1,300,11,0.03666666666666667,3.0,3.11,3.6666666666666665,0.41000000000000003,3,0.024390243902439025,120,0.4,1.2093744277954102,1.2093744277954102,1.5992687940597534,0.7781296198042312,0.6567555060331842,-6.594239645707787,0.4,120,1.6901408450704225,8,71,HILCodec_3kbps,121-121726-0000.flac,42
random_loss,0.4,fixed_0.5,0.5,1,300,11,0.03666666666666667,3.0,3.11,3.6666666666666665,0.42333333333333334,1,0.007874015748031496,126,0.42,1.1784864664077759,1.1784864664077759,1.4289356470108032,0.7287525724352137,0.6298136097273919,-7.720614003773598,0.42,126,1.8,6,70,HILCodec_3kbps,121-121726-0000.flac,123
random_loss,0.4,fixed_0.5,0.5,2,300,11,0.03666666666666667,3.0,3.11,3.6666666666666665,0.41000000000000003,2,0.016260162601626018,121,0.4033333333333333,1.2090641260147095,1.2090641260147095,1.5984933376312256,0.7761243145282877,0.6548001762356765,-6.6030420223507384,0.4033333333333333,121,1.6805555555555556,8,72,HILCodec_3kbps,121-121726-0000.flac,42
random_loss,0.4,fixed_0.5,0.5,2,300,11,0.03666666666666667,3.0,3.11,3.6666666666666665,0.42333333333333334,2,0.015748031496062992,125,0.4166666666666667,1.1872940063476562,1.1872940063476562,1.4617631435394287,0.7367300413064664,0.642860000372699,-7.6691374062424265,0.4166666666666667,125,1.7857142857142858,6,70,HILCodec_3kbps,121-121726-0000.flac,123
random_loss,0.4,fixed_0.7,0.7,1,300,1,0.0033333333333333335,3.0,3.0100000000000002,0.33333333333333337,0.41000000000000003,0,0.0,123,0.41,1.1931241750717163,1.1931241750717163,1.4870496988296509,0.7731990071978803,0.6481173706472403,-6.88564630227395,0.41,123,1.662162162162162,8,74,HILCodec_3kbps,121-121726-0000.flac,42
random_loss,0.4,fixed_0.7,0.7,1,300,1,0.0033333333333333335,3.0,3.0100000000000002,0.33333333333333337,0.42333333333333334,0,0.0,127,0.42333333333333334,1.1790872812271118,1.1790872812271118,1.4295406341552734,0.7277533295953669,0.6299071396741242,-7.883725704063736,0.42333333333333334,127,1.7887323943661972,6,71,HILCodec_3kbps,121-121726-0000.flac,123
random_loss,0.4,fixed_0.7,0.7,2,300,1,0.0033333333333333335,3.0,3.0100000000000002,0.33333333333333337,0.41000000000000003,0,0.0,123,0.41,1.1931241750717163,1.1931241750717163,1.4870496988296509,0.7731990071978803,0.6481173706472403,-6.88564630227395,0.41,123,1.662162162162162,8,74,HILCodec_3kbps,121-121726-0000.flac,42
random_loss,0.4,fixed_0.7,0.7,2,300,1,0.0033333333333333335,3.0,3.0100000000000002,0.33333333333333337,0.42333333333333334,0,0.0,127,0.42333333333333334,1.1790872812271118,1.1790872812271118,1.4295406341552734,0.7277533295953669,0.629907139674124,-7.883725704063736,0.42333333333333334,127,1.7887323943661972,6,71,HILCodec_3kbps,121-121726-0000.flac,123
random_loss,0.4,adaptive_mean_std,dynamic,1,300,33,0.11,3.0,3.33,11.0,0.41000000000000003,7,0.056910569105691054,116,0.38666666666666666,1.2296545505523682,1.2296545505523682,1.6096274852752686,0.7966992580101103,0.670871365276472,-6.465617986689589,0.38666666666666666,116,1.7058823529411764,8,68,HILCodec_3kbps,121-121726-0000.flac,42
random_loss,0.4,adaptive_mean_std,dynamic,1,300,33,0.11,3.0,3.33,11.0,0.42333333333333334,10,0.07874015748031496,117,0.39,1.1966493129730225,1.1966493129730225,1.4731489419937134,0.7478107117106838,0.6657494174483224,-7.547277603743213,0.39,117,1.8,6,65,HILCodec_3kbps,121-121726-0000.flac,123
random_loss,0.4,adaptive_mean_std,dynamic,2,300,33,0.11,3.0,3.33,11.0,0.41000000000000003,4,0.032520325203252036,119,0.39666666666666667,1.2227461338043213,1.2227461338043213,1.6323747634887695,0.7890351177359248,0.6668275059357155,-6.48107503555131,0.39666666666666667,119,1.6527777777777777,8,72,HILCodec_3kbps,121-121726-0000.flac,42
random_loss,0.4,adaptive_mean_std,dynamic,2,300,33,0.11,3.0,3.33,11.0,0.42333333333333334,9,0.07086614173228346,118,0.3933333333333333,1.2133913040161133,1.2133913040161133,1.4738680124282837,0.7569372231396795,0.6680352933421717,-7.329412223574897,0.3933333333333333,118,1.7611940298507462,6,67,HILCodec_3kbps,121-121726-0000.flac,123
random_loss,0.4,adaptive_quantile_70,dynamic,1,300,98,0.32666666666666666,3.0,3.98,32.666666666666664,0.41000000000000003,18,0.14634146341463414,105,0.35,1.2734509706497192,1.2734509706497192,1.6669645309448242,0.8232657179663307,0.7150797661276398,-4.797911081912545,0.35,105,1.721311475409836,7,61,HILCodec_3kbps,121-121726-0000.flac,42
random_loss,0.4,adaptive_quantile_70,dynamic,1,300,98,0.32666666666666666,3.0,3.98,32.666666666666664,0.42333333333333334,29,0.2283464566929134,98,0.32666666666666666,1.237828016281128,1.237828016281128,1.5687355995178223,0.8037321019558703,0.7143021325673938,-5.905799640191223,0.32666666666666666,98,1.849056603773585,6,53,HILCodec_3kbps,121-121726-0000.flac,123
random_loss,0.4,adaptive_quantile_70,dynamic,2,300,98,0.32666666666666666,3.0,3.98,32.666666666666664,0.41000000000000003,17,0.13821138211382114,106,0.35333333333333333,1.293562412261963,1.293562412261963,1.7124069929122925,0.8250230925662949,0.7174045600492719,-4.269310617727859,0.35333333333333333,106,1.606060606060606,7,66,HILCodec_3kbps,121-121726-0000.flac,42
random_loss,0.4,adaptive_quantile_70,dynamic,2,300,98,0.32666666666666666,3.0,3.98,32.666666666666664,0.42333333333333334,24,0.1889763779527559,103,0.3433333333333333,1.273734211921692,1.273734211921692,1.6091628074645996,0.7999774884444473,0.708977776674458,-4.8285438735882265,0.3433333333333333,103,1.6885245901639345,6,61,HILCodec_3kbps,121-121726-0000.flac,123
random_loss,0.4,all_duplicate,all_duplicate,1,300,300,1.0,3.0,6.0,100.0,0.41000000000000003,74,0.6016260162601627,49,0.16333333333333333,1.5664036273956299,1.5664036273956299,2.157266855239868,0.8791313742369387,0.8064553249681388,-1.463478278052105,0.16333333333333333,49,1.4848484848484849,7,33,HILCodec_3kbps,121-121726-0000.flac,42
random_loss,0.4,all_duplicate,all_duplicate,1,300,300,1.0,3.0,6.0,100.0,0.42333333333333334,71,0.5590551181102362,56,0.18666666666666668,1.390825629234314,1.390825629234314,1.7738792896270752,0.8442385727468272,0.7818523259708762,-3.8053649882636975,0.18666666666666668,56,1.75,5,32,HILCodec_3kbps,121-121726-0000.flac,123
random_loss,0.4,all_duplicate,all_duplicate,2,300,300,1.0,3.0,6.0,100.0,0.41000000000000003,74,0.6016260162601627,49,0.16333333333333333,1.4919980764389038,1.4919980764389038,2.059528350830078,0.8740503013881308,0.8090609870669027,-0.950348607400803,0.16333333333333333,49,1.1951219512195121,6,41,HILCodec_3kbps,121-121726-0000.flac,42
random_loss,0.4,all_duplicate,all_duplicate,2,300,300,1.0,3.0,6.0,100.0,0.42333333333333334,73,0.5748031496062992,54,0.18,1.5089542865753174,1.5089542865753174,2.032026529312134,0.8713606267379704,0.8092808855814279,-1.6632744485236106,0.18,54,1.255813953488372,4,43,HILCodec_3kbps,121-121726-0000.flac,123
random_loss,0.0,no_duplicate,no_duplicate,1,300,0,0.0,3.0,3.0,0.0,0.0,0,0.0,0,0.0,2.5609242916107178,2.5609242916107178,3.1601884365081787,0.929707833959024,0.8524344756376215,-4.224167607580874,0.0,0,0.0,0,0,HILCodec_3kbps,1221-135766-0000.flac,42
random_loss,0.0,no_duplicate,no_duplicate,1,300,0,0.0,3.0,3.0,0.0,0.0,0,0.0,0,0.0,2.5609242916107178,2.5609242916107178,3.1601884365081787,0.929707833959024,0.8524344756376215,-4.224167607580874,0.0,0,0.0,0,0,HILCodec_3kbps,1221-135766-0000.flac,123
random_loss,0.0,no_duplicate,no_duplicate,2,300,0,0.0,3.0,3.0,0.0,0.0,0,0.0,0,0.0,2.5609242916107178,2.5609242916107178,3.1601884365081787,0.929707833959024,0.8524344756376215,-4.224167607580874,0.0,0,0.0,0,0,HILCodec_3kbps,1221-135766-0000.flac,42
random_loss,0.0,no_duplicate,no_duplicate,2,300,0,0.0,3.0,3.0,0.0,0.0,0,0.0,0,0.0,2.5609242916107178,2.5609242916107178,3.1601884365081787,0.929707833959024,0.8524344756376215,-4.224167607580874,0.0,0,0.0,0,0,HILCodec_3kbps,1221-135766-0000.flac,123
random_loss,0.0,fixed_0.3,0.3,1,300,52,0.17333333333333334,3.0,3.52,17.333333333333336,0.0,0,0.0,0,0.0,2.5609242916107178,2.5609242916107178,3.1601884365081787,0.929707833959024,0.8524344756376215,-4.224167607580874,0.0,0,0.0,0,0,HILCodec_3kbps,1221-135766-0000.flac,42
random_loss,0.0,fixed_0.3,0.3,1,300,52,0.17333333333333334,3.0,3.52,17.333333333333336,0.0,0,0.0,0,0.0,2.5609242916107178,2.5609242916107178,3.1601884365081787,0.929707833959024,0.8524344756376215,-4.224167607580874,0.0,0,0.0,0,0,HILCodec_3kbps,1221-135766-0000.flac,123
random_loss,0.0,fixed_0.3,0.3,2,300,52,0.17333333333333334,3.0,3.52,17.333333333333336,0.0,0,0.0,0,0.0,2.5609242916107178,2.5609242916107178,3.1601884365081787,0.929707833959024,0.8524344756376216,-4.224167607580874,0.0,0,0.0,0,0,HILCodec_3kbps,1221-135766-0000.flac,42
random_loss,0.0,fixed_0.3,0.3,2,300,52,0.17333333333333334,3.0,3.52,17.333333333333336,0.0,0,0.0,0,0.0,2.5609242916107178,2.5609242916107178,3.1601884365081787,0.929707833959024,0.8524344756376215,-4.224167607580874,0.0,0,0.0,0,0,HILCodec_3kbps,1221-135766-0000.flac,123
random_loss,0.0,fixed_0.5,0.5,1,300,7,0.023333333333333334,3.0,3.0700000000000003,2.3333333333333335,0.0,0,0.0,0,0.0,2.5609242916107178,2.5609242916107178,3.1601884365081787,0.929707833959024,0.8524344756376215,-4.224167607580874,0.0,0,0.0,0,0,HILCodec_3kbps,1221-135766-0000.flac,42
random_loss,0.0,fixed_0.5,0.5,1,300,7,0.023333333333333334,3.0,3.0700000000000003,2.3333333333333335,0.0,0,0.0,0,0.0,2.5609242916107178,2.5609242916107178,3.1601884365081787,0.929707833959024,0.8524344756376215,-4.224167607580874,0.0,0,0.0,0,0,HILCodec_3kbps,1221-135766-0000.flac,123
random_loss,0.0,fixed_0.5,0.5,2,300,7,0.023333333333333334,3.0,3.0700000000000003,2.3333333333333335,0.0,0,0.0,0,0.0,2.5609242916107178,2.5609242916107178,3.1601884365081787,0.929707833959024,0.8524344756376215,-4.224167607580874,0.0,0,0.0,0,0,HILCodec_3kbps,1221-135766-0000.flac,42
random_loss,0.0,fixed_0.5,0.5,2,300,7,0.023333333333333334,3.0,3.0700000000000003,2.3333333333333335,0.0,0,0.0,0,0.0,2.5609242916107178,2.5609242916107178,3.1601884365081787,0.929707833959024,0.8524344756376215,-4.224167607580874,0.0,0,0.0,0,0,HILCodec_3kbps,1221-135766-0000.flac,123
random_loss,0.0,fixed_0.7,0.7,1,300,0,0.0,3.0,3.0,0.0,0.0,0,0.0,0,0.0,2.5609242916107178,2.5609242916107178,3.1601884365081787,0.929707833959024,0.8524344756376215,-4.224167607580874,0.0,0,0.0,0,0,HILCodec_3kbps,1221-135766-0000.flac,42
random_loss,0.0,fixed_0.7,0.7,1,300,0,0.0,3.0,3.0,0.0,0.0,0,0.0,0,0.0,2.5609242916107178,2.5609242916107178,3.1601884365081787,0.929707833959024,0.8524344756376215,-4.224167607580874,0.0,0,0.0,0,0,HILCodec_3kbps,1221-135766-0000.flac,123
random_loss,0.0,fixed_0.7,0.7,2,300,0,0.0,3.0,3.0,0.0,0.0,0,0.0,0,0.0,2.5609242916107178,2.5609242916107178,3.1601884365081787,0.929707833959024,0.8524344756376215,-4.224167607580874,0.0,0,0.0,0,0,HILCodec_3kbps,1221-135766-0000.flac,42
random_loss,0.0,fixed_0.7,0.7,2,300,0,0.0,3.0,3.0,0.0,0.0,0,0.0,0,0.0,2.5609242916107178,2.5609242916107178,3.1601884365081787,0.929707833959024,0.8524344756376215,-4.224167607580874,0.0,0,0.0,0,0,HILCodec_3kbps,1221-135766-0000.flac,123
random_loss,0.0,adaptive_mean_std,dynamic,1,300,32,0.10666666666666667,3.0,3.3200000000000003,10.666666666666668,0.0,0,0.0,0,0.0,2.5609242916107178,2.5609242916107178,3.1601884365081787,0.929707833959024,0.8524344756376215,-4.224167607580874,0.0,0,0.0,0,0,HILCodec_3kbps,1221-135766-0000.flac,42
random_loss,0.0,adaptive_mean_std,dynamic,1,300,32,0.10666666666666667,3.0,3.3200000000000003,10.666666666666668,0.0,0,0.0,0,0.0,2.5609242916107178,2.5609242916107178,3.1601884365081787,0.929707833959024,0.8524344756376215,-4.224167607580874,0.0,0,0.0,0,0,HILCodec_3kbps,1221-135766-0000.flac,123
random_loss,0.0,adaptive_mean_std,dynamic,2,300,32,0.10666666666666667,3.0,3.3200000000000003,10.666666666666668,0.0,0,0.0,0,0.0,2.5609242916107178,2.5609242916107178,3.1601884365081787,0.929707833959024,0.8524344756376215,-4.224167607580874,0.0,0,0.0,0,0,HILCodec_3kbps,1221-135766-0000.flac,42
random_loss,0.0,adaptive_mean_std,dynamic,2,300,32,0.10666666666666667,3.0,3.3200000000000003,10.666666666666668,0.0,0,0.0,0,0.0,2.5609242916107178,2.5609242916107178,3.1601884365081787,0.929707833959024,0.8524344756376215,-4.224167607580874,0.0,0,0.0,0,0,HILCodec_3kbps,1221-135766-0000.flac,123
random_loss,0.0,adaptive_quantile_70,dynamic,1,300,65,0.21666666666666667,3.0,3.6500000000000004,21.666666666666668,0.0,0,0.0,0,0.0,2.5609242916107178,2.5609242916107178,3.1601884365081787,0.929707833959024,0.8524344756376215,-4.224167607580874,0.0,0,0.0,0,0,HILCodec_3kbps,1221-135766-0000.flac,42
random_loss,0.0,adaptive_quantile_70,dynamic,1,300,65,0.21666666666666667,3.0,3.6500000000000004,21.666666666666668,0.0,0,0.0,0,0.0,2.5609242916107178,2.5609242916107178,3.1601884365081787,0.929707833959024,0.8524344756376215,-4.224167607580874,0.0,0,0.0,0,0,HILCodec_3kbps,1221-135766-0000.flac,123
random_loss,0.0,adaptive_quantile_70,dynamic,2,300,65,0.21666666666666667,3.0,3.6500000000000004,21.666666666666668,0.0,0,0.0,0,0.0,2.5609242916107178,2.5609242916107178,3.1601884365081787,0.929707833959024,0.8524344756376215,-4.224167607580874,0.0,0,0.0,0,0,HILCodec_3kbps,1221-135766-0000.flac,42
random_loss,0.0,adaptive_quantile_70,dynamic,2,300,65,0.21666666666666667,3.0,3.6500000000000004,21.666666666666668,0.0,0,0.0,0,0.0,2.5609242916107178,2.5609242916107178,3.1601884365081787,0.929707833959024,0.8524344756376215,-4.224167607580874,0.0,0,0.0,0,0,HILCodec_3kbps,1221-135766-0000.flac,123
random_loss,0.0,all_duplicate,all_duplicate,1,300,300,1.0,3.0,6.0,100.0,0.0,0,0.0,0,0.0,2.5609242916107178,2.5609242916107178,3.1601884365081787,0.929707833959024,0.8524344756376215,-4.224167607580874,0.0,0,0.0,0,0,HILCodec_3kbps,1221-135766-0000.flac,42
random_loss,0.0,all_duplicate,all_duplicate,1,300,300,1.0,3.0,6.0,100.0,0.0,0,0.0,0,0.0,2.5609242916107178,2.5609242916107178,3.1601884365081787,0.929707833959024,0.8524344756376215,-4.224167607580874,0.0,0,0.0,0,0,HILCodec_3kbps,1221-135766-0000.flac,123
random_loss,0.0,all_duplicate,all_duplicate,2,300,300,1.0,3.0,6.0,100.0,0.0,0,0.0,0,0.0,2.5609242916107178,2.5609242916107178,3.1601884365081787,0.929707833959024,0.8524344756376215,-4.224167607580874,0.0,0,0.0,0,0,HILCodec_3kbps,1221-135766-0000.flac,42
random_loss,0.0,all_duplicate,all_duplicate,2,300,300,1.0,3.0,6.0,100.0,0.0,0,0.0,0,0.0,2.5609242916107178,2.5609242916107178,3.1601884365081787,0.929707833959024,0.8524344756376215,-4.224167607580874,0.0,0,0.0,0,0,HILCodec_3kbps,1221-135766-0000.flac,123
random_loss,0.01,no_duplicate,no_duplicate,1,300,0,0.0,3.0,3.0,0.0,0.0033333333333332993,0,0.0,1,0.0033333333333333335,2.5193049907684326,2.5193049907684326,3.0977108478546143,0.9294176424785358,0.8517224601507479,-4.835080786705702,0.0033333333333333335,1,1.0,1,1,HILCodec_3kbps,1221-135766-0000.flac,42
random_loss,0.01,no_duplicate,no_duplicate,1,300,0,0.0,3.0,3.0,0.0,0.013333333333333308,0,0.0,4,0.013333333333333334,2.0758283138275146,2.0758283138275146,2.869858980178833,0.9254831583503187,0.8432597467436175,-4.726902122842435,0.013333333333333334,4,1.0,1,4,HILCodec_3kbps,1221-135766-0000.flac,123
random_loss,0.01,no_duplicate,no_duplicate,2,300,0,0.0,3.0,3.0,0.0,0.0033333333333332993,0,0.0,1,0.0033333333333333335,2.5193049907684326,2.5193049907684326,3.0977108478546143,0.9294176424785358,0.8517224601507479,-4.835080786705702,0.0033333333333333335,1,1.0,1,1,HILCodec_3kbps,1221-135766-0000.flac,42
random_loss,0.01,no_duplicate,no_duplicate,2,300,0,0.0,3.0,3.0,0.0,0.013333333333333308,0,0.0,4,0.013333333333333334,2.0758283138275146,2.0758283138275146,2.869858980178833,0.9254831583503187,0.8432597467436176,-4.726902122842435,0.013333333333333334,4,1.0,1,4,HILCodec_3kbps,1221-135766-0000.flac,123
random_loss,0.01,fixed_0.3,0.3,1,300,52,0.17333333333333334,3.0,3.52,17.333333333333336,0.0033333333333332993,0,0.0,1,0.0033333333333333335,2.5193049907684326,2.5193049907684326,3.0977108478546143,0.9294176424785358,0.8517224601507479,-4.835080786705702,0.0033333333333333335,1,1.0,1,1,HILCodec_3kbps,1221-135766-0000.flac,42
random_loss,0.01,fixed_0.3,0.3,1,300,52,0.17333333333333334,3.0,3.52,17.333333333333336,0.013333333333333308,0,0.0,4,0.013333333333333334,2.0758283138275146,2.0758283138275146,2.869858980178833,0.9254831583503187,0.8432597467436176,-4.726902122842435,0.013333333333333334,4,1.0,1,4,HILCodec_3kbps,1221-135766-0000.flac,123
random_loss,0.01,fixed_0.3,0.3,2,300,52,0.17333333333333334,3.0,3.52,17.333333333333336,0.0033333333333332993,0,0.0,1,0.0033333333333333335,2.5193049907684326,2.5193049907684326,3.0977108478546143,0.9294176424785358,0.8517224601507479,-4.835080786705702,0.0033333333333333335,1,1.0,1,1,HILCodec_3kbps,1221-135766-0000.flac,42
random_loss,0.01,fixed_0.3,0.3,2,300,52,0.17333333333333334,3.0,3.52,17.333333333333336,0.013333333333333308,0,0.0,4,0.013333333333333334,2.0758283138275146,2.0758283138275146,2.869858980178833,0.9254831583503187,0.8432597467436176,-4.726902122842435,0.013333333333333334,4,1.0,1,4,HILCodec_3kbps,1221-135766-0000.flac,123
random_loss,0.01,fixed_0.5,0.5,1,300,7,0.023333333333333334,3.0,3.0700000000000003,2.3333333333333335,0.0033333333333332993,0,0.0,1,0.0033333333333333335,2.5193049907684326,2.5193049907684326,3.0977108478546143,0.9294176424785358,0.8517224601507479,-4.835080786705702,0.0033333333333333335,1,1.0,1,1,HILCodec_3kbps,1221-135766-0000.flac,42
random_loss,0.01,fixed_0.5,0.5,1,300,7,0.023333333333333334,3.0,3.0700000000000003,2.3333333333333335,0.013333333333333308,0,0.0,4,0.013333333333333334,2.0758283138275146,2.0758283138275146,2.869858980178833,0.9254831583503187,0.8432597467436175,-4.726902122842435,0.013333333333333334,4,1.0,1,4,HILCodec_3kbps,1221-135766-0000.flac,123
random_loss,0.01,fixed_0.5,0.5,2,300,7,0.023333333333333334,3.0,3.0700000000000003,2.3333333333333335,0.0033333333333332993,0,0.0,1,0.0033333333333333335,2.5193049907684326,2.5193049907684326,3.0977108478546143,0.9294176424785358,0.8517224601507479,-4.835080786705702,0.0033333333333333335,1,1.0,1,1,HILCodec_3kbps,1221-135766-0000.flac,42
random_loss,0.01,fixed_0.5,0.5,2,300,7,0.023333333333333334,3.0,3.0700000000000003,2.3333333333333335,0.013333333333333308,0,0.0,4,0.013333333333333334,2.0758283138275146,2.0758283138275146,2.869858980178833,0.9254831583503187,0.8432597467436175,-4.726902122842435,0.013333333333333334,4,1.0,1,4,HILCodec_3kbps,1221-135766-0000.flac,123
random_loss,0.01,fixed_0.7,0.7,1,300,0,0.0,3.0,3.0,0.0,0.0033333333333332993,0,0.0,1,0.0033333333333333335,2.5193049907684326,2.5193049907684326,3.0977108478546143,0.9294176424785358,0.8517224601507479,-4.835080786705702,0.0033333333333333335,1,1.0,1,1,HILCodec_3kbps,1221-135766-0000.flac,42
random_loss,0.01,fixed_0.7,0.7,1,300,0,0.0,3.0,3.0,0.0,0.013333333333333308,0,0.0,4,0.013333333333333334,2.0758283138275146,2.0758283138275146,2.869858980178833,0.9254831583503187,0.8432597467436175,-4.726902122842435,0.013333333333333334,4,1.0,1,4,HILCodec_3kbps,1221-135766-0000.flac,123
random_loss,0.01,fixed_0.7,0.7,2,300,0,0.0,3.0,3.0,0.0,0.0033333333333332993,0,0.0,1,0.0033333333333333335,2.5193049907684326,2.5193049907684326,3.0977108478546143,0.9294176424785358,0.8517224601507479,-4.835080786705702,0.0033333333333333335,1,1.0,1,1,HILCodec_3kbps,1221-135766-0000.flac,42
random_loss,0.01,fixed_0.7,0.7,2,300,0,0.0,3.0,3.0,0.0,0.013333333333333308,0,0.0,4,0.013333333333333334,2.0758283138275146,2.0758283138275146,2.869858980178833,0.9254831583503187,0.8432597467436174,-4.726902122842435,0.013333333333333334,4,1.0,1,4,HILCodec_3kbps,1221-135766-0000.flac,123
random_loss,0.01,adaptive_mean_std,dynamic,1,300,32,0.10666666666666667,3.0,3.3200000000000003,10.666666666666668,0.0033333333333332993,0,0.0,1,0.0033333333333333335,2.5193049907684326,2.5193049907684326,3.0977108478546143,0.9294176424785358,0.8517224601507479,-4.835080786705702,0.0033333333333333335,1,1.0,1,1,HILCodec_3kbps,1221-135766-0000.flac,42
random_loss,0.01,adaptive_mean_std,dynamic,1,300,32,0.10666666666666667,3.0,3.3200000000000003,10.666666666666668,0.013333333333333308,0,0.0,4,0.013333333333333334,2.0758283138275146,2.0758283138275146,2.869858980178833,0.9254831583503187,0.8432597467436176,-4.726902122842435,0.013333333333333334,4,1.0,1,4,HILCodec_3kbps,1221-135766-0000.flac,123
random_loss,0.01,adaptive_mean_std,dynamic,2,300,32,0.10666666666666667,3.0,3.3200000000000003,10.666666666666668,0.0033333333333332993,0,0.0,1,0.0033333333333333335,2.5193049907684326,2.5193049907684326,3.0977108478546143,0.9294176424785358,0.8517224601507479,-4.835080786705702,0.0033333333333333335,1,1.0,1,1,HILCodec_3kbps,1221-135766-0000.flac,42
random_loss,0.01,adaptive_mean_std,dynamic,2,300,32,0.10666666666666667,3.0,3.3200000000000003,10.666666666666668,0.013333333333333308,0,0.0,4,0.013333333333333334,2.0758283138275146,2.0758283138275146,2.869858980178833,0.9254831583503187,0.8432597467436176,-4.726902122842435,0.013333333333333334,4,1.0,1,4,HILCodec_3kbps,1221-135766-0000.flac,123
random_loss,0.01,adaptive_quantile_70,dynamic,1,300,65,0.21666666666666667,3.0,3.6500000000000004,21.666666666666668,0.0033333333333332993,0,0.0,1,0.0033333333333333335,2.5193049907684326,2.5193049907684326,3.0977108478546143,0.9294176424785358,0.8517224601507479,-4.835080786705702,0.0033333333333333335,1,1.0,1,1,HILCodec_3kbps,1221-135766-0000.flac,42
random_loss,0.01,adaptive_quantile_70,dynamic,1,300,65,0.21666666666666667,3.0,3.6500000000000004,21.666666666666668,0.013333333333333308,1,0.25,3,0.01,2.080933094024658,2.080933094024658,2.869699239730835,0.9255525615924406,0.8436534853407053,-4.693143238455834,0.01,3,1.0,1,3,HILCodec_3kbps,1221-135766-0000.flac,123
random_loss,0.01,adaptive_quantile_70,dynamic,2,300,65,0.21666666666666667,3.0,3.6500000000000004,21.666666666666668,0.0033333333333332993,0,0.0,1,0.0033333333333333335,2.5193049907684326,2.5193049907684326,3.0977108478546143,0.9294176424785358,0.8517224601507479,-4.835080786705702,0.0033333333333333335,1,1.0,1,1,HILCodec_3kbps,1221-135766-0000.flac,42
random_loss,0.01,adaptive_quantile_70,dynamic,2,300,65,0.21666666666666667,3.0,3.6500000000000004,21.666666666666668,0.013333333333333308,1,0.25,3,0.01,2.080933094024658,2.080933094024658,2.869699239730835,0.9255525615924406,0.8436534853407052,-4.693143238455834,0.01,3,1.0,1,3,HILCodec_3kbps,1221-135766-0000.flac,123
random_loss,0.01,all_duplicate,all_duplicate,1,300,300,1.0,3.0,6.0,100.0,0.0033333333333332993,1,1.0,0,0.0,2.5609242916107178,2.5609242916107178,3.1601884365081787,0.929707833959024,0.8524344756376215,-4.224167607580874,0.0,0,0.0,0,0,HILCodec_3kbps,1221-135766-0000.flac,42
random_loss,0.01,all_duplicate,all_duplicate,1,300,300,1.0,3.0,6.0,100.0,0.013333333333333308,4,1.0,0,0.0,2.5609242916107178,2.5609242916107178,3.1601884365081787,0.929707833959024,0.8524344756376215,-4.224167607580874,0.0,0,0.0,0,0,HILCodec_3kbps,1221-135766-0000.flac,123
random_loss,0.01,all_duplicate,all_duplicate,2,300,300,1.0,3.0,6.0,100.0,0.0033333333333332993,1,1.0,0,0.0,2.5609242916107178,2.5609242916107178,3.1601884365081787,0.929707833959024,0.8524344756376215,-4.224167607580874,0.0,0,0.0,0,0,HILCodec_3kbps,1221-135766-0000.flac,42
random_loss,0.01,all_duplicate,all_duplicate,2,300,300,1.0,3.0,6.0,100.0,0.013333333333333308,4,1.0,0,0.0,2.5609242916107178,2.5609242916107178,3.1601884365081787,0.929707833959024,0.8524344756376215,-4.224167607580874,0.0,0,0.0,0,0,HILCodec_3kbps,1221-135766-0000.flac,123
random_loss,0.03,no_duplicate,no_duplicate,1,300,0,0.0,3.0,3.0,0.0,0.026666666666666616,0,0.0,8,0.02666666666666667,1.8259727954864502,1.8259727954864502,2.493043899536133,0.9129845629856397,0.8246869882574824,-5.316060541766154,0.02666666666666667,8,1.0,1,8,HILCodec_3kbps,1221-135766-0000.flac,42
random_loss,0.03,no_duplicate,no_duplicate,1,300,0,0.0,3.0,3.0,0.0,0.033333333333333326,0,0.0,10,0.03333333333333333,1.8407683372497559,1.8407683372497559,2.57513427734375,0.9077295859455974,0.8297926971398009,-4.8359044117107555,0.03333333333333333,10,1.0,1,10,HILCodec_3kbps,1221-135766-0000.flac,123
random_loss,0.03,no_duplicate,no_duplicate,2,300,0,0.0,3.0,3.0,0.0,0.026666666666666616,0,0.0,8,0.02666666666666667,1.8259727954864502,1.8259727954864502,2.493043899536133,0.9129845629856397,0.8246869882574827,-5.316060541766154,0.02666666666666667,8,1.0,1,8,HILCodec_3kbps,1221-135766-0000.flac,42
random_loss,0.03,no_duplicate,no_duplicate,2,300,0,0.0,3.0,3.0,0.0,0.033333333333333326,0,0.0,10,0.03333333333333333,1.8407683372497559,1.8407683372497559,2.57513427734375,0.9077295859455974,0.829792697139801,-4.8359044117107555,0.03333333333333333,10,1.0,1,10,HILCodec_3kbps,1221-135766-0000.flac,123
random_loss,0.03,fixed_0.3,0.3,1,300,52,0.17333333333333334,3.0,3.52,17.333333333333336,0.026666666666666616,1,0.125,7,0.023333333333333334,1.8820240497589111,1.8820240497589111,2.5161638259887695,0.9163986982120168,0.8263410981924967,-5.18925038632254,0.023333333333333334,7,1.0,1,7,HILCodec_3kbps,1221-135766-0000.flac,42
random_loss,0.03,fixed_0.3,0.3,1,300,52,0.17333333333333334,3.0,3.52,17.333333333333336,0.033333333333333326,2,0.2,8,0.02666666666666667,1.8388161659240723,1.8388161659240723,2.5766761302948,0.9079277738046299,0.8314047525146856,-4.873875379831899,0.02666666666666667,8,1.0,1,8,HILCodec_3kbps,1221-135766-0000.flac,123
random_loss,0.03,fixed_0.3,0.3,2,300,52,0.17333333333333334,3.0,3.52,17.333333333333336,0.026666666666666616,1,0.125,7,0.023333333333333334,1.8820240497589111,1.8820240497589111,2.5161638259887695,0.9163986982120168,0.8263410981924968,-5.18925038632254,0.023333333333333334,7,1.0,1,7,HILCodec_3kbps,1221-135766-0000.flac,42
random_loss,0.03,fixed_0.3,0.3,2,300,52,0.17333333333333334,3.0,3.52,17.333333333333336,0.033333333333333326,2,0.2,8,0.02666666666666667,1.8388161659240723,1.8388161659240723,2.5766761302948,0.9079277738046299,0.8314047525146856,-4.873875379831899,0.02666666666666667,8,1.0,1,8,HILCodec_3kbps,1221-135766-0000.flac,123
random_loss,0.03,fixed_0.5,0.5,1,300,7,0.023333333333333334,3.0,3.0700000000000003,2.3333333333333335,0.026666666666666616,0,0.0,8,0.02666666666666667,1.8259727954864502,1.8259727954864502,2.493043899536133,0.9129845629856397,0.8246869882574827,-5.316060541766154,0.02666666666666667,8,1.0,1,8,HILCodec_3kbps,1221-135766-0000.flac,42
random_loss,0.03,fixed_0.5,0.5,1,300,7,0.023333333333333334,3.0,3.0700000000000003,2.3333333333333335,0.033333333333333326,1,0.1,9,0.03,1.8419088125228882,1.8419088125228882,2.57788348197937,0.907880203510508,0.8313204350944653,-4.824070685595469,0.03,9,1.0,1,9,HILCodec_3kbps,1221-135766-0000.flac,123
random_loss,0.03,fixed_0.5,0.5,2,300,7,0.023333333333333334,3.0,3.0700000000000003,2.3333333333333335,0.026666666666666616,0,0.0,8,0.02666666666666667,1.8259727954864502,1.8259727954864502,2.493043899536133,0.9129845629856397,0.8246869882574825,-5.316060541766154,0.02666666666666667,8,1.0,1,8,HILCodec_3kbps,1221-135766-0000.flac,42
random_loss,0.03,fixed_0.5,0.5,2,300,7,0.023333333333333334,3.0,3.0700000000000003,2.3333333333333335,0.033333333333333326,1,0.1,9,0.03,1.8419088125228882,1.8419088125228882,2.57788348197937,0.907880203510508,0.8313204350944653,-4.824070685595469,0.03,9,1.0,1,9,HILCodec_3kbps,1221-135766-0000.flac,123
random_loss,0.03,fixed_0.7,0.7,1,300,0,0.0,3.0,3.0,0.0,0.026666666666666616,0,0.0,8,0.02666666666666667,1.8259727954864502,1.8259727954864502,2.493043899536133,0.9129845629856397,0.8246869882574824,-5.316060541766154,0.02666666666666667,8,1.0,1,8,HILCodec_3kbps,1221-135766-0000.flac,42
random_loss,0.03,fixed_0.7,0.7,1,300,0,0.0,3.0,3.0,0.0,0.033333333333333326,0,0.0,10,0.03333333333333333,1.8407683372497559,1.8407683372497559,2.57513427734375,0.9077295859455974,0.8297926971398009,-4.8359044117107555,0.03333333333333333,10,1.0,1,10,HILCodec_3kbps,1221-135766-0000.flac,123
random_loss,0.03,fixed_0.7,0.7,2,300,0,0.0,3.0,3.0,0.0,0.026666666666666616,0,0.0,8,0.02666666666666667,1.8259727954864502,1.8259727954864502,2.493043899536133,0.9129845629856397,0.8246869882574827,-5.316060541766154,0.02666666666666667,8,1.0,1,8,HILCodec_3kbps,1221-135766-0000.flac,42
random_loss,0.03,fixed_0.7,0.7,2,300,0,0.0,3.0,3.0,0.0,0.033333333333333326,0,0.0,10,0.03333333333333333,1.8407683372497559,1.8407683372497559,2.57513427734375,0.9077295859455974,0.829792697139801,-4.8359044117107555,0.03333333333333333,10,1.0,1,10,HILCodec_3kbps,1221-135766-0000.flac,123
random_loss,0.03,adaptive_mean_std,dynamic,1,300,32,0.10666666666666667,3.0,3.3200000000000003,10.666666666666668,0.026666666666666616,0,0.0,8,0.02666666666666667,1.8259727954864502,1.8259727954864502,2.493043899536133,0.9129845629856397,0.8246869882574824,-5.316060541766154,0.02666666666666667,8,1.0,1,8,HILCodec_3kbps,1221-135766-0000.flac,42
random_loss,0.03,adaptive_mean_std,dynamic,1,300,32,0.10666666666666667,3.0,3.3200000000000003,10.666666666666668,0.033333333333333326,1,0.1,9,0.03,1.8419088125228882,1.8419088125228882,2.57788348197937,0.907880203510508,0.8313204350944653,-4.824070685595469,0.03,9,1.0,1,9,HILCodec_3kbps,1221-135766-0000.flac,123
random_loss,0.03,adaptive_mean_std,dynamic,2,300,32,0.10666666666666667,3.0,3.3200000000000003,10.666666666666668,0.026666666666666616,0,0.0,8,0.02666666666666667,1.8259727954864502,1.8259727954864502,2.493043899536133,0.9129845629856397,0.8246869882574825,-5.316060541766154,0.02666666666666667,8,1.0,1,8,HILCodec_3kbps,1221-135766-0000.flac,42
random_loss,0.03,adaptive_mean_std,dynamic,2,300,32,0.10666666666666667,3.0,3.3200000000000003,10.666666666666668,0.033333333333333326,1,0.1,9,0.03,1.8419088125228882,1.8419088125228882,2.57788348197937,0.907880203510508,0.8313204350944653,-4.824070685595469,0.03,9,1.0,1,9,HILCodec_3kbps,1221-135766-0000.flac,123
random_loss,0.03,adaptive_quantile_70,dynamic,1,300,65,0.21666666666666667,3.0,3.6500000000000004,21.666666666666668,0.026666666666666616,2,0.25,6,0.02,2.017848491668701,2.017848491668701,2.602828025817871,0.9186331000057979,0.8334873482508897,-5.247801321683239,0.02,6,1.0,1,6,HILCodec_3kbps,1221-135766-0000.flac,42
random_loss,0.03,adaptive_quantile_70,dynamic,1,300,65,0.21666666666666667,3.0,3.6500000000000004,21.666666666666668,0.033333333333333326,5,0.5,5,0.016666666666666666,2.0645346641540527,2.0645346641540527,2.8766589164733887,0.9234759053366536,0.8396367435355866,-4.677147232905442,0.016666666666666666,5,1.0,1,5,HILCodec_3kbps,1221-135766-0000.flac,123
random_loss,0.03,adaptive_quantile_70,dynamic,2,300,65,0.21666666666666667,3.0,3.6500000000000004,21.666666666666668,0.026666666666666616,2,0.25,6,0.02,2.017848491668701,2.017848491668701,2.602828025817871,0.9186331000057979,0.8334873482508898,-5.247801321683239,0.02,6,1.0,1,6,HILCodec_3kbps,1221-135766-0000.flac,42
random_loss,0.03,adaptive_quantile_70,dynamic,2,300,65,0.21666666666666667,3.0,3.6500000000000004,21.666666666666668,0.033333333333333326,5,0.5,5,0.016666666666666666,2.0645346641540527,2.0645346641540527,2.8766589164733887,0.9234759053366536,0.8396367435355866,-4.677147232905442,0.016666666666666666,5,1.0,1,5,HILCodec_3kbps,1221-135766-0000.flac,123
random_loss,0.03,all_duplicate,all_duplicate,1,300,300,1.0,3.0,6.0,100.0,0.026666666666666616,8,1.0,0,0.0,2.5609242916107178,2.5609242916107178,3.1601884365081787,0.929707833959024,0.8524344756376215,-4.224167607580874,0.0,0,0.0,0,0,HILCodec_3kbps,1221-135766-0000.flac,42
random_loss,0.03,all_duplicate,all_duplicate,1,300,300,1.0,3.0,6.0,100.0,0.033333333333333326,10,1.0,0,0.0,2.5609242916107178,2.5609242916107178,3.1601884365081787,0.929707833959024,0.8524344756376215,-4.224167607580874,0.0,0,0.0,0,0,HILCodec_3kbps,1221-135766-0000.flac,123
random_loss,0.03,all_duplicate,all_duplicate,2,300,300,1.0,3.0,6.0,100.0,0.026666666666666616,8,1.0,0,0.0,2.5609242916107178,2.5609242916107178,3.1601884365081787,0.929707833959024,0.8524344756376215,-4.224167607580874,0.0,0,0.0,0,0,HILCodec_3kbps,1221-135766-0000.flac,42
random_loss,0.03,all_duplicate,all_duplicate,2,300,300,1.0,3.0,6.0,100.0,0.033333333333333326,10,1.0,0,0.0,2.5609242916107178,2.5609242916107178,3.1601884365081787,0.929707833959024,0.8524344756376215,-4.224167607580874,0.0,0,0.0,0,0,HILCodec_3kbps,1221-135766-0000.flac,123
random_loss,0.05,no_duplicate,no_duplicate,1,300,0,0.0,3.0,3.0,0.0,0.050000000000000044,0,0.0,15,0.05,1.547480583190918,1.547480583190918,2.2909164428710938,0.8916008771280819,0.7952915719469736,-5.419968625384842,0.05,15,1.0,1,15,HILCodec_3kbps,1221-135766-0000.flac,42
random_loss,0.05,no_duplicate,no_duplicate,1,300,0,0.0,3.0,3.0,0.0,0.050000000000000044,0,0.0,15,0.05,1.692312240600586,1.692312240600586,2.282261371612549,0.9000497708085511,0.8177973598604613,-5.220671107032304,0.05,15,1.0714285714285714,2,14,HILCodec_3kbps,1221-135766-0000.flac,123
random_loss,0.05,no_duplicate,no_duplicate,2,300,0,0.0,3.0,3.0,0.0,0.050000000000000044,0,0.0,15,0.05,1.547480583190918,1.547480583190918,2.2909164428710938,0.8916008771280819,0.7952915719469736,-5.419968625384842,0.05,15,1.0,1,15,HILCodec_3kbps,1221-135766-0000.flac,42
random_loss,0.05,no_duplicate,no_duplicate,2,300,0,0.0,3.0,3.0,0.0,0.050000000000000044,0,0.0,15,0.05,1.692312240600586,1.692312240600586,2.282261371612549,0.9000497708085511,0.8177973598604613,-5.220671107032304,0.05,15,1.0714285714285714,2,14,HILCodec_3kbps,1221-135766-0000.flac,123
random_loss,0.05,fixed_0.3,0.3,1,300,52,0.17333333333333334,3.0,3.52,17.333333333333336,0.050000000000000044,3,0.2,12,0.04,1.6313683986663818,1.6313683986663818,2.342552900314331,0.9073726184143021,0.8110731141715382,-5.370691443261002,0.04,12,1.0,1,12,HILCodec_3kbps,1221-135766-0000.flac,42
random_loss,0.05,fixed_0.3,0.3,1,300,52,0.17333333333333334,3.0,3.52,17.333333333333336,0.050000000000000044,4,0.26666666666666666,11,0.03666666666666667,1.839118480682373,1.839118480682373,2.569591522216797,0.9083171147725515,0.8259252932149665,-4.8786783788701165,0.03666666666666667,11,1.0,1,11,HILCodec_3kbps,1221-135766-0000.flac,123
random_loss,0.05,fixed_0.3,0.3,2,300,52,0.17333333333333334,3.0,3.52,17.333333333333336,0.050000000000000044,3,0.2,12,0.04,1.6313683986663818,1.6313683986663818,2.342552900314331,0.9073726184143021,0.8110731141715382,-5.370691443261002,0.04,12,1.0,1,12,HILCodec_3kbps,1221-135766-0000.flac,42
random_loss,0.05,fixed_0.3,0.3,2,300,52,0.17333333333333334,3.0,3.52,17.333333333333336,0.050000000000000044,3,0.2,12,0.04,1.8026872873306274,1.8026872873306274,2.51877760887146,0.904638604564646,0.8244978428062059,-4.980790374978713,0.04,12,1.0,1,12,HILCodec_3kbps,1221-135766-0000.flac,123
random_loss,0.05,fixed_0.5,0.5,1,300,7,0.023333333333333334,3.0,3.0700000000000003,2.3333333333333335,0.050000000000000044,1,0.06666666666666667,14,0.04666666666666667,1.6053028106689453,1.6053028106689453,2.338062047958374,0.9026867452711869,0.8077133011725693,-5.504687321565559,0.04666666666666667,14,1.0,1,14,HILCodec_3kbps,1221-135766-0000.flac,42
random_loss,0.05,fixed_0.5,0.5,1,300,7,0.023333333333333334,3.0,3.0700000000000003,2.3333333333333335,0.050000000000000044,1,0.06666666666666667,14,0.04666666666666667,1.693081021308899,1.693081021308899,2.2853636741638184,0.9001575909165186,0.8192546168926294,-5.208479519240687,0.04666666666666667,14,1.0769230769230769,2,13,HILCodec_3kbps,1221-135766-0000.flac,123
random_loss,0.05,fixed_0.5,0.5,2,300,7,0.023333333333333334,3.0,3.0700000000000003,2.3333333333333335,0.050000000000000044,1,0.06666666666666667,14,0.04666666666666667,1.6053028106689453,1.6053028106689453,2.338062047958374,0.9026867452711869,0.8077133011725695,-5.504687321565559,0.04666666666666667,14,1.0,1,14,HILCodec_3kbps,1221-135766-0000.flac,42
random_loss,0.05,fixed_0.5,0.5,2,300,7,0.023333333333333334,3.0,3.0700000000000003,2.3333333333333335,0.050000000000000044,1,0.06666666666666667,14,0.04666666666666667,1.693081021308899,1.693081021308899,2.2853636741638184,0.9001575909165186,0.8192546168926292,-5.208479519240687,0.04666666666666667,14,1.0769230769230769,2,13,HILCodec_3kbps,1221-135766-0000.flac,123
random_loss,0.05,fixed_0.7,0.7,1,300,0,0.0,3.0,3.0,0.0,0.050000000000000044,0,0.0,15,0.05,1.547480583190918,1.547480583190918,2.2909164428710938,0.8916008771280819,0.7952915719469736,-5.419968625384842,0.05,15,1.0,1,15,HILCodec_3kbps,1221-135766-0000.flac,42
random_loss,0.05,fixed_0.7,0.7,1,300,0,0.0,3.0,3.0,0.0,0.050000000000000044,0,0.0,15,0.05,1.692312240600586,1.692312240600586,2.282261371612549,0.9000497708085511,0.8177973598604613,-5.220671107032304,0.05,15,1.0714285714285714,2,14,HILCodec_3kbps,1221-135766-0000.flac,123
random_loss,0.05,fixed_0.7,0.7,2,300,0,0.0,3.0,3.0,0.0,0.050000000000000044,0,0.0,15,0.05,1.547480583190918,1.547480583190918,2.2909164428710938,0.8916008771280819,0.7952915719469736,-5.419968625384842,0.05,15,1.0,1,15,HILCodec_3kbps,1221-135766-0000.flac,42
random_loss,0.05,fixed_0.7,0.7,2,300,0,0.0,3.0,3.0,0.0,0.050000000000000044,0,0.0,15,0.05,1.692312240600586,1.692312240600586,2.282261371612549,0.9000497708085511,0.8177973598604613,-5.220671107032304,0.05,15,1.0714285714285714,2,14,HILCodec_3kbps,1221-135766-0000.flac,123
random_loss,0.05,adaptive_mean_std,dynamic,1,300,32,0.10666666666666667,3.0,3.3200000000000003,10.666666666666668,0.050000000000000044,1,0.06666666666666667,14,0.04666666666666667,1.6053028106689453,1.6053028106689453,2.338062047958374,0.9026867452711869,0.8077133011725695,-5.504687321565559,0.04666666666666667,14,1.0,1,14,HILCodec_3kbps,1221-135766-0000.flac,42
random_loss,0.05,adaptive_mean_std,dynamic,1,300,32,0.10666666666666667,3.0,3.3200000000000003,10.666666666666668,0.050000000000000044,1,0.06666666666666667,14,0.04666666666666667,1.693081021308899,1.693081021308899,2.2853636741638184,0.9001575909165186,0.8192546168926292,-5.208479519240687,0.04666666666666667,14,1.0769230769230769,2,13,HILCodec_3kbps,1221-135766-0000.flac,123
random_loss,0.05,adaptive_mean_std,dynamic,2,300,32,0.10666666666666667,3.0,3.3200000000000003,10.666666666666668,0.050000000000000044,1,0.06666666666666667,14,0.04666666666666667,1.6053028106689453,1.6053028106689453,2.338062047958374,0.9026867452711869,0.8077133011725693,-5.504687321565559,0.04666666666666667,14,1.0,1,14,HILCodec_3kbps,1221-135766-0000.flac,42
random_loss,0.05,adaptive_mean_std,dynamic,2,300,32,0.10666666666666667,3.0,3.3200000000000003,10.666666666666668,0.050000000000000044,1,0.06666666666666667,14,0.04666666666666667,1.693081021308899,1.693081021308899,2.2853636741638184,0.9001575909165186,0.8192546168926292,-5.208479519240687,0.04666666666666667,14,1.0769230769230769,2,13,HILCodec_3kbps,1221-135766-0000.flac,123
random_loss,0.05,adaptive_quantile_70,dynamic,1,300,65,0.21666666666666667,3.0,3.6500000000000004,21.666666666666668,0.050000000000000044,4,0.26666666666666666,11,0.03666666666666667,1.724113941192627,1.724113941192627,2.4215662479400635,0.9096070202080832,0.8182193642299311,-5.428090619451922,0.03666666666666667,11,1.0,1,11,HILCodec_3kbps,1221-135766-0000.flac,42
random_loss,0.05,adaptive_quantile_70,dynamic,1,300,65,0.21666666666666667,3.0,3.6500000000000004,21.666666666666668,0.050000000000000044,6,0.4,9,0.03,2.026858329772949,2.026858329772949,2.5603890419006348,0.9193726512143745,0.8285395021438818,-4.956670386033542,0.03,9,1.125,2,8,HILCodec_3kbps,1221-135766-0000.flac,123
random_loss,0.05,adaptive_quantile_70,dynamic,2,300,65,0.21666666666666667,3.0,3.6500000000000004,21.666666666666668,0.050000000000000044,4,0.26666666666666666,11,0.03666666666666667,1.724113941192627,1.724113941192627,2.4215662479400635,0.9096070202080832,0.8182193642299312,-5.428090619451922,0.03666666666666667,11,1.0,1,11,HILCodec_3kbps,1221-135766-0000.flac,42
random_loss,0.05,adaptive_quantile_70,dynamic,2,300,65,0.21666666666666667,3.0,3.6500000000000004,21.666666666666668,0.050000000000000044,5,0.3333333333333333,10,0.03333333333333333,1.9465911388397217,1.9465911388397217,2.4745991230010986,0.9158784684486027,0.8263437560429452,-5.0346915733723865,0.03333333333333333,10,1.1111111111111112,2,9,HILCodec_3kbps,1221-135766-0000.flac,123
random_loss,0.05,all_duplicate,all_duplicate,1,300,300,1.0,3.0,6.0,100.0,0.050000000000000044,15,1.0,0,0.0,2.5609242916107178,2.5609242916107178,3.1601884365081787,0.929707833959024,0.8524344756376215,-4.224167607580874,0.0,0,0.0,0,0,HILCodec_3kbps,1221-135766-0000.flac,42
random_loss,0.05,all_duplicate,all_duplicate,1,300,300,1.0,3.0,6.0,100.0,0.050000000000000044,14,0.9333333333333333,1,0.0033333333333333335,2.538773775100708,2.538773775100708,3.1686418056488037,0.9283545749451582,0.8498648130921028,-4.207464414395516,0.0033333333333333335,1,1.0,1,1,HILCodec_3kbps,1221-135766-0000.flac,123
random_loss,0.05,all_duplicate,all_duplicate,2,300,300,1.0,3.0,6.0,100.0,0.050000000000000044,15,1.0,0,0.0,2.5609242916107178,2.5609242916107178,3.1601884365081787,0.929707833959024,0.8524344756376215,-4.224167607580874,0.0,0,0.0,0,0,HILCodec_3kbps,1221-135766-0000.flac,42
random_loss,0.05,all_duplicate,all_duplicate,2,300,300,1.0,3.0,6.0,100.0,0.050000000000000044,13,0.8666666666666667,2,0.006666666666666667,2.269415855407715,2.269415855407715,2.962839126586914,0.9238256828563575,0.8451498987423063,-4.32559606359808,0.006666666666666667,2,1.0,1,2,HILCodec_3kbps,1221-135766-0000.flac,123
random_loss,0.1,no_duplicate,no_duplicate,1,300,0,0.0,3.0,3.0,0.0,0.09666666666666668,0,0.0,29,0.09666666666666666,1.3992809057235718,1.3992809057235718,2.058732509613037,0.8800247226807059,0.7697453513634439,-5.716744130468721,0.09666666666666666,29,1.0740740740740742,2,27,HILCodec_3kbps,1221-135766-0000.flac,42
random_loss,0.1,no_duplicate,no_duplicate,1,300,0,0.0,3.0,3.0,0.0,0.09999999999999998,0,0.0,30,0.1,1.5633431673049927,1.5633431673049927,2.121751308441162,0.8887625281475141,0.8014955486647625,-5.957512666764675,0.1,30,1.1111111111111112,2,27,HILCodec_3kbps,1221-135766-0000.flac,123
random_loss,0.1,no_duplicate,no_duplicate,2,300,0,0.0,3.0,3.0,0.0,0.09666666666666668,0,0.0,29,0.09666666666666666,1.3992809057235718,1.3992809057235718,2.058732509613037,0.8800247226807059,0.7697453513634439,-5.716744130468721,0.09666666666666666,29,1.0740740740740742,2,27,HILCodec_3kbps,1221-135766-0000.flac,42
random_loss,0.1,no_duplicate,no_duplicate,2,300,0,0.0,3.0,3.0,0.0,0.09999999999999998,0,0.0,30,0.1,1.5633431673049927,1.5633431673049927,2.121751308441162,0.8887625281475141,0.8014955486647625,-5.957512666764675,0.1,30,1.1111111111111112,2,27,HILCodec_3kbps,1221-135766-0000.flac,123
random_loss,0.1,fixed_0.3,0.3,1,300,52,0.17333333333333334,3.0,3.52,17.333333333333336,0.09666666666666668,6,0.20689655172413793,23,0.07666666666666666,1.4330470561981201,1.4330470561981201,2.098665237426758,0.8926788094465355,0.786234255466069,-5.807658813821175,0.07666666666666666,23,1.0952380952380953,2,21,HILCodec_3kbps,1221-135766-0000.flac,42
random_loss,0.1,fixed_0.3,0.3,1,300,52,0.17333333333333334,3.0,3.52,17.333333333333336,0.09999999999999998,6,0.2,24,0.08,1.6067945957183838,1.6067945957183838,2.3829078674316406,0.8972831956063733,0.8105620715742131,-5.601961702485614,0.08,24,1.0434782608695652,2,23,HILCodec_3kbps,1221-135766-0000.flac,123
random_loss,0.1,fixed_0.3,0.3,2,300,52,0.17333333333333334,3.0,3.52,17.333333333333336,0.09666666666666668,6,0.20689655172413793,23,0.07666666666666666,1.4901740550994873,1.4901740550994873,2.1604785919189453,0.8957749673610033,0.78910892609727,-5.726058620955763,0.07666666666666666,23,1.0454545454545454,2,22,HILCodec_3kbps,1221-135766-0000.flac,42
random_loss,0.1,fixed_0.3,0.3,2,300,52,0.17333333333333334,3.0,3.52,17.333333333333336,0.09999999999999998,5,0.16666666666666666,25,0.08333333333333333,1.5832743644714355,1.5832743644714355,2.3351571559906006,0.8937892059240978,0.8092311503521944,-5.709523315587922,0.08333333333333333,25,1.0416666666666667,2,24,HILCodec_3kbps,1221-135766-0000.flac,123
random_loss,0.1,fixed_0.5,0.5,1,300,7,0.023333333333333334,3.0,3.0700000000000003,2.3333333333333335,0.09666666666666668,2,0.06896551724137931,27,0.09,1.4319382905960083,1.4319382905960083,2.0920944213867188,0.8917237776081889,0.7823316108030616,-5.793049009420629,0.09,27,1.08,2,25,HILCodec_3kbps,1221-135766-0000.flac,42
random_loss,0.1,fixed_0.5,0.5,1,300,7,0.023333333333333334,3.0,3.0700000000000003,2.3333333333333335,0.09999999999999998,1,0.03333333333333333,29,0.09666666666666666,1.5636845827102661,1.5636845827102661,2.107210159301758,0.888876681037541,0.8030445914631992,-5.9446652106664954,0.09666666666666666,29,1.1153846153846154,2,26,HILCodec_3kbps,1221-135766-0000.flac,123
random_loss,0.1,fixed_0.5,0.5,2,300,7,0.023333333333333334,3.0,3.0700000000000003,2.3333333333333335,0.09666666666666668,2,0.06896551724137931,27,0.09,1.4319382905960083,1.4319382905960083,2.0920944213867188,0.8917237776081889,0.7823316108030616,-5.793049009420629,0.09,27,1.08,2,25,HILCodec_3kbps,1221-135766-0000.flac,42
random_loss,0.1,fixed_0.5,0.5,2,300,7,0.023333333333333334,3.0,3.0700000000000003,2.3333333333333335,0.09999999999999998,1,0.03333333333333333,29,0.09666666666666666,1.5636845827102661,1.5636845827102661,2.107210159301758,0.888876681037541,0.8030445914631992,-5.9446652106664954,0.09666666666666666,29,1.1153846153846154,2,26,HILCodec_3kbps,1221-135766-0000.flac,123
random_loss,0.1,fixed_0.7,0.7,1,300,0,0.0,3.0,3.0,0.0,0.09666666666666668,0,0.0,29,0.09666666666666666,1.3992809057235718,1.3992809057235718,2.058732509613037,0.8800247226807059,0.7697453513634439,-5.716744130468721,0.09666666666666666,29,1.0740740740740742,2,27,HILCodec_3kbps,1221-135766-0000.flac,42
random_loss,0.1,fixed_0.7,0.7,1,300,0,0.0,3.0,3.0,0.0,0.09999999999999998,0,0.0,30,0.1,1.5633431673049927,1.5633431673049927,2.121751308441162,0.8887625281475141,0.8014955486647625,-5.957512666764675,0.1,30,1.1111111111111112,2,27,HILCodec_3kbps,1221-135766-0000.flac,123
random_loss,0.1,fixed_0.7,0.7,2,300,0,0.0,3.0,3.0,0.0,0.09666666666666668,0,0.0,29,0.09666666666666666,1.3992809057235718,1.3992809057235718,2.058732509613037,0.8800247226807059,0.7697453513634439,-5.716744130468721,0.09666666666666666,29,1.0740740740740742,2,27,HILCodec_3kbps,1221-135766-0000.flac,42
random_loss,0.1,fixed_0.7,0.7,2,300,0,0.0,3.0,3.0,0.0,0.09999999999999998,0,0.0,30,0.1,1.5633431673049927,1.5633431673049927,2.121751308441162,0.8887625281475141,0.8014955486647625,-5.957512666764675,0.1,30,1.1111111111111112,2,27,HILCodec_3kbps,1221-135766-0000.flac,123
random_loss,0.1,adaptive_mean_std,dynamic,1,300,32,0.10666666666666667,3.0,3.3200000000000003,10.666666666666668,0.09666666666666668,4,0.13793103448275862,25,0.08333333333333333,1.4311988353729248,1.4311988353729248,2.0948326587677,0.8919293785635969,0.7829223333532036,-5.810260345972731,0.08333333333333333,25,1.0869565217391304,2,23,HILCodec_3kbps,1221-135766-0000.flac,42
random_loss,0.1,adaptive_mean_std,dynamic,1,300,32,0.10666666666666667,3.0,3.3200000000000003,10.666666666666668,0.09999999999999998,3,0.1,27,0.09,1.5661457777023315,1.5661457777023315,2.112745523452759,0.8892817081757979,0.8043236175360339,-5.942477345013475,0.09,27,1.08,2,25,HILCodec_3kbps,1221-135766-0000.flac,123
random_loss,0.1,adaptive_mean_std,dynamic,2,300,32,0.10666666666666667,3.0,3.3200000000000003,10.666666666666668,0.09666666666666668,3,0.10344827586206896,26,0.08666666666666667,1.4313021898269653,1.4313021898269653,2.09146785736084,0.89179567839313,0.7822486801925107,-5.801893601061735,0.08666666666666667,26,1.0833333333333333,2,24,HILCodec_3kbps,1221-135766-0000.flac,42
random_loss,0.1,adaptive_mean_std,dynamic,2,300,32,0.10666666666666667,3.0,3.3200000000000003,10.666666666666668,0.09999999999999998,3,0.1,27,0.09,1.5661457777023315,1.5661457777023315,2.112745523452759,0.8892817081757979,0.8043236175360339,-5.942477345013475,0.09,27,1.08,2,25,HILCodec_3kbps,1221-135766-0000.flac,123
random_loss,0.1,adaptive_quantile_70,dynamic,1,300,65,0.21666666666666667,3.0,3.6500000000000004,21.666666666666668,0.09666666666666668,7,0.2413793103448276,22,0.07333333333333333,1.495295524597168,1.495295524597168,2.1655521392822266,0.8949132112487624,0.7933805055155083,-5.864986619408529,0.07333333333333333,22,1.1,2,20,HILCodec_3kbps,1221-135766-0000.flac,42
random_loss,0.1,adaptive_quantile_70,dynamic,1,300,65,0.21666666666666667,3.0,3.6500000000000004,21.666666666666668,0.09999999999999998,8,0.26666666666666666,22,0.07333333333333333,1.7247546911239624,1.7247546911239624,2.3645992279052734,0.9081387935110861,0.8137452570744236,-5.670011665418739,0.07333333333333333,22,1.1,2,20,HILCodec_3kbps,1221-135766-0000.flac,123
random_loss,0.1,adaptive_quantile_70,dynamic,2,300,65,0.21666666666666667,3.0,3.6500000000000004,21.666666666666668,0.09666666666666668,7,0.2413793103448276,22,0.07333333333333333,1.5598514080047607,1.5598514080047607,2.2303037643432617,0.8980093691632302,0.7962551761467095,-5.78225035051624,0.07333333333333333,22,1.0476190476190477,2,21,HILCodec_3kbps,1221-135766-0000.flac,42
random_loss,0.1,adaptive_quantile_70,dynamic,2,300,65,0.21666666666666667,3.0,3.6500000000000004,21.666666666666668,0.09999999999999998,6,0.2,24,0.08,1.6727451086044312,1.6727451086044312,2.2856857776641846,0.9050388510104853,0.8116174124292722,-5.80188156852323,0.08,24,1.0909090909090908,2,22,HILCodec_3kbps,1221-135766-0000.flac,123
random_loss,0.1,all_duplicate,all_duplicate,1,300,300,1.0,3.0,6.0,100.0,0.09666666666666668,27,0.9310344827586207,2,0.006666666666666667,2.4371111392974854,2.4371111392974854,3.1139235496520996,0.9258132926325704,0.8496795687327043,-4.40796890010449,0.006666666666666667,2,1.0,1,2,HILCodec_3kbps,1221-135766-0000.flac,42
random_loss,0.1,all_duplicate,all_duplicate,1,300,300,1.0,3.0,6.0,100.0,0.09999999999999998,27,0.9,3,0.01,2.4220948219299316,2.4220948219299316,3.119070529937744,0.9256847810694696,0.847039799759717,-4.277086567115439,0.01,3,1.0,1,3,HILCodec_3kbps,1221-135766-0000.flac,123
random_loss,0.1,all_duplicate,all_duplicate,2,300,300,1.0,3.0,6.0,100.0,0.09666666666666668,26,0.896551724137931,3,0.01,2.428480863571167,2.428480863571167,3.007141351699829,0.9267065988669754,0.849137791807257,-4.385204168314859,0.01,3,1.0,1,3,HILCodec_3kbps,1221-135766-0000.flac,42
random_loss,0.1,all_duplicate,all_duplicate,2,300,300,1.0,3.0,6.0,100.0,0.09999999999999998,25,0.8333333333333334,5,0.016666666666666666,2.071641206741333,2.071641206741333,2.822669267654419,0.9202722392049745,0.8392959354760141,-4.49102694784191,0.016666666666666666,5,1.0,1,5,HILCodec_3kbps,1221-135766-0000.flac,123
random_loss,0.2,no_duplicate,no_duplicate,1,300,0,0.0,3.0,3.0,0.0,0.24,0,0.0,72,0.24,1.1778779029846191,1.1778779029846191,1.5866570472717285,0.7806554050275762,0.6413519804958016,-8.616414935543926,0.24,72,1.44,6,50,HILCodec_3kbps,1221-135766-0000.flac,42
random_loss,0.2,no_duplicate,no_duplicate,1,300,0,0.0,3.0,3.0,0.0,0.20666666666666667,0,0.0,62,0.20666666666666667,1.3115779161453247,1.3115779161453247,1.7695871591567993,0.8291279827579833,0.7149490819724047,-7.183891536923452,0.20666666666666667,62,1.3478260869565217,4,46,HILCodec_3kbps,1221-135766-0000.flac,123
random_loss,0.2,no_duplicate,no_duplicate,2,300,0,0.0,3.0,3.0,0.0,0.24,0,0.0,72,0.24,1.1778779029846191,1.1778779029846191,1.5866570472717285,0.7806554050275762,0.6413519804958014,-8.616414935543926,0.24,72,1.44,6,50,HILCodec_3kbps,1221-135766-0000.flac,42
random_loss,0.2,no_duplicate,no_duplicate,2,300,0,0.0,3.0,3.0,0.0,0.20666666666666667,0,0.0,62,0.20666666666666667,1.3115779161453247,1.3115779161453247,1.7695871591567993,0.8291279827579833,0.7149490819724047,-7.183891536923452,0.20666666666666667,62,1.3478260869565217,4,46,HILCodec_3kbps,1221-135766-0000.flac,123
random_loss,0.2,fixed_0.3,0.3,1,300,52,0.17333333333333334,3.0,3.52,17.333333333333336,0.24,9,0.125,63,0.21,1.1860402822494507,1.1860402822494507,1.5931836366653442,0.7976168489337346,0.6641008323159563,-8.604952833900732,0.21,63,1.4318181818181819,6,44,HILCodec_3kbps,1221-135766-0000.flac,42
random_loss,0.2,fixed_0.3,0.3,1,300,52,0.17333333333333334,3.0,3.52,17.333333333333336,0.20666666666666667,10,0.16129032258064516,52,0.17333333333333334,1.3743090629577637,1.3743090629577637,2.0576701164245605,0.8513626622713265,0.7427039439709059,-6.7351189619551635,0.17333333333333334,52,1.2682926829268293,4,41,HILCodec_3kbps,1221-135766-0000.flac,123
random_loss,0.2,fixed_0.3,0.3,2,300,52,0.17333333333333334,3.0,3.52,17.333333333333336,0.24,8,0.1111111111111111,64,0.21333333333333335,1.187776803970337,1.187776803970337,1.6003748178482056,0.7989899385818365,0.6652106452328787,-8.529709903320228,0.21333333333333335,64,1.391304347826087,6,46,HILCodec_3kbps,1221-135766-0000.flac,42
random_loss,0.2,fixed_0.3,0.3,2,300,52,0.17333333333333334,3.0,3.52,17.333333333333336,0.20666666666666667,10,0.16129032258064516,52,0.17333333333333334,1.3855197429656982,1.3855197429656982,2.0366053581237793,0.8590216008848854,0.7542390633494079,-6.966146234318299,0.17333333333333334,52,1.2380952380952381,4,42,HILCodec_3kbps,1221-135766-0000.flac,123
random_loss,0.2,fixed_0.5,0.5,1,300,7,0.023333333333333334,3.0,3.0700000000000003,2.3333333333333335,0.24,3,0.041666666666666664,69,0.23,1.184927225112915,1.184927225112915,1.5903890132904053,0.7955749406026421,0.6559037137072259,-8.680077552167122,0.23,69,1.4680851063829787,6,47,HILCodec_3kbps,1221-135766-0000.flac,42
random_loss,0.2,fixed_0.5,0.5,1,300,7,0.023333333333333334,3.0,3.0700000000000003,2.3333333333333335,0.20666666666666667,3,0.04838709677419355,59,0.19666666666666666,1.333838701248169,1.333838701248169,1.857700228691101,0.8409629467789548,0.7308446025221016,-7.153820494859685,0.19666666666666666,59,1.2826086956521738,4,46,HILCodec_3kbps,1221-135766-0000.flac,123
random_loss,0.2,fixed_0.5,0.5,2,300,7,0.023333333333333334,3.0,3.0700000000000003,2.3333333333333335,0.24,2,0.027777777777777776,70,0.23333333333333334,1.1839731931686401,1.1839731931686401,1.5914661884307861,0.7958225998613719,0.6521318040495675,-8.697240746818206,0.23333333333333334,70,1.4583333333333333,6,48,HILCodec_3kbps,1221-135766-0000.flac,42
random_loss,0.2,fixed_0.5,0.5,2,300,7,0.023333333333333334,3.0,3.0700000000000003,2.3333333333333335,0.20666666666666667,4,0.06451612903225806,58,0.19333333333333333,1.360213041305542,1.360213041305542,1.880401372909546,0.8519694295868321,0.7424956105998711,-7.239120031900277,0.19333333333333333,58,1.288888888888889,4,45,HILCodec_3kbps,1221-135766-0000.flac,123
random_loss,0.2,fixed_0.7,0.7,1,300,0,0.0,3.0,3.0,0.0,0.24,0,0.0,72,0.24,1.1778779029846191,1.1778779029846191,1.5866570472717285,0.7806554050275762,0.6413519804958014,-8.616414935543926,0.24,72,1.44,6,50,HILCodec_3kbps,1221-135766-0000.flac,42
random_loss,0.2,fixed_0.7,0.7,1,300,0,0.0,3.0,3.0,0.0,0.20666666666666667,0,0.0,62,0.20666666666666667,1.3115779161453247,1.3115779161453247,1.7695871591567993,0.8291279827579833,0.7149490819724047,-7.183891536923452,0.20666666666666667,62,1.3478260869565217,4,46,HILCodec_3kbps,1221-135766-0000.flac,123
random_loss,0.2,fixed_0.7,0.7,2,300,0,0.0,3.0,3.0,0.0,0.24,0,0.0,72,0.24,1.1778779029846191,1.1778779029846191,1.5866570472717285,0.7806554050275762,0.6413519804958014,-8.616414935543926,0.24,72,1.44,6,50,HILCodec_3kbps,1221-135766-0000.flac,42
random_loss,0.2,fixed_0.7,0.7,2,300,0,0.0,3.0,3.0,0.0,0.20666666666666667,0,0.0,62,0.20666666666666667,1.3115779161453247,1.3115779161453247,1.7695871591567993,0.8291279827579833,0.7149490819724047,-7.183891536923452,0.20666666666666667,62,1.3478260869565217,4,46,HILCodec_3kbps,1221-135766-0000.flac,123
random_loss,0.2,adaptive_mean_std,dynamic,1,300,32,0.10666666666666667,3.0,3.3200000000000003,10.666666666666668,0.24,8,0.1111111111111111,64,0.21333333333333335,1.1857984066009521,1.1857984066009521,1.5929954051971436,0.7972068130607983,0.66186063722007,-8.608761080100692,0.21333333333333335,64,1.4222222222222223,6,45,HILCodec_3kbps,1221-135766-0000.flac,42
random_loss,0.2,adaptive_mean_std,dynamic,1,300,32,0.10666666666666667,3.0,3.3200000000000003,10.666666666666668,0.20666666666666667,6,0.0967741935483871,56,0.18666666666666668,1.3406286239624023,1.3406286239624023,1.8676180839538574,0.8448206659434603,0.7379025689934556,-7.103205070104637,0.18666666666666668,56,1.2727272727272727,4,44,HILCodec_3kbps,1221-135766-0000.flac,123
random_loss,0.2,adaptive_mean_std,dynamic,2,300,32,0.10666666666666667,3.0,3.3200000000000003,10.666666666666668,0.24,5,0.06944444444444445,67,0.22333333333333333,1.1847046613693237,1.1847046613693237,1.5923172235488892,0.796693050803225,0.6571388476105107,-8.575219295885796,0.22333333333333333,67,1.425531914893617,6,47,HILCodec_3kbps,1221-135766-0000.flac,42
random_loss,0.2,adaptive_mean_std,dynamic,2,300,32,0.10666666666666667,3.0,3.3200000000000003,10.666666666666668,0.20666666666666667,7,0.11290322580645161,55,0.18333333333333332,1.3665144443511963,1.3665144443511963,1.8985400199890137,0.8562420596659822,0.7512283096677692,-7.188655635843642,0.18333333333333332,55,1.25,4,44,HILCodec_3kbps,1221-135766-0000.flac,123
random_loss,0.2,adaptive_quantile_70,dynamic,1,300,65,0.21666666666666667,3.0,3.6500000000000004,21.666666666666668,0.24,12,0.16666666666666666,60,0.2,1.2060675621032715,1.2060675621032715,1.6188080310821533,0.8001570900557838,0.6709339437630267,-8.6771970612895,0.2,60,1.4634146341463414,6,41,HILCodec_3kbps,1221-135766-0000.flac,42
random_loss,0.2,adaptive_quantile_70,dynamic,1,300,65,0.21666666666666667,3.0,3.6500000000000004,21.666666666666668,0.20666666666666667,14,0.22580645161290322,48,0.16,1.4401322603225708,1.4401322603225708,2.065791606903076,0.8671987290335652,0.7553914807622935,-6.769282579383445,0.16,48,1.2972972972972974,4,37,HILCodec_3kbps,1221-135766-0000.flac,123
random_loss,0.2,adaptive_quantile_70,dynamic,2,300,65,0.21666666666666667,3.0,3.6500000000000004,21.666666666666668,0.24,11,0.1527777777777778,61,0.20333333333333334,1.2084507942199707,1.2084507942199707,1.6308386325836182,0.801430494062242,0.6719578817709617,-8.867857951887933,0.20333333333333334,61,1.4186046511627908,6,43,HILCodec_3kbps,1221-135766-0000.flac,42
random_loss,0.2,adaptive_quantile_70,dynamic,2,300,65,0.21666666666666667,3.0,3.6500000000000004,21.666666666666668,0.20666666666666667,13,0.20967741935483872,49,0.16333333333333333,1.449645757675171,1.449645757675171,2.046537399291992,0.8751512166564218,0.7658703404466176,-7.004899987241583,0.16333333333333333,49,1.2564102564102564,4,39,HILCodec_3kbps,1221-135766-0000.flac,123
random_loss,0.2,all_duplicate,all_duplicate,1,300,300,1.0,3.0,6.0,100.0,0.24,50,0.6944444444444444,22,0.07333333333333333,1.6193561553955078,1.6193561553955078,2.242260694503784,0.8737083438583931,0.7863201682201832,-5.664198816522346,0.07333333333333333,22,1.375,5,16,HILCodec_3kbps,1221-135766-0000.flac,42
random_loss,0.2,all_duplicate,all_duplicate,1,300,300,1.0,3.0,6.0,100.0,0.20666666666666667,46,0.7419354838709677,16,0.05333333333333334,1.8754596710205078,1.8754596710205078,2.7434301376342773,0.9080810563799246,0.8223016406787789,-4.53344823058028,0.05333333333333334,16,1.3333333333333333,3,12,HILCodec_3kbps,1221-135766-0000.flac,123
random_loss,0.2,all_duplicate,all_duplicate,2,300,300,1.0,3.0,6.0,100.0,0.24,53,0.7361111111111112,19,0.06333333333333334,1.8039159774780273,1.8039159774780273,2.386653423309326,0.8930427122509672,0.8165490251558511,-5.246654486866349,0.06333333333333334,19,1.1875,4,16,HILCodec_3kbps,1221-135766-0000.flac,42
random_loss,0.2,all_duplicate,all_duplicate,2,300,300,1.0,3.0,6.0,100.0,0.20666666666666667,46,0.7419354838709677,16,0.05333333333333334,1.7970668077468872,1.7970668077468872,2.602801561355591,0.9070038902338496,0.8189144010498702,-5.496860067840739,0.05333333333333334,16,1.0666666666666667,2,15,HILCodec_3kbps,1221-135766-0000.flac,123
random_loss,0.3,no_duplicate,no_duplicate,1,300,0,0.0,3.0,3.0,0.0,0.32333333333333336,0,0.0,97,0.3233333333333333,1.1407454013824463,1.1407454013824463,1.4811142683029175,0.7408724052017032,0.5814384816223755,-10.133793239381134,0.3233333333333333,97,1.564516129032258,8,62,HILCodec_3kbps,1221-135766-0000.flac,42
random_loss,0.3,no_duplicate,no_duplicate,1,300,0,0.0,3.0,3.0,0.0,0.3433333333333334,0,0.0,103,0.3433333333333333,1.1826450824737549,1.1826450824737549,1.5993030071258545,0.7640364509243406,0.650734953677051,-9.940265966273882,0.3433333333333333,103,1.5846153846153845,6,65,HILCodec_3kbps,1221-135766-0000.flac,123
random_loss,0.3,no_duplicate,no_duplicate,2,300,0,0.0,3.0,3.0,0.0,0.32333333333333336,0,0.0,97,0.3233333333333333,1.1407454013824463,1.1407454013824463,1.4811142683029175,0.7408724052017032,0.5814384816223755,-10.133793239381134,0.3233333333333333,97,1.564516129032258,8,62,HILCodec_3kbps,1221-135766-0000.flac,42
random_loss,0.3,no_duplicate,no_duplicate,2,300,0,0.0,3.0,3.0,0.0,0.3433333333333334,0,0.0,103,0.3433333333333333,1.1826450824737549,1.1826450824737549,1.5993030071258545,0.7640364509243406,0.6507349536770509,-9.940265966273882,0.3433333333333333,103,1.5846153846153845,6,65,HILCodec_3kbps,1221-135766-0000.flac,123
random_loss,0.3,fixed_0.3,0.3,1,300,52,0.17333333333333334,3.0,3.52,17.333333333333336,0.32333333333333336,11,0.1134020618556701,86,0.2866666666666667,1.1512385606765747,1.1512385606765747,1.5017410516738892,0.7656049424346889,0.6165214487221493,-9.71215480364302,0.2866666666666667,86,1.5925925925925926,8,54,HILCodec_3kbps,1221-135766-0000.flac,42
random_loss,0.3,fixed_0.3,0.3,1,300,52,0.17333333333333334,3.0,3.52,17.333333333333336,0.3433333333333334,15,0.14563106796116504,88,0.29333333333333333,1.2460684776306152,1.2460684776306152,1.7827388048171997,0.8238226021841665,0.7029307926618078,-9.066900665888992,0.29333333333333333,88,1.5172413793103448,6,58,HILCodec_3kbps,1221-135766-0000.flac,123
random_loss,0.3,fixed_0.3,0.3,2,300,52,0.17333333333333334,3.0,3.52,17.333333333333336,0.32333333333333336,8,0.08247422680412371,89,0.2966666666666667,1.1461212635040283,1.1461212635040283,1.485391616821289,0.7591047219067012,0.6072592669236809,-10.001220127314793,0.2966666666666667,89,1.5344827586206897,8,58,HILCodec_3kbps,1221-135766-0000.flac,42
random_loss,0.3,fixed_0.3,0.3,2,300,52,0.17333333333333334,3.0,3.52,17.333333333333336,0.3433333333333334,10,0.0970873786407767,93,0.31,1.1983680725097656,1.1983680725097656,1.73018217086792,0.8213254359526898,0.6988028318179687,-9.564658431865645,0.31,93,1.5,6,62,HILCodec_3kbps,1221-135766-0000.flac,123
random_loss,0.3,fixed_0.5,0.5,1,300,7,0.023333333333333334,3.0,3.0700000000000003,2.3333333333333335,0.32333333333333336,3,0.030927835051546393,94,0.31333333333333335,1.1455769538879395,1.1455769538879395,1.4615118503570557,0.7563471681987061,0.5976279305496903,-10.192332648494604,0.31333333333333335,94,1.5932203389830508,8,59,HILCodec_3kbps,1221-135766-0000.flac,42
random_loss,0.3,fixed_0.5,0.5,1,300,7,0.023333333333333334,3.0,3.0700000000000003,2.3333333333333335,0.3433333333333334,4,0.038834951456310676,99,0.33,1.2017476558685303,1.2017476558685303,1.6710326671600342,0.804732339503252,0.6803317578529045,-9.882509416306274,0.33,99,1.546875,6,64,HILCodec_3kbps,1221-135766-0000.flac,123
random_loss,0.3,fixed_0.5,0.5,2,300,7,0.023333333333333334,3.0,3.0700000000000003,2.3333333333333335,0.32333333333333336,2,0.020618556701030927,95,0.31666666666666665,1.1450161933898926,1.1450161933898926,1.4619930982589722,0.7565931534922435,0.5937575216049322,-10.212639329794191,0.31666666666666665,95,1.5833333333333333,8,60,HILCodec_3kbps,1221-135766-0000.flac,42
random_loss,0.3,fixed_0.5,0.5,2,300,7,0.023333333333333334,3.0,3.0700000000000003,2.3333333333333335,0.3433333333333334,4,0.038834951456310676,99,0.33,1.1771138906478882,1.1771138906478882,1.646533489227295,0.8082065748126106,0.6765753617954925,-9.986416624046166,0.33,99,1.546875,6,64,HILCodec_3kbps,1221-135766-0000.flac,123
random_loss,0.3,fixed_0.7,0.7,1,300,0,0.0,3.0,3.0,0.0,0.32333333333333336,0,0.0,97,0.3233333333333333,1.1407454013824463,1.1407454013824463,1.4811142683029175,0.7408724052017032,0.5814384816223755,-10.133793239381134,0.3233333333333333,97,1.564516129032258,8,62,HILCodec_3kbps,1221-135766-0000.flac,42
random_loss,0.3,fixed_0.7,0.7,1,300,0,0.0,3.0,3.0,0.0,0.3433333333333334,0,0.0,103,0.3433333333333333,1.1826450824737549,1.1826450824737549,1.5993030071258545,0.7640364509243406,0.650734953677051,-9.940265966273882,0.3433333333333333,103,1.5846153846153845,6,65,HILCodec_3kbps,1221-135766-0000.flac,123
random_loss,0.3,fixed_0.7,0.7,2,300,0,0.0,3.0,3.0,0.0,0.32333333333333336,0,0.0,97,0.3233333333333333,1.1407454013824463,1.1407454013824463,1.4811142683029175,0.7408724052017032,0.5814384816223755,-10.133793239381134,0.3233333333333333,97,1.564516129032258,8,62,HILCodec_3kbps,1221-135766-0000.flac,42
random_loss,0.3,fixed_0.7,0.7,2,300,0,0.0,3.0,3.0,0.0,0.3433333333333334,0,0.0,103,0.3433333333333333,1.1826450824737549,1.1826450824737549,1.5993030071258545,0.7640364509243406,0.650734953677051,-9.940265966273882,0.3433333333333333,103,1.5846153846153845,6,65,HILCodec_3kbps,1221-135766-0000.flac,123
random_loss,0.3,adaptive_mean_std,dynamic,1,300,32,0.10666666666666667,3.0,3.3200000000000003,10.666666666666668,0.32333333333333336,9,0.09278350515463918,88,0.29333333333333333,1.1451326608657837,1.1451326608657837,1.4830639362335205,0.7579742290503472,0.6048120581336306,-10.092477966216435,0.29333333333333333,88,1.5714285714285714,8,56,HILCodec_3kbps,1221-135766-0000.flac,42
random_loss,0.3,adaptive_mean_std,dynamic,1,300,32,0.10666666666666667,3.0,3.3200000000000003,10.666666666666668,0.3433333333333334,8,0.07766990291262135,95,0.31666666666666665,1.2196638584136963,1.2196638584136963,1.6861944198608398,0.8132231863802749,0.6930532452667486,-9.702867497971777,0.31666666666666665,95,1.507936507936508,6,63,HILCodec_3kbps,1221-135766-0000.flac,123
random_loss,0.3,adaptive_mean_std,dynamic,2,300,32,0.10666666666666667,3.0,3.3200000000000003,10.666666666666668,0.32333333333333336,5,0.05154639175257732,92,0.30666666666666664,1.144972801208496,1.144972801208496,1.463473916053772,0.757385860480415,0.5992665996434376,-10.054816773333755,0.30666666666666664,92,1.5593220338983051,8,59,HILCodec_3kbps,1221-135766-0000.flac,42
random_loss,0.3,adaptive_mean_std,dynamic,2,300,32,0.10666666666666667,3.0,3.3200000000000003,10.666666666666668,0.3433333333333334,7,0.06796116504854369,96,0.32,1.1935700178146362,1.1935700178146362,1.6663496494293213,0.8174968252332746,0.6942964841425615,-9.85475730941344,0.32,96,1.5,6,64,HILCodec_3kbps,1221-135766-0000.flac,123
random_loss,0.3,adaptive_quantile_70,dynamic,1,300,65,0.21666666666666667,3.0,3.6500000000000004,21.666666666666668,0.32333333333333336,14,0.14432989690721648,83,0.27666666666666667,1.154239296913147,1.154239296913147,1.4967693090438843,0.7617428482599529,0.6148733724226012,-10.011288544960674,0.27666666666666667,83,1.6274509803921569,8,51,HILCodec_3kbps,1221-135766-0000.flac,42
random_loss,0.3,adaptive_quantile_70,dynamic,1,300,65,0.21666666666666667,3.0,3.6500000000000004,21.666666666666668,0.3433333333333334,17,0.1650485436893204,86,0.2866666666666667,1.2599703073501587,1.2599703073501587,1.768216848373413,0.8368692469774692,0.7064755259202503,-8.874946282865777,0.2866666666666667,86,1.5357142857142858,6,56,HILCodec_3kbps,1221-135766-0000.flac,123
random_loss,0.3,adaptive_quantile_70,dynamic,2,300,65,0.21666666666666667,3.0,3.6500000000000004,21.666666666666668,0.32333333333333336,13,0.13402061855670103,84,0.28,1.1718409061431885,1.1718409061431885,1.520001769065857,0.7670313007704579,0.6197810813232009,-10.203500090087775,0.28,84,1.5555555555555556,8,54,HILCodec_3kbps,1221-135766-0000.flac,42
random_loss,0.3,adaptive_quantile_70,dynamic,2,300,65,0.21666666666666667,3.0,3.6500000000000004,21.666666666666668,0.3433333333333334,14,0.13592233009708737,89,0.2966666666666667,1.2355573177337646,1.2355573177337646,1.7690463066101074,0.8370038433684325,0.7089063904213408,-9.416289305285181,0.2966666666666667,89,1.5084745762711864,6,59,HILCodec_3kbps,1221-135766-0000.flac,123
random_loss,0.3,all_duplicate,all_duplicate,1,300,300,1.0,3.0,6.0,100.0,0.32333333333333336,62,0.6391752577319587,35,0.11666666666666667,1.4729745388031006,1.4729745388031006,2.081897258758545,0.863726132210809,0.7627110841868731,-5.8330152884334545,0.11666666666666667,35,1.6666666666666667,7,21,HILCodec_3kbps,1221-135766-0000.flac,42
random_loss,0.3,all_duplicate,all_duplicate,1,300,300,1.0,3.0,6.0,100.0,0.3433333333333334,65,0.6310679611650486,38,0.12666666666666668,1.4807965755462646,1.4807965755462646,2.288383960723877,0.878260114349298,0.7785971437796673,-5.978733745197474,0.12666666666666668,38,1.52,5,25,HILCodec_3kbps,1221-135766-0000.flac,123
random_loss,0.3,all_duplicate,all_duplicate,2,300,300,1.0,3.0,6.0,100.0,0.32333333333333336,61,0.6288659793814433,36,0.12,1.4301328659057617,1.4301328659057617,2.0023515224456787,0.8647166540825131,0.7667609588992986,-6.403545471419553,0.12,36,1.2857142857142858,6,28,HILCodec_3kbps,1221-135766-0000.flac,42
random_loss,0.3,all_duplicate,all_duplicate,2,300,300,1.0,3.0,6.0,100.0,0.3433333333333334,65,0.6310679611650486,38,0.12666666666666668,1.5399539470672607,1.5399539470672607,2.3382985591888428,0.8811297266972621,0.7796610587105945,-5.8394510263749115,0.12666666666666668,38,1.1875,4,32,HILCodec_3kbps,1221-135766-0000.flac,123
random_loss,0.4,no_duplicate,no_duplicate,1,300,0,0.0,3.0,3.0,0.0,0.41000000000000003,0,0.0,123,0.41,1.1284791231155396,1.1284791231155396,1.4696611166000366,0.7191193557093123,0.5435789974862134,-11.60732023382559,0.41,123,1.662162162162162,8,74,HILCodec_3kbps,1221-135766-0000.flac,42
random_loss,0.4,no_duplicate,no_duplicate,1,300,0,0.0,3.0,3.0,0.0,0.42333333333333334,0,0.0,127,0.42333333333333334,1.1430389881134033,1.1430389881134033,1.5004743337631226,0.7140407296929251,0.5784908668083163,-11.597569094451742,0.42333333333333334,127,1.7887323943661972,6,71,HILCodec_3kbps,1221-135766-0000.flac,123
random_loss,0.4,no_duplicate,no_duplicate,2,300,0,0.0,3.0,3.0,0.0,0.41000000000000003,0,0.0,123,0.41,1.1284791231155396,1.1284791231155396,1.4696611166000366,0.7191193557093123,0.5435789974862134,-11.60732023382559,0.41,123,1.662162162162162,8,74,HILCodec_3kbps,1221-135766-0000.flac,42
random_loss,0.4,no_duplicate,no_duplicate,2,300,0,0.0,3.0,3.0,0.0,0.42333333333333334,0,0.0,127,0.42333333333333334,1.1430389881134033,1.1430389881134033,1.5004743337631226,0.7140407296929251,0.5784908668083163,-11.597569094451742,0.42333333333333334,127,1.7887323943661972,6,71,HILCodec_3kbps,1221-135766-0000.flac,123
random_loss,0.4,fixed_0.3,0.3,1,300,52,0.17333333333333334,3.0,3.52,17.333333333333336,0.41000000000000003,15,0.12195121951219512,108,0.36,1.1438865661621094,1.1438865661621094,1.4359043836593628,0.7396898836187985,0.5754961844331147,-11.041251673809064,0.36,108,1.6615384615384616,8,65,HILCodec_3kbps,1221-135766-0000.flac,42
random_loss,0.4,fixed_0.3,0.3,1,300,52,0.17333333333333334,3.0,3.52,17.333333333333336,0.42333333333333334,13,0.10236220472440945,114,0.38,1.178444743156433,1.178444743156433,1.4938139915466309,0.769172350501717,0.6241547802855657,-10.635508067332506,0.38,114,1.7272727272727273,6,66,HILCodec_3kbps,1221-135766-0000.flac,123
random_loss,0.4,fixed_0.3,0.3,2,300,52,0.17333333333333334,3.0,3.52,17.333333333333336,0.41000000000000003,14,0.11382113821138211,109,0.36333333333333334,1.129245638847351,1.129245638847351,1.404550313949585,0.7239260061320053,0.562269768986148,-11.12386798357651,0.36333333333333334,109,1.6029411764705883,8,68,HILCodec_3kbps,1221-135766-0000.flac,42
random_loss,0.4,fixed_0.3,0.3,2,300,52,0.17333333333333334,3.0,3.52,17.333333333333336,0.42333333333333334,11,0.08661417322834646,116,0.38666666666666666,1.1667094230651855,1.1667094230651855,1.5372436046600342,0.7741396720246192,0.6314186273739951,-11.041729645324265,0.38666666666666666,116,1.681159420289855,6,69,HILCodec_3kbps,1221-135766-0000.flac,123
random_loss,0.4,fixed_0.5,0.5,1,300,7,0.023333333333333334,3.0,3.0700000000000003,2.3333333333333335,0.41000000000000003,5,0.04065040650406504,118,0.3933333333333333,1.1332814693450928,1.1332814693450928,1.4173513650894165,0.7339480209082861,0.5611860194278157,-11.722627919834714,0.3933333333333333,118,1.710144927536232,8,69,HILCodec_3kbps,1221-135766-0000.flac,42
random_loss,0.4,fixed_0.5,0.5,1,300,7,0.023333333333333334,3.0,3.0700000000000003,2.3333333333333335,0.42333333333333334,4,0.031496062992125984,123,0.41,1.1620960235595703,1.1620960235595703,1.5426383018493652,0.7531483721651825,0.6046190674451494,-11.522488061211359,0.41,123,1.7571428571428571,6,70,HILCodec_3kbps,1221-135766-0000.flac,123
random_loss,0.4,fixed_0.5,0.5,2,300,7,0.023333333333333334,3.0,3.0700000000000003,2.3333333333333335,0.41000000000000003,2,0.016260162601626018,121,0.4033333333333333,1.1294374465942383,1.1294374465942383,1.4627556800842285,0.7194105991160513,0.5455833418612768,-11.603525114673417,0.4033333333333333,121,1.6805555555555556,8,72,HILCodec_3kbps,1221-135766-0000.flac,42
random_loss,0.4,fixed_0.5,0.5,2,300,7,0.023333333333333334,3.0,3.0700000000000003,2.3333333333333335,0.42333333333333334,4,0.031496062992125984,123,0.41,1.1539419889450073,1.1539419889450073,1.5251373052597046,0.7568000106577483,0.601034101804015,-11.643536329121522,0.41,123,1.7571428571428571,6,70,HILCodec_3kbps,1221-135766-0000.flac,123
random_loss,0.4,fixed_0.7,0.7,1,300,0,0.0,3.0,3.0,0.0,0.41000000000000003,0,0.0,123,0.41,1.1284791231155396,1.1284791231155396,1.4696611166000366,0.7191193557093123,0.5435789974862135,-11.60732023382559,0.41,123,1.662162162162162,8,74,HILCodec_3kbps,1221-135766-0000.flac,42
random_loss,0.4,fixed_0.7,0.7,1,300,0,0.0,3.0,3.0,0.0,0.42333333333333334,0,0.0,127,0.42333333333333334,1.1430389881134033,1.1430389881134033,1.5004743337631226,0.7140407296929251,0.5784908668083163,-11.597569094451742,0.42333333333333334,127,1.7887323943661972,6,71,HILCodec_3kbps,1221-135766-0000.flac,123
random_loss,0.4,fixed_0.7,0.7,2,300,0,0.0,3.0,3.0,0.0,0.41000000000000003,0,0.0,123,0.41,1.1284791231155396,1.1284791231155396,1.4696611166000366,0.7191193557093123,0.5435789974862134,-11.60732023382559,0.41,123,1.662162162162162,8,74,HILCodec_3kbps,1221-135766-0000.flac,42
random_loss,0.4,fixed_0.7,0.7,2,300,0,0.0,3.0,3.0,0.0,0.42333333333333334,0,0.0,127,0.42333333333333334,1.1430389881134033,1.1430389881134033,1.5004743337631226,0.7140407296929251,0.5784908668083163,-11.597569094451742,0.42333333333333334,127,1.7887323943661972,6,71,HILCodec_3kbps,1221-135766-0000.flac,123
random_loss,0.4,adaptive_mean_std,dynamic,1,300,32,0.10666666666666667,3.0,3.3200000000000003,10.666666666666668,0.41000000000000003,12,0.0975609756097561,111,0.37,1.137522578239441,1.137522578239441,1.4172027111053467,0.7348190648140572,0.5670525993544813,-11.58522247839282,0.37,111,1.6567164179104477,8,67,HILCodec_3kbps,1221-135766-0000.flac,42
random_loss,0.4,adaptive_mean_std,dynamic,1,300,32,0.10666666666666667,3.0,3.3200000000000003,10.666666666666668,0.42333333333333334,7,0.05511811023622047,120,0.4,1.159630537033081,1.159630537033081,1.5055478811264038,0.7596835706329053,0.6126583778394737,-11.396974971860612,0.4,120,1.7391304347826086,6,69,HILCodec_3kbps,1221-135766-0000.flac,123
random_loss,0.4,adaptive_mean_std,dynamic,2,300,32,0.10666666666666667,3.0,3.3200000000000003,10.666666666666668,0.41000000000000003,9,0.07317073170731707,114,0.38,1.1343103647232056,1.1343103647232056,1.47727370262146,0.7204359345682366,0.5535240541629531,-11.399597849764383,0.38,114,1.6285714285714286,8,70,HILCodec_3kbps,1221-135766-0000.flac,42
random_loss,0.4,adaptive_mean_std,dynamic,2,300,32,0.10666666666666667,3.0,3.3200000000000003,10.666666666666668,0.42333333333333334,7,0.05511811023622047,120,0.4,1.152845025062561,1.152845025062561,1.5443730354309082,0.7663121613940468,0.6209651163635248,-11.47492944450361,0.4,120,1.6901408450704225,6,71,HILCodec_3kbps,1221-135766-0000.flac,123
random_loss,0.4,adaptive_quantile_70,dynamic,1,300,65,0.21666666666666667,3.0,3.6500000000000004,21.666666666666668,0.41000000000000003,17,0.13821138211382114,106,0.35333333333333333,1.1461254358291626,1.1461254358291626,1.4275000095367432,0.7392530764069171,0.5763555746719724,-11.495015511597554,0.35333333333333333,106,1.65625,8,64,HILCodec_3kbps,1221-135766-0000.flac,42
random_loss,0.4,adaptive_quantile_70,dynamic,1,300,65,0.21666666666666667,3.0,3.6500000000000004,21.666666666666668,0.42333333333333334,15,0.11811023622047244,112,0.37333333333333335,1.1585946083068848,1.1585946083068848,1.535231351852417,0.77786900315022,0.6259972280601397,-11.07049563647678,0.37333333333333335,112,1.696969696969697,6,66,HILCodec_3kbps,1221-135766-0000.flac,123
random_loss,0.4,adaptive_quantile_70,dynamic,2,300,65,0.21666666666666667,3.0,3.6500000000000004,21.666666666666668,0.41000000000000003,18,0.14634146341463414,105,0.35,1.1537984609603882,1.1537984609603882,1.4502674341201782,0.7326588587914525,0.5741454903722031,-11.460444356237588,0.35,105,1.5909090909090908,8,66,HILCodec_3kbps,1221-135766-0000.flac,42
random_loss,0.4,adaptive_quantile_70,dynamic,2,300,65,0.21666666666666667,3.0,3.6500000000000004,21.666666666666668,0.42333333333333334,15,0.11811023622047244,112,0.37333333333333335,1.1780755519866943,1.1780755519866943,1.5844342708587646,0.7939072578725588,0.640716504383045,-11.442909550792479,0.37333333333333335,112,1.6470588235294117,6,68,HILCodec_3kbps,1221-135766-0000.flac,123
random_loss,0.4,all_duplicate,all_duplicate,1,300,300,1.0,3.0,6.0,100.0,0.41000000000000003,74,0.6016260162601627,49,0.16333333333333333,1.4122806787490845,1.4122806787490845,1.9613360166549683,0.8359968863986287,0.7297220575427494,-6.33630236933394,0.16333333333333333,49,1.4848484848484849,7,33,HILCodec_3kbps,1221-135766-0000.flac,42
random_loss,0.4,all_duplicate,all_duplicate,1,300,300,1.0,3.0,6.0,100.0,0.42333333333333334,71,0.5590551181102362,56,0.18666666666666668,1.2829647064208984,1.2829647064208984,1.7110463380813599,0.8386616049085309,0.719791885793102,-7.4405713372223925,0.18666666666666668,56,1.75,5,32,HILCodec_3kbps,1221-135766-0000.flac,123
random_loss,0.4,all_duplicate,all_duplicate,2,300,300,1.0,3.0,6.0,100.0,0.41000000000000003,74,0.6016260162601627,49,0.16333333333333333,1.3205406665802002,1.3205406665802002,1.85235595703125,0.8377310309188262,0.7399043604707392,-6.86689527071348,0.16333333333333333,49,1.1951219512195121,6,41,HILCodec_3kbps,1221-135766-0000.flac,42
random_loss,0.4,all_duplicate,all_duplicate,2,300,300,1.0,3.0,6.0,100.0,0.42333333333333334,73,0.5748031496062992,54,0.18,1.2593293190002441,1.2593293190002441,1.8925175666809082,0.8539072526457199,0.7401215947829085,-7.114272345099813,0.18,54,1.255813953488372,4,43,HILCodec_3kbps,1221-135766-0000.flac,123
random_loss,0.0,no_duplicate,no_duplicate,1,300,0,0.0,3.0,3.0,0.0,0.0,0,0.0,0,0.0,2.8575499057769775,2.8575499057769775,3.337811231613159,0.9285128043501167,0.8821438186579884,5.999578453283982,0.0,0,0.0,0,0,HILCodec_3kbps,1284-1180-0000.flac,42
random_loss,0.0,no_duplicate,no_duplicate,1,300,0,0.0,3.0,3.0,0.0,0.0,0,0.0,0,0.0,2.8575499057769775,2.8575499057769775,3.337811231613159,0.9285128043501167,0.8821438186579884,5.999578453283982,0.0,0,0.0,0,0,HILCodec_3kbps,1284-1180-0000.flac,123
random_loss,0.0,no_duplicate,no_duplicate,2,300,0,0.0,3.0,3.0,0.0,0.0,0,0.0,0,0.0,2.8575499057769775,2.8575499057769775,3.337811231613159,0.9285128043501167,0.8821438186579883,5.999578453283982,0.0,0,0.0,0,0,HILCodec_3kbps,1284-1180-0000.flac,42
random_loss,0.0,no_duplicate,no_duplicate,2,300,0,0.0,3.0,3.0,0.0,0.0,0,0.0,0,0.0,2.8575499057769775,2.8575499057769775,3.337811231613159,0.9285128043501167,0.8821438186579883,5.999578453283982,0.0,0,0.0,0,0,HILCodec_3kbps,1284-1180-0000.flac,123
random_loss,0.0,fixed_0.3,0.3,1,300,25,0.08333333333333333,3.0,3.25,8.333333333333332,0.0,0,0.0,0,0.0,2.8575499057769775,2.8575499057769775,3.337811231613159,0.9285128043501167,0.8821438186579882,5.999578453283982,0.0,0,0.0,0,0,HILCodec_3kbps,1284-1180-0000.flac,42
random_loss,0.0,fixed_0.3,0.3,1,300,25,0.08333333333333333,3.0,3.25,8.333333333333332,0.0,0,0.0,0,0.0,2.8575499057769775,2.8575499057769775,3.337811231613159,0.9285128043501167,0.8821438186579883,5.999578453283982,0.0,0,0.0,0,0,HILCodec_3kbps,1284-1180-0000.flac,123
random_loss,0.0,fixed_0.3,0.3,2,300,25,0.08333333333333333,3.0,3.25,8.333333333333332,0.0,0,0.0,0,0.0,2.8575499057769775,2.8575499057769775,3.337811231613159,0.9285128043501167,0.8821438186579884,5.999578453283982,0.0,0,0.0,0,0,HILCodec_3kbps,1284-1180-0000.flac,42
random_loss,0.0,fixed_0.3,0.3,2,300,25,0.08333333333333333,3.0,3.25,8.333333333333332,0.0,0,0.0,0,0.0,2.8575499057769775,2.8575499057769775,3.337811231613159,0.9285128043501167,0.8821438186579884,5.999578453283982,0.0,0,0.0,0,0,HILCodec_3kbps,1284-1180-0000.flac,123
random_loss,0.0,fixed_0.5,0.5,1,300,7,0.023333333333333334,3.0,3.0700000000000003,2.3333333333333335,0.0,0,0.0,0,0.0,2.8575499057769775,2.8575499057769775,3.337811231613159,0.9285128043501167,0.8821438186579883,5.999578453283982,0.0,0,0.0,0,0,HILCodec_3kbps,1284-1180-0000.flac,42
random_loss,0.0,fixed_0.5,0.5,1,300,7,0.023333333333333334,3.0,3.0700000000000003,2.3333333333333335,0.0,0,0.0,0,0.0,2.8575499057769775,2.8575499057769775,3.337811231613159,0.9285128043501167,0.8821438186579884,5.999578453283982,0.0,0,0.0,0,0,HILCodec_3kbps,1284-1180-0000.flac,123
random_loss,0.0,fixed_0.5,0.5,2,300,7,0.023333333333333334,3.0,3.0700000000000003,2.3333333333333335,0.0,0,0.0,0,0.0,2.8575499057769775,2.8575499057769775,3.337811231613159,0.9285128043501167,0.8821438186579884,5.999578453283982,0.0,0,0.0,0,0,HILCodec_3kbps,1284-1180-0000.flac,42
random_loss,0.0,fixed_0.5,0.5,2,300,7,0.023333333333333334,3.0,3.0700000000000003,2.3333333333333335,0.0,0,0.0,0,0.0,2.8575499057769775,2.8575499057769775,3.337811231613159,0.9285128043501167,0.8821438186579884,5.999578453283982,0.0,0,0.0,0,0,HILCodec_3kbps,1284-1180-0000.flac,123
random_loss,0.0,fixed_0.7,0.7,1,300,0,0.0,3.0,3.0,0.0,0.0,0,0.0,0,0.0,2.8575499057769775,2.8575499057769775,3.337811231613159,0.9285128043501167,0.8821438186579884,5.999578453283982,0.0,0,0.0,0,0,HILCodec_3kbps,1284-1180-0000.flac,42
random_loss,0.0,fixed_0.7,0.7,1,300,0,0.0,3.0,3.0,0.0,0.0,0,0.0,0,0.0,2.8575499057769775,2.8575499057769775,3.337811231613159,0.9285128043501167,0.8821438186579883,5.999578453283982,0.0,0,0.0,0,0,HILCodec_3kbps,1284-1180-0000.flac,123
random_loss,0.0,fixed_0.7,0.7,2,300,0,0.0,3.0,3.0,0.0,0.0,0,0.0,0,0.0,2.8575499057769775,2.8575499057769775,3.337811231613159,0.9285128043501167,0.8821438186579883,5.999578453283982,0.0,0,0.0,0,0,HILCodec_3kbps,1284-1180-0000.flac,42
random_loss,0.0,fixed_0.7,0.7,2,300,0,0.0,3.0,3.0,0.0,0.0,0,0.0,0,0.0,2.8575499057769775,2.8575499057769775,3.337811231613159,0.9285128043501167,0.8821438186579883,5.999578453283982,0.0,0,0.0,0,0,HILCodec_3kbps,1284-1180-0000.flac,123
random_loss,0.0,adaptive_mean_std,dynamic,1,300,40,0.13333333333333333,3.0,3.4,13.333333333333334,0.0,0,0.0,0,0.0,2.8575499057769775,2.8575499057769775,3.337811231613159,0.9285128043501167,0.8821438186579883,5.999578453283982,0.0,0,0.0,0,0,HILCodec_3kbps,1284-1180-0000.flac,42
random_loss,0.0,adaptive_mean_std,dynamic,1,300,40,0.13333333333333333,3.0,3.4,13.333333333333334,0.0,0,0.0,0,0.0,2.8575499057769775,2.8575499057769775,3.337811231613159,0.9285128043501167,0.8821438186579883,5.999578453283982,0.0,0,0.0,0,0,HILCodec_3kbps,1284-1180-0000.flac,123
random_loss,0.0,adaptive_mean_std,dynamic,2,300,40,0.13333333333333333,3.0,3.4,13.333333333333334,0.0,0,0.0,0,0.0,2.8575499057769775,2.8575499057769775,3.337811231613159,0.9285128043501167,0.8821438186579884,5.999578453283982,0.0,0,0.0,0,0,HILCodec_3kbps,1284-1180-0000.flac,42
random_loss,0.0,adaptive_mean_std,dynamic,2,300,40,0.13333333333333333,3.0,3.4,13.333333333333334,0.0,0,0.0,0,0.0,2.8575499057769775,2.8575499057769775,3.337811231613159,0.9285128043501167,0.8821438186579884,5.999578453283982,0.0,0,0.0,0,0,HILCodec_3kbps,1284-1180-0000.flac,123
random_loss,0.0,adaptive_quantile_70,dynamic,1,300,121,0.4033333333333333,3.0,4.21,40.33333333333333,0.0,0,0.0,0,0.0,2.8575499057769775,2.8575499057769775,3.337811231613159,0.9285128043501167,0.8821438186579882,5.999578453283982,0.0,0,0.0,0,0,HILCodec_3kbps,1284-1180-0000.flac,42
random_loss,0.0,adaptive_quantile_70,dynamic,1,300,121,0.4033333333333333,3.0,4.21,40.33333333333333,0.0,0,0.0,0,0.0,2.8575499057769775,2.8575499057769775,3.337811231613159,0.9285128043501167,0.8821438186579883,5.999578453283982,0.0,0,0.0,0,0,HILCodec_3kbps,1284-1180-0000.flac,123
random_loss,0.0,adaptive_quantile_70,dynamic,2,300,121,0.4033333333333333,3.0,4.21,40.33333333333333,0.0,0,0.0,0,0.0,2.8575499057769775,2.8575499057769775,3.337811231613159,0.9285128043501167,0.8821438186579884,5.999578453283982,0.0,0,0.0,0,0,HILCodec_3kbps,1284-1180-0000.flac,42
random_loss,0.0,adaptive_quantile_70,dynamic,2,300,121,0.4033333333333333,3.0,4.21,40.33333333333333,0.0,0,0.0,0,0.0,2.8575499057769775,2.8575499057769775,3.337811231613159,0.9285128043501167,0.8821438186579884,5.999578453283982,0.0,0,0.0,0,0,HILCodec_3kbps,1284-1180-0000.flac,123
random_loss,0.0,all_duplicate,all_duplicate,1,300,300,1.0,3.0,6.0,100.0,0.0,0,0.0,0,0.0,2.8575499057769775,2.8575499057769775,3.337811231613159,0.9285128043501167,0.8821438186579884,5.999578453283982,0.0,0,0.0,0,0,HILCodec_3kbps,1284-1180-0000.flac,42
random_loss,0.0,all_duplicate,all_duplicate,1,300,300,1.0,3.0,6.0,100.0,0.0,0,0.0,0,0.0,2.8575499057769775,2.8575499057769775,3.337811231613159,0.9285128043501167,0.8821438186579884,5.999578453283982,0.0,0,0.0,0,0,HILCodec_3kbps,1284-1180-0000.flac,123
random_loss,0.0,all_duplicate,all_duplicate,2,300,300,1.0,3.0,6.0,100.0,0.0,0,0.0,0,0.0,2.8575499057769775,2.8575499057769775,3.337811231613159,0.9285128043501167,0.8821438186579883,5.999578453283982,0.0,0,0.0,0,0,HILCodec_3kbps,1284-1180-0000.flac,42
random_loss,0.0,all_duplicate,all_duplicate,2,300,300,1.0,3.0,6.0,100.0,0.0,0,0.0,0,0.0,2.8575499057769775,2.8575499057769775,3.337811231613159,0.9285128043501167,0.8821438186579884,5.999578453283982,0.0,0,0.0,0,0,HILCodec_3kbps,1284-1180-0000.flac,123
random_loss,0.01,no_duplicate,no_duplicate,1,300,0,0.0,3.0,3.0,0.0,0.0033333333333332993,0,0.0,1,0.0033333333333333335,2.6748552322387695,2.6748552322387695,3.2270634174346924,0.925233915278344,0.8765075318585063,5.95732422427496,0.0033333333333333335,1,1.0,1,1,HILCodec_3kbps,1284-1180-0000.flac,42
random_loss,0.01,no_duplicate,no_duplicate,1,300,0,0.0,3.0,3.0,0.0,0.013333333333333308,0,0.0,4,0.013333333333333334,2.63295578956604,2.63295578956604,3.207726240158081,0.9244216713690039,0.8742883251889324,5.717232113455589,0.013333333333333334,4,1.0,1,4,HILCodec_3kbps,1284-1180-0000.flac,123
random_loss,0.01,no_duplicate,no_duplicate,2,300,0,0.0,3.0,3.0,0.0,0.0033333333333332993,0,0.0,1,0.0033333333333333335,2.6748552322387695,2.6748552322387695,3.2270634174346924,0.925233915278344,0.8765075318585063,5.95732422427496,0.0033333333333333335,1,1.0,1,1,HILCodec_3kbps,1284-1180-0000.flac,42
random_loss,0.01,no_duplicate,no_duplicate,2,300,0,0.0,3.0,3.0,0.0,0.013333333333333308,0,0.0,4,0.013333333333333334,2.63295578956604,2.63295578956604,3.207726240158081,0.9244216713690039,0.8742883251889323,5.717232113455589,0.013333333333333334,4,1.0,1,4,HILCodec_3kbps,1284-1180-0000.flac,123
random_loss,0.01,fixed_0.3,0.3,1,300,25,0.08333333333333333,3.0,3.25,8.333333333333332,0.0033333333333332993,0,0.0,1,0.0033333333333333335,2.6748552322387695,2.6748552322387695,3.2270634174346924,0.925233915278344,0.8765075318585063,5.95732422427496,0.0033333333333333335,1,1.0,1,1,HILCodec_3kbps,1284-1180-0000.flac,42
random_loss,0.01,fixed_0.3,0.3,1,300,25,0.08333333333333333,3.0,3.25,8.333333333333332,0.013333333333333308,0,0.0,4,0.013333333333333334,2.63295578956604,2.63295578956604,3.207726240158081,0.9244216713690039,0.8742883251889324,5.717232113455589,0.013333333333333334,4,1.0,1,4,HILCodec_3kbps,1284-1180-0000.flac,123
random_loss,0.01,fixed_0.3,0.3,2,300,25,0.08333333333333333,3.0,3.25,8.333333333333332,0.0033333333333332993,0,0.0,1,0.0033333333333333335,2.6748552322387695,2.6748552322387695,3.2270634174346924,0.925233915278344,0.8765075318585063,5.95732422427496,0.0033333333333333335,1,1.0,1,1,HILCodec_3kbps,1284-1180-0000.flac,42
random_loss,0.01,fixed_0.3,0.3,2,300,25,0.08333333333333333,3.0,3.25,8.333333333333332,0.013333333333333308,0,0.0,4,0.013333333333333334,2.63295578956604,2.63295578956604,3.207726240158081,0.9244216713690039,0.8742883251889324,5.717232113455589,0.013333333333333334,4,1.0,1,4,HILCodec_3kbps,1284-1180-0000.flac,123
random_loss,0.01,fixed_0.5,0.5,1,300,7,0.023333333333333334,3.0,3.0700000000000003,2.3333333333333335,0.0033333333333332993,0,0.0,1,0.0033333333333333335,2.6748552322387695,2.6748552322387695,3.2270634174346924,0.925233915278344,0.8765075318585063,5.95732422427496,0.0033333333333333335,1,1.0,1,1,HILCodec_3kbps,1284-1180-0000.flac,42
random_loss,0.01,fixed_0.5,0.5,1,300,7,0.023333333333333334,3.0,3.0700000000000003,2.3333333333333335,0.013333333333333308,0,0.0,4,0.013333333333333334,2.63295578956604,2.63295578956604,3.207726240158081,0.9244216713690039,0.8742883251889324,5.717232113455589,0.013333333333333334,4,1.0,1,4,HILCodec_3kbps,1284-1180-0000.flac,123
random_loss,0.01,fixed_0.5,0.5,2,300,7,0.023333333333333334,3.0,3.0700000000000003,2.3333333333333335,0.0033333333333332993,0,0.0,1,0.0033333333333333335,2.6748552322387695,2.6748552322387695,3.2270634174346924,0.925233915278344,0.8765075318585063,5.95732422427496,0.0033333333333333335,1,1.0,1,1,HILCodec_3kbps,1284-1180-0000.flac,42
random_loss,0.01,fixed_0.5,0.5,2,300,7,0.023333333333333334,3.0,3.0700000000000003,2.3333333333333335,0.013333333333333308,0,0.0,4,0.013333333333333334,2.63295578956604,2.63295578956604,3.207726240158081,0.9244216713690039,0.8742883251889323,5.717232113455589,0.013333333333333334,4,1.0,1,4,HILCodec_3kbps,1284-1180-0000.flac,123
random_loss,0.01,fixed_0.7,0.7,1,300,0,0.0,3.0,3.0,0.0,0.0033333333333332993,0,0.0,1,0.0033333333333333335,2.6748552322387695,2.6748552322387695,3.2270634174346924,0.925233915278344,0.8765075318585063,5.95732422427496,0.0033333333333333335,1,1.0,1,1,HILCodec_3kbps,1284-1180-0000.flac,42
random_loss,0.01,fixed_0.7,0.7,1,300,0,0.0,3.0,3.0,0.0,0.013333333333333308,0,0.0,4,0.013333333333333334,2.63295578956604,2.63295578956604,3.207726240158081,0.9244216713690039,0.8742883251889324,5.717232113455589,0.013333333333333334,4,1.0,1,4,HILCodec_3kbps,1284-1180-0000.flac,123
random_loss,0.01,fixed_0.7,0.7,2,300,0,0.0,3.0,3.0,0.0,0.0033333333333332993,0,0.0,1,0.0033333333333333335,2.6748552322387695,2.6748552322387695,3.2270634174346924,0.925233915278344,0.8765075318585063,5.95732422427496,0.0033333333333333335,1,1.0,1,1,HILCodec_3kbps,1284-1180-0000.flac,42
random_loss,0.01,fixed_0.7,0.7,2,300,0,0.0,3.0,3.0,0.0,0.013333333333333308,0,0.0,4,0.013333333333333334,2.63295578956604,2.63295578956604,3.207726240158081,0.9244216713690039,0.8742883251889323,5.717232113455589,0.013333333333333334,4,1.0,1,4,HILCodec_3kbps,1284-1180-0000.flac,123
random_loss,0.01,adaptive_mean_std,dynamic,1,300,40,0.13333333333333333,3.0,3.4,13.333333333333334,0.0033333333333332993,0,0.0,1,0.0033333333333333335,2.6748552322387695,2.6748552322387695,3.2270634174346924,0.925233915278344,0.8765075318585063,5.95732422427496,0.0033333333333333335,1,1.0,1,1,HILCodec_3kbps,1284-1180-0000.flac,42
random_loss,0.01,adaptive_mean_std,dynamic,1,300,40,0.13333333333333333,3.0,3.4,13.333333333333334,0.013333333333333308,0,0.0,4,0.013333333333333334,2.63295578956604,2.63295578956604,3.207726240158081,0.9244216713690039,0.8742883251889323,5.717232113455589,0.013333333333333334,4,1.0,1,4,HILCodec_3kbps,1284-1180-0000.flac,123
random_loss,0.01,adaptive_mean_std,dynamic,2,300,40,0.13333333333333333,3.0,3.4,13.333333333333334,0.0033333333333332993,0,0.0,1,0.0033333333333333335,2.6748552322387695,2.6748552322387695,3.2270634174346924,0.925233915278344,0.8765075318585063,5.95732422427496,0.0033333333333333335,1,1.0,1,1,HILCodec_3kbps,1284-1180-0000.flac,42
random_loss,0.01,adaptive_mean_std,dynamic,2,300,40,0.13333333333333333,3.0,3.4,13.333333333333334,0.013333333333333308,0,0.0,4,0.013333333333333334,2.63295578956604,2.63295578956604,3.207726240158081,0.9244216713690039,0.8742883251889323,5.717232113455589,0.013333333333333334,4,1.0,1,4,HILCodec_3kbps,1284-1180-0000.flac,123
random_loss,0.01,adaptive_quantile_70,dynamic,1,300,121,0.4033333333333333,3.0,4.21,40.33333333333333,0.0033333333333332993,1,1.0,0,0.0,2.8575499057769775,2.8575499057769775,3.337811231613159,0.9285128043501167,0.8821438186579882,5.999578453283982,0.0,0,0.0,0,0,HILCodec_3kbps,1284-1180-0000.flac,42
random_loss,0.01,adaptive_quantile_70,dynamic,1,300,121,0.4033333333333333,3.0,4.21,40.33333333333333,0.013333333333333308,1,0.25,3,0.01,2.830625057220459,2.830625057220459,3.325604200363159,0.9267922035328051,0.8781733807928838,5.898686274887826,0.01,3,1.0,1,3,HILCodec_3kbps,1284-1180-0000.flac,123
random_loss,0.01,adaptive_quantile_70,dynamic,2,300,121,0.4033333333333333,3.0,4.21,40.33333333333333,0.0033333333333332993,1,1.0,0,0.0,2.8575499057769775,2.8575499057769775,3.337811231613159,0.9285128043501167,0.8821438186579884,5.999578453283982,0.0,0,0.0,0,0,HILCodec_3kbps,1284-1180-0000.flac,42
random_loss,0.01,adaptive_quantile_70,dynamic,2,300,121,0.4033333333333333,3.0,4.21,40.33333333333333,0.013333333333333308,1,0.25,3,0.01,2.830625057220459,2.830625057220459,3.325604200363159,0.9267922035328051,0.8781733807928838,5.898686274887826,0.01,3,1.0,1,3,HILCodec_3kbps,1284-1180-0000.flac,123
random_loss,0.01,all_duplicate,all_duplicate,1,300,300,1.0,3.0,6.0,100.0,0.0033333333333332993,1,1.0,0,0.0,2.8575499057769775,2.8575499057769775,3.337811231613159,0.9285128043501167,0.8821438186579884,5.999578453283982,0.0,0,0.0,0,0,HILCodec_3kbps,1284-1180-0000.flac,42
random_loss,0.01,all_duplicate,all_duplicate,1,300,300,1.0,3.0,6.0,100.0,0.013333333333333308,4,1.0,0,0.0,2.8575499057769775,2.8575499057769775,3.337811231613159,0.9285128043501167,0.8821438186579883,5.999578453283982,0.0,0,0.0,0,0,HILCodec_3kbps,1284-1180-0000.flac,123
random_loss,0.01,all_duplicate,all_duplicate,2,300,300,1.0,3.0,6.0,100.0,0.0033333333333332993,1,1.0,0,0.0,2.8575499057769775,2.8575499057769775,3.337811231613159,0.9285128043501167,0.8821438186579884,5.999578453283982,0.0,0,0.0,0,0,HILCodec_3kbps,1284-1180-0000.flac,42
random_loss,0.01,all_duplicate,all_duplicate,2,300,300,1.0,3.0,6.0,100.0,0.013333333333333308,4,1.0,0,0.0,2.8575499057769775,2.8575499057769775,3.337811231613159,0.9285128043501167,0.8821438186579884,5.999578453283982,0.0,0,0.0,0,0,HILCodec_3kbps,1284-1180-0000.flac,123
random_loss,0.03,no_duplicate,no_duplicate,1,300,0,0.0,3.0,3.0,0.0,0.026666666666666616,0,0.0,8,0.02666666666666667,2.5586671829223633,2.5586671829223633,3.133218288421631,0.9224982873940568,0.8703184526664015,5.871175205392846,0.02666666666666667,8,1.0,1,8,HILCodec_3kbps,1284-1180-0000.flac,42
random_loss,0.03,no_duplicate,no_duplicate,1,300,0,0.0,3.0,3.0,0.0,0.033333333333333326,0,0.0,10,0.03333333333333333,2.336639404296875,2.336639404296875,3.0523788928985596,0.9183778238786245,0.86838415304165,4.2733358690790375,0.03333333333333333,10,1.0,1,10,HILCodec_3kbps,1284-1180-0000.flac,123
random_loss,0.03,no_duplicate,no_duplicate,2,300,0,0.0,3.0,3.0,0.0,0.026666666666666616,0,0.0,8,0.02666666666666667,2.5586671829223633,2.5586671829223633,3.133218288421631,0.9224982873940568,0.8703184526664014,5.871175205392846,0.02666666666666667,8,1.0,1,8,HILCodec_3kbps,1284-1180-0000.flac,42
random_loss,0.03,no_duplicate,no_duplicate,2,300,0,0.0,3.0,3.0,0.0,0.033333333333333326,0,0.0,10,0.03333333333333333,2.336639404296875,2.336639404296875,3.0523788928985596,0.9183778238786245,0.86838415304165,4.2733358690790375,0.03333333333333333,10,1.0,1,10,HILCodec_3kbps,1284-1180-0000.flac,123
random_loss,0.03,fixed_0.3,0.3,1,300,25,0.08333333333333333,3.0,3.25,8.333333333333332,0.026666666666666616,1,0.125,7,0.023333333333333334,2.565139055252075,2.565139055252075,3.1369054317474365,0.92252070650811,0.8714256887333128,5.870447495175259,0.023333333333333334,7,1.0,1,7,HILCodec_3kbps,1284-1180-0000.flac,42
random_loss,0.03,fixed_0.3,0.3,1,300,25,0.08333333333333333,3.0,3.25,8.333333333333332,0.033333333333333326,0,0.0,10,0.03333333333333333,2.336639404296875,2.336639404296875,3.0523788928985596,0.9183778238786245,0.86838415304165,4.2733358690790375,0.03333333333333333,10,1.0,1,10,HILCodec_3kbps,1284-1180-0000.flac,123
random_loss,0.03,fixed_0.3,0.3,2,300,25,0.08333333333333333,3.0,3.25,8.333333333333332,0.026666666666666616,1,0.125,7,0.023333333333333334,2.565139055252075,2.565139055252075,3.1369054317474365,0.92252070650811,0.8714256887333128,5.870447495175259,0.023333333333333334,7,1.0,1,7,HILCodec_3kbps,1284-1180-0000.flac,42
random_loss,0.03,fixed_0.3,0.3,2,300,25,0.08333333333333333,3.0,3.25,8.333333333333332,0.033333333333333326,0,0.0,10,0.03333333333333333,2.336639404296875,2.336639404296875,3.0523788928985596,0.9183778238786245,0.86838415304165,4.2733358690790375,0.03333333333333333,10,1.0,1,10,HILCodec_3kbps,1284-1180-0000.flac,123
random_loss,0.03,fixed_0.5,0.5,1,300,7,0.023333333333333334,3.0,3.0700000000000003,2.3333333333333335,0.026666666666666616,1,0.125,7,0.023333333333333334,2.565139055252075,2.565139055252075,3.1369054317474365,0.92252070650811,0.8714256887333128,5.870447495175259,0.023333333333333334,7,1.0,1,7,HILCodec_3kbps,1284-1180-0000.flac,42
random_loss,0.03,fixed_0.5,0.5,1,300,7,0.023333333333333334,3.0,3.0700000000000003,2.3333333333333335,0.033333333333333326,0,0.0,10,0.03333333333333333,2.336639404296875,2.336639404296875,3.0523788928985596,0.9183778238786245,0.86838415304165,4.2733358690790375,0.03333333333333333,10,1.0,1,10,HILCodec_3kbps,1284-1180-0000.flac,123
random_loss,0.03,fixed_0.5,0.5,2,300,7,0.023333333333333334,3.0,3.0700000000000003,2.3333333333333335,0.026666666666666616,1,0.125,7,0.023333333333333334,2.565139055252075,2.565139055252075,3.1369054317474365,0.92252070650811,0.8714256887333128,5.870447495175259,0.023333333333333334,7,1.0,1,7,HILCodec_3kbps,1284-1180-0000.flac,42
random_loss,0.03,fixed_0.5,0.5,2,300,7,0.023333333333333334,3.0,3.0700000000000003,2.3333333333333335,0.033333333333333326,0,0.0,10,0.03333333333333333,2.336639404296875,2.336639404296875,3.0523788928985596,0.9183778238786245,0.86838415304165,4.2733358690790375,0.03333333333333333,10,1.0,1,10,HILCodec_3kbps,1284-1180-0000.flac,123
random_loss,0.03,fixed_0.7,0.7,1,300,0,0.0,3.0,3.0,0.0,0.026666666666666616,0,0.0,8,0.02666666666666667,2.5586671829223633,2.5586671829223633,3.133218288421631,0.9224982873940568,0.8703184526664014,5.871175205392846,0.02666666666666667,8,1.0,1,8,HILCodec_3kbps,1284-1180-0000.flac,42
random_loss,0.03,fixed_0.7,0.7,1,300,0,0.0,3.0,3.0,0.0,0.033333333333333326,0,0.0,10,0.03333333333333333,2.336639404296875,2.336639404296875,3.0523788928985596,0.9183778238786245,0.86838415304165,4.2733358690790375,0.03333333333333333,10,1.0,1,10,HILCodec_3kbps,1284-1180-0000.flac,123
random_loss,0.03,fixed_0.7,0.7,2,300,0,0.0,3.0,3.0,0.0,0.026666666666666616,0,0.0,8,0.02666666666666667,2.5586671829223633,2.5586671829223633,3.133218288421631,0.9224982873940568,0.8703184526664015,5.871175205392846,0.02666666666666667,8,1.0,1,8,HILCodec_3kbps,1284-1180-0000.flac,42
random_loss,0.03,fixed_0.7,0.7,2,300,0,0.0,3.0,3.0,0.0,0.033333333333333326,0,0.0,10,0.03333333333333333,2.336639404296875,2.336639404296875,3.0523788928985596,0.9183778238786245,0.86838415304165,4.2733358690790375,0.03333333333333333,10,1.0,1,10,HILCodec_3kbps,1284-1180-0000.flac,123
random_loss,0.03,adaptive_mean_std,dynamic,1,300,40,0.13333333333333333,3.0,3.4,13.333333333333334,0.026666666666666616,1,0.125,7,0.023333333333333334,2.565139055252075,2.565139055252075,3.1369054317474365,0.92252070650811,0.8714256887333128,5.870447495175259,0.023333333333333334,7,1.0,1,7,HILCodec_3kbps,1284-1180-0000.flac,42
random_loss,0.03,adaptive_mean_std,dynamic,1,300,40,0.13333333333333333,3.0,3.4,13.333333333333334,0.033333333333333326,0,0.0,10,0.03333333333333333,2.336639404296875,2.336639404296875,3.0523788928985596,0.9183778238786245,0.86838415304165,4.2733358690790375,0.03333333333333333,10,1.0,1,10,HILCodec_3kbps,1284-1180-0000.flac,123
random_loss,0.03,adaptive_mean_std,dynamic,2,300,40,0.13333333333333333,3.0,3.4,13.333333333333334,0.026666666666666616,1,0.125,7,0.023333333333333334,2.565139055252075,2.565139055252075,3.1369054317474365,0.92252070650811,0.8714256887333128,5.870447495175259,0.023333333333333334,7,1.0,1,7,HILCodec_3kbps,1284-1180-0000.flac,42
random_loss,0.03,adaptive_mean_std,dynamic,2,300,40,0.13333333333333333,3.0,3.4,13.333333333333334,0.033333333333333326,0,0.0,10,0.03333333333333333,2.336639404296875,2.336639404296875,3.0523788928985596,0.9183778238786245,0.86838415304165,4.2733358690790375,0.03333333333333333,10,1.0,1,10,HILCodec_3kbps,1284-1180-0000.flac,123
random_loss,0.03,adaptive_quantile_70,dynamic,1,300,121,0.4033333333333333,3.0,4.21,40.33333333333333,0.026666666666666616,4,0.5,4,0.013333333333333334,2.760559558868408,2.760559558868408,3.290682315826416,0.927676941854726,0.8791678904953341,5.940442968309698,0.013333333333333334,4,1.0,1,4,HILCodec_3kbps,1284-1180-0000.flac,42
random_loss,0.03,adaptive_quantile_70,dynamic,1,300,121,0.4033333333333333,3.0,4.21,40.33333333333333,0.033333333333333326,6,0.6,4,0.013333333333333334,2.829545021057129,2.829545021057129,3.324455738067627,0.9267337908973853,0.8778954516244856,5.898652019109825,0.013333333333333334,4,1.0,1,4,HILCodec_3kbps,1284-1180-0000.flac,123
random_loss,0.03,adaptive_quantile_70,dynamic,2,300,121,0.4033333333333333,3.0,4.21,40.33333333333333,0.026666666666666616,4,0.5,4,0.013333333333333334,2.760559558868408,2.760559558868408,3.290682315826416,0.927676941854726,0.8791678904953341,5.940442968309698,0.013333333333333334,4,1.0,1,4,HILCodec_3kbps,1284-1180-0000.flac,42
random_loss,0.03,adaptive_quantile_70,dynamic,2,300,121,0.4033333333333333,3.0,4.21,40.33333333333333,0.033333333333333326,6,0.6,4,0.013333333333333334,2.829545021057129,2.829545021057129,3.324455738067627,0.9267337908973853,0.8778954516244856,5.898652019109825,0.013333333333333334,4,1.0,1,4,HILCodec_3kbps,1284-1180-0000.flac,123
random_loss,0.03,all_duplicate,all_duplicate,1,300,300,1.0,3.0,6.0,100.0,0.026666666666666616,8,1.0,0,0.0,2.8575499057769775,2.8575499057769775,3.337811231613159,0.9285128043501167,0.8821438186579882,5.999578453283982,0.0,0,0.0,0,0,HILCodec_3kbps,1284-1180-0000.flac,42
random_loss,0.03,all_duplicate,all_duplicate,1,300,300,1.0,3.0,6.0,100.0,0.033333333333333326,10,1.0,0,0.0,2.8575499057769775,2.8575499057769775,3.337811231613159,0.9285128043501167,0.8821438186579882,5.999578453283982,0.0,0,0.0,0,0,HILCodec_3kbps,1284-1180-0000.flac,123
random_loss,0.03,all_duplicate,all_duplicate,2,300,300,1.0,3.0,6.0,100.0,0.026666666666666616,8,1.0,0,0.0,2.8575499057769775,2.8575499057769775,3.337811231613159,0.9285128043501167,0.8821438186579884,5.999578453283982,0.0,0,0.0,0,0,HILCodec_3kbps,1284-1180-0000.flac,42
random_loss,0.03,all_duplicate,all_duplicate,2,300,300,1.0,3.0,6.0,100.0,0.033333333333333326,10,1.0,0,0.0,2.8575499057769775,2.8575499057769775,3.337811231613159,0.9285128043501167,0.8821438186579884,5.999578453283982,0.0,0,0.0,0,0,HILCodec_3kbps,1284-1180-0000.flac,123
random_loss,0.05,no_duplicate,no_duplicate,1,300,0,0.0,3.0,3.0,0.0,0.050000000000000044,0,0.0,15,0.05,2.2072246074676514,2.2072246074676514,2.8681139945983887,0.9168665646321377,0.8627863786356007,4.96586140145188,0.05,15,1.0,1,15,HILCodec_3kbps,1284-1180-0000.flac,42
random_loss,0.05,no_duplicate,no_duplicate,1,300,0,0.0,3.0,3.0,0.0,0.050000000000000044,0,0.0,15,0.05,2.2651147842407227,2.2651147842407227,2.922424793243408,0.9128879088418203,0.8610186633174475,3.5653016669302677,0.05,15,1.0714285714285714,2,14,HILCodec_3kbps,1284-1180-0000.flac,123
random_loss,0.05,no_duplicate,no_duplicate,2,300,0,0.0,3.0,3.0,0.0,0.050000000000000044,0,0.0,15,0.05,2.2072246074676514,2.2072246074676514,2.8681139945983887,0.9168665646321377,0.8627863786356007,4.96586140145188,0.05,15,1.0,1,15,HILCodec_3kbps,1284-1180-0000.flac,42
random_loss,0.05,no_duplicate,no_duplicate,2,300,0,0.0,3.0,3.0,0.0,0.050000000000000044,0,0.0,15,0.05,2.2651147842407227,2.2651147842407227,2.922424793243408,0.9128879088418203,0.8610186633174476,3.5653016669302677,0.05,15,1.0714285714285714,2,14,HILCodec_3kbps,1284-1180-0000.flac,123
random_loss,0.05,fixed_0.3,0.3,1,300,25,0.08333333333333333,3.0,3.25,8.333333333333332,0.050000000000000044,1,0.06666666666666667,14,0.04666666666666667,2.2140517234802246,2.2140517234802246,2.8715851306915283,0.9168888773487721,0.8639083779476614,4.965264953475052,0.04666666666666667,14,1.0,1,14,HILCodec_3kbps,1284-1180-0000.flac,42
random_loss,0.05,fixed_0.3,0.3,1,300,25,0.08333333333333333,3.0,3.25,8.333333333333332,0.050000000000000044,1,0.06666666666666667,14,0.04666666666666667,2.3037357330322266,2.3037357330322266,3.0000991821289062,0.9147331411214262,0.8632651110661667,4.144014540210025,0.04666666666666667,14,1.0769230769230769,2,13,HILCodec_3kbps,1284-1180-0000.flac,123
random_loss,0.05,fixed_0.3,0.3,2,300,25,0.08333333333333333,3.0,3.25,8.333333333333332,0.050000000000000044,1,0.06666666666666667,14,0.04666666666666667,2.2140517234802246,2.2140517234802246,2.8715851306915283,0.9168888773487721,0.8639083779476615,4.965264953475052,0.04666666666666667,14,1.0,1,14,HILCodec_3kbps,1284-1180-0000.flac,42
random_loss,0.05,fixed_0.3,0.3,2,300,25,0.08333333333333333,3.0,3.25,8.333333333333332,0.050000000000000044,1,0.06666666666666667,14,0.04666666666666667,2.3037357330322266,2.3037357330322266,3.0000991821289062,0.9147331411214262,0.8632651110661667,4.144014540210025,0.04666666666666667,14,1.0769230769230769,2,13,HILCodec_3kbps,1284-1180-0000.flac,123
random_loss,0.05,fixed_0.5,0.5,1,300,7,0.023333333333333334,3.0,3.0700000000000003,2.3333333333333335,0.050000000000000044,1,0.06666666666666667,14,0.04666666666666667,2.2140517234802246,2.2140517234802246,2.8715851306915283,0.9168888773487721,0.8639083779476614,4.965264953475052,0.04666666666666667,14,1.0,1,14,HILCodec_3kbps,1284-1180-0000.flac,42
random_loss,0.05,fixed_0.5,0.5,1,300,7,0.023333333333333334,3.0,3.0700000000000003,2.3333333333333335,0.050000000000000044,0,0.0,15,0.05,2.2651147842407227,2.2651147842407227,2.922424793243408,0.9128879088418203,0.8610186633174475,3.5653016669302677,0.05,15,1.0714285714285714,2,14,HILCodec_3kbps,1284-1180-0000.flac,123
random_loss,0.05,fixed_0.5,0.5,2,300,7,0.023333333333333334,3.0,3.0700000000000003,2.3333333333333335,0.050000000000000044,1,0.06666666666666667,14,0.04666666666666667,2.2140517234802246,2.2140517234802246,2.8715851306915283,0.9168888773487721,0.8639083779476614,4.965264953475052,0.04666666666666667,14,1.0,1,14,HILCodec_3kbps,1284-1180-0000.flac,42
random_loss,0.05,fixed_0.5,0.5,2,300,7,0.023333333333333334,3.0,3.0700000000000003,2.3333333333333335,0.050000000000000044,0,0.0,15,0.05,2.2651147842407227,2.2651147842407227,2.922424793243408,0.9128879088418203,0.8610186633174476,3.5653016669302677,0.05,15,1.0714285714285714,2,14,HILCodec_3kbps,1284-1180-0000.flac,123
random_loss,0.05,fixed_0.7,0.7,1,300,0,0.0,3.0,3.0,0.0,0.050000000000000044,0,0.0,15,0.05,2.2072246074676514,2.2072246074676514,2.8681139945983887,0.9168665646321377,0.8627863786356007,4.96586140145188,0.05,15,1.0,1,15,HILCodec_3kbps,1284-1180-0000.flac,42
random_loss,0.05,fixed_0.7,0.7,1,300,0,0.0,3.0,3.0,0.0,0.050000000000000044,0,0.0,15,0.05,2.2651147842407227,2.2651147842407227,2.922424793243408,0.9128879088418203,0.8610186633174475,3.5653016669302677,0.05,15,1.0714285714285714,2,14,HILCodec_3kbps,1284-1180-0000.flac,123
random_loss,0.05,fixed_0.7,0.7,2,300,0,0.0,3.0,3.0,0.0,0.050000000000000044,0,0.0,15,0.05,2.2072246074676514,2.2072246074676514,2.8681139945983887,0.9168665646321377,0.8627863786356007,4.96586140145188,0.05,15,1.0,1,15,HILCodec_3kbps,1284-1180-0000.flac,42
random_loss,0.05,fixed_0.7,0.7,2,300,0,0.0,3.0,3.0,0.0,0.050000000000000044,0,0.0,15,0.05,2.2651147842407227,2.2651147842407227,2.922424793243408,0.9128879088418203,0.8610186633174475,3.5653016669302677,0.05,15,1.0714285714285714,2,14,HILCodec_3kbps,1284-1180-0000.flac,123
random_loss,0.05,adaptive_mean_std,dynamic,1,300,40,0.13333333333333333,3.0,3.4,13.333333333333334,0.050000000000000044,2,0.13333333333333333,13,0.043333333333333335,2.242863893508911,2.242863893508911,2.870854139328003,0.9177914466486613,0.8647566479445294,5.059409634898225,0.043333333333333335,13,1.0,1,13,HILCodec_3kbps,1284-1180-0000.flac,42
random_loss,0.05,adaptive_mean_std,dynamic,1,300,40,0.13333333333333333,3.0,3.4,13.333333333333334,0.050000000000000044,1,0.06666666666666667,14,0.04666666666666667,2.3037357330322266,2.3037357330322266,3.0000991821289062,0.9147331411214262,0.8632651110661667,4.144014540210025,0.04666666666666667,14,1.0769230769230769,2,13,HILCodec_3kbps,1284-1180-0000.flac,123
random_loss,0.05,adaptive_mean_std,dynamic,2,300,40,0.13333333333333333,3.0,3.4,13.333333333333334,0.050000000000000044,2,0.13333333333333333,13,0.043333333333333335,2.242863893508911,2.242863893508911,2.870854139328003,0.9177914466486613,0.8647566479445294,5.059409634898225,0.043333333333333335,13,1.0,1,13,HILCodec_3kbps,1284-1180-0000.flac,42
random_loss,0.05,adaptive_mean_std,dynamic,2,300,40,0.13333333333333333,3.0,3.4,13.333333333333334,0.050000000000000044,1,0.06666666666666667,14,0.04666666666666667,2.3037357330322266,2.3037357330322266,3.0000991821289062,0.9147331411214262,0.8632651110661667,4.144014540210025,0.04666666666666667,14,1.0769230769230769,2,13,HILCodec_3kbps,1284-1180-0000.flac,123
random_loss,0.05,adaptive_quantile_70,dynamic,1,300,121,0.4033333333333333,3.0,4.21,40.33333333333333,0.050000000000000044,6,0.4,9,0.03,2.4603254795074463,2.4603254795074463,3.0304811000823975,0.9237445334508291,0.8734240783282896,5.320434454459346,0.03,9,1.0,1,9,HILCodec_3kbps,1284-1180-0000.flac,42
random_loss,0.05,adaptive_quantile_70,dynamic,1,300,121,0.4033333333333333,3.0,4.21,40.33333333333333,0.050000000000000044,7,0.4666666666666667,8,0.02666666666666667,2.8079476356506348,2.8079476356506348,3.3177473545074463,0.9227723813325778,0.8722586825262396,5.844201864783081,0.02666666666666667,8,1.1428571428571428,2,7,HILCodec_3kbps,1284-1180-0000.flac,123
random_loss,0.05,adaptive_quantile_70,dynamic,2,300,121,0.4033333333333333,3.0,4.21,40.33333333333333,0.050000000000000044,6,0.4,9,0.03,2.4603254795074463,2.4603254795074463,3.0304811000823975,0.9237445334508291,0.8734240783282896,5.320434454459346,0.03,9,1.0,1,9,HILCodec_3kbps,1284-1180-0000.flac,42
random_loss,0.05,adaptive_quantile_70,dynamic,2,300,121,0.4033333333333333,3.0,4.21,40.33333333333333,0.050000000000000044,8,0.5333333333333333,7,0.023333333333333334,2.8143608570098877,2.8143608570098877,3.3228864669799805,0.9266042414659543,0.8770916865419203,5.895015595774877,0.023333333333333334,7,1.0,1,7,HILCodec_3kbps,1284-1180-0000.flac,123
random_loss,0.05,all_duplicate,all_duplicate,1,300,300,1.0,3.0,6.0,100.0,0.050000000000000044,15,1.0,0,0.0,2.8575499057769775,2.8575499057769775,3.337811231613159,0.9285128043501167,0.8821438186579882,5.999578453283982,0.0,0,0.0,0,0,HILCodec_3kbps,1284-1180-0000.flac,42
random_loss,0.05,all_duplicate,all_duplicate,1,300,300,1.0,3.0,6.0,100.0,0.050000000000000044,14,0.9333333333333333,1,0.0033333333333333335,2.8550498485565186,2.8550498485565186,3.3342325687408447,0.927445364917743,0.8812418955118327,5.9936410417996875,0.0033333333333333335,1,1.0,1,1,HILCodec_3kbps,1284-1180-0000.flac,123
random_loss,0.05,all_duplicate,all_duplicate,2,300,300,1.0,3.0,6.0,100.0,0.050000000000000044,15,1.0,0,0.0,2.8575499057769775,2.8575499057769775,3.337811231613159,0.9285128043501167,0.8821438186579884,5.999578453283982,0.0,0,0.0,0,0,HILCodec_3kbps,1284-1180-0000.flac,42
random_loss,0.05,all_duplicate,all_duplicate,2,300,300,1.0,3.0,6.0,100.0,0.050000000000000044,13,0.8666666666666667,2,0.006666666666666667,2.8424527645111084,2.8424527645111084,3.337428569793701,0.9285023991999528,0.8816380278051833,5.9993854635102135,0.006666666666666667,2,1.0,1,2,HILCodec_3kbps,1284-1180-0000.flac,123
random_loss,0.1,no_duplicate,no_duplicate,1,300,0,0.0,3.0,3.0,0.0,0.09666666666666668,0,0.0,29,0.09666666666666666,1.884481430053711,1.884481430053711,2.5399975776672363,0.9043264187440737,0.8370489223785801,3.139984963722621,0.09666666666666666,29,1.0740740740740742,2,27,HILCodec_3kbps,1284-1180-0000.flac,42
random_loss,0.1,no_duplicate,no_duplicate,1,300,0,0.0,3.0,3.0,0.0,0.09999999999999998,0,0.0,30,0.1,1.9873242378234863,1.9873242378234863,2.581852912902832,0.9015477416182835,0.8423714091962912,2.8101000903015727,0.1,30,1.1111111111111112,2,27,HILCodec_3kbps,1284-1180-0000.flac,123
random_loss,0.1,no_duplicate,no_duplicate,2,300,0,0.0,3.0,3.0,0.0,0.09666666666666668,0,0.0,29,0.09666666666666666,1.884481430053711,1.884481430053711,2.5399975776672363,0.9043264187440737,0.8370489223785801,3.139984963722621,0.09666666666666666,29,1.0740740740740742,2,27,HILCodec_3kbps,1284-1180-0000.flac,42
random_loss,0.1,no_duplicate,no_duplicate,2,300,0,0.0,3.0,3.0,0.0,0.09999999999999998,0,0.0,30,0.1,1.9873242378234863,1.9873242378234863,2.581852912902832,0.9015477416182835,0.8423714091962912,2.8101000903015727,0.1,30,1.1111111111111112,2,27,HILCodec_3kbps,1284-1180-0000.flac,123
random_loss,0.1,fixed_0.3,0.3,1,300,25,0.08333333333333333,3.0,3.25,8.333333333333332,0.09666666666666668,1,0.034482758620689655,28,0.09333333333333334,1.9316359758377075,1.9316359758377075,2.541421413421631,0.9046495087439547,0.8462215123671966,3.1336974697890465,0.09333333333333334,28,1.037037037037037,2,27,HILCodec_3kbps,1284-1180-0000.flac,42
random_loss,0.1,fixed_0.3,0.3,1,300,25,0.08333333333333333,3.0,3.25,8.333333333333332,0.09999999999999998,1,0.03333333333333333,29,0.09666666666666666,2.015079975128174,2.015079975128174,2.6433396339416504,0.9034425941847891,0.8445562561287804,3.328595700964059,0.09666666666666666,29,1.1153846153846154,2,26,HILCodec_3kbps,1284-1180-0000.flac,123
random_loss,0.1,fixed_0.3,0.3,2,300,25,0.08333333333333333,3.0,3.25,8.333333333333332,0.09666666666666668,2,0.06896551724137931,27,0.09,1.9339466094970703,1.9339466094970703,2.541585922241211,0.9046590382369355,0.8472765989812622,3.1333233458288126,0.09,27,1.0384615384615385,2,26,HILCodec_3kbps,1284-1180-0000.flac,42
random_loss,0.1,fixed_0.3,0.3,2,300,25,0.08333333333333333,3.0,3.25,8.333333333333332,0.09999999999999998,1,0.03333333333333333,29,0.09666666666666666,2.015079975128174,2.015079975128174,2.6433396339416504,0.9034425941847891,0.8445562561287804,3.328595700964059,0.09666666666666666,29,1.1153846153846154,2,26,HILCodec_3kbps,1284-1180-0000.flac,123
random_loss,0.1,fixed_0.5,0.5,1,300,7,0.023333333333333334,3.0,3.0700000000000003,2.3333333333333335,0.09666666666666668,0,0.0,29,0.09666666666666666,1.884481430053711,1.884481430053711,2.5399975776672363,0.9043264187440737,0.8370489223785801,3.139984963722621,0.09666666666666666,29,1.0740740740740742,2,27,HILCodec_3kbps,1284-1180-0000.flac,42
random_loss,0.1,fixed_0.5,0.5,1,300,7,0.023333333333333334,3.0,3.0700000000000003,2.3333333333333335,0.09999999999999998,0,0.0,30,0.1,1.9873242378234863,1.9873242378234863,2.581852912902832,0.9015477416182835,0.8423714091962912,2.8101000903015727,0.1,30,1.1111111111111112,2,27,HILCodec_3kbps,1284-1180-0000.flac,123
random_loss,0.1,fixed_0.5,0.5,2,300,7,0.023333333333333334,3.0,3.0700000000000003,2.3333333333333335,0.09666666666666668,1,0.034482758620689655,28,0.09333333333333334,1.9328093528747559,1.9328093528747559,2.541613817214966,0.9046188235626536,0.8460560973690602,3.1366528853347324,0.09333333333333334,28,1.037037037037037,2,27,HILCodec_3kbps,1284-1180-0000.flac,42
random_loss,0.1,fixed_0.5,0.5,2,300,7,0.023333333333333334,3.0,3.0700000000000003,2.3333333333333335,0.09999999999999998,0,0.0,30,0.1,1.9873242378234863,1.9873242378234863,2.581852912902832,0.9015477416182835,0.8423714091962912,2.8101000903015727,0.1,30,1.1111111111111112,2,27,HILCodec_3kbps,1284-1180-0000.flac,123
random_loss,0.1,fixed_0.7,0.7,1,300,0,0.0,3.0,3.0,0.0,0.09666666666666668,0,0.0,29,0.09666666666666666,1.884481430053711,1.884481430053711,2.5399975776672363,0.9043264187440737,0.8370489223785801,3.139984963722621,0.09666666666666666,29,1.0740740740740742,2,27,HILCodec_3kbps,1284-1180-0000.flac,42
random_loss,0.1,fixed_0.7,0.7,1,300,0,0.0,3.0,3.0,0.0,0.09999999999999998,0,0.0,30,0.1,1.9873242378234863,1.9873242378234863,2.581852912902832,0.9015477416182835,0.8423714091962912,2.8101000903015727,0.1,30,1.1111111111111112,2,27,HILCodec_3kbps,1284-1180-0000.flac,123
random_loss,0.1,fixed_0.7,0.7,2,300,0,0.0,3.0,3.0,0.0,0.09666666666666668,0,0.0,29,0.09666666666666666,1.884481430053711,1.884481430053711,2.5399975776672363,0.9043264187440737,0.83704892237858,3.139984963722621,0.09666666666666666,29,1.0740740740740742,2,27,HILCodec_3kbps,1284-1180-0000.flac,42
random_loss,0.1,fixed_0.7,0.7,2,300,0,0.0,3.0,3.0,0.0,0.09999999999999998,0,0.0,30,0.1,1.9873242378234863,1.9873242378234863,2.581852912902832,0.9015477416182835,0.8423714091962912,2.8101000903015727,0.1,30,1.1111111111111112,2,27,HILCodec_3kbps,1284-1180-0000.flac,123
random_loss,0.1,adaptive_mean_std,dynamic,1,300,40,0.13333333333333333,3.0,3.4,13.333333333333334,0.09666666666666668,4,0.13793103448275862,25,0.08333333333333333,2.074422836303711,2.074422836303711,2.6643054485321045,0.9095167196248318,0.8522298806045357,3.4060826212912017,0.08333333333333333,25,1.0416666666666667,2,24,HILCodec_3kbps,1284-1180-0000.flac,42
random_loss,0.1,adaptive_mean_std,dynamic,1,300,40,0.13333333333333333,3.0,3.4,13.333333333333334,0.09999999999999998,3,0.1,27,0.09,2.131073236465454,2.131073236465454,2.772573232650757,0.9072014548944046,0.8497632952866012,3.5445800513130683,0.09,27,1.125,2,24,HILCodec_3kbps,1284-1180-0000.flac,123
random_loss,0.1,adaptive_mean_std,dynamic,2,300,40,0.13333333333333333,3.0,3.4,13.333333333333334,0.09666666666666668,5,0.1724137931034483,24,0.08,2.0771255493164062,2.0771255493164062,2.6648926734924316,0.9095354687602148,0.8533547376100457,3.405678045019094,0.08,24,1.0434782608695652,2,23,HILCodec_3kbps,1284-1180-0000.flac,42
random_loss,0.1,adaptive_mean_std,dynamic,2,300,40,0.13333333333333333,3.0,3.4,13.333333333333334,0.09999999999999998,3,0.1,27,0.09,2.131073236465454,2.131073236465454,2.772573232650757,0.9072014548944046,0.8497632952866012,3.5445800513130683,0.09,27,1.125,2,24,HILCodec_3kbps,1284-1180-0000.flac,123
random_loss,0.1,adaptive_quantile_70,dynamic,1,300,121,0.4033333333333333,3.0,4.21,40.33333333333333,0.09666666666666668,12,0.41379310344827586,17,0.056666666666666664,2.370292901992798,2.370292901992798,2.8978371620178223,0.9189345471887127,0.8659672236944013,4.9692204741999095,0.056666666666666664,17,1.0,1,17,HILCodec_3kbps,1284-1180-0000.flac,42
random_loss,0.1,adaptive_quantile_70,dynamic,1,300,121,0.4033333333333333,3.0,4.21,40.33333333333333,0.09999999999999998,12,0.4,18,0.06,2.554502487182617,2.554502487182617,3.0761420726776123,0.9161046331522148,0.8633183006576242,5.130765235104233,0.06,18,1.0588235294117647,2,17,HILCodec_3kbps,1284-1180-0000.flac,123
random_loss,0.1,adaptive_quantile_70,dynamic,2,300,121,0.4033333333333333,3.0,4.21,40.33333333333333,0.09666666666666668,13,0.4482758620689655,16,0.05333333333333334,2.380927801132202,2.380927801132202,2.9338572025299072,0.9206326904457479,0.8677328332488087,4.990036570794095,0.05333333333333334,16,1.0,1,16,HILCodec_3kbps,1284-1180-0000.flac,42
random_loss,0.1,adaptive_quantile_70,dynamic,2,300,121,0.4033333333333333,3.0,4.21,40.33333333333333,0.09999999999999998,13,0.43333333333333335,17,0.056666666666666664,2.5921690464019775,2.5921690464019775,3.0940728187561035,0.9197504629927947,0.8681075416790683,5.176870881033318,0.056666666666666664,17,1.0,1,17,HILCodec_3kbps,1284-1180-0000.flac,123
random_loss,0.1,all_duplicate,all_duplicate,1,300,300,1.0,3.0,6.0,100.0,0.09666666666666668,27,0.9310344827586207,2,0.006666666666666667,2.8298702239990234,2.8298702239990234,3.2862319946289062,0.9267488179717487,0.8801040618954145,5.97432211068639,0.006666666666666667,2,1.0,1,2,HILCodec_3kbps,1284-1180-0000.flac,42
random_loss,0.1,all_duplicate,all_duplicate,1,300,300,1.0,3.0,6.0,100.0,0.09999999999999998,27,0.9,3,0.01,2.7879984378814697,2.7879984378814697,3.3137476444244385,0.9273952400725238,0.8808583852776913,5.998472137369947,0.01,3,1.0,1,3,HILCodec_3kbps,1284-1180-0000.flac,123
random_loss,0.1,all_duplicate,all_duplicate,2,300,300,1.0,3.0,6.0,100.0,0.09666666666666668,26,0.896551724137931,3,0.01,2.8094942569732666,2.8094942569732666,3.3147058486938477,0.9275381544592172,0.8807668358810433,5.976491018974183,0.01,3,1.0,1,3,HILCodec_3kbps,1284-1180-0000.flac,42
random_loss,0.1,all_duplicate,all_duplicate,2,300,300,1.0,3.0,6.0,100.0,0.09999999999999998,25,0.8333333333333334,5,0.016666666666666666,2.81489634513855,2.81489634513855,3.3224029541015625,0.9267579022079635,0.8776109321216946,5.90034439792915,0.016666666666666666,5,1.0,1,5,HILCodec_3kbps,1284-1180-0000.flac,123
random_loss,0.2,no_duplicate,no_duplicate,1,300,0,0.0,3.0,3.0,0.0,0.24,0,0.0,72,0.24,1.3969240188598633,1.3969240188598633,2.019561290740967,0.8432110786385852,0.7293976098796555,0.04723741025039477,0.24,72,1.44,6,50,HILCodec_3kbps,1284-1180-0000.flac,42
random_loss,0.2,no_duplicate,no_duplicate,1,300,0,0.0,3.0,3.0,0.0,0.20666666666666667,0,0.0,62,0.20666666666666667,1.5111839771270752,1.5111839771270752,2.124882698059082,0.8530279841335392,0.7804905458678659,0.5112266025829433,0.20666666666666667,62,1.3478260869565217,4,46,HILCodec_3kbps,1284-1180-0000.flac,123
random_loss,0.2,no_duplicate,no_duplicate,2,300,0,0.0,3.0,3.0,0.0,0.24,0,0.0,72,0.24,1.3969240188598633,1.3969240188598633,2.019561290740967,0.8432110786385852,0.7293976098796555,0.04723741025039477,0.24,72,1.44,6,50,HILCodec_3kbps,1284-1180-0000.flac,42
random_loss,0.2,no_duplicate,no_duplicate,2,300,0,0.0,3.0,3.0,0.0,0.20666666666666667,0,0.0,62,0.20666666666666667,1.5111839771270752,1.5111839771270752,2.124882698059082,0.8530279841335392,0.7804905458678659,0.5112266025829433,0.20666666666666667,62,1.3478260869565217,4,46,HILCodec_3kbps,1284-1180-0000.flac,123
random_loss,0.2,fixed_0.3,0.3,1,300,25,0.08333333333333333,3.0,3.25,8.333333333333332,0.24,3,0.041666666666666664,69,0.23,1.427682876586914,1.427682876586914,2.0331645011901855,0.8441813715773726,0.739823814585212,0.3343406727146087,0.23,69,1.4375,6,48,HILCodec_3kbps,1284-1180-0000.flac,42
random_loss,0.2,fixed_0.3,0.3,1,300,25,0.08333333333333333,3.0,3.25,8.333333333333332,0.20666666666666667,5,0.08064516129032258,57,0.19,1.5121026039123535,1.5121026039123535,2.133131265640259,0.8604800443545009,0.7895763766493066,1.1926666843275033,0.19,57,1.3571428571428572,4,42,HILCodec_3kbps,1284-1180-0000.flac,123
random_loss,0.2,fixed_0.3,0.3,2,300,25,0.08333333333333333,3.0,3.25,8.333333333333332,0.24,4,0.05555555555555555,68,0.22666666666666666,1.4309862852096558,1.4309862852096558,2.0506527423858643,0.8476650534269109,0.7478861725378293,0.20458259380775823,0.22666666666666666,68,1.3877551020408163,6,49,HILCodec_3kbps,1284-1180-0000.flac,42
random_loss,0.2,fixed_0.3,0.3,2,300,25,0.08333333333333333,3.0,3.25,8.333333333333332,0.20666666666666667,6,0.0967741935483871,56,0.18666666666666668,1.543379783630371,1.543379783630371,2.1743218898773193,0.8658376817114636,0.7925276302203023,1.8474945169591286,0.18666666666666668,56,1.302325581395349,4,43,HILCodec_3kbps,1284-1180-0000.flac,123
random_loss,0.2,fixed_0.5,0.5,1,300,7,0.023333333333333334,3.0,3.0700000000000003,2.3333333333333335,0.24,1,0.013888888888888888,71,0.23666666666666666,1.400679111480713,1.400679111480713,2.0336384773254395,0.8435874094271403,0.7306801732439072,0.06403575676334587,0.23666666666666666,71,1.4489795918367347,6,49,HILCodec_3kbps,1284-1180-0000.flac,42
random_loss,0.2,fixed_0.5,0.5,1,300,7,0.023333333333333334,3.0,3.0700000000000003,2.3333333333333335,0.20666666666666667,1,0.016129032258064516,61,0.20333333333333334,1.509681224822998,1.509681224822998,2.135535478591919,0.8551020247128664,0.7819491323488394,0.5145913206674033,0.20333333333333334,61,1.3555555555555556,4,45,HILCodec_3kbps,1284-1180-0000.flac,123
random_loss,0.2,fixed_0.5,0.5,2,300,7,0.023333333333333334,3.0,3.0700000000000003,2.3333333333333335,0.24,2,0.027777777777777776,70,0.23333333333333334,1.4201011657714844,1.4201011657714844,2.027509927749634,0.8437526507173309,0.7402786423290508,0.06135504987469613,0.23333333333333334,70,1.4,6,50,HILCodec_3kbps,1284-1180-0000.flac,42
random_loss,0.2,fixed_0.5,0.5,2,300,7,0.023333333333333334,3.0,3.0700000000000003,2.3333333333333335,0.20666666666666667,1,0.016129032258064516,61,0.20333333333333334,1.509681224822998,1.509681224822998,2.135535478591919,0.8551020247128664,0.7819491323488394,0.5145913206674033,0.20333333333333334,61,1.3555555555555556,4,45,HILCodec_3kbps,1284-1180-0000.flac,123
random_loss,0.2,fixed_0.7,0.7,1,300,0,0.0,3.0,3.0,0.0,0.24,0,0.0,72,0.24,1.3969240188598633,1.3969240188598633,2.019561290740967,0.8432110786385852,0.7293976098796555,0.04723741025039477,0.24,72,1.44,6,50,HILCodec_3kbps,1284-1180-0000.flac,42
random_loss,0.2,fixed_0.7,0.7,1,300,0,0.0,3.0,3.0,0.0,0.20666666666666667,0,0.0,62,0.20666666666666667,1.5111839771270752,1.5111839771270752,2.124882698059082,0.8530279841335392,0.7804905458678659,0.5112266025829433,0.20666666666666667,62,1.3478260869565217,4,46,HILCodec_3kbps,1284-1180-0000.flac,123
random_loss,0.2,fixed_0.7,0.7,2,300,0,0.0,3.0,3.0,0.0,0.24,0,0.0,72,0.24,1.3969240188598633,1.3969240188598633,2.019561290740967,0.8432110786385852,0.7293976098796555,0.04723741025039477,0.24,72,1.44,6,50,HILCodec_3kbps,1284-1180-0000.flac,42
random_loss,0.2,fixed_0.7,0.7,2,300,0,0.0,3.0,3.0,0.0,0.20666666666666667,0,0.0,62,0.20666666666666667,1.5111839771270752,1.5111839771270752,2.124882698059082,0.8530279841335392,0.7804905458678659,0.5112266025829433,0.20666666666666667,62,1.3478260869565217,4,46,HILCodec_3kbps,1284-1180-0000.flac,123
random_loss,0.2,adaptive_mean_std,dynamic,1,300,40,0.13333333333333333,3.0,3.4,13.333333333333334,0.24,6,0.08333333333333333,66,0.22,1.4890170097351074,1.4890170097351074,2.0985357761383057,0.8489706161344737,0.7457399412200509,0.5412351612990949,0.22,66,1.4666666666666666,6,45,HILCodec_3kbps,1284-1180-0000.flac,42
random_loss,0.2,adaptive_mean_std,dynamic,1,300,40,0.13333333333333333,3.0,3.4,13.333333333333334,0.20666666666666667,9,0.14516129032258066,53,0.17666666666666667,1.5727267265319824,1.5727267265319824,2.2305123805999756,0.8643310240817368,0.795878696780425,1.4069380663484985,0.17666666666666667,53,1.358974358974359,4,39,HILCodec_3kbps,1284-1180-0000.flac,123
random_loss,0.2,adaptive_mean_std,dynamic,2,300,40,0.13333333333333333,3.0,3.4,13.333333333333334,0.24,7,0.09722222222222222,65,0.21666666666666667,1.4933465719223022,1.4933465719223022,2.1155152320861816,0.8524905427551821,0.7540781834774944,0.41255637889032576,0.21666666666666667,65,1.4130434782608696,6,46,HILCodec_3kbps,1284-1180-0000.flac,42
random_loss,0.2,adaptive_mean_std,dynamic,2,300,40,0.13333333333333333,3.0,3.4,13.333333333333334,0.20666666666666667,10,0.16129032258064516,52,0.17333333333333334,1.5816864967346191,1.5816864967346191,2.2669734954833984,0.8698469012075704,0.7987094693175336,2.0445495544817636,0.17333333333333334,52,1.3,4,40,HILCodec_3kbps,1284-1180-0000.flac,123
random_loss,0.2,adaptive_quantile_70,dynamic,1,300,121,0.4033333333333333,3.0,4.21,40.33333333333333,0.24,21,0.2916666666666667,51,0.17,1.6993236541748047,1.6993236541748047,2.3523802757263184,0.8808426248831661,0.7963356569356848,2.1350951098879447,0.17,51,1.3421052631578947,5,38,HILCodec_3kbps,1284-1180-0000.flac,42
random_loss,0.2,adaptive_quantile_70,dynamic,1,300,121,0.4033333333333333,3.0,4.21,40.33333333333333,0.20666666666666667,21,0.3387096774193548,41,0.13666666666666666,1.9599658250808716,1.9599658250808716,2.532083511352539,0.8940331089178297,0.8219837193770979,2.6756954018774532,0.13666666666666666,41,1.28125,3,32,HILCodec_3kbps,1284-1180-0000.flac,123
random_loss,0.2,adaptive_quantile_70,dynamic,2,300,121,0.4033333333333333,3.0,4.21,40.33333333333333,0.24,24,0.3333333333333333,48,0.16,1.744783639907837,1.744783639907837,2.4896793365478516,0.8843319411533046,0.8081589832709338,3.2710568868414294,0.16,48,1.2307692307692308,4,39,HILCodec_3kbps,1284-1180-0000.flac,42
random_loss,0.2,adaptive_quantile_70,dynamic,2,300,121,0.4033333333333333,3.0,4.21,40.33333333333333,0.20666666666666667,22,0.3548387096774194,40,0.13333333333333333,1.820551872253418,1.820551872253418,2.5291426181793213,0.8885741817297702,0.8239313040556071,3.338133308824418,0.13333333333333333,40,1.1764705882352942,4,34,HILCodec_3kbps,1284-1180-0000.flac,123
random_loss,0.2,all_duplicate,all_duplicate,1,300,300,1.0,3.0,6.0,100.0,0.24,50,0.6944444444444444,22,0.07333333333333333,1.9210233688354492,1.9210233688354492,2.5085525512695312,0.9028033728877314,0.8316983250450208,3.217508054263135,0.07333333333333333,22,1.375,5,16,HILCodec_3kbps,1284-1180-0000.flac,42
random_loss,0.2,all_duplicate,all_duplicate,1,300,300,1.0,3.0,6.0,100.0,0.20666666666666667,46,0.7419354838709677,16,0.05333333333333334,2.242677688598633,2.242677688598633,2.8513243198394775,0.9181897994503904,0.8664800646183115,3.3205182990973214,0.05333333333333334,16,1.3333333333333333,3,12,HILCodec_3kbps,1284-1180-0000.flac,123
random_loss,0.2,all_duplicate,all_duplicate,2,300,300,1.0,3.0,6.0,100.0,0.24,53,0.7361111111111112,19,0.06333333333333334,2.329876661300659,2.329876661300659,3.0202977657318115,0.9131343434554677,0.8610681938288752,4.7342665084070585,0.06333333333333334,19,1.1875,4,16,HILCodec_3kbps,1284-1180-0000.flac,42
random_loss,0.2,all_duplicate,all_duplicate,2,300,300,1.0,3.0,6.0,100.0,0.20666666666666667,46,0.7419354838709677,16,0.05333333333333334,2.2110023498535156,2.2110023498535156,2.9458603858947754,0.9038368746745569,0.8548428678130985,4.058518356658189,0.05333333333333334,16,1.0666666666666667,2,15,HILCodec_3kbps,1284-1180-0000.flac,123
random_loss,0.3,no_duplicate,no_duplicate,1,300,0,0.0,3.0,3.0,0.0,0.32333333333333336,0,0.0,97,0.3233333333333333,1.2813174724578857,1.2813174724578857,1.7193536758422852,0.7889483558375814,0.6877975870291742,-2.697217943189205,0.3233333333333333,97,1.564516129032258,8,62,HILCodec_3kbps,1284-1180-0000.flac,42
random_loss,0.3,no_duplicate,no_duplicate,1,300,0,0.0,3.0,3.0,0.0,0.3433333333333334,0,0.0,103,0.3433333333333333,1.2993087768554688,1.2993087768554688,1.7023134231567383,0.7527426616290143,0.6806823616760846,-2.431344609070589,0.3433333333333333,103,1.5846153846153845,6,65,HILCodec_3kbps,1284-1180-0000.flac,123
random_loss,0.3,no_duplicate,no_duplicate,2,300,0,0.0,3.0,3.0,0.0,0.32333333333333336,0,0.0,97,0.3233333333333333,1.2813174724578857,1.2813174724578857,1.7193536758422852,0.7889483558375814,0.6877975870291743,-2.697217943189205,0.3233333333333333,97,1.564516129032258,8,62,HILCodec_3kbps,1284-1180-0000.flac,42
random_loss,0.3,no_duplicate,no_duplicate,2,300,0,0.0,3.0,3.0,0.0,0.3433333333333334,0,0.0,103,0.3433333333333333,1.2993087768554688,1.2993087768554688,1.7023134231567383,0.7527426616290143,0.6806823616760848,-2.431344609070589,0.3433333333333333,103,1.5846153846153845,6,65,HILCodec_3kbps,1284-1180-0000.flac,123
random_loss,0.3,fixed_0.3,0.3,1,300,25,0.08333333333333333,3.0,3.25,8.333333333333332,0.32333333333333336,5,0.05154639175257732,92,0.30666666666666664,1.282524824142456,1.282524824142456,1.7139849662780762,0.8005842826438202,0.7101164167940757,-2.13148091802352,0.30666666666666664,92,1.5862068965517242,8,58,HILCodec_3kbps,1284-1180-0000.flac,42
random_loss,0.3,fixed_0.3,0.3,1,300,25,0.08333333333333333,3.0,3.25,8.333333333333332,0.3433333333333334,7,0.06796116504854369,96,0.32,1.2954342365264893,1.2954342365264893,1.7559466361999512,0.7835719998580326,0.7014261065543922,-1.1015223504956129,0.32,96,1.5483870967741935,6,62,HILCodec_3kbps,1284-1180-0000.flac,123
random_loss,0.3,fixed_0.3,0.3,2,300,25,0.08333333333333333,3.0,3.25,8.333333333333332,0.32333333333333336,5,0.05154639175257732,92,0.30666666666666664,1.2863972187042236,1.2863972187042236,1.7363946437835693,0.7967969456510448,0.7091133721425442,-2.587763754248612,0.30666666666666664,92,1.5081967213114753,8,61,HILCodec_3kbps,1284-1180-0000.flac,42
random_loss,0.3,fixed_0.3,0.3,2,300,25,0.08333333333333333,3.0,3.25,8.333333333333332,0.3433333333333334,8,0.07766990291262135,95,0.31666666666666665,1.2986934185028076,1.2986934185028076,1.6642141342163086,0.766020352718876,0.712321249098794,-0.8999150906864652,0.31666666666666665,95,1.484375,6,64,HILCodec_3kbps,1284-1180-0000.flac,123
random_loss,0.3,fixed_0.5,0.5,1,300,7,0.023333333333333334,3.0,3.0700000000000003,2.3333333333333335,0.32333333333333336,1,0.010309278350515464,96,0.32,1.2838952541351318,1.2838952541351318,1.7298880815505981,0.789347826426053,0.6895202741475327,-2.6818892722275924,0.32,96,1.5737704918032787,8,61,HILCodec_3kbps,1284-1180-0000.flac,42
random_loss,0.3,fixed_0.5,0.5,1,300,7,0.023333333333333334,3.0,3.0700000000000003,2.3333333333333335,0.3433333333333334,2,0.019417475728155338,101,0.33666666666666667,1.2933403253555298,1.2933403253555298,1.731907844543457,0.7668769971974849,0.6898134489111329,-2.1433549957141977,0.33666666666666667,101,1.578125,6,64,HILCodec_3kbps,1284-1180-0000.flac,123
random_loss,0.3,fixed_0.5,0.5,2,300,7,0.023333333333333334,3.0,3.0700000000000003,2.3333333333333335,0.32333333333333336,1,0.010309278350515464,96,0.32,1.2921626567840576,1.2921626567840576,1.7164239883422852,0.7884941984876622,0.6987956655210253,-2.699290154511067,0.32,96,1.5238095238095237,8,63,HILCodec_3kbps,1284-1180-0000.flac,42
random_loss,0.3,fixed_0.5,0.5,2,300,7,0.023333333333333334,3.0,3.0700000000000003,2.3333333333333335,0.3433333333333334,2,0.019417475728155338,101,0.33666666666666667,1.2989839315414429,1.2989839315414429,1.776331901550293,0.7692818116975269,0.7023306936391521,-2.1223529253434545,0.33666666666666667,101,1.5538461538461539,6,65,HILCodec_3kbps,1284-1180-0000.flac,123
random_loss,0.3,fixed_0.7,0.7,1,300,0,0.0,3.0,3.0,0.0,0.32333333333333336,0,0.0,97,0.3233333333333333,1.2813174724578857,1.2813174724578857,1.7193536758422852,0.7889483558375814,0.6877975870291744,-2.697217943189205,0.3233333333333333,97,1.564516129032258,8,62,HILCodec_3kbps,1284-1180-0000.flac,42
random_loss,0.3,fixed_0.7,0.7,1,300,0,0.0,3.0,3.0,0.0,0.3433333333333334,0,0.0,103,0.3433333333333333,1.2993087768554688,1.2993087768554688,1.7023134231567383,0.7527426616290143,0.6806823616760848,-2.431344609070589,0.3433333333333333,103,1.5846153846153845,6,65,HILCodec_3kbps,1284-1180-0000.flac,123
random_loss,0.3,fixed_0.7,0.7,2,300,0,0.0,3.0,3.0,0.0,0.32333333333333336,0,0.0,97,0.3233333333333333,1.2813174724578857,1.2813174724578857,1.7193536758422852,0.7889483558375814,0.6877975870291743,-2.697217943189205,0.3233333333333333,97,1.564516129032258,8,62,HILCodec_3kbps,1284-1180-0000.flac,42
random_loss,0.3,fixed_0.7,0.7,2,300,0,0.0,3.0,3.0,0.0,0.3433333333333334,0,0.0,103,0.3433333333333333,1.2993087768554688,1.2993087768554688,1.7023134231567383,0.7527426616290143,0.6806823616760848,-2.431344609070589,0.3433333333333333,103,1.5846153846153845,6,65,HILCodec_3kbps,1284-1180-0000.flac,123
random_loss,0.3,adaptive_mean_std,dynamic,1,300,40,0.13333333333333333,3.0,3.4,13.333333333333334,0.32333333333333336,7,0.07216494845360824,90,0.3,1.2946267127990723,1.2946267127990723,1.7130107879638672,0.8014671957374183,0.7088627902066599,-2.0876233902383836,0.3,90,1.6071428571428572,8,56,HILCodec_3kbps,1284-1180-0000.flac,42
random_loss,0.3,adaptive_mean_std,dynamic,1,300,40,0.13333333333333333,3.0,3.4,13.333333333333334,0.3433333333333334,12,0.11650485436893204,91,0.30333333333333334,1.328317403793335,1.328317403793335,1.8138008117675781,0.7875754212141888,0.7076802668549464,-0.8766684250127433,0.30333333333333334,91,1.5423728813559323,6,59,HILCodec_3kbps,1284-1180-0000.flac,123
random_loss,0.3,adaptive_mean_std,dynamic,2,300,40,0.13333333333333333,3.0,3.4,13.333333333333334,0.32333333333333336,6,0.061855670103092786,91,0.30333333333333334,1.2863891124725342,1.2863891124725342,1.7363946437835693,0.7967968731533926,0.7091131043556835,-2.587606987453195,0.30333333333333334,91,1.5166666666666666,8,60,HILCodec_3kbps,1284-1180-0000.flac,42
random_loss,0.3,adaptive_mean_std,dynamic,2,300,40,0.13333333333333333,3.0,3.4,13.333333333333334,0.3433333333333334,15,0.14563106796116504,88,0.29333333333333333,1.3013728857040405,1.3013728857040405,1.6838006973266602,0.7700765814431106,0.7184422108706833,-0.7147782289134668,0.29333333333333333,88,1.4666666666666666,6,60,HILCodec_3kbps,1284-1180-0000.flac,123
random_loss,0.3,adaptive_quantile_70,dynamic,1,300,121,0.4033333333333333,3.0,4.21,40.33333333333333,0.32333333333333336,25,0.25773195876288657,72,0.24,1.4226933717727661,1.4226933717727661,1.8708610534667969,0.8359746384653168,0.7571393508660454,0.05075613617377884,0.24,72,1.469387755102041,7,49,HILCodec_3kbps,1284-1180-0000.flac,42
random_loss,0.3,adaptive_quantile_70,dynamic,1,300,121,0.4033333333333333,3.0,4.21,40.33333333333333,0.3433333333333334,29,0.2815533980582524,74,0.24666666666666667,1.4019043445587158,1.4019043445587158,2.0007710456848145,0.825372829512304,0.7373026299695843,0.71345945344097,0.24666666666666667,74,1.48,6,50,HILCodec_3kbps,1284-1180-0000.flac,123
random_loss,0.3,adaptive_quantile_70,dynamic,2,300,121,0.4033333333333333,3.0,4.21,40.33333333333333,0.32333333333333336,25,0.25773195876288657,72,0.24,1.404009461402893,1.404009461402893,1.9187978506088257,0.827236344111837,0.7525835568233081,0.4311157127268745,0.24,72,1.3584905660377358,6,53,HILCodec_3kbps,1284-1180-0000.flac,42
random_loss,0.3,adaptive_quantile_70,dynamic,2,300,121,0.4033333333333333,3.0,4.21,40.33333333333333,0.3433333333333334,34,0.3300970873786408,69,0.23,1.5102174282073975,1.5102174282073975,2.167241096496582,0.8578444196787347,0.7823184465949657,1.0212153083271973,0.23,69,1.3269230769230769,6,52,HILCodec_3kbps,1284-1180-0000.flac,123
random_loss,0.3,all_duplicate,all_duplicate,1,300,300,1.0,3.0,6.0,100.0,0.32333333333333336,62,0.6391752577319587,35,0.11666666666666667,1.6428320407867432,1.6428320407867432,2.1142096519470215,0.875354455513673,0.8120406071313128,2.323998281557878,0.11666666666666667,35,1.6666666666666667,7,21,HILCodec_3kbps,1284-1180-0000.flac,42
random_loss,0.3,all_duplicate,all_duplicate,1,300,300,1.0,3.0,6.0,100.0,0.3433333333333334,65,0.6310679611650486,38,0.12666666666666668,1.7129061222076416,1.7129061222076416,2.401719093322754,0.8729853020049352,0.8148966944041829,2.410068847636528,0.12666666666666668,38,1.52,5,25,HILCodec_3kbps,1284-1180-0000.flac,123
random_loss,0.3,all_duplicate,all_duplicate,2,300,300,1.0,3.0,6.0,100.0,0.32333333333333336,61,0.6288659793814433,36,0.12,1.774482250213623,1.774482250213623,2.36217999458313,0.8838359696929153,0.8308576083840719,2.110585706499307,0.12,36,1.2857142857142858,6,28,HILCodec_3kbps,1284-1180-0000.flac,42
random_loss,0.3,all_duplicate,all_duplicate,2,300,300,1.0,3.0,6.0,100.0,0.3433333333333334,65,0.6310679611650486,38,0.12666666666666668,1.844601035118103,1.844601035118103,2.5402352809906006,0.8791781425525563,0.8253830451492977,2.095444697304629,0.12666666666666668,38,1.1875,4,32,HILCodec_3kbps,1284-1180-0000.flac,123
random_loss,0.4,no_duplicate,no_duplicate,1,300,0,0.0,3.0,3.0,0.0,0.41000000000000003,0,0.0,123,0.41,1.2172281742095947,1.2172281742095947,1.5493762493133545,0.7305132028980639,0.6047180493987563,-4.601769898438152,0.41,123,1.662162162162162,8,74,HILCodec_3kbps,1284-1180-0000.flac,42
random_loss,0.4,no_duplicate,no_duplicate,1,300,0,0.0,3.0,3.0,0.0,0.42333333333333334,0,0.0,127,0.42333333333333334,1.1928716897964478,1.1928716897964478,1.4858832359313965,0.7084262595982354,0.6305258479990998,-4.234992098643839,0.42333333333333334,127,1.7887323943661972,6,71,HILCodec_3kbps,1284-1180-0000.flac,123
random_loss,0.4,no_duplicate,no_duplicate,2,300,0,0.0,3.0,3.0,0.0,0.41000000000000003,0,0.0,123,0.41,1.2172281742095947,1.2172281742095947,1.5493762493133545,0.7305132028980639,0.6047180493987563,-4.601769898438152,0.41,123,1.662162162162162,8,74,HILCodec_3kbps,1284-1180-0000.flac,42
random_loss,0.4,no_duplicate,no_duplicate,2,300,0,0.0,3.0,3.0,0.0,0.42333333333333334,0,0.0,127,0.42333333333333334,1.1928716897964478,1.1928716897964478,1.4858832359313965,0.7084262595982354,0.6305258479990998,-4.234992098643839,0.42333333333333334,127,1.7887323943661972,6,71,HILCodec_3kbps,1284-1180-0000.flac,123
random_loss,0.4,fixed_0.3,0.3,1,300,25,0.08333333333333333,3.0,3.25,8.333333333333332,0.41000000000000003,6,0.04878048780487805,117,0.39,1.2222648859024048,1.2222648859024048,1.5873996019363403,0.7580106993004858,0.6482124393631484,-3.924976863753443,0.39,117,1.625,8,72,HILCodec_3kbps,1284-1180-0000.flac,42
random_loss,0.4,fixed_0.3,0.3,1,300,25,0.08333333333333333,3.0,3.25,8.333333333333332,0.42333333333333334,7,0.05511811023622047,120,0.4,1.1960196495056152,1.1960196495056152,1.6967613697052002,0.7341964449499165,0.645210791386425,-3.190585999756968,0.4,120,1.7647058823529411,6,68,HILCodec_3kbps,1284-1180-0000.flac,123
random_loss,0.4,fixed_0.3,0.3,2,300,25,0.08333333333333333,3.0,3.25,8.333333333333332,0.41000000000000003,7,0.056910569105691054,116,0.38666666666666666,1.2205710411071777,1.2205710411071777,1.6288591623306274,0.7621819464885328,0.6519744622907366,-3.9727831085083736,0.38666666666666666,116,1.5675675675675675,8,74,HILCodec_3kbps,1284-1180-0000.flac,42
random_loss,0.4,fixed_0.3,0.3,2,300,25,0.08333333333333333,3.0,3.25,8.333333333333332,0.42333333333333334,8,0.06299212598425197,119,0.39666666666666667,1.2187920808792114,1.2187920808792114,1.6742258071899414,0.7384123831468182,0.6627925603600165,-2.9175858680708693,0.39666666666666667,119,1.75,6,68,HILCodec_3kbps,1284-1180-0000.flac,123
random_loss,0.4,fixed_0.5,0.5,1,300,7,0.023333333333333334,3.0,3.0700000000000003,2.3333333333333335,0.41000000000000003,2,0.016260162601626018,121,0.4033333333333333,1.218044400215149,1.218044400215149,1.5620474815368652,0.7305262821664487,0.6115482127476869,-4.591153330826828,0.4033333333333333,121,1.6575342465753424,8,73,HILCodec_3kbps,1284-1180-0000.flac,42
random_loss,0.4,fixed_0.5,0.5,1,300,7,0.023333333333333334,3.0,3.0700000000000003,2.3333333333333335,0.42333333333333334,3,0.023622047244094488,124,0.41333333333333333,1.1987998485565186,1.1987998485565186,1.5114290714263916,0.7185605473393747,0.6350744413924148,-4.157553858618501,0.41333333333333333,124,1.7971014492753623,6,69,HILCodec_3kbps,1284-1180-0000.flac,123
random_loss,0.4,fixed_0.5,0.5,2,300,7,0.023333333333333334,3.0,3.0700000000000003,2.3333333333333335,0.41000000000000003,2,0.016260162601626018,121,0.4033333333333333,1.221351146697998,1.221351146697998,1.5537822246551514,0.7294153774616629,0.6214676856416467,-4.590580040977602,0.4033333333333333,121,1.6133333333333333,8,75,HILCodec_3kbps,1284-1180-0000.flac,42
random_loss,0.4,fixed_0.5,0.5,2,300,7,0.023333333333333334,3.0,3.0700000000000003,2.3333333333333335,0.42333333333333334,4,0.031496062992125984,123,0.41,1.217706561088562,1.217706561088562,1.6436002254486084,0.7347499776756058,0.6552175737429954,-3.8320101107751734,0.41,123,1.7571428571428571,6,70,HILCodec_3kbps,1284-1180-0000.flac,123
random_loss,0.4,fixed_0.7,0.7,1,300,0,0.0,3.0,3.0,0.0,0.41000000000000003,0,0.0,123,0.41,1.2172281742095947,1.2172281742095947,1.5493762493133545,0.7305132028980639,0.6047180493987563,-4.601769898438152,0.41,123,1.662162162162162,8,74,HILCodec_3kbps,1284-1180-0000.flac,42
random_loss,0.4,fixed_0.7,0.7,1,300,0,0.0,3.0,3.0,0.0,0.42333333333333334,0,0.0,127,0.42333333333333334,1.1928716897964478,1.1928716897964478,1.4858832359313965,0.7084262595982354,0.6305258479990998,-4.234992098643839,0.42333333333333334,127,1.7887323943661972,6,71,HILCodec_3kbps,1284-1180-0000.flac,123
random_loss,0.4,fixed_0.7,0.7,2,300,0,0.0,3.0,3.0,0.0,0.41000000000000003,0,0.0,123,0.41,1.2172281742095947,1.2172281742095947,1.5493762493133545,0.7305132028980639,0.6047180493987563,-4.601769898438152,0.41,123,1.662162162162162,8,74,HILCodec_3kbps,1284-1180-0000.flac,42
random_loss,0.4,fixed_0.7,0.7,2,300,0,0.0,3.0,3.0,0.0,0.42333333333333334,0,0.0,127,0.42333333333333334,1.1928716897964478,1.1928716897964478,1.4858832359313965,0.7084262595982354,0.6305258479990998,-4.234992098643839,0.42333333333333334,127,1.7887323943661972,6,71,HILCodec_3kbps,1284-1180-0000.flac,123
random_loss,0.4,adaptive_mean_std,dynamic,1,300,40,0.13333333333333333,3.0,3.4,13.333333333333334,0.41000000000000003,9,0.07317073170731707,114,0.38,1.2268905639648438,1.2268905639648438,1.6011120080947876,0.7598752987182418,0.6497762170732566,-3.8777886978152374,0.38,114,1.6285714285714286,8,70,HILCodec_3kbps,1284-1180-0000.flac,42
random_loss,0.4,adaptive_mean_std,dynamic,1,300,40,0.13333333333333333,3.0,3.4,13.333333333333334,0.42333333333333334,12,0.09448818897637795,115,0.38333333333333336,1.2116752862930298,1.2116752862930298,1.6998841762542725,0.7382830387217467,0.650167398321349,-2.982945141809199,0.38333333333333336,115,1.7692307692307692,6,65,HILCodec_3kbps,1284-1180-0000.flac,123
random_loss,0.4,adaptive_mean_std,dynamic,2,300,40,0.13333333333333333,3.0,3.4,13.333333333333334,0.41000000000000003,9,0.07317073170731707,114,0.38,1.223138451576233,1.223138451576233,1.6305127143859863,0.7624513073734798,0.6522849721299954,-3.930259318280707,0.38,114,1.5833333333333333,8,72,HILCodec_3kbps,1284-1180-0000.flac,42
random_loss,0.4,adaptive_mean_std,dynamic,2,300,40,0.13333333333333333,3.0,3.4,13.333333333333334,0.42333333333333334,15,0.11811023622047244,112,0.37333333333333335,1.2196953296661377,1.2196953296661377,1.5335044860839844,0.7426598907929797,0.6676927967095144,-2.7502946941501296,0.37333333333333335,112,1.75,6,64,HILCodec_3kbps,1284-1180-0000.flac,123
random_loss,0.4,adaptive_quantile_70,dynamic,1,300,121,0.4033333333333333,3.0,4.21,40.33333333333333,0.41000000000000003,33,0.2682926829268293,90,0.3,1.3437438011169434,1.3437438011169434,1.7640022039413452,0.8087676708678201,0.7238332873893789,-1.1795516026889672,0.3,90,1.5,7,60,HILCodec_3kbps,1284-1180-0000.flac,42
random_loss,0.4,adaptive_quantile_70,dynamic,1,300,121,0.4033333333333333,3.0,4.21,40.33333333333333,0.42333333333333334,29,0.2283464566929134,98,0.32666666666666666,1.2814910411834717,1.2814910411834717,1.7157937288284302,0.7682057650632025,0.677812758525013,-1.4879525776350717,0.32666666666666666,98,1.7818181818181817,6,55,HILCodec_3kbps,1284-1180-0000.flac,123
random_loss,0.4,adaptive_quantile_70,dynamic,2,300,121,0.4033333333333333,3.0,4.21,40.33333333333333,0.41000000000000003,36,0.2926829268292683,87,0.29,1.3494983911514282,1.3494983911514282,1.8244799375534058,0.8143684873906132,0.7312691506122179,-0.48933743869321306,0.29,87,1.380952380952381,6,63,HILCodec_3kbps,1284-1180-0000.flac,42
random_loss,0.4,adaptive_quantile_70,dynamic,2,300,121,0.4033333333333333,3.0,4.21,40.33333333333333,0.42333333333333334,34,0.2677165354330709,93,0.31,1.3126885890960693,1.3126885890960693,1.943124532699585,0.8127621392633527,0.7197055936443314,0.09229392141137618,0.31,93,1.5,6,62,HILCodec_3kbps,1284-1180-0000.flac,123
random_loss,0.4,all_duplicate,all_duplicate,1,300,300,1.0,3.0,6.0,100.0,0.41000000000000003,74,0.6016260162601627,49,0.16333333333333333,1.5311174392700195,1.5311174392700195,2.015833616256714,0.8480940254249457,0.7782389156965223,1.1664164624931552,0.16333333333333333,49,1.4848484848484849,7,33,HILCodec_3kbps,1284-1180-0000.flac,42
random_loss,0.4,all_duplicate,all_duplicate,1,300,300,1.0,3.0,6.0,100.0,0.42333333333333334,71,0.5590551181102362,56,0.18666666666666668,1.435666799545288,1.435666799545288,2.128293514251709,0.8152858831489997,0.7530983168305799,0.38819746869280647,0.18666666666666668,56,1.75,5,32,HILCodec_3kbps,1284-1180-0000.flac,123
random_loss,0.4,all_duplicate,all_duplicate,2,300,300,1.0,3.0,6.0,100.0,0.41000000000000003,74,0.6016260162601627,49,0.16333333333333333,1.5908079147338867,1.5908079147338867,2.1216254234313965,0.8657208810951592,0.8051269920207164,1.3471005323402685,0.16333333333333333,49,1.1951219512195121,6,41,HILCodec_3kbps,1284-1180-0000.flac,42
random_loss,0.4,all_duplicate,all_duplicate,2,300,300,1.0,3.0,6.0,100.0,0.42333333333333334,73,0.5748031496062992,54,0.18,1.6290178298950195,1.6290178298950195,2.362496852874756,0.8497025840667947,0.7930217785395489,1.470071022696722,0.18,54,1.255813953488372,4,43,HILCodec_3kbps,1284-1180-0000.flac,123
random_loss,0.0,no_duplicate,no_duplicate,1,300,0,0.0,3.0,3.0,0.0,0.0,0,0.0,0,0.0,2.9611330032348633,2.9611330032348633,3.614915132522583,0.9377938725611392,0.8858614791997799,5.427492975623379,0.0,0,0.0,0,0,HILCodec_3kbps,1320-122612-0000.flac,42
random_loss,0.0,no_duplicate,no_duplicate,1,300,0,0.0,3.0,3.0,0.0,0.0,0,0.0,0,0.0,2.9611330032348633,2.9611330032348633,3.614915132522583,0.9377938725611392,0.8858614791997799,5.427492975623379,0.0,0,0.0,0,0,HILCodec_3kbps,1320-122612-0000.flac,123
random_loss,0.0,no_duplicate,no_duplicate,2,300,0,0.0,3.0,3.0,0.0,0.0,0,0.0,0,0.0,2.9611330032348633,2.9611330032348633,3.614915132522583,0.9377938725611392,0.8858614791997799,5.427492975623379,0.0,0,0.0,0,0,HILCodec_3kbps,1320-122612-0000.flac,42
random_loss,0.0,no_duplicate,no_duplicate,2,300,0,0.0,3.0,3.0,0.0,0.0,0,0.0,0,0.0,2.9611330032348633,2.9611330032348633,3.614915132522583,0.9377938725611392,0.8858614791997799,5.427492975623379,0.0,0,0.0,0,0,HILCodec_3kbps,1320-122612-0000.flac,123
random_loss,0.0,fixed_0.3,0.3,1,300,29,0.09666666666666666,3.0,3.29,9.666666666666666,0.0,0,0.0,0,0.0,2.9611330032348633,2.9611330032348633,3.614915132522583,0.9377938725611392,0.8858614791997799,5.427492975623379,0.0,0,0.0,0,0,HILCodec_3kbps,1320-122612-0000.flac,42
random_loss,0.0,fixed_0.3,0.3,1,300,29,0.09666666666666666,3.0,3.29,9.666666666666666,0.0,0,0.0,0,0.0,2.9611330032348633,2.9611330032348633,3.614915132522583,0.9377938725611392,0.8858614791997799,5.427492975623379,0.0,0,0.0,0,0,HILCodec_3kbps,1320-122612-0000.flac,123
random_loss,0.0,fixed_0.3,0.3,2,300,29,0.09666666666666666,3.0,3.29,9.666666666666666,0.0,0,0.0,0,0.0,2.9611330032348633,2.9611330032348633,3.614915132522583,0.9377938725611392,0.8858614791997799,5.427492975623379,0.0,0,0.0,0,0,HILCodec_3kbps,1320-122612-0000.flac,42
random_loss,0.0,fixed_0.3,0.3,2,300,29,0.09666666666666666,3.0,3.29,9.666666666666666,0.0,0,0.0,0,0.0,2.9611330032348633,2.9611330032348633,3.614915132522583,0.9377938725611392,0.8858614791997799,5.427492975623379,0.0,0,0.0,0,0,HILCodec_3kbps,1320-122612-0000.flac,123
random_loss,0.0,fixed_0.5,0.5,1,300,14,0.04666666666666667,3.0,3.1399999999999997,4.666666666666667,0.0,0,0.0,0,0.0,2.9611330032348633,2.9611330032348633,3.614915132522583,0.9377938725611392,0.8858614791997799,5.427492975623379,0.0,0,0.0,0,0,HILCodec_3kbps,1320-122612-0000.flac,42
random_loss,0.0,fixed_0.5,0.5,1,300,14,0.04666666666666667,3.0,3.1399999999999997,4.666666666666667,0.0,0,0.0,0,0.0,2.9611330032348633,2.9611330032348633,3.614915132522583,0.9377938725611392,0.8858614791997799,5.427492975623379,0.0,0,0.0,0,0,HILCodec_3kbps,1320-122612-0000.flac,123
random_loss,0.0,fixed_0.5,0.5,2,300,14,0.04666666666666667,3.0,3.1399999999999997,4.666666666666667,0.0,0,0.0,0,0.0,2.9611330032348633,2.9611330032348633,3.614915132522583,0.9377938725611392,0.8858614791997799,5.427492975623379,0.0,0,0.0,0,0,HILCodec_3kbps,1320-122612-0000.flac,42
random_loss,0.0,fixed_0.5,0.5,2,300,14,0.04666666666666667,3.0,3.1399999999999997,4.666666666666667,0.0,0,0.0,0,0.0,2.9611330032348633,2.9611330032348633,3.614915132522583,0.9377938725611392,0.8858614791997799,5.427492975623379,0.0,0,0.0,0,0,HILCodec_3kbps,1320-122612-0000.flac,123
random_loss,0.0,fixed_0.7,0.7,1,300,1,0.0033333333333333335,3.0,3.0100000000000002,0.33333333333333337,0.0,0,0.0,0,0.0,2.9611330032348633,2.9611330032348633,3.614915132522583,0.9377938725611392,0.88586147919978,5.427492975623379,0.0,0,0.0,0,0,HILCodec_3kbps,1320-122612-0000.flac,42
random_loss,0.0,fixed_0.7,0.7,1,300,1,0.0033333333333333335,3.0,3.0100000000000002,0.33333333333333337,0.0,0,0.0,0,0.0,2.9611330032348633,2.9611330032348633,3.614915132522583,0.9377938725611392,0.8858614791997799,5.427492975623379,0.0,0,0.0,0,0,HILCodec_3kbps,1320-122612-0000.flac,123
random_loss,0.0,fixed_0.7,0.7,2,300,1,0.0033333333333333335,3.0,3.0100000000000002,0.33333333333333337,0.0,0,0.0,0,0.0,2.9611330032348633,2.9611330032348633,3.614915132522583,0.9377938725611392,0.8858614791997799,5.427492975623379,0.0,0,0.0,0,0,HILCodec_3kbps,1320-122612-0000.flac,42
random_loss,0.0,fixed_0.7,0.7,2,300,1,0.0033333333333333335,3.0,3.0100000000000002,0.33333333333333337,0.0,0,0.0,0,0.0,2.9611330032348633,2.9611330032348633,3.614915132522583,0.9377938725611392,0.8858614791997799,5.427492975623379,0.0,0,0.0,0,0,HILCodec_3kbps,1320-122612-0000.flac,123
random_loss,0.0,adaptive_mean_std,dynamic,1,300,29,0.09666666666666666,3.0,3.29,9.666666666666666,0.0,0,0.0,0,0.0,2.9611330032348633,2.9611330032348633,3.614915132522583,0.9377938725611392,0.8858614791997799,5.427492975623379,0.0,0,0.0,0,0,HILCodec_3kbps,1320-122612-0000.flac,42
random_loss,0.0,adaptive_mean_std,dynamic,1,300,29,0.09666666666666666,3.0,3.29,9.666666666666666,0.0,0,0.0,0,0.0,2.9611330032348633,2.9611330032348633,3.614915132522583,0.9377938725611392,0.8858614791997799,5.427492975623379,0.0,0,0.0,0,0,HILCodec_3kbps,1320-122612-0000.flac,123
random_loss,0.0,adaptive_mean_std,dynamic,2,300,29,0.09666666666666666,3.0,3.29,9.666666666666666,0.0,0,0.0,0,0.0,2.9611330032348633,2.9611330032348633,3.614915132522583,0.9377938725611392,0.8858614791997799,5.427492975623379,0.0,0,0.0,0,0,HILCodec_3kbps,1320-122612-0000.flac,42
random_loss,0.0,adaptive_mean_std,dynamic,2,300,29,0.09666666666666666,3.0,3.29,9.666666666666666,0.0,0,0.0,0,0.0,2.9611330032348633,2.9611330032348633,3.614915132522583,0.9377938725611392,0.8858614791997799,5.427492975623379,0.0,0,0.0,0,0,HILCodec_3kbps,1320-122612-0000.flac,123
random_loss,0.0,adaptive_quantile_70,dynamic,1,300,95,0.31666666666666665,3.0,3.95,31.666666666666664,0.0,0,0.0,0,0.0,2.9611330032348633,2.9611330032348633,3.614915132522583,0.9377938725611392,0.8858614791997799,5.427492975623379,0.0,0,0.0,0,0,HILCodec_3kbps,1320-122612-0000.flac,42
random_loss,0.0,adaptive_quantile_70,dynamic,1,300,95,0.31666666666666665,3.0,3.95,31.666666666666664,0.0,0,0.0,0,0.0,2.9611330032348633,2.9611330032348633,3.614915132522583,0.9377938725611392,0.8858614791997799,5.427492975623379,0.0,0,0.0,0,0,HILCodec_3kbps,1320-122612-0000.flac,123
random_loss,0.0,adaptive_quantile_70,dynamic,2,300,95,0.31666666666666665,3.0,3.95,31.666666666666664,0.0,0,0.0,0,0.0,2.9611330032348633,2.9611330032348633,3.614915132522583,0.9377938725611392,0.8858614791997799,5.427492975623379,0.0,0,0.0,0,0,HILCodec_3kbps,1320-122612-0000.flac,42
random_loss,0.0,adaptive_quantile_70,dynamic,2,300,95,0.31666666666666665,3.0,3.95,31.666666666666664,0.0,0,0.0,0,0.0,2.9611330032348633,2.9611330032348633,3.614915132522583,0.9377938725611392,0.8858614791997799,5.427492975623379,0.0,0,0.0,0,0,HILCodec_3kbps,1320-122612-0000.flac,123
random_loss,0.0,all_duplicate,all_duplicate,1,300,300,1.0,3.0,6.0,100.0,0.0,0,0.0,0,0.0,2.9611330032348633,2.9611330032348633,3.614915132522583,0.9377938725611392,0.8858614791997799,5.427492975623379,0.0,0,0.0,0,0,HILCodec_3kbps,1320-122612-0000.flac,42
random_loss,0.0,all_duplicate,all_duplicate,1,300,300,1.0,3.0,6.0,100.0,0.0,0,0.0,0,0.0,2.9611330032348633,2.9611330032348633,3.614915132522583,0.9377938725611392,0.8858614791997799,5.427492975623379,0.0,0,0.0,0,0,HILCodec_3kbps,1320-122612-0000.flac,123
random_loss,0.0,all_duplicate,all_duplicate,2,300,300,1.0,3.0,6.0,100.0,0.0,0,0.0,0,0.0,2.9611330032348633,2.9611330032348633,3.614915132522583,0.9377938725611392,0.8858614791997799,5.427492975623379,0.0,0,0.0,0,0,HILCodec_3kbps,1320-122612-0000.flac,42
random_loss,0.0,all_duplicate,all_duplicate,2,300,300,1.0,3.0,6.0,100.0,0.0,0,0.0,0,0.0,2.9611330032348633,2.9611330032348633,3.614915132522583,0.9377938725611392,0.8858614791997799,5.427492975623379,0.0,0,0.0,0,0,HILCodec_3kbps,1320-122612-0000.flac,123
random_loss,0.01,no_duplicate,no_duplicate,1,300,0,0.0,3.0,3.0,0.0,0.0033333333333332993,0,0.0,1,0.0033333333333333335,2.934495449066162,2.934495449066162,3.613538980484009,0.9375863942230558,0.8851636702311299,5.489304000030398,0.0033333333333333335,1,1.0,1,1,HILCodec_3kbps,1320-122612-0000.flac,42
random_loss,0.01,no_duplicate,no_duplicate,1,300,0,0.0,3.0,3.0,0.0,0.013333333333333308,0,0.0,4,0.013333333333333334,2.648932695388794,2.648932695388794,3.380908250808716,0.9346461510987523,0.8816440494929239,4.746083851122673,0.013333333333333334,4,1.0,1,4,HILCodec_3kbps,1320-122612-0000.flac,123
random_loss,0.01,no_duplicate,no_duplicate,2,300,0,0.0,3.0,3.0,0.0,0.0033333333333332993,0,0.0,1,0.0033333333333333335,2.934495449066162,2.934495449066162,3.613538980484009,0.9375863942230558,0.8851636702311299,5.489304000030398,0.0033333333333333335,1,1.0,1,1,HILCodec_3kbps,1320-122612-0000.flac,42
random_loss,0.01,no_duplicate,no_duplicate,2,300,0,0.0,3.0,3.0,0.0,0.013333333333333308,0,0.0,4,0.013333333333333334,2.648932695388794,2.648932695388794,3.380908250808716,0.9346461510987523,0.8816440494929239,4.746083851122673,0.013333333333333334,4,1.0,1,4,HILCodec_3kbps,1320-122612-0000.flac,123
random_loss,0.01,fixed_0.3,0.3,1,300,29,0.09666666666666666,3.0,3.29,9.666666666666666,0.0033333333333332993,0,0.0,1,0.0033333333333333335,2.934495449066162,2.934495449066162,3.613538980484009,0.9375863942230558,0.8851636702311299,5.489304000030398,0.0033333333333333335,1,1.0,1,1,HILCodec_3kbps,1320-122612-0000.flac,42
random_loss,0.01,fixed_0.3,0.3,1,300,29,0.09666666666666666,3.0,3.29,9.666666666666666,0.013333333333333308,0,0.0,4,0.013333333333333334,2.648932695388794,2.648932695388794,3.380908250808716,0.9346461510987523,0.8816440494929237,4.746083851122673,0.013333333333333334,4,1.0,1,4,HILCodec_3kbps,1320-122612-0000.flac,123
random_loss,0.01,fixed_0.3,0.3,2,300,29,0.09666666666666666,3.0,3.29,9.666666666666666,0.0033333333333332993,0,0.0,1,0.0033333333333333335,2.934495449066162,2.934495449066162,3.613538980484009,0.9375863942230558,0.8851636702311297,5.489304000030398,0.0033333333333333335,1,1.0,1,1,HILCodec_3kbps,1320-122612-0000.flac,42
random_loss,0.01,fixed_0.3,0.3,2,300,29,0.09666666666666666,3.0,3.29,9.666666666666666,0.013333333333333308,0,0.0,4,0.013333333333333334,2.648932695388794,2.648932695388794,3.380908250808716,0.9346461510987523,0.8816440494929239,4.746083851122673,0.013333333333333334,4,1.0,1,4,HILCodec_3kbps,1320-122612-0000.flac,123
random_loss,0.01,fixed_0.5,0.5,1,300,14,0.04666666666666667,3.0,3.1399999999999997,4.666666666666667,0.0033333333333332993,0,0.0,1,0.0033333333333333335,2.934495449066162,2.934495449066162,3.613538980484009,0.9375863942230558,0.8851636702311299,5.489304000030398,0.0033333333333333335,1,1.0,1,1,HILCodec_3kbps,1320-122612-0000.flac,42
random_loss,0.01,fixed_0.5,0.5,1,300,14,0.04666666666666667,3.0,3.1399999999999997,4.666666666666667,0.013333333333333308,0,0.0,4,0.013333333333333334,2.648932695388794,2.648932695388794,3.380908250808716,0.9346461510987523,0.8816440494929239,4.746083851122673,0.013333333333333334,4,1.0,1,4,HILCodec_3kbps,1320-122612-0000.flac,123
random_loss,0.01,fixed_0.5,0.5,2,300,14,0.04666666666666667,3.0,3.1399999999999997,4.666666666666667,0.0033333333333332993,0,0.0,1,0.0033333333333333335,2.934495449066162,2.934495449066162,3.613538980484009,0.9375863942230558,0.8851636702311299,5.489304000030398,0.0033333333333333335,1,1.0,1,1,HILCodec_3kbps,1320-122612-0000.flac,42
random_loss,0.01,fixed_0.5,0.5,2,300,14,0.04666666666666667,3.0,3.1399999999999997,4.666666666666667,0.013333333333333308,0,0.0,4,0.013333333333333334,2.648932695388794,2.648932695388794,3.380908250808716,0.9346461510987523,0.8816440494929239,4.746083851122673,0.013333333333333334,4,1.0,1,4,HILCodec_3kbps,1320-122612-0000.flac,123
random_loss,0.01,fixed_0.7,0.7,1,300,1,0.0033333333333333335,3.0,3.0100000000000002,0.33333333333333337,0.0033333333333332993,0,0.0,1,0.0033333333333333335,2.934495449066162,2.934495449066162,3.613538980484009,0.9375863942230558,0.8851636702311299,5.489304000030398,0.0033333333333333335,1,1.0,1,1,HILCodec_3kbps,1320-122612-0000.flac,42
random_loss,0.01,fixed_0.7,0.7,1,300,1,0.0033333333333333335,3.0,3.0100000000000002,0.33333333333333337,0.013333333333333308,0,0.0,4,0.013333333333333334,2.648932695388794,2.648932695388794,3.380908250808716,0.9346461510987523,0.8816440494929239,4.746083851122673,0.013333333333333334,4,1.0,1,4,HILCodec_3kbps,1320-122612-0000.flac,123
random_loss,0.01,fixed_0.7,0.7,2,300,1,0.0033333333333333335,3.0,3.0100000000000002,0.33333333333333337,0.0033333333333332993,0,0.0,1,0.0033333333333333335,2.934495449066162,2.934495449066162,3.613538980484009,0.9375863942230558,0.8851636702311299,5.489304000030398,0.0033333333333333335,1,1.0,1,1,HILCodec_3kbps,1320-122612-0000.flac,42
random_loss,0.01,fixed_0.7,0.7,2,300,1,0.0033333333333333335,3.0,3.0100000000000002,0.33333333333333337,0.013333333333333308,0,0.0,4,0.013333333333333334,2.648932695388794,2.648932695388794,3.380908250808716,0.9346461510987523,0.8816440494929239,4.746083851122673,0.013333333333333334,4,1.0,1,4,HILCodec_3kbps,1320-122612-0000.flac,123
random_loss,0.01,adaptive_mean_std,dynamic,1,300,29,0.09666666666666666,3.0,3.29,9.666666666666666,0.0033333333333332993,0,0.0,1,0.0033333333333333335,2.934495449066162,2.934495449066162,3.613538980484009,0.9375863942230558,0.8851636702311299,5.489304000030398,0.0033333333333333335,1,1.0,1,1,HILCodec_3kbps,1320-122612-0000.flac,42
random_loss,0.01,adaptive_mean_std,dynamic,1,300,29,0.09666666666666666,3.0,3.29,9.666666666666666,0.013333333333333308,0,0.0,4,0.013333333333333334,2.648932695388794,2.648932695388794,3.380908250808716,0.9346461510987523,0.8816440494929237,4.746083851122673,0.013333333333333334,4,1.0,1,4,HILCodec_3kbps,1320-122612-0000.flac,123
random_loss,0.01,adaptive_mean_std,dynamic,2,300,29,0.09666666666666666,3.0,3.29,9.666666666666666,0.0033333333333332993,0,0.0,1,0.0033333333333333335,2.934495449066162,2.934495449066162,3.613538980484009,0.9375863942230558,0.8851636702311297,5.489304000030398,0.0033333333333333335,1,1.0,1,1,HILCodec_3kbps,1320-122612-0000.flac,42
random_loss,0.01,adaptive_mean_std,dynamic,2,300,29,0.09666666666666666,3.0,3.29,9.666666666666666,0.013333333333333308,0,0.0,4,0.013333333333333334,2.648932695388794,2.648932695388794,3.380908250808716,0.9346461510987523,0.8816440494929237,4.746083851122673,0.013333333333333334,4,1.0,1,4,HILCodec_3kbps,1320-122612-0000.flac,123
random_loss,0.01,adaptive_quantile_70,dynamic,1,300,95,0.31666666666666665,3.0,3.95,31.666666666666664,0.0033333333333332993,0,0.0,1,0.0033333333333333335,2.934495449066162,2.934495449066162,3.613538980484009,0.9375863942230558,0.8851636702311297,5.489304000030398,0.0033333333333333335,1,1.0,1,1,HILCodec_3kbps,1320-122612-0000.flac,42
random_loss,0.01,adaptive_quantile_70,dynamic,1,300,95,0.31666666666666665,3.0,3.95,31.666666666666664,0.013333333333333308,2,0.5,2,0.006666666666666667,2.8374173641204834,2.8374173641204834,3.478682518005371,0.936926829323203,0.8845332346278938,5.15866763025945,0.006666666666666667,2,1.0,1,2,HILCodec_3kbps,1320-122612-0000.flac,123
random_loss,0.01,adaptive_quantile_70,dynamic,2,300,95,0.31666666666666665,3.0,3.95,31.666666666666664,0.0033333333333332993,0,0.0,1,0.0033333333333333335,2.934495449066162,2.934495449066162,3.613538980484009,0.9375863942230558,0.8851636702311299,5.489304000030398,0.0033333333333333335,1,1.0,1,1,HILCodec_3kbps,1320-122612-0000.flac,42
random_loss,0.01,adaptive_quantile_70,dynamic,2,300,95,0.31666666666666665,3.0,3.95,31.666666666666664,0.013333333333333308,2,0.5,2,0.006666666666666667,2.8374173641204834,2.8374173641204834,3.478682518005371,0.936926829323203,0.8845332346278937,5.15866763025945,0.006666666666666667,2,1.0,1,2,HILCodec_3kbps,1320-122612-0000.flac,123
random_loss,0.01,all_duplicate,all_duplicate,1,300,300,1.0,3.0,6.0,100.0,0.0033333333333332993,1,1.0,0,0.0,2.9611330032348633,2.9611330032348633,3.614915132522583,0.9377938725611392,0.8858614791997799,5.427492975623379,0.0,0,0.0,0,0,HILCodec_3kbps,1320-122612-0000.flac,42
random_loss,0.01,all_duplicate,all_duplicate,1,300,300,1.0,3.0,6.0,100.0,0.013333333333333308,4,1.0,0,0.0,2.9611330032348633,2.9611330032348633,3.614915132522583,0.9377938725611392,0.8858614791997799,5.427492975623379,0.0,0,0.0,0,0,HILCodec_3kbps,1320-122612-0000.flac,123
random_loss,0.01,all_duplicate,all_duplicate,2,300,300,1.0,3.0,6.0,100.0,0.0033333333333332993,1,1.0,0,0.0,2.9611330032348633,2.9611330032348633,3.614915132522583,0.9377938725611392,0.8858614791997799,5.427492975623379,0.0,0,0.0,0,0,HILCodec_3kbps,1320-122612-0000.flac,42
random_loss,0.01,all_duplicate,all_duplicate,2,300,300,1.0,3.0,6.0,100.0,0.013333333333333308,4,1.0,0,0.0,2.9611330032348633,2.9611330032348633,3.614915132522583,0.9377938725611392,0.8858614791997799,5.427492975623379,0.0,0,0.0,0,0,HILCodec_3kbps,1320-122612-0000.flac,123
random_loss,0.03,no_duplicate,no_duplicate,1,300,0,0.0,3.0,3.0,0.0,0.026666666666666616,0,0.0,8,0.02666666666666667,2.5061559677124023,2.5061559677124023,3.209737539291382,0.9311568749966392,0.8759138923909238,4.666085144116182,0.02666666666666667,8,1.0,1,8,HILCodec_3kbps,1320-122612-0000.flac,42
random_loss,0.03,no_duplicate,no_duplicate,1,300,0,0.0,3.0,3.0,0.0,0.033333333333333326,0,0.0,10,0.03333333333333333,2.2916955947875977,2.2916955947875977,3.1238439083099365,0.9266492238814885,0.865954825540112,4.304561464361926,0.03333333333333333,10,1.0,1,10,HILCodec_3kbps,1320-122612-0000.flac,123
random_loss,0.03,no_duplicate,no_duplicate,2,300,0,0.0,3.0,3.0,0.0,0.026666666666666616,0,0.0,8,0.02666666666666667,2.5061559677124023,2.5061559677124023,3.209737539291382,0.9311568749966392,0.8759138923909238,4.666085144116182,0.02666666666666667,8,1.0,1,8,HILCodec_3kbps,1320-122612-0000.flac,42
random_loss,0.03,no_duplicate,no_duplicate,2,300,0,0.0,3.0,3.0,0.0,0.033333333333333326,0,0.0,10,0.03333333333333333,2.2916955947875977,2.2916955947875977,3.1238439083099365,0.9266492238814885,0.865954825540112,4.304561464361926,0.03333333333333333,10,1.0,1,10,HILCodec_3kbps,1320-122612-0000.flac,123
random_loss,0.03,fixed_0.3,0.3,1,300,29,0.09666666666666666,3.0,3.29,9.666666666666666,0.026666666666666616,0,0.0,8,0.02666666666666667,2.5061559677124023,2.5061559677124023,3.209737539291382,0.9311568749966392,0.8759138923909238,4.666085144116182,0.02666666666666667,8,1.0,1,8,HILCodec_3kbps,1320-122612-0000.flac,42
random_loss,0.03,fixed_0.3,0.3,1,300,29,0.09666666666666666,3.0,3.29,9.666666666666666,0.033333333333333326,1,0.1,9,0.03,2.2947123050689697,2.2947123050689697,3.1279232501983643,0.9274381666200026,0.869303045327394,4.304908132697277,0.03,9,1.0,1,9,HILCodec_3kbps,1320-122612-0000.flac,123
random_loss,0.03,fixed_0.3,0.3,2,300,29,0.09666666666666666,3.0,3.29,9.666666666666666,0.026666666666666616,0,0.0,8,0.02666666666666667,2.5061559677124023,2.5061559677124023,3.209737539291382,0.9311568749966392,0.8759138923909238,4.666085144116182,0.02666666666666667,8,1.0,1,8,HILCodec_3kbps,1320-122612-0000.flac,42
random_loss,0.03,fixed_0.3,0.3,2,300,29,0.09666666666666666,3.0,3.29,9.666666666666666,0.033333333333333326,1,0.1,9,0.03,2.2947123050689697,2.2947123050689697,3.1279232501983643,0.9274381666200026,0.8693030453273939,4.304908132697277,0.03,9,1.0,1,9,HILCodec_3kbps,1320-122612-0000.flac,123
random_loss,0.03,fixed_0.5,0.5,1,300,14,0.04666666666666667,3.0,3.1399999999999997,4.666666666666667,0.026666666666666616,0,0.0,8,0.02666666666666667,2.5061559677124023,2.5061559677124023,3.209737539291382,0.9311568749966392,0.8759138923909238,4.666085144116182,0.02666666666666667,8,1.0,1,8,HILCodec_3kbps,1320-122612-0000.flac,42
random_loss,0.03,fixed_0.5,0.5,1,300,14,0.04666666666666667,3.0,3.1399999999999997,4.666666666666667,0.033333333333333326,1,0.1,9,0.03,2.2947123050689697,2.2947123050689697,3.1279232501983643,0.9274381666200026,0.869303045327394,4.304908132697277,0.03,9,1.0,1,9,HILCodec_3kbps,1320-122612-0000.flac,123
random_loss,0.03,fixed_0.5,0.5,2,300,14,0.04666666666666667,3.0,3.1399999999999997,4.666666666666667,0.026666666666666616,0,0.0,8,0.02666666666666667,2.5061559677124023,2.5061559677124023,3.209737539291382,0.9311568749966392,0.8759138923909239,4.666085144116182,0.02666666666666667,8,1.0,1,8,HILCodec_3kbps,1320-122612-0000.flac,42
random_loss,0.03,fixed_0.5,0.5,2,300,14,0.04666666666666667,3.0,3.1399999999999997,4.666666666666667,0.033333333333333326,1,0.1,9,0.03,2.2947123050689697,2.2947123050689697,3.1279232501983643,0.9274381666200026,0.8693030453273938,4.304908132697277,0.03,9,1.0,1,9,HILCodec_3kbps,1320-122612-0000.flac,123
random_loss,0.03,fixed_0.7,0.7,1,300,1,0.0033333333333333335,3.0,3.0100000000000002,0.33333333333333337,0.026666666666666616,0,0.0,8,0.02666666666666667,2.5061559677124023,2.5061559677124023,3.209737539291382,0.9311568749966392,0.8759138923909238,4.666085144116182,0.02666666666666667,8,1.0,1,8,HILCodec_3kbps,1320-122612-0000.flac,42
random_loss,0.03,fixed_0.7,0.7,1,300,1,0.0033333333333333335,3.0,3.0100000000000002,0.33333333333333337,0.033333333333333326,0,0.0,10,0.03333333333333333,2.2916955947875977,2.2916955947875977,3.1238439083099365,0.9266492238814885,0.865954825540112,4.304561464361926,0.03333333333333333,10,1.0,1,10,HILCodec_3kbps,1320-122612-0000.flac,123
random_loss,0.03,fixed_0.7,0.7,2,300,1,0.0033333333333333335,3.0,3.0100000000000002,0.33333333333333337,0.026666666666666616,0,0.0,8,0.02666666666666667,2.5061559677124023,2.5061559677124023,3.209737539291382,0.9311568749966392,0.8759138923909238,4.666085144116182,0.02666666666666667,8,1.0,1,8,HILCodec_3kbps,1320-122612-0000.flac,42
random_loss,0.03,fixed_0.7,0.7,2,300,1,0.0033333333333333335,3.0,3.0100000000000002,0.33333333333333337,0.033333333333333326,0,0.0,10,0.03333333333333333,2.2916955947875977,2.2916955947875977,3.1238439083099365,0.9266492238814885,0.865954825540112,4.304561464361926,0.03333333333333333,10,1.0,1,10,HILCodec_3kbps,1320-122612-0000.flac,123
random_loss,0.03,adaptive_mean_std,dynamic,1,300,29,0.09666666666666666,3.0,3.29,9.666666666666666,0.026666666666666616,0,0.0,8,0.02666666666666667,2.5061559677124023,2.5061559677124023,3.209737539291382,0.9311568749966392,0.8759138923909238,4.666085144116182,0.02666666666666667,8,1.0,1,8,HILCodec_3kbps,1320-122612-0000.flac,42
random_loss,0.03,adaptive_mean_std,dynamic,1,300,29,0.09666666666666666,3.0,3.29,9.666666666666666,0.033333333333333326,1,0.1,9,0.03,2.2947123050689697,2.2947123050689697,3.1279232501983643,0.9274381666200026,0.869303045327394,4.304908132697277,0.03,9,1.0,1,9,HILCodec_3kbps,1320-122612-0000.flac,123
random_loss,0.03,adaptive_mean_std,dynamic,2,300,29,0.09666666666666666,3.0,3.29,9.666666666666666,0.026666666666666616,0,0.0,8,0.02666666666666667,2.5061559677124023,2.5061559677124023,3.209737539291382,0.9311568749966392,0.8759138923909238,4.666085144116182,0.02666666666666667,8,1.0,1,8,HILCodec_3kbps,1320-122612-0000.flac,42
random_loss,0.03,adaptive_mean_std,dynamic,2,300,29,0.09666666666666666,3.0,3.29,9.666666666666666,0.033333333333333326,1,0.1,9,0.03,2.2947123050689697,2.2947123050689697,3.1279232501983643,0.9274381666200026,0.869303045327394,4.304908132697277,0.03,9,1.0,1,9,HILCodec_3kbps,1320-122612-0000.flac,123
random_loss,0.03,adaptive_quantile_70,dynamic,1,300,95,0.31666666666666665,3.0,3.95,31.666666666666664,0.026666666666666616,0,0.0,8,0.02666666666666667,2.5061559677124023,2.5061559677124023,3.209737539291382,0.9311568749966392,0.8759138923909238,4.666085144116182,0.02666666666666667,8,1.0,1,8,HILCodec_3kbps,1320-122612-0000.flac,42
random_loss,0.03,adaptive_quantile_70,dynamic,1,300,95,0.31666666666666665,3.0,3.95,31.666666666666664,0.033333333333333326,4,0.4,6,0.02,2.41121768951416,2.41121768951416,3.201821804046631,0.9297492740226992,0.8726738245277729,4.6669774206999275,0.02,6,1.0,1,6,HILCodec_3kbps,1320-122612-0000.flac,123
random_loss,0.03,adaptive_quantile_70,dynamic,2,300,95,0.31666666666666665,3.0,3.95,31.666666666666664,0.026666666666666616,0,0.0,8,0.02666666666666667,2.5061559677124023,2.5061559677124023,3.209737539291382,0.9311568749966392,0.8759138923909238,4.666085144116182,0.02666666666666667,8,1.0,1,8,HILCodec_3kbps,1320-122612-0000.flac,42
random_loss,0.03,adaptive_quantile_70,dynamic,2,300,95,0.31666666666666665,3.0,3.95,31.666666666666664,0.033333333333333326,4,0.4,6,0.02,2.41121768951416,2.41121768951416,3.201821804046631,0.9297492740226992,0.8726738245277729,4.6669774206999275,0.02,6,1.0,1,6,HILCodec_3kbps,1320-122612-0000.flac,123
random_loss,0.03,all_duplicate,all_duplicate,1,300,300,1.0,3.0,6.0,100.0,0.026666666666666616,8,1.0,0,0.0,2.9611330032348633,2.9611330032348633,3.614915132522583,0.9377938725611392,0.8858614791997799,5.427492975623379,0.0,0,0.0,0,0,HILCodec_3kbps,1320-122612-0000.flac,42
random_loss,0.03,all_duplicate,all_duplicate,1,300,300,1.0,3.0,6.0,100.0,0.033333333333333326,10,1.0,0,0.0,2.9611330032348633,2.9611330032348633,3.614915132522583,0.9377938725611392,0.8858614791997799,5.427492975623379,0.0,0,0.0,0,0,HILCodec_3kbps,1320-122612-0000.flac,123
random_loss,0.03,all_duplicate,all_duplicate,2,300,300,1.0,3.0,6.0,100.0,0.026666666666666616,8,1.0,0,0.0,2.9611330032348633,2.9611330032348633,3.614915132522583,0.9377938725611392,0.8858614791997799,5.427492975623379,0.0,0,0.0,0,0,HILCodec_3kbps,1320-122612-0000.flac,42
random_loss,0.03,all_duplicate,all_duplicate,2,300,300,1.0,3.0,6.0,100.0,0.033333333333333326,10,1.0,0,0.0,2.9611330032348633,2.9611330032348633,3.614915132522583,0.9377938725611392,0.8858614791997799,5.427492975623379,0.0,0,0.0,0,0,HILCodec_3kbps,1320-122612-0000.flac,123
random_loss,0.05,no_duplicate,no_duplicate,1,300,0,0.0,3.0,3.0,0.0,0.050000000000000044,0,0.0,15,0.05,2.359346866607666,2.359346866607666,3.077971935272217,0.9279886752316884,0.8700654843777562,4.475850340038726,0.05,15,1.0,1,15,HILCodec_3kbps,1320-122612-0000.flac,42
random_loss,0.05,no_duplicate,no_duplicate,1,300,0,0.0,3.0,3.0,0.0,0.050000000000000044,0,0.0,15,0.05,2.0387532711029053,2.0387532711029053,2.952132225036621,0.9215314247843873,0.8588778068100466,3.581848571183111,0.05,15,1.0714285714285714,2,14,HILCodec_3kbps,1320-122612-0000.flac,123
random_loss,0.05,no_duplicate,no_duplicate,2,300,0,0.0,3.0,3.0,0.0,0.050000000000000044,0,0.0,15,0.05,2.359346866607666,2.359346866607666,3.077971935272217,0.9279886752316884,0.8700654843777562,4.475850340038726,0.05,15,1.0,1,15,HILCodec_3kbps,1320-122612-0000.flac,42
random_loss,0.05,no_duplicate,no_duplicate,2,300,0,0.0,3.0,3.0,0.0,0.050000000000000044,0,0.0,15,0.05,2.0387532711029053,2.0387532711029053,2.952132225036621,0.9215314247843873,0.8588778068100466,3.581848571183111,0.05,15,1.0714285714285714,2,14,HILCodec_3kbps,1320-122612-0000.flac,123
random_loss,0.05,fixed_0.3,0.3,1,300,29,0.09666666666666666,3.0,3.29,9.666666666666666,0.050000000000000044,1,0.06666666666666667,14,0.04666666666666667,2.3675663471221924,2.3675663471221924,3.09232497215271,0.9280201713027045,0.8702806812745563,4.480982599074311,0.04666666666666667,14,1.0,1,14,HILCodec_3kbps,1320-122612-0000.flac,42
random_loss,0.05,fixed_0.3,0.3,1,300,29,0.09666666666666666,3.0,3.29,9.666666666666666,0.050000000000000044,1,0.06666666666666667,14,0.04666666666666667,2.041301727294922,2.041301727294922,2.955782890319824,0.9223204053631845,0.8622223815367595,3.5821647315404803,0.04666666666666667,14,1.0769230769230769,2,13,HILCodec_3kbps,1320-122612-0000.flac,123
random_loss,0.05,fixed_0.3,0.3,2,300,29,0.09666666666666666,3.0,3.29,9.666666666666666,0.050000000000000044,1,0.06666666666666667,14,0.04666666666666667,2.3675663471221924,2.3675663471221924,3.09232497215271,0.9280201713027045,0.8702806812745563,4.480982599074311,0.04666666666666667,14,1.0,1,14,HILCodec_3kbps,1320-122612-0000.flac,42
random_loss,0.05,fixed_0.3,0.3,2,300,29,0.09666666666666666,3.0,3.29,9.666666666666666,0.050000000000000044,1,0.06666666666666667,14,0.04666666666666667,2.041301727294922,2.041301727294922,2.955782890319824,0.9223204053631845,0.8622223815367595,3.5821647315404803,0.04666666666666667,14,1.0769230769230769,2,13,HILCodec_3kbps,1320-122612-0000.flac,123
random_loss,0.05,fixed_0.5,0.5,1,300,14,0.04666666666666667,3.0,3.1399999999999997,4.666666666666667,0.050000000000000044,0,0.0,15,0.05,2.359346866607666,2.359346866607666,3.077971935272217,0.9279886752316884,0.8700654843777563,4.475850340038726,0.05,15,1.0,1,15,HILCodec_3kbps,1320-122612-0000.flac,42
random_loss,0.05,fixed_0.5,0.5,1,300,14,0.04666666666666667,3.0,3.1399999999999997,4.666666666666667,0.050000000000000044,1,0.06666666666666667,14,0.04666666666666667,2.041301727294922,2.041301727294922,2.955782890319824,0.9223204053631845,0.8622223815367595,3.5821647315404803,0.04666666666666667,14,1.0769230769230769,2,13,HILCodec_3kbps,1320-122612-0000.flac,123
random_loss,0.05,fixed_0.5,0.5,2,300,14,0.04666666666666667,3.0,3.1399999999999997,4.666666666666667,0.050000000000000044,0,0.0,15,0.05,2.359346866607666,2.359346866607666,3.077971935272217,0.9279886752316884,0.8700654843777562,4.475850340038726,0.05,15,1.0,1,15,HILCodec_3kbps,1320-122612-0000.flac,42
random_loss,0.05,fixed_0.5,0.5,2,300,14,0.04666666666666667,3.0,3.1399999999999997,4.666666666666667,0.050000000000000044,1,0.06666666666666667,14,0.04666666666666667,2.041301727294922,2.041301727294922,2.955782890319824,0.9223204053631845,0.8622223815367595,3.5821647315404803,0.04666666666666667,14,1.0769230769230769,2,13,HILCodec_3kbps,1320-122612-0000.flac,123
random_loss,0.05,fixed_0.7,0.7,1,300,1,0.0033333333333333335,3.0,3.0100000000000002,0.33333333333333337,0.050000000000000044,0,0.0,15,0.05,2.359346866607666,2.359346866607666,3.077971935272217,0.9279886752316884,0.8700654843777562,4.475850340038726,0.05,15,1.0,1,15,HILCodec_3kbps,1320-122612-0000.flac,42
random_loss,0.05,fixed_0.7,0.7,1,300,1,0.0033333333333333335,3.0,3.0100000000000002,0.33333333333333337,0.050000000000000044,0,0.0,15,0.05,2.0387532711029053,2.0387532711029053,2.952132225036621,0.9215314247843873,0.8588778068100466,3.581848571183111,0.05,15,1.0714285714285714,2,14,HILCodec_3kbps,1320-122612-0000.flac,123
random_loss,0.05,fixed_0.7,0.7,2,300,1,0.0033333333333333335,3.0,3.0100000000000002,0.33333333333333337,0.050000000000000044,0,0.0,15,0.05,2.359346866607666,2.359346866607666,3.077971935272217,0.9279886752316884,0.8700654843777563,4.475850340038726,0.05,15,1.0,1,15,HILCodec_3kbps,1320-122612-0000.flac,42
random_loss,0.05,fixed_0.7,0.7,2,300,1,0.0033333333333333335,3.0,3.0100000000000002,0.33333333333333337,0.050000000000000044,0,0.0,15,0.05,2.0387532711029053,2.0387532711029053,2.952132225036621,0.9215314247843873,0.8588778068100466,3.581848571183111,0.05,15,1.0714285714285714,2,14,HILCodec_3kbps,1320-122612-0000.flac,123
random_loss,0.05,adaptive_mean_std,dynamic,1,300,29,0.09666666666666666,3.0,3.29,9.666666666666666,0.050000000000000044,1,0.06666666666666667,14,0.04666666666666667,2.3675663471221924,2.3675663471221924,3.09232497215271,0.9280201713027045,0.8702806812745564,4.480982599074311,0.04666666666666667,14,1.0,1,14,HILCodec_3kbps,1320-122612-0000.flac,42
random_loss,0.05,adaptive_mean_std,dynamic,1,300,29,0.09666666666666666,3.0,3.29,9.666666666666666,0.050000000000000044,1,0.06666666666666667,14,0.04666666666666667,2.041301727294922,2.041301727294922,2.955782890319824,0.9223204053631845,0.8622223815367595,3.5821647315404803,0.04666666666666667,14,1.0769230769230769,2,13,HILCodec_3kbps,1320-122612-0000.flac,123
random_loss,0.05,adaptive_mean_std,dynamic,2,300,29,0.09666666666666666,3.0,3.29,9.666666666666666,0.050000000000000044,1,0.06666666666666667,14,0.04666666666666667,2.3675663471221924,2.3675663471221924,3.09232497215271,0.9280201713027045,0.8702806812745564,4.480982599074311,0.04666666666666667,14,1.0,1,14,HILCodec_3kbps,1320-122612-0000.flac,42
random_loss,0.05,adaptive_mean_std,dynamic,2,300,29,0.09666666666666666,3.0,3.29,9.666666666666666,0.050000000000000044,1,0.06666666666666667,14,0.04666666666666667,2.041301727294922,2.041301727294922,2.955782890319824,0.9223204053631845,0.8622223815367595,3.5821647315404803,0.04666666666666667,14,1.0769230769230769,2,13,HILCodec_3kbps,1320-122612-0000.flac,123
random_loss,0.05,adaptive_quantile_70,dynamic,1,300,95,0.31666666666666665,3.0,3.95,31.666666666666664,0.050000000000000044,3,0.2,12,0.04,2.382823944091797,2.382823944091797,3.119683265686035,0.9297339491935814,0.8713824562581273,4.571391979059194,0.04,12,1.0,1,12,HILCodec_3kbps,1320-122612-0000.flac,42
random_loss,0.05,adaptive_quantile_70,dynamic,1,300,95,0.31666666666666665,3.0,3.95,31.666666666666664,0.050000000000000044,5,0.3333333333333333,10,0.03333333333333333,2.3079612255096436,2.3079612255096436,3.074331283569336,0.9256377380447428,0.866057833474543,4.4621862339402965,0.03333333333333333,10,1.1111111111111112,2,9,HILCodec_3kbps,1320-122612-0000.flac,123
random_loss,0.05,adaptive_quantile_70,dynamic,2,300,95,0.31666666666666665,3.0,3.95,31.666666666666664,0.050000000000000044,3,0.2,12,0.04,2.382823944091797,2.382823944091797,3.119683265686035,0.9297339491935814,0.8713824562581273,4.571391979059194,0.04,12,1.0,1,12,HILCodec_3kbps,1320-122612-0000.flac,42
random_loss,0.05,adaptive_quantile_70,dynamic,2,300,95,0.31666666666666665,3.0,3.95,31.666666666666664,0.050000000000000044,5,0.3333333333333333,10,0.03333333333333333,2.3079612255096436,2.3079612255096436,3.074331283569336,0.9256377380447428,0.866057833474543,4.4621862339402965,0.03333333333333333,10,1.1111111111111112,2,9,HILCodec_3kbps,1320-122612-0000.flac,123
random_loss,0.05,all_duplicate,all_duplicate,1,300,300,1.0,3.0,6.0,100.0,0.050000000000000044,15,1.0,0,0.0,2.9611330032348633,2.9611330032348633,3.614915132522583,0.9377938725611392,0.8858614791997799,5.427492975623379,0.0,0,0.0,0,0,HILCodec_3kbps,1320-122612-0000.flac,42
random_loss,0.05,all_duplicate,all_duplicate,1,300,300,1.0,3.0,6.0,100.0,0.050000000000000044,14,0.9333333333333333,1,0.0033333333333333335,2.916797161102295,2.916797161102295,3.55987548828125,0.936135274596969,0.8843690795153566,5.423271247286268,0.0033333333333333335,1,1.0,1,1,HILCodec_3kbps,1320-122612-0000.flac,123
random_loss,0.05,all_duplicate,all_duplicate,2,300,300,1.0,3.0,6.0,100.0,0.050000000000000044,15,1.0,0,0.0,2.9611330032348633,2.9611330032348633,3.614915132522583,0.9377938725611392,0.8858614791997799,5.427492975623379,0.0,0,0.0,0,0,HILCodec_3kbps,1320-122612-0000.flac,42
random_loss,0.05,all_duplicate,all_duplicate,2,300,300,1.0,3.0,6.0,100.0,0.050000000000000044,13,0.8666666666666667,2,0.006666666666666667,2.842172145843506,2.842172145843506,3.4912467002868652,0.9359143420026316,0.8828162035102662,5.238477534962107,0.006666666666666667,2,1.0,1,2,HILCodec_3kbps,1320-122612-0000.flac,123
random_loss,0.1,no_duplicate,no_duplicate,1,300,0,0.0,3.0,3.0,0.0,0.09666666666666668,0,0.0,29,0.09666666666666666,1.8919012546539307,1.8919012546539307,2.64190936088562,0.916227352191156,0.8531579079636583,2.9700781991072662,0.09666666666666666,29,1.0740740740740742,2,27,HILCodec_3kbps,1320-122612-0000.flac,42
random_loss,0.1,no_duplicate,no_duplicate,1,300,0,0.0,3.0,3.0,0.0,0.09999999999999998,0,0.0,30,0.1,1.6072005033493042,1.6072005033493042,2.607247829437256,0.9012014713460123,0.8337776174265457,2.3640310217845633,0.1,30,1.1111111111111112,2,27,HILCodec_3kbps,1320-122612-0000.flac,123
random_loss,0.1,no_duplicate,no_duplicate,2,300,0,0.0,3.0,3.0,0.0,0.09666666666666668,0,0.0,29,0.09666666666666666,1.8919012546539307,1.8919012546539307,2.64190936088562,0.916227352191156,0.8531579079636583,2.9700781991072662,0.09666666666666666,29,1.0740740740740742,2,27,HILCodec_3kbps,1320-122612-0000.flac,42
random_loss,0.1,no_duplicate,no_duplicate,2,300,0,0.0,3.0,3.0,0.0,0.09999999999999998,0,0.0,30,0.1,1.6072005033493042,1.6072005033493042,2.607247829437256,0.9012014713460123,0.8337776174265457,2.3640310217845633,0.1,30,1.1111111111111112,2,27,HILCodec_3kbps,1320-122612-0000.flac,123
random_loss,0.1,fixed_0.3,0.3,1,300,29,0.09666666666666666,3.0,3.29,9.666666666666666,0.09666666666666668,1,0.034482758620689655,28,0.09333333333333334,1.8753893375396729,1.8753893375396729,2.6287121772766113,0.916208551033546,0.8532072967043383,2.9835247804917255,0.09333333333333334,28,1.0769230769230769,2,26,HILCodec_3kbps,1320-122612-0000.flac,42
random_loss,0.1,fixed_0.3,0.3,1,300,29,0.09666666666666666,3.0,3.29,9.666666666666666,0.09999999999999998,1,0.03333333333333333,29,0.09666666666666666,1.6087281703948975,1.6087281703948975,2.6105034351348877,0.9019882075646115,0.8370262426729083,2.3642995355795255,0.09666666666666666,29,1.1153846153846154,2,26,HILCodec_3kbps,1320-122612-0000.flac,123
random_loss,0.1,fixed_0.3,0.3,2,300,29,0.09666666666666666,3.0,3.29,9.666666666666666,0.09666666666666668,1,0.034482758620689655,28,0.09333333333333334,1.8753893375396729,1.8753893375396729,2.6287121772766113,0.916208551033546,0.8532072967043383,2.9835247804917255,0.09333333333333334,28,1.0769230769230769,2,26,HILCodec_3kbps,1320-122612-0000.flac,42
random_loss,0.1,fixed_0.3,0.3,2,300,29,0.09666666666666666,3.0,3.29,9.666666666666666,0.09999999999999998,1,0.03333333333333333,29,0.09666666666666666,1.6087281703948975,1.6087281703948975,2.6105034351348877,0.9019882075646115,0.8370262426729084,2.3642995355795255,0.09666666666666666,29,1.1153846153846154,2,26,HILCodec_3kbps,1320-122612-0000.flac,123
random_loss,0.1,fixed_0.5,0.5,1,300,14,0.04666666666666667,3.0,3.1399999999999997,4.666666666666667,0.09666666666666668,0,0.0,29,0.09666666666666666,1.8919012546539307,1.8919012546539307,2.64190936088562,0.916227352191156,0.8531579079636583,2.9700781991072662,0.09666666666666666,29,1.0740740740740742,2,27,HILCodec_3kbps,1320-122612-0000.flac,42
random_loss,0.1,fixed_0.5,0.5,1,300,14,0.04666666666666667,3.0,3.1399999999999997,4.666666666666667,0.09999999999999998,1,0.03333333333333333,29,0.09666666666666666,1.6087281703948975,1.6087281703948975,2.6105034351348877,0.9019882075646115,0.8370262426729084,2.3642995355795255,0.09666666666666666,29,1.1153846153846154,2,26,HILCodec_3kbps,1320-122612-0000.flac,123
random_loss,0.1,fixed_0.5,0.5,2,300,14,0.04666666666666667,3.0,3.1399999999999997,4.666666666666667,0.09666666666666668,0,0.0,29,0.09666666666666666,1.8919012546539307,1.8919012546539307,2.64190936088562,0.916227352191156,0.8531579079636583,2.9700781991072662,0.09666666666666666,29,1.0740740740740742,2,27,HILCodec_3kbps,1320-122612-0000.flac,42
random_loss,0.1,fixed_0.5,0.5,2,300,14,0.04666666666666667,3.0,3.1399999999999997,4.666666666666667,0.09999999999999998,1,0.03333333333333333,29,0.09666666666666666,1.6087281703948975,1.6087281703948975,2.6105034351348877,0.9019882075646115,0.8370262426729084,2.3642995355795255,0.09666666666666666,29,1.1153846153846154,2,26,HILCodec_3kbps,1320-122612-0000.flac,123
random_loss,0.1,fixed_0.7,0.7,1,300,1,0.0033333333333333335,3.0,3.0100000000000002,0.33333333333333337,0.09666666666666668,0,0.0,29,0.09666666666666666,1.8919012546539307,1.8919012546539307,2.64190936088562,0.916227352191156,0.8531579079636582,2.9700781991072662,0.09666666666666666,29,1.0740740740740742,2,27,HILCodec_3kbps,1320-122612-0000.flac,42
random_loss,0.1,fixed_0.7,0.7,1,300,1,0.0033333333333333335,3.0,3.0100000000000002,0.33333333333333337,0.09999999999999998,0,0.0,30,0.1,1.6072005033493042,1.6072005033493042,2.607247829437256,0.9012014713460123,0.8337776174265457,2.3640310217845633,0.1,30,1.1111111111111112,2,27,HILCodec_3kbps,1320-122612-0000.flac,123
random_loss,0.1,fixed_0.7,0.7,2,300,1,0.0033333333333333335,3.0,3.0100000000000002,0.33333333333333337,0.09666666666666668,0,0.0,29,0.09666666666666666,1.8919012546539307,1.8919012546539307,2.64190936088562,0.916227352191156,0.8531579079636583,2.9700781991072662,0.09666666666666666,29,1.0740740740740742,2,27,HILCodec_3kbps,1320-122612-0000.flac,42
random_loss,0.1,fixed_0.7,0.7,2,300,1,0.0033333333333333335,3.0,3.0100000000000002,0.33333333333333337,0.09999999999999998,0,0.0,30,0.1,1.6072005033493042,1.6072005033493042,2.607247829437256,0.9012014713460123,0.8337776174265457,2.3640310217845633,0.1,30,1.1111111111111112,2,27,HILCodec_3kbps,1320-122612-0000.flac,123
random_loss,0.1,adaptive_mean_std,dynamic,1,300,29,0.09666666666666666,3.0,3.29,9.666666666666666,0.09666666666666668,1,0.034482758620689655,28,0.09333333333333334,1.8753893375396729,1.8753893375396729,2.6287121772766113,0.916208551033546,0.8532072967043383,2.9835247804917255,0.09333333333333334,28,1.0769230769230769,2,26,HILCodec_3kbps,1320-122612-0000.flac,42
random_loss,0.1,adaptive_mean_std,dynamic,1,300,29,0.09666666666666666,3.0,3.29,9.666666666666666,0.09999999999999998,2,0.06666666666666667,28,0.09333333333333334,1.610584020614624,1.610584020614624,2.61057448387146,0.9019953082498107,0.8371502017281024,2.364291886638946,0.09333333333333334,28,1.12,2,25,HILCodec_3kbps,1320-122612-0000.flac,123
random_loss,0.1,adaptive_mean_std,dynamic,2,300,29,0.09666666666666666,3.0,3.29,9.666666666666666,0.09666666666666668,1,0.034482758620689655,28,0.09333333333333334,1.8753893375396729,1.8753893375396729,2.6287121772766113,0.916208551033546,0.8532072967043383,2.9835247804917255,0.09333333333333334,28,1.0769230769230769,2,26,HILCodec_3kbps,1320-122612-0000.flac,42
random_loss,0.1,adaptive_mean_std,dynamic,2,300,29,0.09666666666666666,3.0,3.29,9.666666666666666,0.09999999999999998,2,0.06666666666666667,28,0.09333333333333334,1.610584020614624,1.610584020614624,2.61057448387146,0.9019953082498107,0.8371502017281024,2.364291886638946,0.09333333333333334,28,1.12,2,25,HILCodec_3kbps,1320-122612-0000.flac,123
random_loss,0.1,adaptive_quantile_70,dynamic,1,300,95,0.31666666666666665,3.0,3.95,31.666666666666664,0.09666666666666668,7,0.2413793103448276,22,0.07333333333333333,1.9423861503601074,1.9423861503601074,2.7023587226867676,0.920512817957092,0.8582317379312585,3.4033778176382268,0.07333333333333333,22,1.0476190476190477,2,21,HILCodec_3kbps,1320-122612-0000.flac,42
random_loss,0.1,adaptive_quantile_70,dynamic,1,300,95,0.31666666666666665,3.0,3.95,31.666666666666664,0.09999999999999998,9,0.3,21,0.07,1.9696149826049805,1.9696149826049805,2.8077073097229004,0.9170159065016125,0.8538143744412415,3.4175655017462505,0.07,21,1.1666666666666667,2,18,HILCodec_3kbps,1320-122612-0000.flac,123
random_loss,0.1,adaptive_quantile_70,dynamic,2,300,95,0.31666666666666665,3.0,3.95,31.666666666666664,0.09666666666666668,6,0.20689655172413793,23,0.07666666666666666,1.9452011585235596,1.9452011585235596,2.702406167984009,0.9201236572503735,0.8578084743711526,3.3970596844887253,0.07666666666666666,23,1.0952380952380953,2,21,HILCodec_3kbps,1320-122612-0000.flac,42
random_loss,0.1,adaptive_quantile_70,dynamic,2,300,95,0.31666666666666665,3.0,3.95,31.666666666666664,0.09999999999999998,9,0.3,21,0.07,1.9696149826049805,1.9696149826049805,2.8077073097229004,0.9170159065016125,0.8538143744412415,3.4175655017462505,0.07,21,1.1666666666666667,2,18,HILCodec_3kbps,1320-122612-0000.flac,123
random_loss,0.1,all_duplicate,all_duplicate,1,300,300,1.0,3.0,6.0,100.0,0.09666666666666668,27,0.9310344827586207,2,0.006666666666666667,2.9155004024505615,2.9155004024505615,3.5674805641174316,0.9368186707359755,0.8835833844224267,5.303572747956288,0.006666666666666667,2,1.0,1,2,HILCodec_3kbps,1320-122612-0000.flac,42
random_loss,0.1,all_duplicate,all_duplicate,1,300,300,1.0,3.0,6.0,100.0,0.09999999999999998,27,0.9,3,0.01,2.82354736328125,2.82354736328125,3.4806201457977295,0.9347596374205548,0.882864534611471,5.367293317571212,0.01,3,1.0,1,3,HILCodec_3kbps,1320-122612-0000.flac,123
random_loss,0.1,all_duplicate,all_duplicate,2,300,300,1.0,3.0,6.0,100.0,0.09666666666666668,26,0.896551724137931,3,0.01,2.8384904861450195,2.8384904861450195,3.4600770473480225,0.9373859832800281,0.8851738152646236,5.302327819863725,0.01,3,1.0,1,3,HILCodec_3kbps,1320-122612-0000.flac,42
random_loss,0.1,all_duplicate,all_duplicate,2,300,300,1.0,3.0,6.0,100.0,0.09999999999999998,25,0.8333333333333334,5,0.016666666666666666,2.705545425415039,2.705545425415039,3.2989661693573,0.9347589081796747,0.8805691385304987,4.96430289148686,0.016666666666666666,5,1.0,1,5,HILCodec_3kbps,1320-122612-0000.flac,123
random_loss,0.2,no_duplicate,no_duplicate,1,300,0,0.0,3.0,3.0,0.0,0.24,0,0.0,72,0.24,1.2575571537017822,1.2575571537017822,1.8854796886444092,0.8381708810968962,0.7496686450892646,-0.15749404728084862,0.24,72,1.44,6,50,HILCodec_3kbps,1320-122612-0000.flac,42
random_loss,0.2,no_duplicate,no_duplicate,1,300,0,0.0,3.0,3.0,0.0,0.20666666666666667,0,0.0,62,0.20666666666666667,1.2635165452957153,1.2635165452957153,1.9317233562469482,0.8532335596370691,0.7584099376142895,0.9308385475618802,0.20666666666666667,62,1.3478260869565217,4,46,HILCodec_3kbps,1320-122612-0000.flac,123
random_loss,0.2,no_duplicate,no_duplicate,2,300,0,0.0,3.0,3.0,0.0,0.24,0,0.0,72,0.24,1.2575571537017822,1.2575571537017822,1.8854796886444092,0.8381708810968962,0.7496686450892646,-0.15749404728084862,0.24,72,1.44,6,50,HILCodec_3kbps,1320-122612-0000.flac,42
random_loss,0.2,no_duplicate,no_duplicate,2,300,0,0.0,3.0,3.0,0.0,0.20666666666666667,0,0.0,62,0.20666666666666667,1.2635165452957153,1.2635165452957153,1.9317233562469482,0.8532335596370691,0.7584099376142897,0.9308385475618802,0.20666666666666667,62,1.3478260869565217,4,46,HILCodec_3kbps,1320-122612-0000.flac,123
random_loss,0.2,fixed_0.3,0.3,1,300,29,0.09666666666666666,3.0,3.29,9.666666666666666,0.24,6,0.08333333333333333,66,0.22,1.322462797164917,1.322462797164917,2.036660671234131,0.8518745736917911,0.7677464714846373,0.11625070304842443,0.22,66,1.434782608695652,6,46,HILCodec_3kbps,1320-122612-0000.flac,42
random_loss,0.2,fixed_0.3,0.3,1,300,29,0.09666666666666666,3.0,3.29,9.666666666666666,0.20666666666666667,3,0.04838709677419355,59,0.19666666666666666,1.2649359703063965,1.2649359703063965,1.9400196075439453,0.8574209466738497,0.7661366203126527,0.9639279664950319,0.19666666666666666,59,1.3111111111111111,4,45,HILCodec_3kbps,1320-122612-0000.flac,123
random_loss,0.2,fixed_0.3,0.3,2,300,29,0.09666666666666666,3.0,3.29,9.666666666666666,0.24,7,0.09722222222222222,65,0.21666666666666667,1.3265764713287354,1.3265764713287354,2.0426132678985596,0.8517722229449743,0.7654543020722576,0.13999352674461954,0.21666666666666667,65,1.4130434782608696,6,46,HILCodec_3kbps,1320-122612-0000.flac,42
random_loss,0.2,fixed_0.3,0.3,2,300,29,0.09666666666666666,3.0,3.29,9.666666666666666,0.20666666666666667,4,0.06451612903225806,58,0.19333333333333333,1.2691360712051392,1.2691360712051392,1.9736803770065308,0.8638157525108635,0.7694185965104865,0.9375408137818425,0.19333333333333333,58,1.288888888888889,4,45,HILCodec_3kbps,1320-122612-0000.flac,123
random_loss,0.2,fixed_0.5,0.5,1,300,14,0.04666666666666667,3.0,3.1399999999999997,4.666666666666667,0.24,3,0.041666666666666664,69,0.23,1.2656341791152954,1.2656341791152954,1.8948025703430176,0.840431225558369,0.7579652614872219,-0.15743499912122716,0.23,69,1.4680851063829787,6,47,HILCodec_3kbps,1320-122612-0000.flac,42
random_loss,0.2,fixed_0.5,0.5,1,300,14,0.04666666666666667,3.0,3.1399999999999997,4.666666666666667,0.20666666666666667,3,0.04838709677419355,59,0.19666666666666666,1.2649359703063965,1.2649359703063965,1.9400196075439453,0.8574209466738497,0.7661366203126526,0.9639279664950319,0.19666666666666666,59,1.3111111111111111,4,45,HILCodec_3kbps,1320-122612-0000.flac,123
random_loss,0.2,fixed_0.5,0.5,2,300,14,0.04666666666666667,3.0,3.1399999999999997,4.666666666666667,0.24,3,0.041666666666666664,69,0.23,1.29190993309021,1.29190993309021,1.9245295524597168,0.8415358634537535,0.758908930289263,-0.12928423622395224,0.23,69,1.4375,6,48,HILCodec_3kbps,1320-122612-0000.flac,42
random_loss,0.2,fixed_0.5,0.5,2,300,14,0.04666666666666667,3.0,3.1399999999999997,4.666666666666667,0.20666666666666667,3,0.04838709677419355,59,0.19666666666666666,1.2649359703063965,1.2649359703063965,1.9400196075439453,0.8574209466738497,0.7661366203126527,0.9639279664950319,0.19666666666666666,59,1.3111111111111111,4,45,HILCodec_3kbps,1320-122612-0000.flac,123
random_loss,0.2,fixed_0.7,0.7,1,300,1,0.0033333333333333335,3.0,3.0100000000000002,0.33333333333333337,0.24,0,0.0,72,0.24,1.2575571537017822,1.2575571537017822,1.8854796886444092,0.8381708810968962,0.7496686450892645,-0.15749404728084862,0.24,72,1.44,6,50,HILCodec_3kbps,1320-122612-0000.flac,42
random_loss,0.2,fixed_0.7,0.7,1,300,1,0.0033333333333333335,3.0,3.0100000000000002,0.33333333333333337,0.20666666666666667,0,0.0,62,0.20666666666666667,1.2635165452957153,1.2635165452957153,1.9317233562469482,0.8532335596370691,0.7584099376142897,0.9308385475618802,0.20666666666666667,62,1.3478260869565217,4,46,HILCodec_3kbps,1320-122612-0000.flac,123
random_loss,0.2,fixed_0.7,0.7,2,300,1,0.0033333333333333335,3.0,3.0100000000000002,0.33333333333333337,0.24,0,0.0,72,0.24,1.2575571537017822,1.2575571537017822,1.8854796886444092,0.8381708810968962,0.7496686450892646,-0.15749404728084862,0.24,72,1.44,6,50,HILCodec_3kbps,1320-122612-0000.flac,42
random_loss,0.2,fixed_0.7,0.7,2,300,1,0.0033333333333333335,3.0,3.0100000000000002,0.33333333333333337,0.20666666666666667,0,0.0,62,0.20666666666666667,1.2635165452957153,1.2635165452957153,1.9317233562469482,0.8532335596370691,0.7584099376142897,0.9308385475618802,0.20666666666666667,62,1.3478260869565217,4,46,HILCodec_3kbps,1320-122612-0000.flac,123
random_loss,0.2,adaptive_mean_std,dynamic,1,300,29,0.09666666666666666,3.0,3.29,9.666666666666666,0.24,5,0.06944444444444445,67,0.22333333333333333,1.2917767763137817,1.2917767763137817,1.9227690696716309,0.8429802207931448,0.7631401996626529,-0.11225378903611982,0.22333333333333333,67,1.4565217391304348,6,46,HILCodec_3kbps,1320-122612-0000.flac,42
random_loss,0.2,adaptive_mean_std,dynamic,1,300,29,0.09666666666666666,3.0,3.29,9.666666666666666,0.20666666666666667,4,0.06451612903225806,58,0.19333333333333333,1.2654542922973633,1.2654542922973633,1.9399831295013428,0.8574200740830701,0.7664416538780324,0.9639213401977377,0.19333333333333333,58,1.3181818181818181,4,44,HILCodec_3kbps,1320-122612-0000.flac,123
random_loss,0.2,adaptive_mean_std,dynamic,2,300,29,0.09666666666666666,3.0,3.29,9.666666666666666,0.24,6,0.08333333333333333,66,0.22,1.2954277992248535,1.2954277992248535,1.9280829429626465,0.8428791137369139,0.7608532460347321,-0.08854760602410372,0.22,66,1.434782608695652,6,46,HILCodec_3kbps,1320-122612-0000.flac,42
random_loss,0.2,adaptive_mean_std,dynamic,2,300,29,0.09666666666666666,3.0,3.29,9.666666666666666,0.20666666666666667,3,0.04838709677419355,59,0.19666666666666666,1.2649359703063965,1.2649359703063965,1.9400196075439453,0.8574209466738497,0.7661366203126527,0.9639279664950319,0.19666666666666666,59,1.3111111111111111,4,45,HILCodec_3kbps,1320-122612-0000.flac,123
random_loss,0.2,adaptive_quantile_70,dynamic,1,300,95,0.31666666666666665,3.0,3.95,31.666666666666664,0.24,12,0.16666666666666666,60,0.2,1.3336081504821777,1.3336081504821777,2.086698532104492,0.8590632990816327,0.7766546000631196,0.5045717239812795,0.2,60,1.4285714285714286,6,42,HILCodec_3kbps,1320-122612-0000.flac,42
random_loss,0.2,adaptive_quantile_70,dynamic,1,300,95,0.31666666666666665,3.0,3.95,31.666666666666664,0.20666666666666667,17,0.27419354838709675,45,0.15,1.3665392398834229,1.3665392398834229,2.0922162532806396,0.8829862349888461,0.8017857749103684,2.007662574227034,0.15,45,1.40625,4,32,HILCodec_3kbps,1320-122612-0000.flac,123
random_loss,0.2,adaptive_quantile_70,dynamic,2,300,95,0.31666666666666665,3.0,3.95,31.666666666666664,0.24,17,0.2361111111111111,55,0.18333333333333332,1.4297010898590088,1.4297010898590088,2.1644160747528076,0.8677369953040357,0.799244039263334,0.798887076110612,0.18333333333333332,55,1.3095238095238095,6,42,HILCodec_3kbps,1320-122612-0000.flac,42
random_loss,0.2,adaptive_quantile_70,dynamic,2,300,95,0.31666666666666665,3.0,3.95,31.666666666666664,0.20666666666666667,18,0.2903225806451613,44,0.14666666666666667,1.424080491065979,1.424080491065979,2.3325607776641846,0.8922633247434796,0.8043298450808745,2.3788400746178127,0.14666666666666667,44,1.2941176470588236,3,34,HILCodec_3kbps,1320-122612-0000.flac,123
random_loss,0.2,all_duplicate,all_duplicate,1,300,300,1.0,3.0,6.0,100.0,0.24,50,0.6944444444444444,22,0.07333333333333333,1.9115227460861206,1.9115227460861206,2.894260883331299,0.8986708174617225,0.8329440648065678,4.071390284940306,0.07333333333333333,22,1.375,5,16,HILCodec_3kbps,1320-122612-0000.flac,42
random_loss,0.2,all_duplicate,all_duplicate,1,300,300,1.0,3.0,6.0,100.0,0.20666666666666667,46,0.7419354838709677,16,0.05333333333333334,1.9649804830551147,1.9649804830551147,2.8643221855163574,0.9226332339519713,0.8659606510417696,4.688997426513161,0.05333333333333334,16,1.3333333333333333,3,12,HILCodec_3kbps,1320-122612-0000.flac,123
random_loss,0.2,all_duplicate,all_duplicate,2,300,300,1.0,3.0,6.0,100.0,0.24,53,0.7361111111111112,19,0.06333333333333334,2.142791986465454,2.142791986465454,3.0614774227142334,0.9138697834878334,0.8616454670901722,3.9598339809399463,0.06333333333333334,19,1.1875,4,16,HILCodec_3kbps,1320-122612-0000.flac,42
random_loss,0.2,all_duplicate,all_duplicate,2,300,300,1.0,3.0,6.0,100.0,0.20666666666666667,46,0.7419354838709677,16,0.05333333333333334,1.8832532167434692,1.8832532167434692,2.8512253761291504,0.9215276899857687,0.8545102539532549,4.105763480004091,0.05333333333333334,16,1.0666666666666667,2,15,HILCodec_3kbps,1320-122612-0000.flac,123
random_loss,0.3,no_duplicate,no_duplicate,1,300,0,0.0,3.0,3.0,0.0,0.32333333333333336,0,0.0,97,0.3233333333333333,1.1685078144073486,1.1685078144073486,1.6261407136917114,0.7948541584324454,0.6897958912207176,-2.759093038592948,0.3233333333333333,97,1.564516129032258,8,62,HILCodec_3kbps,1320-122612-0000.flac,42
random_loss,0.3,no_duplicate,no_duplicate,1,300,0,0.0,3.0,3.0,0.0,0.3433333333333334,0,0.0,103,0.3433333333333333,1.156417727470398,1.156417727470398,1.65097177028656,0.8182178360521463,0.7000933777604174,-1.6953167554941964,0.3433333333333333,103,1.5846153846153845,6,65,HILCodec_3kbps,1320-122612-0000.flac,123
random_loss,0.3,no_duplicate,no_duplicate,2,300,0,0.0,3.0,3.0,0.0,0.32333333333333336,0,0.0,97,0.3233333333333333,1.1685078144073486,1.1685078144073486,1.6261407136917114,0.7948541584324454,0.6897958912207176,-2.759093038592948,0.3233333333333333,97,1.564516129032258,8,62,HILCodec_3kbps,1320-122612-0000.flac,42
random_loss,0.3,no_duplicate,no_duplicate,2,300,0,0.0,3.0,3.0,0.0,0.3433333333333334,0,0.0,103,0.3433333333333333,1.156417727470398,1.156417727470398,1.65097177028656,0.8182178360521463,0.7000933777604174,-1.6953167554941964,0.3433333333333333,103,1.5846153846153845,6,65,HILCodec_3kbps,1320-122612-0000.flac,123
random_loss,0.3,fixed_0.3,0.3,1,300,29,0.09666666666666666,3.0,3.29,9.666666666666666,0.32333333333333336,8,0.08247422680412371,89,0.2966666666666667,1.1974923610687256,1.1974923610687256,1.7122671604156494,0.8094232076421047,0.7113157044356906,-2.3738693243643962,0.2966666666666667,89,1.5892857142857142,8,56,HILCodec_3kbps,1320-122612-0000.flac,42
random_loss,0.3,fixed_0.3,0.3,1,300,29,0.09666666666666666,3.0,3.29,9.666666666666666,0.3433333333333334,5,0.04854368932038835,98,0.32666666666666666,1.1581848859786987,1.1581848859786987,1.653755784034729,0.8230326738116043,0.7091909013637159,-1.6766054758628381,0.32666666666666666,98,1.5555555555555556,6,63,HILCodec_3kbps,1320-122612-0000.flac,123
random_loss,0.3,fixed_0.3,0.3,2,300,29,0.09666666666666666,3.0,3.29,9.666666666666666,0.32333333333333336,7,0.07216494845360824,90,0.3,1.2009316682815552,1.2009316682815552,1.7198164463043213,0.8085395811271725,0.7080812478285912,-2.3643733653092607,0.3,90,1.5517241379310345,8,58,HILCodec_3kbps,1320-122612-0000.flac,42
random_loss,0.3,fixed_0.3,0.3,2,300,29,0.09666666666666666,3.0,3.29,9.666666666666666,0.3433333333333334,6,0.05825242718446602,97,0.3233333333333333,1.1604424715042114,1.1604424715042114,1.664543628692627,0.8281616861620672,0.712624893543429,-1.6882234467297197,0.3233333333333333,97,1.5396825396825398,6,63,HILCodec_3kbps,1320-122612-0000.flac,123
random_loss,0.3,fixed_0.5,0.5,1,300,14,0.04666666666666667,3.0,3.1399999999999997,4.666666666666667,0.32333333333333336,3,0.030927835051546393,94,0.31333333333333335,1.1694260835647583,1.1694260835647583,1.6283771991729736,0.79786412136166,0.6996265393889581,-2.75875322229657,0.31333333333333335,94,1.5932203389830508,8,59,HILCodec_3kbps,1320-122612-0000.flac,42
random_loss,0.3,fixed_0.5,0.5,1,300,14,0.04666666666666667,3.0,3.1399999999999997,4.666666666666667,0.3433333333333334,5,0.04854368932038835,98,0.32666666666666666,1.1581848859786987,1.1581848859786987,1.653755784034729,0.8230326738116043,0.7091909013637159,-1.6766054758628381,0.32666666666666666,98,1.5555555555555556,6,63,HILCodec_3kbps,1320-122612-0000.flac,123
random_loss,0.3,fixed_0.5,0.5,2,300,14,0.04666666666666667,3.0,3.1399999999999997,4.666666666666667,0.32333333333333336,3,0.030927835051546393,94,0.31333333333333335,1.1811697483062744,1.1811697483062744,1.6465537548065186,0.7989220590437845,0.7001933129974672,-2.7164168824171755,0.31333333333333335,94,1.5666666666666667,8,60,HILCodec_3kbps,1320-122612-0000.flac,42
random_loss,0.3,fixed_0.5,0.5,2,300,14,0.04666666666666667,3.0,3.1399999999999997,4.666666666666667,0.3433333333333334,4,0.038834951456310676,99,0.33,1.157811164855957,1.157811164855957,1.652745008468628,0.8225476189829244,0.708062532142829,-1.6782145406099593,0.33,99,1.5714285714285714,6,63,HILCodec_3kbps,1320-122612-0000.flac,123
random_loss,0.3,fixed_0.7,0.7,1,300,1,0.0033333333333333335,3.0,3.0100000000000002,0.33333333333333337,0.32333333333333336,0,0.0,97,0.3233333333333333,1.1685078144073486,1.1685078144073486,1.6261407136917114,0.7948541584324454,0.6897958912207176,-2.759093038592948,0.3233333333333333,97,1.564516129032258,8,62,HILCodec_3kbps,1320-122612-0000.flac,42
random_loss,0.3,fixed_0.7,0.7,1,300,1,0.0033333333333333335,3.0,3.0100000000000002,0.33333333333333337,0.3433333333333334,0,0.0,103,0.3433333333333333,1.156417727470398,1.156417727470398,1.65097177028656,0.8182178360521463,0.7000933777604174,-1.6953167554941964,0.3433333333333333,103,1.5846153846153845,6,65,HILCodec_3kbps,1320-122612-0000.flac,123
random_loss,0.3,fixed_0.7,0.7,2,300,1,0.0033333333333333335,3.0,3.0100000000000002,0.33333333333333337,0.32333333333333336,0,0.0,97,0.3233333333333333,1.1685078144073486,1.1685078144073486,1.6261407136917114,0.7948541584324454,0.6897958912207176,-2.759093038592948,0.3233333333333333,97,1.564516129032258,8,62,HILCodec_3kbps,1320-122612-0000.flac,42
random_loss,0.3,fixed_0.7,0.7,2,300,1,0.0033333333333333335,3.0,3.0100000000000002,0.33333333333333337,0.3433333333333334,0,0.0,103,0.3433333333333333,1.156417727470398,1.156417727470398,1.65097177028656,0.8182178360521463,0.7000933777604174,-1.6953167554941964,0.3433333333333333,103,1.5846153846153845,6,65,HILCodec_3kbps,1320-122612-0000.flac,123
random_loss,0.3,adaptive_mean_std,dynamic,1,300,29,0.09666666666666666,3.0,3.29,9.666666666666666,0.32333333333333336,7,0.07216494845360824,90,0.3,1.1820259094238281,1.1820259094238281,1.6456818580627441,0.8016613473940809,0.7066742091636753,-2.6247685540236225,0.3,90,1.6071428571428572,8,56,HILCodec_3kbps,1320-122612-0000.flac,42
random_loss,0.3,adaptive_mean_std,dynamic,1,300,29,0.09666666666666666,3.0,3.29,9.666666666666666,0.3433333333333334,5,0.04854368932038835,98,0.32666666666666666,1.1581848859786987,1.1581848859786987,1.653755784034729,0.8230326738116043,0.7091909013637159,-1.6766054758628381,0.32666666666666666,98,1.5555555555555556,6,63,HILCodec_3kbps,1320-122612-0000.flac,123
random_loss,0.3,adaptive_mean_std,dynamic,2,300,29,0.09666666666666666,3.0,3.29,9.666666666666666,0.32333333333333336,6,0.061855670103092786,91,0.30333333333333334,1.185224175453186,1.185224175453186,1.6523077487945557,0.800783643268043,0.7034565414488408,-2.615040419538354,0.30333333333333334,91,1.5689655172413792,8,58,HILCodec_3kbps,1320-122612-0000.flac,42
random_loss,0.3,adaptive_mean_std,dynamic,2,300,29,0.09666666666666666,3.0,3.29,9.666666666666666,0.3433333333333334,5,0.04854368932038835,98,0.32666666666666666,1.1578830480575562,1.1578830480575562,1.649911642074585,0.8217881376002985,0.7091058226886269,-1.677546520911887,0.32666666666666666,98,1.5555555555555556,6,63,HILCodec_3kbps,1320-122612-0000.flac,123
random_loss,0.3,adaptive_quantile_70,dynamic,1,300,95,0.31666666666666665,3.0,3.95,31.666666666666664,0.32333333333333336,17,0.17525773195876287,80,0.26666666666666666,1.209929347038269,1.209929347038269,1.7668991088867188,0.8229271695076865,0.7244159194824441,-1.9128940500865412,0.26666666666666666,80,1.5686274509803921,8,51,HILCodec_3kbps,1320-122612-0000.flac,42
random_loss,0.3,adaptive_quantile_70,dynamic,1,300,95,0.31666666666666665,3.0,3.95,31.666666666666664,0.3433333333333334,25,0.24271844660194175,78,0.26,1.1949470043182373,1.1949470043182373,1.8385472297668457,0.8547761965554602,0.7503055945836157,-0.2708762822949742,0.26,78,1.5918367346938775,6,49,HILCodec_3kbps,1320-122612-0000.flac,123
random_loss,0.3,adaptive_quantile_70,dynamic,2,300,95,0.31666666666666665,3.0,3.95,31.666666666666664,0.32333333333333336,20,0.20618556701030927,77,0.25666666666666665,1.271600365638733,1.271600365638733,1.8439528942108154,0.8342270909554101,0.7499962747694087,-1.3511865604397366,0.25666666666666665,77,1.4528301886792452,8,53,HILCodec_3kbps,1320-122612-0000.flac,42
random_loss,0.3,adaptive_quantile_70,dynamic,2,300,95,0.31666666666666665,3.0,3.95,31.666666666666664,0.3433333333333334,22,0.21359223300970873,81,0.27,1.1898590326309204,1.1898590326309204,1.7425248622894287,0.8385973700389313,0.7285538939701646,-0.5002728789583147,0.27,81,1.4210526315789473,5,57,HILCodec_3kbps,1320-122612-0000.flac,123
random_loss,0.3,all_duplicate,all_duplicate,1,300,300,1.0,3.0,6.0,100.0,0.32333333333333336,62,0.6391752577319587,35,0.11666666666666667,1.5815346240997314,1.5815346240997314,2.4190452098846436,0.8789371472520491,0.8051731735925017,2.101048993829124,0.11666666666666667,35,1.6666666666666667,7,21,HILCodec_3kbps,1320-122612-0000.flac,42
random_loss,0.3,all_duplicate,all_duplicate,1,300,300,1.0,3.0,6.0,100.0,0.3433333333333334,65,0.6310679611650486,38,0.12666666666666668,1.390109658241272,1.390109658241272,2.2586495876312256,0.8972590350947885,0.8167380742856064,2.8198220894778805,0.12666666666666668,38,1.52,5,25,HILCodec_3kbps,1320-122612-0000.flac,123
random_loss,0.3,all_duplicate,all_duplicate,2,300,300,1.0,3.0,6.0,100.0,0.32333333333333336,61,0.6288659793814433,36,0.12,1.688158392906189,1.688158392906189,2.5047988891601562,0.8949707826884358,0.8256208290648308,2.181334206092416,0.12,36,1.2857142857142858,6,28,HILCodec_3kbps,1320-122612-0000.flac,42
random_loss,0.3,all_duplicate,all_duplicate,2,300,300,1.0,3.0,6.0,100.0,0.3433333333333334,65,0.6310679611650486,38,0.12666666666666668,1.3560104370117188,1.3560104370117188,2.1078052520751953,0.8808741380590376,0.7994068588245372,2.1123317755901354,0.12666666666666668,38,1.1875,4,32,HILCodec_3kbps,1320-122612-0000.flac,123
random_loss,0.4,no_duplicate,no_duplicate,1,300,0,0.0,3.0,3.0,0.0,0.41000000000000003,0,0.0,123,0.41,1.16446053981781,1.16446053981781,1.5939137935638428,0.7695340048281755,0.6565800798102569,-4.159027512667378,0.41,123,1.662162162162162,8,74,HILCodec_3kbps,1320-122612-0000.flac,42
random_loss,0.4,no_duplicate,no_duplicate,1,300,0,0.0,3.0,3.0,0.0,0.42333333333333334,0,0.0,127,0.42333333333333334,1.1535261869430542,1.1535261869430542,1.6701107025146484,0.7718755145102174,0.644209802803307,-4.414338231604492,0.42333333333333334,127,1.7887323943661972,6,71,HILCodec_3kbps,1320-122612-0000.flac,123
random_loss,0.4,no_duplicate,no_duplicate,2,300,0,0.0,3.0,3.0,0.0,0.41000000000000003,0,0.0,123,0.41,1.16446053981781,1.16446053981781,1.5939137935638428,0.7695340048281755,0.6565800798102569,-4.159027512667378,0.41,123,1.662162162162162,8,74,HILCodec_3kbps,1320-122612-0000.flac,42
random_loss,0.4,no_duplicate,no_duplicate,2,300,0,0.0,3.0,3.0,0.0,0.42333333333333334,0,0.0,127,0.42333333333333334,1.1535261869430542,1.1535261869430542,1.6701107025146484,0.7718755145102174,0.644209802803307,-4.414338231604492,0.42333333333333334,127,1.7887323943661972,6,71,HILCodec_3kbps,1320-122612-0000.flac,123
random_loss,0.4,fixed_0.3,0.3,1,300,29,0.09666666666666666,3.0,3.29,9.666666666666666,0.41000000000000003,10,0.08130081300813008,113,0.37666666666666665,1.16370689868927,1.16370689868927,1.6281044483184814,0.789050240566119,0.6799360208362867,-3.9144802524606135,0.37666666666666665,113,1.661764705882353,8,68,HILCodec_3kbps,1320-122612-0000.flac,42
random_loss,0.4,fixed_0.3,0.3,1,300,29,0.09666666666666666,3.0,3.29,9.666666666666666,0.42333333333333334,5,0.03937007874015748,122,0.4066666666666667,1.153651237487793,1.153651237487793,1.6429762840270996,0.776048448679791,0.6530384699208133,-4.407749136363651,0.4066666666666667,122,1.7428571428571429,6,70,HILCodec_3kbps,1320-122612-0000.flac,123
random_loss,0.4,fixed_0.3,0.3,2,300,29,0.09666666666666666,3.0,3.29,9.666666666666666,0.41000000000000003,7,0.056910569105691054,116,0.38666666666666666,1.1668154001235962,1.1668154001235962,1.6384825706481934,0.7850953559087539,0.6691142534242617,-3.8596473228298533,0.38666666666666666,116,1.5890410958904109,8,73,HILCodec_3kbps,1320-122612-0000.flac,42
random_loss,0.4,fixed_0.3,0.3,2,300,29,0.09666666666666666,3.0,3.29,9.666666666666666,0.42333333333333334,6,0.047244094488188976,121,0.4033333333333333,1.142443060874939,1.142443060874939,1.5858036279678345,0.7812471342536286,0.6570260410111625,-4.399282409490028,0.4033333333333333,121,1.7285714285714286,6,70,HILCodec_3kbps,1320-122612-0000.flac,123
random_loss,0.4,fixed_0.5,0.5,1,300,14,0.04666666666666667,3.0,3.1399999999999997,4.666666666666667,0.41000000000000003,3,0.024390243902439025,120,0.4,1.1654787063598633,1.1654787063598633,1.593778133392334,0.7723737432994434,0.6665028334107824,-4.15871239447036,0.4,120,1.6901408450704225,8,71,HILCodec_3kbps,1320-122612-0000.flac,42
random_loss,0.4,fixed_0.5,0.5,1,300,14,0.04666666666666667,3.0,3.1399999999999997,4.666666666666667,0.42333333333333334,5,0.03937007874015748,122,0.4066666666666667,1.153651237487793,1.153651237487793,1.6429762840270996,0.776048448679791,0.6530384699208133,-4.407749136363651,0.4066666666666667,122,1.7428571428571429,6,70,HILCodec_3kbps,1320-122612-0000.flac,123
random_loss,0.4,fixed_0.5,0.5,2,300,14,0.04666666666666667,3.0,3.1399999999999997,4.666666666666667,0.41000000000000003,3,0.024390243902439025,120,0.4,1.1587979793548584,1.1587979793548584,1.6280910968780518,0.7810524451849147,0.666395423183611,-4.165908171585291,0.4,120,1.6216216216216217,8,74,HILCodec_3kbps,1320-122612-0000.flac,42
random_loss,0.4,fixed_0.5,0.5,2,300,14,0.04666666666666667,3.0,3.1399999999999997,4.666666666666667,0.42333333333333334,4,0.031496062992125984,123,0.41,1.1533071994781494,1.1533071994781494,1.6417192220687866,0.7757312863915403,0.6521505413923682,-4.409858080855241,0.41,123,1.7571428571428571,6,70,HILCodec_3kbps,1320-122612-0000.flac,123
random_loss,0.4,fixed_0.7,0.7,1,300,1,0.0033333333333333335,3.0,3.0100000000000002,0.33333333333333337,0.41000000000000003,0,0.0,123,0.41,1.16446053981781,1.16446053981781,1.5939137935638428,0.7695340048281755,0.656580079810257,-4.159027512667378,0.41,123,1.662162162162162,8,74,HILCodec_3kbps,1320-122612-0000.flac,42
random_loss,0.4,fixed_0.7,0.7,1,300,1,0.0033333333333333335,3.0,3.0100000000000002,0.33333333333333337,0.42333333333333334,0,0.0,127,0.42333333333333334,1.1535261869430542,1.1535261869430542,1.6701107025146484,0.7718755145102174,0.644209802803307,-4.414338231604492,0.42333333333333334,127,1.7887323943661972,6,71,HILCodec_3kbps,1320-122612-0000.flac,123
random_loss,0.4,fixed_0.7,0.7,2,300,1,0.0033333333333333335,3.0,3.0100000000000002,0.33333333333333337,0.41000000000000003,0,0.0,123,0.41,1.16446053981781,1.16446053981781,1.5939137935638428,0.7695340048281755,0.656580079810257,-4.159027512667378,0.41,123,1.662162162162162,8,74,HILCodec_3kbps,1320-122612-0000.flac,42
random_loss,0.4,fixed_0.7,0.7,2,300,1,0.0033333333333333335,3.0,3.0100000000000002,0.33333333333333337,0.42333333333333334,0,0.0,127,0.42333333333333334,1.1535261869430542,1.1535261869430542,1.6701107025146484,0.7718755145102174,0.644209802803307,-4.414338231604492,0.42333333333333334,127,1.7887323943661972,6,71,HILCodec_3kbps,1320-122612-0000.flac,123
random_loss,0.4,adaptive_mean_std,dynamic,1,300,29,0.09666666666666666,3.0,3.29,9.666666666666666,0.41000000000000003,9,0.07317073170731707,114,0.38,1.1613332033157349,1.1613332033157349,1.621248483657837,0.785856263660047,0.6781147358003075,-4.086710236627176,0.38,114,1.6764705882352942,8,68,HILCodec_3kbps,1320-122612-0000.flac,42
random_loss,0.4,adaptive_mean_std,dynamic,1,300,29,0.09666666666666666,3.0,3.29,9.666666666666666,0.42333333333333334,5,0.03937007874015748,122,0.4066666666666667,1.153651237487793,1.153651237487793,1.6429762840270996,0.776048448679791,0.6530384699208134,-4.407749136363651,0.4066666666666667,122,1.7428571428571429,6,70,HILCodec_3kbps,1320-122612-0000.flac,123
random_loss,0.4,adaptive_mean_std,dynamic,2,300,29,0.09666666666666666,3.0,3.29,9.666666666666666,0.41000000000000003,6,0.04878048780487805,117,0.39,1.1644107103347778,1.1644107103347778,1.6312769651412964,0.7818938529129272,0.6672695882988339,-4.03167711893514,0.39,117,1.6027397260273972,8,73,HILCodec_3kbps,1320-122612-0000.flac,42
random_loss,0.4,adaptive_mean_std,dynamic,2,300,29,0.09666666666666666,3.0,3.29,9.666666666666666,0.42333333333333334,5,0.03937007874015748,122,0.4066666666666667,1.1536850929260254,1.1536850929260254,1.6422855854034424,0.774691024647821,0.6526121957756408,-4.4068425344573114,0.4066666666666667,122,1.7428571428571429,6,70,HILCodec_3kbps,1320-122612-0000.flac,123
random_loss,0.4,adaptive_quantile_70,dynamic,1,300,95,0.31666666666666665,3.0,3.95,31.666666666666664,0.41000000000000003,19,0.15447154471544716,104,0.3466666666666667,1.177620530128479,1.177620530128479,1.6762086153030396,0.8042384280369721,0.6924339297309852,-3.625223307942105,0.3466666666666667,104,1.6507936507936507,8,63,HILCodec_3kbps,1320-122612-0000.flac,42
random_loss,0.4,adaptive_quantile_70,dynamic,1,300,95,0.31666666666666665,3.0,3.95,31.666666666666664,0.42333333333333334,23,0.18110236220472442,104,0.3466666666666667,1.146164894104004,1.146164894104004,1.686870813369751,0.8075225207942694,0.6851541656230491,-3.1137275899010146,0.3466666666666667,104,1.8245614035087718,6,57,HILCodec_3kbps,1320-122612-0000.flac,123
random_loss,0.4,adaptive_quantile_70,dynamic,2,300,95,0.31666666666666665,3.0,3.95,31.666666666666664,0.41000000000000003,22,0.17886178861788618,101,0.33666666666666667,1.2173022031784058,1.2173022031784058,1.7286758422851562,0.8134646164149387,0.7098613463110242,-2.4833921031042787,0.33666666666666667,101,1.463768115942029,8,69,HILCodec_3kbps,1320-122612-0000.flac,42
random_loss,0.4,adaptive_quantile_70,dynamic,2,300,95,0.31666666666666665,3.0,3.95,31.666666666666664,0.42333333333333334,20,0.15748031496062992,107,0.3566666666666667,1.1747450828552246,1.1747450828552246,1.6457056999206543,0.7945138992630555,0.6733537664751155,-3.4047850030118862,0.3566666666666667,107,1.5970149253731343,5,67,HILCodec_3kbps,1320-122612-0000.flac,123
random_loss,0.4,all_duplicate,all_duplicate,1,300,300,1.0,3.0,6.0,100.0,0.41000000000000003,74,0.6016260162601627,49,0.16333333333333333,1.440832495689392,1.440832495689392,2.245666980743408,0.8703099602113841,0.7888873930712054,1.5721303937995426,0.16333333333333333,49,1.4848484848484849,7,33,HILCodec_3kbps,1320-122612-0000.flac,42
random_loss,0.4,all_duplicate,all_duplicate,1,300,300,1.0,3.0,6.0,100.0,0.42333333333333334,71,0.5590551181102362,56,0.18666666666666668,1.2746107578277588,1.2746107578277588,1.9869767427444458,0.8724562023742738,0.7764273278218812,0.8359002528130712,0.18666666666666668,56,1.75,5,32,HILCodec_3kbps,1320-122612-0000.flac,123
random_loss,0.4,all_duplicate,all_duplicate,2,300,300,1.0,3.0,6.0,100.0,0.41000000000000003,74,0.6016260162601627,49,0.16333333333333333,1.5207172632217407,1.5207172632217407,2.3643016815185547,0.8827846129524503,0.8022866182386251,1.3876767915497967,0.16333333333333333,49,1.1951219512195121,6,41,HILCodec_3kbps,1320-122612-0000.flac,42
random_loss,0.4,all_duplicate,all_duplicate,2,300,300,1.0,3.0,6.0,100.0,0.42333333333333334,73,0.5748031496062992,54,0.18,1.3707417249679565,1.3707417249679565,1.9434401988983154,0.8621001444444147,0.7730203729790516,0.4642042679919932,0.18,54,1.255813953488372,4,43,HILCodec_3kbps,1320-122612-0000.flac,123
random_loss,0.0,no_duplicate,no_duplicate,1,300,0,0.0,3.0,3.0,0.0,0.0,0,0.0,0,0.0,2.767371892929077,2.767371892929077,3.1402721405029297,0.92179940808713,0.8671759073712874,-2.5177685251638557,0.0,0,0.0,0,0,HILCodec_3kbps,1580-141083-0000.flac,42
random_loss,0.0,no_duplicate,no_duplicate,1,300,0,0.0,3.0,3.0,0.0,0.0,0,0.0,0,0.0,2.767371892929077,2.767371892929077,3.1402721405029297,0.92179940808713,0.8671759073712874,-2.5177685251638557,0.0,0,0.0,0,0,HILCodec_3kbps,1580-141083-0000.flac,123
random_loss,0.0,no_duplicate,no_duplicate,2,300,0,0.0,3.0,3.0,0.0,0.0,0,0.0,0,0.0,2.767371892929077,2.767371892929077,3.1402721405029297,0.92179940808713,0.8671759073712874,-2.5177685251638557,0.0,0,0.0,0,0,HILCodec_3kbps,1580-141083-0000.flac,42
random_loss,0.0,no_duplicate,no_duplicate,2,300,0,0.0,3.0,3.0,0.0,0.0,0,0.0,0,0.0,2.767371892929077,2.767371892929077,3.1402721405029297,0.92179940808713,0.8671759073712874,-2.5177685251638557,0.0,0,0.0,0,0,HILCodec_3kbps,1580-141083-0000.flac,123
random_loss,0.0,fixed_0.3,0.3,1,300,41,0.13666666666666666,3.0,3.41,13.666666666666666,0.0,0,0.0,0,0.0,2.767371892929077,2.767371892929077,3.1402721405029297,0.92179940808713,0.8671759073712874,-2.5177685251638557,0.0,0,0.0,0,0,HILCodec_3kbps,1580-141083-0000.flac,42
random_loss,0.0,fixed_0.3,0.3,1,300,41,0.13666666666666666,3.0,3.41,13.666666666666666,0.0,0,0.0,0,0.0,2.767371892929077,2.767371892929077,3.1402721405029297,0.92179940808713,0.8671759073712874,-2.5177685251638557,0.0,0,0.0,0,0,HILCodec_3kbps,1580-141083-0000.flac,123
random_loss,0.0,fixed_0.3,0.3,2,300,41,0.13666666666666666,3.0,3.41,13.666666666666666,0.0,0,0.0,0,0.0,2.767371892929077,2.767371892929077,3.1402721405029297,0.92179940808713,0.8671759073712874,-2.5177685251638557,0.0,0,0.0,0,0,HILCodec_3kbps,1580-141083-0000.flac,42
random_loss,0.0,fixed_0.3,0.3,2,300,41,0.13666666666666666,3.0,3.41,13.666666666666666,0.0,0,0.0,0,0.0,2.767371892929077,2.767371892929077,3.1402721405029297,0.92179940808713,0.8671759073712874,-2.5177685251638557,0.0,0,0.0,0,0,HILCodec_3kbps,1580-141083-0000.flac,123
random_loss,0.0,fixed_0.5,0.5,1,300,19,0.06333333333333334,3.0,3.1899999999999995,6.333333333333334,0.0,0,0.0,0,0.0,2.767371892929077,2.767371892929077,3.1402721405029297,0.92179940808713,0.8671759073712874,-2.5177685251638557,0.0,0,0.0,0,0,HILCodec_3kbps,1580-141083-0000.flac,42
random_loss,0.0,fixed_0.5,0.5,1,300,19,0.06333333333333334,3.0,3.1899999999999995,6.333333333333334,0.0,0,0.0,0,0.0,2.767371892929077,2.767371892929077,3.1402721405029297,0.92179940808713,0.8671759073712874,-2.5177685251638557,0.0,0,0.0,0,0,HILCodec_3kbps,1580-141083-0000.flac,123
random_loss,0.0,fixed_0.5,0.5,2,300,19,0.06333333333333334,3.0,3.1899999999999995,6.333333333333334,0.0,0,0.0,0,0.0,2.767371892929077,2.767371892929077,3.1402721405029297,0.92179940808713,0.8671759073712874,-2.5177685251638557,0.0,0,0.0,0,0,HILCodec_3kbps,1580-141083-0000.flac,42
random_loss,0.0,fixed_0.5,0.5,2,300,19,0.06333333333333334,3.0,3.1899999999999995,6.333333333333334,0.0,0,0.0,0,0.0,2.767371892929077,2.767371892929077,3.1402721405029297,0.92179940808713,0.8671759073712874,-2.5177685251638557,0.0,0,0.0,0,0,HILCodec_3kbps,1580-141083-0000.flac,123
random_loss,0.0,fixed_0.7,0.7,1,300,0,0.0,3.0,3.0,0.0,0.0,0,0.0,0,0.0,2.767371892929077,2.767371892929077,3.1402721405029297,0.92179940808713,0.8671759073712874,-2.5177685251638557,0.0,0,0.0,0,0,HILCodec_3kbps,1580-141083-0000.flac,42
random_loss,0.0,fixed_0.7,0.7,1,300,0,0.0,3.0,3.0,0.0,0.0,0,0.0,0,0.0,2.767371892929077,2.767371892929077,3.1402721405029297,0.92179940808713,0.8671759073712874,-2.5177685251638557,0.0,0,0.0,0,0,HILCodec_3kbps,1580-141083-0000.flac,123
random_loss,0.0,fixed_0.7,0.7,2,300,0,0.0,3.0,3.0,0.0,0.0,0,0.0,0,0.0,2.767371892929077,2.767371892929077,3.1402721405029297,0.92179940808713,0.8671759073712874,-2.5177685251638557,0.0,0,0.0,0,0,HILCodec_3kbps,1580-141083-0000.flac,42
random_loss,0.0,fixed_0.7,0.7,2,300,0,0.0,3.0,3.0,0.0,0.0,0,0.0,0,0.0,2.767371892929077,2.767371892929077,3.1402721405029297,0.92179940808713,0.8671759073712874,-2.5177685251638557,0.0,0,0.0,0,0,HILCodec_3kbps,1580-141083-0000.flac,123
random_loss,0.0,adaptive_mean_std,dynamic,1,300,46,0.15333333333333332,3.0,3.46,15.333333333333332,0.0,0,0.0,0,0.0,2.767371892929077,2.767371892929077,3.1402721405029297,0.92179940808713,0.8671759073712874,-2.5177685251638557,0.0,0,0.0,0,0,HILCodec_3kbps,1580-141083-0000.flac,42
random_loss,0.0,adaptive_mean_std,dynamic,1,300,46,0.15333333333333332,3.0,3.46,15.333333333333332,0.0,0,0.0,0,0.0,2.767371892929077,2.767371892929077,3.1402721405029297,0.92179940808713,0.8671759073712874,-2.5177685251638557,0.0,0,0.0,0,0,HILCodec_3kbps,1580-141083-0000.flac,123
random_loss,0.0,adaptive_mean_std,dynamic,2,300,46,0.15333333333333332,3.0,3.46,15.333333333333332,0.0,0,0.0,0,0.0,2.767371892929077,2.767371892929077,3.1402721405029297,0.92179940808713,0.8671759073712874,-2.5177685251638557,0.0,0,0.0,0,0,HILCodec_3kbps,1580-141083-0000.flac,42
random_loss,0.0,adaptive_mean_std,dynamic,2,300,46,0.15333333333333332,3.0,3.46,15.333333333333332,0.0,0,0.0,0,0.0,2.767371892929077,2.767371892929077,3.1402721405029297,0.92179940808713,0.8671759073712874,-2.5177685251638557,0.0,0,0.0,0,0,HILCodec_3kbps,1580-141083-0000.flac,123
random_loss,0.0,adaptive_quantile_70,dynamic,1,300,105,0.35,3.0,4.050000000000001,35.0,0.0,0,0.0,0,0.0,2.767371892929077,2.767371892929077,3.1402721405029297,0.92179940808713,0.8671759073712874,-2.5177685251638557,0.0,0,0.0,0,0,HILCodec_3kbps,1580-141083-0000.flac,42
random_loss,0.0,adaptive_quantile_70,dynamic,1,300,105,0.35,3.0,4.050000000000001,35.0,0.0,0,0.0,0,0.0,2.767371892929077,2.767371892929077,3.1402721405029297,0.92179940808713,0.8671759073712874,-2.5177685251638557,0.0,0,0.0,0,0,HILCodec_3kbps,1580-141083-0000.flac,123
random_loss,0.0,adaptive_quantile_70,dynamic,2,300,105,0.35,3.0,4.050000000000001,35.0,0.0,0,0.0,0,0.0,2.767371892929077,2.767371892929077,3.1402721405029297,0.92179940808713,0.8671759073712874,-2.5177685251638557,0.0,0,0.0,0,0,HILCodec_3kbps,1580-141083-0000.flac,42
random_loss,0.0,adaptive_quantile_70,dynamic,2,300,105,0.35,3.0,4.050000000000001,35.0,0.0,0,0.0,0,0.0,2.767371892929077,2.767371892929077,3.1402721405029297,0.92179940808713,0.8671759073712874,-2.5177685251638557,0.0,0,0.0,0,0,HILCodec_3kbps,1580-141083-0000.flac,123
random_loss,0.0,all_duplicate,all_duplicate,1,300,300,1.0,3.0,6.0,100.0,0.0,0,0.0,0,0.0,2.767371892929077,2.767371892929077,3.1402721405029297,0.92179940808713,0.8671759073712874,-2.5177685251638557,0.0,0,0.0,0,0,HILCodec_3kbps,1580-141083-0000.flac,42
random_loss,0.0,all_duplicate,all_duplicate,1,300,300,1.0,3.0,6.0,100.0,0.0,0,0.0,0,0.0,2.767371892929077,2.767371892929077,3.1402721405029297,0.92179940808713,0.8671759073712872,-2.5177685251638557,0.0,0,0.0,0,0,HILCodec_3kbps,1580-141083-0000.flac,123
random_loss,0.0,all_duplicate,all_duplicate,2,300,300,1.0,3.0,6.0,100.0,0.0,0,0.0,0,0.0,2.767371892929077,2.767371892929077,3.1402721405029297,0.92179940808713,0.8671759073712874,-2.5177685251638557,0.0,0,0.0,0,0,HILCodec_3kbps,1580-141083-0000.flac,42
random_loss,0.0,all_duplicate,all_duplicate,2,300,300,1.0,3.0,6.0,100.0,0.0,0,0.0,0,0.0,2.767371892929077,2.767371892929077,3.1402721405029297,0.92179940808713,0.8671759073712874,-2.5177685251638557,0.0,0,0.0,0,0,HILCodec_3kbps,1580-141083-0000.flac,123
random_loss,0.01,no_duplicate,no_duplicate,1,300,0,0.0,3.0,3.0,0.0,0.0033333333333332993,0,0.0,1,0.0033333333333333335,2.5115456581115723,2.5115456581115723,2.974940299987793,0.9175764957597905,0.8623433326248617,-2.578813335096562,0.0033333333333333335,1,1.0,1,1,HILCodec_3kbps,1580-141083-0000.flac,42
random_loss,0.01,no_duplicate,no_duplicate,1,300,0,0.0,3.0,3.0,0.0,0.013333333333333308,0,0.0,4,0.013333333333333334,2.3932766914367676,2.3932766914367676,2.8601341247558594,0.9163399690479831,0.8606158002184853,-2.877132311098239,0.013333333333333334,4,1.0,1,4,HILCodec_3kbps,1580-141083-0000.flac,123
random_loss,0.01,no_duplicate,no_duplicate,2,300,0,0.0,3.0,3.0,0.0,0.0033333333333332993,0,0.0,1,0.0033333333333333335,2.5115456581115723,2.5115456581115723,2.974940299987793,0.9175764957597905,0.8623433326248618,-2.578813335096562,0.0033333333333333335,1,1.0,1,1,HILCodec_3kbps,1580-141083-0000.flac,42
random_loss,0.01,no_duplicate,no_duplicate,2,300,0,0.0,3.0,3.0,0.0,0.013333333333333308,0,0.0,4,0.013333333333333334,2.3932766914367676,2.3932766914367676,2.8601341247558594,0.9163399690479831,0.8606158002184852,-2.877132311098239,0.013333333333333334,4,1.0,1,4,HILCodec_3kbps,1580-141083-0000.flac,123
random_loss,0.01,fixed_0.3,0.3,1,300,41,0.13666666666666666,3.0,3.41,13.666666666666666,0.0033333333333332993,0,0.0,1,0.0033333333333333335,2.5115456581115723,2.5115456581115723,2.974940299987793,0.9175764957597905,0.8623433326248617,-2.578813335096562,0.0033333333333333335,1,1.0,1,1,HILCodec_3kbps,1580-141083-0000.flac,42
random_loss,0.01,fixed_0.3,0.3,1,300,41,0.13666666666666666,3.0,3.41,13.666666666666666,0.013333333333333308,0,0.0,4,0.013333333333333334,2.3932766914367676,2.3932766914367676,2.8601341247558594,0.9163399690479831,0.8606158002184853,-2.877132311098239,0.013333333333333334,4,1.0,1,4,HILCodec_3kbps,1580-141083-0000.flac,123
random_loss,0.01,fixed_0.3,0.3,2,300,41,0.13666666666666666,3.0,3.41,13.666666666666666,0.0033333333333332993,0,0.0,1,0.0033333333333333335,2.5115456581115723,2.5115456581115723,2.974940299987793,0.9175764957597905,0.8623433326248618,-2.578813335096562,0.0033333333333333335,1,1.0,1,1,HILCodec_3kbps,1580-141083-0000.flac,42
random_loss,0.01,fixed_0.3,0.3,2,300,41,0.13666666666666666,3.0,3.41,13.666666666666666,0.013333333333333308,0,0.0,4,0.013333333333333334,2.3932766914367676,2.3932766914367676,2.8601341247558594,0.9163399690479831,0.8606158002184853,-2.877132311098239,0.013333333333333334,4,1.0,1,4,HILCodec_3kbps,1580-141083-0000.flac,123
random_loss,0.01,fixed_0.5,0.5,1,300,19,0.06333333333333334,3.0,3.1899999999999995,6.333333333333334,0.0033333333333332993,0,0.0,1,0.0033333333333333335,2.5115456581115723,2.5115456581115723,2.974940299987793,0.9175764957597905,0.8623433326248618,-2.578813335096562,0.0033333333333333335,1,1.0,1,1,HILCodec_3kbps,1580-141083-0000.flac,42
random_loss,0.01,fixed_0.5,0.5,1,300,19,0.06333333333333334,3.0,3.1899999999999995,6.333333333333334,0.013333333333333308,0,0.0,4,0.013333333333333334,2.3932766914367676,2.3932766914367676,2.8601341247558594,0.9163399690479831,0.8606158002184852,-2.877132311098239,0.013333333333333334,4,1.0,1,4,HILCodec_3kbps,1580-141083-0000.flac,123
random_loss,0.01,fixed_0.5,0.5,2,300,19,0.06333333333333334,3.0,3.1899999999999995,6.333333333333334,0.0033333333333332993,0,0.0,1,0.0033333333333333335,2.5115456581115723,2.5115456581115723,2.974940299987793,0.9175764957597905,0.8623433326248618,-2.578813335096562,0.0033333333333333335,1,1.0,1,1,HILCodec_3kbps,1580-141083-0000.flac,42
random_loss,0.01,fixed_0.5,0.5,2,300,19,0.06333333333333334,3.0,3.1899999999999995,6.333333333333334,0.013333333333333308,0,0.0,4,0.013333333333333334,2.3932766914367676,2.3932766914367676,2.8601341247558594,0.9163399690479831,0.8606158002184852,-2.877132311098239,0.013333333333333334,4,1.0,1,4,HILCodec_3kbps,1580-141083-0000.flac,123
random_loss,0.01,fixed_0.7,0.7,1,300,0,0.0,3.0,3.0,0.0,0.0033333333333332993,0,0.0,1,0.0033333333333333335,2.5115456581115723,2.5115456581115723,2.974940299987793,0.9175764957597905,0.8623433326248618,-2.578813335096562,0.0033333333333333335,1,1.0,1,1,HILCodec_3kbps,1580-141083-0000.flac,42
random_loss,0.01,fixed_0.7,0.7,1,300,0,0.0,3.0,3.0,0.0,0.013333333333333308,0,0.0,4,0.013333333333333334,2.3932766914367676,2.3932766914367676,2.8601341247558594,0.9163399690479831,0.8606158002184852,-2.877132311098239,0.013333333333333334,4,1.0,1,4,HILCodec_3kbps,1580-141083-0000.flac,123
random_loss,0.01,fixed_0.7,0.7,2,300,0,0.0,3.0,3.0,0.0,0.0033333333333332993,0,0.0,1,0.0033333333333333335,2.5115456581115723,2.5115456581115723,2.974940299987793,0.9175764957597905,0.8623433326248617,-2.578813335096562,0.0033333333333333335,1,1.0,1,1,HILCodec_3kbps,1580-141083-0000.flac,42
random_loss,0.01,fixed_0.7,0.7,2,300,0,0.0,3.0,3.0,0.0,0.013333333333333308,0,0.0,4,0.013333333333333334,2.3932766914367676,2.3932766914367676,2.8601341247558594,0.9163399690479831,0.8606158002184852,-2.877132311098239,0.013333333333333334,4,1.0,1,4,HILCodec_3kbps,1580-141083-0000.flac,123
random_loss,0.01,adaptive_mean_std,dynamic,1,300,46,0.15333333333333332,3.0,3.46,15.333333333333332,0.0033333333333332993,0,0.0,1,0.0033333333333333335,2.5115456581115723,2.5115456581115723,2.974940299987793,0.9175764957597905,0.8623433326248618,-2.578813335096562,0.0033333333333333335,1,1.0,1,1,HILCodec_3kbps,1580-141083-0000.flac,42
random_loss,0.01,adaptive_mean_std,dynamic,1,300,46,0.15333333333333332,3.0,3.46,15.333333333333332,0.013333333333333308,0,0.0,4,0.013333333333333334,2.3932766914367676,2.3932766914367676,2.8601341247558594,0.9163399690479831,0.8606158002184852,-2.877132311098239,0.013333333333333334,4,1.0,1,4,HILCodec_3kbps,1580-141083-0000.flac,123
random_loss,0.01,adaptive_mean_std,dynamic,2,300,46,0.15333333333333332,3.0,3.46,15.333333333333332,0.0033333333333332993,0,0.0,1,0.0033333333333333335,2.5115456581115723,2.5115456581115723,2.974940299987793,0.9175764957597905,0.8623433326248617,-2.578813335096562,0.0033333333333333335,1,1.0,1,1,HILCodec_3kbps,1580-141083-0000.flac,42
random_loss,0.01,adaptive_mean_std,dynamic,2,300,46,0.15333333333333332,3.0,3.46,15.333333333333332,0.013333333333333308,0,0.0,4,0.013333333333333334,2.3932766914367676,2.3932766914367676,2.8601341247558594,0.9163399690479831,0.8606158002184853,-2.877132311098239,0.013333333333333334,4,1.0,1,4,HILCodec_3kbps,1580-141083-0000.flac,123
random_loss,0.01,adaptive_quantile_70,dynamic,1,300,105,0.35,3.0,4.050000000000001,35.0,0.0033333333333332993,0,0.0,1,0.0033333333333333335,2.5115456581115723,2.5115456581115723,2.974940299987793,0.9175764957597905,0.8623433326248618,-2.578813335096562,0.0033333333333333335,1,1.0,1,1,HILCodec_3kbps,1580-141083-0000.flac,42
random_loss,0.01,adaptive_quantile_70,dynamic,1,300,105,0.35,3.0,4.050000000000001,35.0,0.013333333333333308,1,0.25,3,0.01,2.664112091064453,2.664112091064453,3.058626174926758,0.9192283660174118,0.8642724613059098,-2.5882624730599546,0.01,3,1.0,1,3,HILCodec_3kbps,1580-141083-0000.flac,123
random_loss,0.01,adaptive_quantile_70,dynamic,2,300,105,0.35,3.0,4.050000000000001,35.0,0.0033333333333332993,0,0.0,1,0.0033333333333333335,2.5115456581115723,2.5115456581115723,2.974940299987793,0.9175764957597905,0.8623433326248618,-2.578813335096562,0.0033333333333333335,1,1.0,1,1,HILCodec_3kbps,1580-141083-0000.flac,42
random_loss,0.01,adaptive_quantile_70,dynamic,2,300,105,0.35,3.0,4.050000000000001,35.0,0.013333333333333308,1,0.25,3,0.01,2.664112091064453,2.664112091064453,3.058626174926758,0.9192283660174118,0.8642724613059098,-2.5882624730599546,0.01,3,1.0,1,3,HILCodec_3kbps,1580-141083-0000.flac,123
random_loss,0.01,all_duplicate,all_duplicate,1,300,300,1.0,3.0,6.0,100.0,0.0033333333333332993,1,1.0,0,0.0,2.767371892929077,2.767371892929077,3.1402721405029297,0.92179940808713,0.8671759073712874,-2.5177685251638557,0.0,0,0.0,0,0,HILCodec_3kbps,1580-141083-0000.flac,42
random_loss,0.01,all_duplicate,all_duplicate,1,300,300,1.0,3.0,6.0,100.0,0.013333333333333308,4,1.0,0,0.0,2.767371892929077,2.767371892929077,3.1402721405029297,0.92179940808713,0.8671759073712874,-2.5177685251638557,0.0,0,0.0,0,0,HILCodec_3kbps,1580-141083-0000.flac,123
random_loss,0.01,all_duplicate,all_duplicate,2,300,300,1.0,3.0,6.0,100.0,0.0033333333333332993,1,1.0,0,0.0,2.767371892929077,2.767371892929077,3.1402721405029297,0.92179940808713,0.8671759073712874,-2.5177685251638557,0.0,0,0.0,0,0,HILCodec_3kbps,1580-141083-0000.flac,42
random_loss,0.01,all_duplicate,all_duplicate,2,300,300,1.0,3.0,6.0,100.0,0.013333333333333308,4,1.0,0,0.0,2.767371892929077,2.767371892929077,3.1402721405029297,0.92179940808713,0.8671759073712874,-2.5177685251638557,0.0,0,0.0,0,0,HILCodec_3kbps,1580-141083-0000.flac,123
random_loss,0.03,no_duplicate,no_duplicate,1,300,0,0.0,3.0,3.0,0.0,0.026666666666666616,0,0.0,8,0.02666666666666667,2.1126484870910645,2.1126484870910645,2.7476580142974854,0.9123807971392272,0.852932392266447,-2.8543063581262635,0.02666666666666667,8,1.0,1,8,HILCodec_3kbps,1580-141083-0000.flac,42
random_loss,0.03,no_duplicate,no_duplicate,1,300,0,0.0,3.0,3.0,0.0,0.033333333333333326,0,0.0,10,0.03333333333333333,2.202253580093384,2.202253580093384,2.6712234020233154,0.9089644645337442,0.8486302105190761,-2.9969576655988,0.03333333333333333,10,1.0,1,10,HILCodec_3kbps,1580-141083-0000.flac,123
random_loss,0.03,no_duplicate,no_duplicate,2,300,0,0.0,3.0,3.0,0.0,0.026666666666666616,0,0.0,8,0.02666666666666667,2.1126484870910645,2.1126484870910645,2.7476580142974854,0.9123807971392272,0.852932392266447,-2.8543063581262635,0.02666666666666667,8,1.0,1,8,HILCodec_3kbps,1580-141083-0000.flac,42
random_loss,0.03,no_duplicate,no_duplicate,2,300,0,0.0,3.0,3.0,0.0,0.033333333333333326,0,0.0,10,0.03333333333333333,2.202253580093384,2.202253580093384,2.6712234020233154,0.9089644645337442,0.8486302105190761,-2.9969576655988,0.03333333333333333,10,1.0,1,10,HILCodec_3kbps,1580-141083-0000.flac,123
random_loss,0.03,fixed_0.3,0.3,1,300,41,0.13666666666666666,3.0,3.41,13.666666666666666,0.026666666666666616,0,0.0,8,0.02666666666666667,2.1126484870910645,2.1126484870910645,2.7476580142974854,0.9123807971392272,0.852932392266447,-2.8543063581262635,0.02666666666666667,8,1.0,1,8,HILCodec_3kbps,1580-141083-0000.flac,42
random_loss,0.03,fixed_0.3,0.3,1,300,41,0.13666666666666666,3.0,3.41,13.666666666666666,0.033333333333333326,1,0.1,9,0.03,2.284266948699951,2.284266948699951,2.730699062347412,0.9105740913533958,0.8545981206549987,-2.991836657137919,0.03,9,1.0,1,9,HILCodec_3kbps,1580-141083-0000.flac,123
random_loss,0.03,fixed_0.3,0.3,2,300,41,0.13666666666666666,3.0,3.41,13.666666666666666,0.026666666666666616,0,0.0,8,0.02666666666666667,2.1126484870910645,2.1126484870910645,2.7476580142974854,0.9123807971392272,0.852932392266447,-2.8543063581262635,0.02666666666666667,8,1.0,1,8,HILCodec_3kbps,1580-141083-0000.flac,42
random_loss,0.03,fixed_0.3,0.3,2,300,41,0.13666666666666666,3.0,3.41,13.666666666666666,0.033333333333333326,1,0.1,9,0.03,2.284266948699951,2.284266948699951,2.730699062347412,0.9105740913533958,0.8545981206549987,-2.991836657137919,0.03,9,1.0,1,9,HILCodec_3kbps,1580-141083-0000.flac,123
random_loss,0.03,fixed_0.5,0.5,1,300,19,0.06333333333333334,3.0,3.1899999999999995,6.333333333333334,0.026666666666666616,0,0.0,8,0.02666666666666667,2.1126484870910645,2.1126484870910645,2.7476580142974854,0.9123807971392272,0.852932392266447,-2.8543063581262635,0.02666666666666667,8,1.0,1,8,HILCodec_3kbps,1580-141083-0000.flac,42
random_loss,0.03,fixed_0.5,0.5,1,300,19,0.06333333333333334,3.0,3.1899999999999995,6.333333333333334,0.033333333333333326,1,0.1,9,0.03,2.284266948699951,2.284266948699951,2.730699062347412,0.9105740913533958,0.8545981206549987,-2.991836657137919,0.03,9,1.0,1,9,HILCodec_3kbps,1580-141083-0000.flac,123
random_loss,0.03,fixed_0.5,0.5,2,300,19,0.06333333333333334,3.0,3.1899999999999995,6.333333333333334,0.026666666666666616,0,0.0,8,0.02666666666666667,2.1126484870910645,2.1126484870910645,2.7476580142974854,0.9123807971392272,0.852932392266447,-2.8543063581262635,0.02666666666666667,8,1.0,1,8,HILCodec_3kbps,1580-141083-0000.flac,42
random_loss,0.03,fixed_0.5,0.5,2,300,19,0.06333333333333334,3.0,3.1899999999999995,6.333333333333334,0.033333333333333326,1,0.1,9,0.03,2.284266948699951,2.284266948699951,2.730699062347412,0.9105740913533958,0.8545981206549987,-2.991836657137919,0.03,9,1.0,1,9,HILCodec_3kbps,1580-141083-0000.flac,123
random_loss,0.03,fixed_0.7,0.7,1,300,0,0.0,3.0,3.0,0.0,0.026666666666666616,0,0.0,8,0.02666666666666667,2.1126484870910645,2.1126484870910645,2.7476580142974854,0.9123807971392272,0.852932392266447,-2.8543063581262635,0.02666666666666667,8,1.0,1,8,HILCodec_3kbps,1580-141083-0000.flac,42
random_loss,0.03,fixed_0.7,0.7,1,300,0,0.0,3.0,3.0,0.0,0.033333333333333326,0,0.0,10,0.03333333333333333,2.202253580093384,2.202253580093384,2.6712234020233154,0.9089644645337442,0.8486302105190761,-2.9969576655988,0.03333333333333333,10,1.0,1,10,HILCodec_3kbps,1580-141083-0000.flac,123
random_loss,0.03,fixed_0.7,0.7,2,300,0,0.0,3.0,3.0,0.0,0.026666666666666616,0,0.0,8,0.02666666666666667,2.1126484870910645,2.1126484870910645,2.7476580142974854,0.9123807971392272,0.852932392266447,-2.8543063581262635,0.02666666666666667,8,1.0,1,8,HILCodec_3kbps,1580-141083-0000.flac,42
random_loss,0.03,fixed_0.7,0.7,2,300,0,0.0,3.0,3.0,0.0,0.033333333333333326,0,0.0,10,0.03333333333333333,2.202253580093384,2.202253580093384,2.6712234020233154,0.9089644645337442,0.8486302105190761,-2.9969576655988,0.03333333333333333,10,1.0,1,10,HILCodec_3kbps,1580-141083-0000.flac,123
random_loss,0.03,adaptive_mean_std,dynamic,1,300,46,0.15333333333333332,3.0,3.46,15.333333333333332,0.026666666666666616,0,0.0,8,0.02666666666666667,2.1126484870910645,2.1126484870910645,2.7476580142974854,0.9123807971392272,0.852932392266447,-2.8543063581262635,0.02666666666666667,8,1.0,1,8,HILCodec_3kbps,1580-141083-0000.flac,42
random_loss,0.03,adaptive_mean_std,dynamic,1,300,46,0.15333333333333332,3.0,3.46,15.333333333333332,0.033333333333333326,1,0.1,9,0.03,2.284266948699951,2.284266948699951,2.730699062347412,0.9105740913533958,0.8545981206549987,-2.991836657137919,0.03,9,1.0,1,9,HILCodec_3kbps,1580-141083-0000.flac,123
random_loss,0.03,adaptive_mean_std,dynamic,2,300,46,0.15333333333333332,3.0,3.46,15.333333333333332,0.026666666666666616,0,0.0,8,0.02666666666666667,2.1126484870910645,2.1126484870910645,2.7476580142974854,0.9123807971392272,0.852932392266447,-2.8543063581262635,0.02666666666666667,8,1.0,1,8,HILCodec_3kbps,1580-141083-0000.flac,42
random_loss,0.03,adaptive_mean_std,dynamic,2,300,46,0.15333333333333332,3.0,3.46,15.333333333333332,0.033333333333333326,1,0.1,9,0.03,2.284266948699951,2.284266948699951,2.730699062347412,0.9105740913533958,0.8545981206549987,-2.991836657137919,0.03,9,1.0,1,9,HILCodec_3kbps,1580-141083-0000.flac,123
random_loss,0.03,adaptive_quantile_70,dynamic,1,300,105,0.35,3.0,4.050000000000001,35.0,0.026666666666666616,3,0.375,5,0.016666666666666666,2.2328505516052246,2.2328505516052246,2.78452730178833,0.916749821916231,0.8596450669212459,-2.861020709608377,0.016666666666666666,5,1.0,1,5,HILCodec_3kbps,1580-141083-0000.flac,42
random_loss,0.03,adaptive_quantile_70,dynamic,1,300,105,0.35,3.0,4.050000000000001,35.0,0.033333333333333326,3,0.3,7,0.023333333333333334,2.5014593601226807,2.5014593601226807,2.9034626483917236,0.913335123014889,0.8592135760239349,-2.6929854080916678,0.023333333333333334,7,1.0,1,7,HILCodec_3kbps,1580-141083-0000.flac,123
random_loss,0.03,adaptive_quantile_70,dynamic,2,300,105,0.35,3.0,4.050000000000001,35.0,0.026666666666666616,3,0.375,5,0.016666666666666666,2.2328505516052246,2.2328505516052246,2.78452730178833,0.916749821916231,0.8596450669212459,-2.861020709608377,0.016666666666666666,5,1.0,1,5,HILCodec_3kbps,1580-141083-0000.flac,42
random_loss,0.03,adaptive_quantile_70,dynamic,2,300,105,0.35,3.0,4.050000000000001,35.0,0.033333333333333326,3,0.3,7,0.023333333333333334,2.5014593601226807,2.5014593601226807,2.9034626483917236,0.913335123014889,0.8592135760239349,-2.6929854080916678,0.023333333333333334,7,1.0,1,7,HILCodec_3kbps,1580-141083-0000.flac,123
random_loss,0.03,all_duplicate,all_duplicate,1,300,300,1.0,3.0,6.0,100.0,0.026666666666666616,8,1.0,0,0.0,2.767371892929077,2.767371892929077,3.1402721405029297,0.92179940808713,0.8671759073712874,-2.5177685251638557,0.0,0,0.0,0,0,HILCodec_3kbps,1580-141083-0000.flac,42
random_loss,0.03,all_duplicate,all_duplicate,1,300,300,1.0,3.0,6.0,100.0,0.033333333333333326,10,1.0,0,0.0,2.767371892929077,2.767371892929077,3.1402721405029297,0.92179940808713,0.8671759073712874,-2.5177685251638557,0.0,0,0.0,0,0,HILCodec_3kbps,1580-141083-0000.flac,123
random_loss,0.03,all_duplicate,all_duplicate,2,300,300,1.0,3.0,6.0,100.0,0.026666666666666616,8,1.0,0,0.0,2.767371892929077,2.767371892929077,3.1402721405029297,0.92179940808713,0.8671759073712874,-2.5177685251638557,0.0,0,0.0,0,0,HILCodec_3kbps,1580-141083-0000.flac,42
random_loss,0.03,all_duplicate,all_duplicate,2,300,300,1.0,3.0,6.0,100.0,0.033333333333333326,10,1.0,0,0.0,2.767371892929077,2.767371892929077,3.1402721405029297,0.92179940808713,0.8671759073712874,-2.5177685251638557,0.0,0,0.0,0,0,HILCodec_3kbps,1580-141083-0000.flac,123
random_loss,0.05,no_duplicate,no_duplicate,1,300,0,0.0,3.0,3.0,0.0,0.050000000000000044,0,0.0,15,0.05,1.9509552717208862,1.9509552717208862,2.563512086868286,0.9077285192046627,0.8444599110840348,-2.9166508746240005,0.05,15,1.0,1,15,HILCodec_3kbps,1580-141083-0000.flac,42
random_loss,0.05,no_duplicate,no_duplicate,1,300,0,0.0,3.0,3.0,0.0,0.050000000000000044,0,0.0,15,0.05,1.9801652431488037,1.9801652431488037,2.4935109615325928,0.8960854521752426,0.8349006012721549,-3.410747000748422,0.05,15,1.0714285714285714,2,14,HILCodec_3kbps,1580-141083-0000.flac,123
random_loss,0.05,no_duplicate,no_duplicate,2,300,0,0.0,3.0,3.0,0.0,0.050000000000000044,0,0.0,15,0.05,1.9509552717208862,1.9509552717208862,2.563512086868286,0.9077285192046627,0.844459911084035,-2.9166508746240005,0.05,15,1.0,1,15,HILCodec_3kbps,1580-141083-0000.flac,42
random_loss,0.05,no_duplicate,no_duplicate,2,300,0,0.0,3.0,3.0,0.0,0.050000000000000044,0,0.0,15,0.05,1.9801652431488037,1.9801652431488037,2.4935109615325928,0.8960854521752426,0.8349006012721548,-3.410747000748422,0.05,15,1.0714285714285714,2,14,HILCodec_3kbps,1580-141083-0000.flac,123
random_loss,0.05,fixed_0.3,0.3,1,300,41,0.13666666666666666,3.0,3.41,13.666666666666666,0.050000000000000044,1,0.06666666666666667,14,0.04666666666666667,2.045053005218506,2.045053005218506,2.6707875728607178,0.9080487595922431,0.8465520189064872,-2.828050142481468,0.04666666666666667,14,1.0,1,14,HILCodec_3kbps,1580-141083-0000.flac,42
random_loss,0.05,fixed_0.3,0.3,1,300,41,0.13666666666666666,3.0,3.41,13.666666666666666,0.050000000000000044,1,0.06666666666666667,14,0.04666666666666667,2.04349946975708,2.04349946975708,2.546583414077759,0.8976902037357137,0.8408477515775075,-3.405674636970875,0.04666666666666667,14,1.0769230769230769,2,13,HILCodec_3kbps,1580-141083-0000.flac,123
random_loss,0.05,fixed_0.3,0.3,2,300,41,0.13666666666666666,3.0,3.41,13.666666666666666,0.050000000000000044,1,0.06666666666666667,14,0.04666666666666667,2.045053005218506,2.045053005218506,2.6707875728607178,0.9080487595922431,0.8465520189064872,-2.828050142481468,0.04666666666666667,14,1.0,1,14,HILCodec_3kbps,1580-141083-0000.flac,42
random_loss,0.05,fixed_0.3,0.3,2,300,41,0.13666666666666666,3.0,3.41,13.666666666666666,0.050000000000000044,1,0.06666666666666667,14,0.04666666666666667,2.04349946975708,2.04349946975708,2.546583414077759,0.8976902037357137,0.8408477515775075,-3.405674636970875,0.04666666666666667,14,1.0769230769230769,2,13,HILCodec_3kbps,1580-141083-0000.flac,123
random_loss,0.05,fixed_0.5,0.5,1,300,19,0.06333333333333334,3.0,3.1899999999999995,6.333333333333334,0.050000000000000044,0,0.0,15,0.05,1.9509552717208862,1.9509552717208862,2.563512086868286,0.9077285192046627,0.8444599110840348,-2.9166508746240005,0.05,15,1.0,1,15,HILCodec_3kbps,1580-141083-0000.flac,42
random_loss,0.05,fixed_0.5,0.5,1,300,19,0.06333333333333334,3.0,3.1899999999999995,6.333333333333334,0.050000000000000044,1,0.06666666666666667,14,0.04666666666666667,2.04349946975708,2.04349946975708,2.546583414077759,0.8976902037357137,0.8408477515775075,-3.405674636970875,0.04666666666666667,14,1.0769230769230769,2,13,HILCodec_3kbps,1580-141083-0000.flac,123
random_loss,0.05,fixed_0.5,0.5,2,300,19,0.06333333333333334,3.0,3.1899999999999995,6.333333333333334,0.050000000000000044,0,0.0,15,0.05,1.9509552717208862,1.9509552717208862,2.563512086868286,0.9077285192046627,0.8444599110840348,-2.9166508746240005,0.05,15,1.0,1,15,HILCodec_3kbps,1580-141083-0000.flac,42
random_loss,0.05,fixed_0.5,0.5,2,300,19,0.06333333333333334,3.0,3.1899999999999995,6.333333333333334,0.050000000000000044,1,0.06666666666666667,14,0.04666666666666667,2.04349946975708,2.04349946975708,2.546583414077759,0.8976902037357137,0.8408477515775075,-3.405674636970875,0.04666666666666667,14,1.0769230769230769,2,13,HILCodec_3kbps,1580-141083-0000.flac,123
random_loss,0.05,fixed_0.7,0.7,1,300,0,0.0,3.0,3.0,0.0,0.050000000000000044,0,0.0,15,0.05,1.9509552717208862,1.9509552717208862,2.563512086868286,0.9077285192046627,0.8444599110840348,-2.9166508746240005,0.05,15,1.0,1,15,HILCodec_3kbps,1580-141083-0000.flac,42
random_loss,0.05,fixed_0.7,0.7,1,300,0,0.0,3.0,3.0,0.0,0.050000000000000044,0,0.0,15,0.05,1.9801652431488037,1.9801652431488037,2.4935109615325928,0.8960854521752426,0.8349006012721548,-3.410747000748422,0.05,15,1.0714285714285714,2,14,HILCodec_3kbps,1580-141083-0000.flac,123
random_loss,0.05,fixed_0.7,0.7,2,300,0,0.0,3.0,3.0,0.0,0.050000000000000044,0,0.0,15,0.05,1.9509552717208862,1.9509552717208862,2.563512086868286,0.9077285192046627,0.8444599110840348,-2.9166508746240005,0.05,15,1.0,1,15,HILCodec_3kbps,1580-141083-0000.flac,42
random_loss,0.05,fixed_0.7,0.7,2,300,0,0.0,3.0,3.0,0.0,0.050000000000000044,0,0.0,15,0.05,1.9801652431488037,1.9801652431488037,2.4935109615325928,0.8960854521752426,0.8349006012721548,-3.410747000748422,0.05,15,1.0714285714285714,2,14,HILCodec_3kbps,1580-141083-0000.flac,123
random_loss,0.05,adaptive_mean_std,dynamic,1,300,46,0.15333333333333332,3.0,3.46,15.333333333333332,0.050000000000000044,1,0.06666666666666667,14,0.04666666666666667,2.045053005218506,2.045053005218506,2.6707875728607178,0.9080487595922431,0.8465520189064872,-2.828050142481468,0.04666666666666667,14,1.0,1,14,HILCodec_3kbps,1580-141083-0000.flac,42
random_loss,0.05,adaptive_mean_std,dynamic,1,300,46,0.15333333333333332,3.0,3.46,15.333333333333332,0.050000000000000044,1,0.06666666666666667,14,0.04666666666666667,2.04349946975708,2.04349946975708,2.546583414077759,0.8976902037357137,0.8408477515775075,-3.405674636970875,0.04666666666666667,14,1.0769230769230769,2,13,HILCodec_3kbps,1580-141083-0000.flac,123
random_loss,0.05,adaptive_mean_std,dynamic,2,300,46,0.15333333333333332,3.0,3.46,15.333333333333332,0.050000000000000044,1,0.06666666666666667,14,0.04666666666666667,2.045053005218506,2.045053005218506,2.6707875728607178,0.9080487595922431,0.8465520189064873,-2.828050142481468,0.04666666666666667,14,1.0,1,14,HILCodec_3kbps,1580-141083-0000.flac,42
random_loss,0.05,adaptive_mean_std,dynamic,2,300,46,0.15333333333333332,3.0,3.46,15.333333333333332,0.050000000000000044,1,0.06666666666666667,14,0.04666666666666667,2.04349946975708,2.04349946975708,2.546583414077759,0.8976902037357137,0.8408477515775075,-3.405674636970875,0.04666666666666667,14,1.0769230769230769,2,13,HILCodec_3kbps,1580-141083-0000.flac,123
random_loss,0.05,adaptive_quantile_70,dynamic,1,300,105,0.35,3.0,4.050000000000001,35.0,0.050000000000000044,6,0.4,9,0.03,2.1847100257873535,2.1847100257873535,2.7248711585998535,0.9157472101109333,0.8571716923823488,-2.8265514248835593,0.03,9,1.0,1,9,HILCodec_3kbps,1580-141083-0000.flac,42
random_loss,0.05,adaptive_quantile_70,dynamic,1,300,105,0.35,3.0,4.050000000000001,35.0,0.050000000000000044,4,0.26666666666666666,11,0.03666666666666667,2.211179256439209,2.211179256439209,2.7003023624420166,0.9020907986558148,0.8467023597132497,-3.085840977003002,0.03666666666666667,11,1.1,2,10,HILCodec_3kbps,1580-141083-0000.flac,123
random_loss,0.05,adaptive_quantile_70,dynamic,2,300,105,0.35,3.0,4.050000000000001,35.0,0.050000000000000044,6,0.4,9,0.03,2.1847100257873535,2.1847100257873535,2.7248711585998535,0.9157472101109333,0.8571716923823488,-2.8265514248835593,0.03,9,1.0,1,9,HILCodec_3kbps,1580-141083-0000.flac,42
random_loss,0.05,adaptive_quantile_70,dynamic,2,300,105,0.35,3.0,4.050000000000001,35.0,0.050000000000000044,3,0.2,12,0.04,2.2042226791381836,2.2042226791381836,2.6789886951446533,0.9004268331526266,0.8458401702733321,-3.0894073197173166,0.04,12,1.0909090909090908,2,11,HILCodec_3kbps,1580-141083-0000.flac,123
random_loss,0.05,all_duplicate,all_duplicate,1,300,300,1.0,3.0,6.0,100.0,0.050000000000000044,15,1.0,0,0.0,2.767371892929077,2.767371892929077,3.1402721405029297,0.92179940808713,0.8671759073712874,-2.5177685251638557,0.0,0,0.0,0,0,HILCodec_3kbps,1580-141083-0000.flac,42
random_loss,0.05,all_duplicate,all_duplicate,1,300,300,1.0,3.0,6.0,100.0,0.050000000000000044,14,0.9333333333333333,1,0.0033333333333333335,2.765181064605713,2.765181064605713,3.1421849727630615,0.9212161774652337,0.8665259649499054,-2.498395645639203,0.0033333333333333335,1,1.0,1,1,HILCodec_3kbps,1580-141083-0000.flac,123
random_loss,0.05,all_duplicate,all_duplicate,2,300,300,1.0,3.0,6.0,100.0,0.050000000000000044,15,1.0,0,0.0,2.767371892929077,2.767371892929077,3.1402721405029297,0.92179940808713,0.8671759073712872,-2.5177685251638557,0.0,0,0.0,0,0,HILCodec_3kbps,1580-141083-0000.flac,42
random_loss,0.05,all_duplicate,all_duplicate,2,300,300,1.0,3.0,6.0,100.0,0.050000000000000044,13,0.8666666666666667,2,0.006666666666666667,2.740372896194458,2.740372896194458,3.111311912536621,0.9187770376757798,0.8649459120804793,-2.5458870322815064,0.006666666666666667,2,1.0,1,2,HILCodec_3kbps,1580-141083-0000.flac,123
random_loss,0.1,no_duplicate,no_duplicate,1,300,0,0.0,3.0,3.0,0.0,0.09666666666666668,0,0.0,29,0.09666666666666666,1.5286529064178467,1.5286529064178467,2.0430140495300293,0.8825075792225724,0.8181213681235708,-4.3559157286898555,0.09666666666666666,29,1.0740740740740742,2,27,HILCodec_3kbps,1580-141083-0000.flac,42
random_loss,0.1,no_duplicate,no_duplicate,1,300,0,0.0,3.0,3.0,0.0,0.09999999999999998,0,0.0,30,0.1,1.648207187652588,1.648207187652588,2.1714956760406494,0.8798244792013153,0.8164467770388402,-4.327615566939596,0.1,30,1.1111111111111112,2,27,HILCodec_3kbps,1580-141083-0000.flac,123
random_loss,0.1,no_duplicate,no_duplicate,2,300,0,0.0,3.0,3.0,0.0,0.09666666666666668,0,0.0,29,0.09666666666666666,1.5286529064178467,1.5286529064178467,2.0430140495300293,0.8825075792225724,0.8181213681235708,-4.3559157286898555,0.09666666666666666,29,1.0740740740740742,2,27,HILCodec_3kbps,1580-141083-0000.flac,42
random_loss,0.1,no_duplicate,no_duplicate,2,300,0,0.0,3.0,3.0,0.0,0.09999999999999998,0,0.0,30,0.1,1.648207187652588,1.648207187652588,2.1714956760406494,0.8798244792013153,0.8164467770388403,-4.327615566939596,0.1,30,1.1111111111111112,2,27,HILCodec_3kbps,1580-141083-0000.flac,123
random_loss,0.1,fixed_0.3,0.3,1,300,41,0.13666666666666666,3.0,3.41,13.666666666666666,0.09666666666666668,3,0.10344827586206896,26,0.08666666666666667,1.5807472467422485,1.5807472467422485,2.106884241104126,0.8857005376807177,0.8246175420708524,-4.34642095020015,0.08666666666666667,26,1.04,2,25,HILCodec_3kbps,1580-141083-0000.flac,42
random_loss,0.1,fixed_0.3,0.3,1,300,41,0.13666666666666666,3.0,3.41,13.666666666666666,0.09999999999999998,3,0.1,27,0.09,1.7414268255233765,1.7414268255233765,2.2762203216552734,0.883841446077032,0.8249117988056319,-4.313742812361791,0.09,27,1.08,2,25,HILCodec_3kbps,1580-141083-0000.flac,123
random_loss,0.1,fixed_0.3,0.3,2,300,41,0.13666666666666666,3.0,3.41,13.666666666666666,0.09666666666666668,2,0.06896551724137931,27,0.09,1.5804122686386108,1.5804122686386108,2.1021387577056885,0.8854492308118865,0.8220773051310695,-4.332116333272044,0.09,27,1.08,2,25,HILCodec_3kbps,1580-141083-0000.flac,42
random_loss,0.1,fixed_0.3,0.3,2,300,41,0.13666666666666666,3.0,3.41,13.666666666666666,0.09999999999999998,3,0.1,27,0.09,1.7395731210708618,1.7395731210708618,2.285175085067749,0.8813668892174534,0.8235904888931945,-4.299222556249469,0.09,27,1.08,2,25,HILCodec_3kbps,1580-141083-0000.flac,123
random_loss,0.1,fixed_0.5,0.5,1,300,19,0.06333333333333334,3.0,3.1899999999999995,6.333333333333334,0.09666666666666668,1,0.034482758620689655,28,0.09333333333333334,1.5346763134002686,1.5346763134002686,2.0482447147369385,0.882462955898417,0.820724086430608,-4.349194602153924,0.09333333333333334,28,1.037037037037037,2,27,HILCodec_3kbps,1580-141083-0000.flac,42
random_loss,0.1,fixed_0.5,0.5,1,300,19,0.06333333333333334,3.0,3.1899999999999995,6.333333333333334,0.09999999999999998,1,0.03333333333333333,29,0.09666666666666666,1.6777024269104004,1.6777024269104004,2.2100331783294678,0.8817105584816504,0.821986746589232,-4.3221112512242215,0.09666666666666666,29,1.1153846153846154,2,26,HILCodec_3kbps,1580-141083-0000.flac,123
random_loss,0.1,fixed_0.5,0.5,2,300,19,0.06333333333333334,3.0,3.1899999999999995,6.333333333333334,0.09666666666666668,0,0.0,29,0.09666666666666666,1.5286529064178467,1.5286529064178467,2.0430140495300293,0.8825075792225724,0.8181213681235707,-4.3559157286898555,0.09666666666666666,29,1.0740740740740742,2,27,HILCodec_3kbps,1580-141083-0000.flac,42
random_loss,0.1,fixed_0.5,0.5,2,300,19,0.06333333333333334,3.0,3.1899999999999995,6.333333333333334,0.09999999999999998,1,0.03333333333333333,29,0.09666666666666666,1.6777024269104004,1.6777024269104004,2.2100331783294678,0.8817105584816504,0.821986746589232,-4.3221112512242215,0.09666666666666666,29,1.1153846153846154,2,26,HILCodec_3kbps,1580-141083-0000.flac,123
random_loss,0.1,fixed_0.7,0.7,1,300,0,0.0,3.0,3.0,0.0,0.09666666666666668,0,0.0,29,0.09666666666666666,1.5286529064178467,1.5286529064178467,2.0430140495300293,0.8825075792225724,0.8181213681235708,-4.3559157286898555,0.09666666666666666,29,1.0740740740740742,2,27,HILCodec_3kbps,1580-141083-0000.flac,42
random_loss,0.1,fixed_0.7,0.7,1,300,0,0.0,3.0,3.0,0.0,0.09999999999999998,0,0.0,30,0.1,1.648207187652588,1.648207187652588,2.1714956760406494,0.8798244792013153,0.8164467770388402,-4.327615566939596,0.1,30,1.1111111111111112,2,27,HILCodec_3kbps,1580-141083-0000.flac,123
random_loss,0.1,fixed_0.7,0.7,2,300,0,0.0,3.0,3.0,0.0,0.09666666666666668,0,0.0,29,0.09666666666666666,1.5286529064178467,1.5286529064178467,2.0430140495300293,0.8825075792225724,0.8181213681235707,-4.3559157286898555,0.09666666666666666,29,1.0740740740740742,2,27,HILCodec_3kbps,1580-141083-0000.flac,42
random_loss,0.1,fixed_0.7,0.7,2,300,0,0.0,3.0,3.0,0.0,0.09999999999999998,0,0.0,30,0.1,1.648207187652588,1.648207187652588,2.1714956760406494,0.8798244792013153,0.8164467770388402,-4.327615566939596,0.1,30,1.1111111111111112,2,27,HILCodec_3kbps,1580-141083-0000.flac,123
random_loss,0.1,adaptive_mean_std,dynamic,1,300,46,0.15333333333333332,3.0,3.46,15.333333333333332,0.09666666666666668,4,0.13793103448275862,25,0.08333333333333333,1.580993890762329,1.580993890762329,2.1068854331970215,0.8856995418768685,0.8245877117114516,-4.346419690806979,0.08333333333333333,25,1.0416666666666667,2,24,HILCodec_3kbps,1580-141083-0000.flac,42
random_loss,0.1,adaptive_mean_std,dynamic,1,300,46,0.15333333333333332,3.0,3.46,15.333333333333332,0.09999999999999998,4,0.13333333333333333,26,0.08666666666666667,1.741441249847412,1.741441249847412,2.2762207984924316,0.8838415239686306,0.8249056335142677,-4.31372472736642,0.08666666666666667,26,1.0833333333333333,2,24,HILCodec_3kbps,1580-141083-0000.flac,123
random_loss,0.1,adaptive_mean_std,dynamic,2,300,46,0.15333333333333332,3.0,3.46,15.333333333333332,0.09666666666666668,3,0.10344827586206896,26,0.08666666666666667,1.5806621313095093,1.5806621313095093,2.102139711380005,0.8854482350080374,0.822047474771669,-4.332115078440481,0.08666666666666667,26,1.0833333333333333,2,24,HILCodec_3kbps,1580-141083-0000.flac,42
random_loss,0.1,adaptive_mean_std,dynamic,2,300,46,0.15333333333333332,3.0,3.46,15.333333333333332,0.09999999999999998,4,0.13333333333333333,26,0.08666666666666667,1.7395782470703125,1.7395782470703125,2.285175323486328,0.8813669671090522,0.8235843236018303,-4.299204481611491,0.08666666666666667,26,1.0833333333333333,2,24,HILCodec_3kbps,1580-141083-0000.flac,123
random_loss,0.1,adaptive_quantile_70,dynamic,1,300,105,0.35,3.0,4.050000000000001,35.0,0.09666666666666668,11,0.3793103448275862,18,0.06,1.654508352279663,1.654508352279663,2.142563819885254,0.8932997966895416,0.8369528304203303,-4.320273161770246,0.06,18,1.0588235294117647,2,17,HILCodec_3kbps,1580-141083-0000.flac,42
random_loss,0.1,adaptive_quantile_70,dynamic,1,300,105,0.35,3.0,4.050000000000001,35.0,0.09999999999999998,11,0.36666666666666664,19,0.06333333333333334,2.004279851913452,2.004279851913452,2.4889535903930664,0.8945317125703507,0.8397594294400839,-3.8355116131792255,0.06333333333333334,19,1.0555555555555556,2,18,HILCodec_3kbps,1580-141083-0000.flac,123
random_loss,0.1,adaptive_quantile_70,dynamic,2,300,105,0.35,3.0,4.050000000000001,35.0,0.09666666666666668,10,0.3448275862068966,19,0.06333333333333334,1.654094934463501,1.654094934463501,2.1376590728759766,0.8930484898207106,0.8344125934805474,-4.305929539640553,0.06333333333333334,19,1.1176470588235294,2,17,HILCodec_3kbps,1580-141083-0000.flac,42
random_loss,0.1,adaptive_quantile_70,dynamic,2,300,105,0.35,3.0,4.050000000000001,35.0,0.09999999999999998,11,0.36666666666666664,19,0.06333333333333334,1.99363112449646,1.99363112449646,2.4877917766571045,0.8902312853585296,0.8373065529218149,-3.746906699709731,0.06333333333333334,19,1.0555555555555556,2,18,HILCodec_3kbps,1580-141083-0000.flac,123
random_loss,0.1,all_duplicate,all_duplicate,1,300,300,1.0,3.0,6.0,100.0,0.09666666666666668,27,0.9310344827586207,2,0.006666666666666667,2.469315767288208,2.469315767288208,2.9572594165802,0.9217982360659832,0.8658312788406153,-2.763495314917399,0.006666666666666667,2,1.0,1,2,HILCodec_3kbps,1580-141083-0000.flac,42
random_loss,0.1,all_duplicate,all_duplicate,1,300,300,1.0,3.0,6.0,100.0,0.09999999999999998,27,0.9,3,0.01,2.7692596912384033,2.7692596912384033,3.1092655658721924,0.920910325728599,0.8664896271093713,-2.503045965604799,0.01,3,1.0,1,3,HILCodec_3kbps,1580-141083-0000.flac,123
random_loss,0.1,all_duplicate,all_duplicate,2,300,300,1.0,3.0,6.0,100.0,0.09666666666666668,26,0.896551724137931,3,0.01,2.678426504135132,2.678426504135132,3.0435101985931396,0.9203030426589733,0.8641556030919467,-2.5863216839871916,0.01,3,1.0,1,3,HILCodec_3kbps,1580-141083-0000.flac,42
random_loss,0.1,all_duplicate,all_duplicate,2,300,300,1.0,3.0,6.0,100.0,0.09999999999999998,25,0.8333333333333334,5,0.016666666666666666,2.636549234390259,2.636549234390259,3.0290441513061523,0.9149908559703451,0.8617158273768497,-2.5276768992795113,0.016666666666666666,5,1.0,1,5,HILCodec_3kbps,1580-141083-0000.flac,123
random_loss,0.2,no_duplicate,no_duplicate,1,300,0,0.0,3.0,3.0,0.0,0.24,0,0.0,72,0.24,1.2455633878707886,1.2455633878707886,1.4785385131835938,0.8124566997932602,0.7125772886092837,-6.563944721103793,0.24,72,1.44,6,50,HILCodec_3kbps,1580-141083-0000.flac,42
random_loss,0.2,no_duplicate,no_duplicate,1,300,0,0.0,3.0,3.0,0.0,0.20666666666666667,0,0.0,62,0.20666666666666667,1.3820748329162598,1.3820748329162598,1.8260011672973633,0.8349267918803684,0.7591922449122213,-5.294010804301039,0.20666666666666667,62,1.3478260869565217,4,46,HILCodec_3kbps,1580-141083-0000.flac,123
random_loss,0.2,no_duplicate,no_duplicate,2,300,0,0.0,3.0,3.0,0.0,0.24,0,0.0,72,0.24,1.2455633878707886,1.2455633878707886,1.4785385131835938,0.8124566997932602,0.7125772886092837,-6.563944721103793,0.24,72,1.44,6,50,HILCodec_3kbps,1580-141083-0000.flac,42
random_loss,0.2,no_duplicate,no_duplicate,2,300,0,0.0,3.0,3.0,0.0,0.20666666666666667,0,0.0,62,0.20666666666666667,1.3820748329162598,1.3820748329162598,1.8260011672973633,0.8349267918803684,0.7591922449122213,-5.294010804301039,0.20666666666666667,62,1.3478260869565217,4,46,HILCodec_3kbps,1580-141083-0000.flac,123
random_loss,0.2,fixed_0.3,0.3,1,300,41,0.13666666666666666,3.0,3.41,13.666666666666666,0.24,4,0.05555555555555555,68,0.22666666666666666,1.2585095167160034,1.2585095167160034,1.4923930168151855,0.8138609119866688,0.716865641895834,-6.521710854186421,0.22666666666666666,68,1.4166666666666667,5,48,HILCodec_3kbps,1580-141083-0000.flac,42
random_loss,0.2,fixed_0.3,0.3,1,300,41,0.13666666666666666,3.0,3.41,13.666666666666666,0.20666666666666667,4,0.06451612903225806,58,0.19333333333333333,1.4466872215270996,1.4466872215270996,1.9052197933197021,0.8425696045624104,0.7652437109065354,-5.274917156157408,0.19333333333333333,58,1.3181818181818181,4,44,HILCodec_3kbps,1580-141083-0000.flac,123
random_loss,0.2,fixed_0.3,0.3,2,300,41,0.13666666666666666,3.0,3.41,13.666666666666666,0.24,7,0.09722222222222222,65,0.21666666666666667,1.289332389831543,1.289332389831543,1.501110553741455,0.8191617426303298,0.7235116269404114,-6.56617721045894,0.21666666666666667,65,1.3829787234042554,4,47,HILCodec_3kbps,1580-141083-0000.flac,42
random_loss,0.2,fixed_0.3,0.3,2,300,41,0.13666666666666666,3.0,3.41,13.666666666666666,0.20666666666666667,7,0.11290322580645161,55,0.18333333333333332,1.495340347290039,1.495340347290039,1.9879086017608643,0.8549583654788174,0.7800519636556058,-5.218796462494526,0.18333333333333332,55,1.25,4,44,HILCodec_3kbps,1580-141083-0000.flac,123
random_loss,0.2,fixed_0.5,0.5,1,300,19,0.06333333333333334,3.0,3.1899999999999995,6.333333333333334,0.24,1,0.013888888888888888,71,0.23666666666666666,1.2460050582885742,1.2460050582885742,1.4785882234573364,0.8133903060834563,0.7133587653308586,-6.6459535702961965,0.23666666666666666,71,1.42,6,50,HILCodec_3kbps,1580-141083-0000.flac,42
random_loss,0.2,fixed_0.5,0.5,1,300,19,0.06333333333333334,3.0,3.1899999999999995,6.333333333333334,0.20666666666666667,0,0.0,62,0.20666666666666667,1.3820748329162598,1.3820748329162598,1.8260011672973633,0.8349267918803684,0.7591922449122214,-5.294010804301039,0.20666666666666667,62,1.3478260869565217,4,46,HILCodec_3kbps,1580-141083-0000.flac,123
random_loss,0.2,fixed_0.5,0.5,2,300,19,0.06333333333333334,3.0,3.1899999999999995,6.333333333333334,0.24,2,0.027777777777777776,70,0.23333333333333334,1.246137261390686,1.246137261390686,1.4786376953125,0.8133799852735745,0.7134362384093439,-6.75825222383348,0.23333333333333334,70,1.4285714285714286,6,49,HILCodec_3kbps,1580-141083-0000.flac,42
random_loss,0.2,fixed_0.5,0.5,2,300,19,0.06333333333333334,3.0,3.1899999999999995,6.333333333333334,0.20666666666666667,0,0.0,62,0.20666666666666667,1.3820748329162598,1.3820748329162598,1.8260011672973633,0.8349267918803684,0.7591922449122213,-5.294010804301039,0.20666666666666667,62,1.3478260869565217,4,46,HILCodec_3kbps,1580-141083-0000.flac,123
random_loss,0.2,fixed_0.7,0.7,1,300,0,0.0,3.0,3.0,0.0,0.24,0,0.0,72,0.24,1.2455633878707886,1.2455633878707886,1.4785385131835938,0.8124566997932602,0.7125772886092837,-6.563944721103793,0.24,72,1.44,6,50,HILCodec_3kbps,1580-141083-0000.flac,42
random_loss,0.2,fixed_0.7,0.7,1,300,0,0.0,3.0,3.0,0.0,0.20666666666666667,0,0.0,62,0.20666666666666667,1.3820748329162598,1.3820748329162598,1.8260011672973633,0.8349267918803684,0.7591922449122214,-5.294010804301039,0.20666666666666667,62,1.3478260869565217,4,46,HILCodec_3kbps,1580-141083-0000.flac,123
random_loss,0.2,fixed_0.7,0.7,2,300,0,0.0,3.0,3.0,0.0,0.24,0,0.0,72,0.24,1.2455633878707886,1.2455633878707886,1.4785385131835938,0.8124566997932602,0.7125772886092837,-6.563944721103793,0.24,72,1.44,6,50,HILCodec_3kbps,1580-141083-0000.flac,42
random_loss,0.2,fixed_0.7,0.7,2,300,0,0.0,3.0,3.0,0.0,0.20666666666666667,0,0.0,62,0.20666666666666667,1.3820748329162598,1.3820748329162598,1.8260011672973633,0.8349267918803684,0.7591922449122213,-5.294010804301039,0.20666666666666667,62,1.3478260869565217,4,46,HILCodec_3kbps,1580-141083-0000.flac,123
random_loss,0.2,adaptive_mean_std,dynamic,1,300,46,0.15333333333333332,3.0,3.46,15.333333333333332,0.24,5,0.06944444444444445,67,0.22333333333333333,1.258577823638916,1.258577823638916,1.4923900365829468,0.8138601057455793,0.7168524387213197,-6.521709513405977,0.22333333333333333,67,1.425531914893617,5,47,HILCodec_3kbps,1580-141083-0000.flac,42
random_loss,0.2,adaptive_mean_std,dynamic,1,300,46,0.15333333333333332,3.0,3.46,15.333333333333332,0.20666666666666667,6,0.0967741935483871,56,0.18666666666666668,1.4470609426498413,1.4470609426498413,1.9052209854125977,0.8425701139516053,0.7652821402912698,-5.274927596568485,0.18666666666666668,56,1.302325581395349,4,43,HILCodec_3kbps,1580-141083-0000.flac,123
random_loss,0.2,adaptive_mean_std,dynamic,2,300,46,0.15333333333333332,3.0,3.46,15.333333333333332,0.24,8,0.1111111111111111,64,0.21333333333333335,1.2894155979156494,1.2894155979156494,1.5011072158813477,0.8191609363892403,0.723498423765897,-6.566175864120682,0.21333333333333335,64,1.391304347826087,4,46,HILCodec_3kbps,1580-141083-0000.flac,42
random_loss,0.2,adaptive_mean_std,dynamic,2,300,46,0.15333333333333332,3.0,3.46,15.333333333333332,0.20666666666666667,9,0.14516129032258066,53,0.17666666666666667,1.4959100484848022,1.4959100484848022,1.987909197807312,0.8549579607640969,0.7800775779028647,-5.21881141711688,0.17666666666666667,53,1.2325581395348837,4,43,HILCodec_3kbps,1580-141083-0000.flac,123
random_loss,0.2,adaptive_quantile_70,dynamic,1,300,105,0.35,3.0,4.050000000000001,35.0,0.24,14,0.19444444444444445,58,0.19333333333333333,1.2854654788970947,1.2854654788970947,1.509948492050171,0.8233995131287336,0.7311438544737712,-6.40233799642432,0.19333333333333333,58,1.45,5,40,HILCodec_3kbps,1580-141083-0000.flac,42
random_loss,0.2,adaptive_quantile_70,dynamic,1,300,105,0.35,3.0,4.050000000000001,35.0,0.20666666666666667,18,0.2903225806451613,44,0.14666666666666667,1.6097838878631592,1.6097838878631592,2.0316593647003174,0.8639034724681566,0.7942604144644924,-4.707689879705061,0.14666666666666667,44,1.3333333333333333,4,33,HILCodec_3kbps,1580-141083-0000.flac,123
random_loss,0.2,adaptive_quantile_70,dynamic,2,300,105,0.35,3.0,4.050000000000001,35.0,0.24,19,0.2638888888888889,53,0.17666666666666667,1.341652750968933,1.341652750968933,1.537893295288086,0.8357131758911901,0.7483076353420073,-6.33885338445349,0.17666666666666667,53,1.325,4,40,HILCodec_3kbps,1580-141083-0000.flac,42
random_loss,0.2,adaptive_quantile_70,dynamic,2,300,105,0.35,3.0,4.050000000000001,35.0,0.20666666666666667,20,0.3225806451612903,42,0.14,1.6392980813980103,1.6392980813980103,2.0722146034240723,0.8716856299541098,0.8044002408020593,-4.651632181440688,0.14,42,1.2352941176470589,4,34,HILCodec_3kbps,1580-141083-0000.flac,123
random_loss,0.2,all_duplicate,all_duplicate,1,300,300,1.0,3.0,6.0,100.0,0.24,50,0.6944444444444444,22,0.07333333333333333,1.6328461170196533,1.6328461170196533,2.05324649810791,0.8928441769279863,0.8146554738506694,-3.472985271999013,0.07333333333333333,22,1.375,5,16,HILCodec_3kbps,1580-141083-0000.flac,42
random_loss,0.2,all_duplicate,all_duplicate,1,300,300,1.0,3.0,6.0,100.0,0.20666666666666667,46,0.7419354838709677,16,0.05333333333333334,2.086928367614746,2.086928367614746,2.5515403747558594,0.8998821069293768,0.8314814024023316,-2.957123801421764,0.05333333333333334,16,1.3333333333333333,3,12,HILCodec_3kbps,1580-141083-0000.flac,123
random_loss,0.2,all_duplicate,all_duplicate,2,300,300,1.0,3.0,6.0,100.0,0.24,53,0.7361111111111112,19,0.06333333333333334,1.869436264038086,1.869436264038086,2.259269952774048,0.8960104140563424,0.8229965717224506,-3.6217427320761395,0.06333333333333334,19,1.1875,4,16,HILCodec_3kbps,1580-141083-0000.flac,42
random_loss,0.2,all_duplicate,all_duplicate,2,300,300,1.0,3.0,6.0,100.0,0.20666666666666667,46,0.7419354838709677,16,0.05333333333333334,2.1045539379119873,2.1045539379119873,2.569692611694336,0.9075520273646058,0.845379842961838,-3.032298354622152,0.05333333333333334,16,1.0666666666666667,2,15,HILCodec_3kbps,1580-141083-0000.flac,123
random_loss,0.3,no_duplicate,no_duplicate,1,300,0,0.0,3.0,3.0,0.0,0.32333333333333336,0,0.0,97,0.3233333333333333,1.138440728187561,1.138440728187561,1.467463731765747,0.7552015449551837,0.6329919641195433,-8.651623392502968,0.3233333333333333,97,1.564516129032258,8,62,HILCodec_3kbps,1580-141083-0000.flac,42
random_loss,0.3,no_duplicate,no_duplicate,1,300,0,0.0,3.0,3.0,0.0,0.3433333333333334,0,0.0,103,0.3433333333333333,1.179772973060608,1.179772973060608,1.4440321922302246,0.7600212967062219,0.632229189135984,-8.566980711858092,0.3433333333333333,103,1.5846153846153845,6,65,HILCodec_3kbps,1580-141083-0000.flac,123
random_loss,0.3,no_duplicate,no_duplicate,2,300,0,0.0,3.0,3.0,0.0,0.32333333333333336,0,0.0,97,0.3233333333333333,1.138440728187561,1.138440728187561,1.467463731765747,0.7552015449551837,0.6329919641195433,-8.651623392502968,0.3233333333333333,97,1.564516129032258,8,62,HILCodec_3kbps,1580-141083-0000.flac,42
random_loss,0.3,no_duplicate,no_duplicate,2,300,0,0.0,3.0,3.0,0.0,0.3433333333333334,0,0.0,103,0.3433333333333333,1.179772973060608,1.179772973060608,1.4440321922302246,0.7600212967062219,0.632229189135984,-8.566980711858092,0.3433333333333333,103,1.5846153846153845,6,65,HILCodec_3kbps,1580-141083-0000.flac,123
random_loss,0.3,fixed_0.3,0.3,1,300,41,0.13666666666666666,3.0,3.41,13.666666666666666,0.32333333333333336,7,0.07216494845360824,90,0.3,1.179229497909546,1.179229497909546,1.4800935983657837,0.7754397637628843,0.6619021086266199,-8.661882995121909,0.3,90,1.5517241379310345,7,58,HILCodec_3kbps,1580-141083-0000.flac,42
random_loss,0.3,fixed_0.3,0.3,1,300,41,0.13666666666666666,3.0,3.41,13.666666666666666,0.3433333333333334,7,0.06796116504854369,96,0.32,1.1880757808685303,1.1880757808685303,1.5082321166992188,0.7707634020575816,0.6453430404915319,-8.59395033215006,0.32,96,1.5737704918032787,6,61,HILCodec_3kbps,1580-141083-0000.flac,123
random_loss,0.3,fixed_0.3,0.3,2,300,41,0.13666666666666666,3.0,3.41,13.666666666666666,0.32333333333333336,11,0.1134020618556701,86,0.2866666666666667,1.1613454818725586,1.1613454818725586,1.495872974395752,0.7885050874782187,0.6681328785179934,-8.728000232442135,0.2866666666666667,86,1.5357142857142858,6,56,HILCodec_3kbps,1580-141083-0000.flac,42
random_loss,0.3,fixed_0.3,0.3,2,300,41,0.13666666666666666,3.0,3.41,13.666666666666666,0.3433333333333334,7,0.06796116504854369,96,0.32,1.230101466178894,1.230101466178894,1.6015874147415161,0.7915871877670946,0.6770749246456188,-8.518066910679371,0.32,96,1.476923076923077,6,65,HILCodec_3kbps,1580-141083-0000.flac,123
random_loss,0.3,fixed_0.5,0.5,1,300,19,0.06333333333333334,3.0,3.1899999999999995,6.333333333333334,0.32333333333333336,4,0.041237113402061855,93,0.31,1.1693575382232666,1.1693575382232666,1.4603347778320312,0.7696806867439043,0.6525741014955881,-8.72149272973109,0.31,93,1.576271186440678,8,59,HILCodec_3kbps,1580-141083-0000.flac,42
random_loss,0.3,fixed_0.5,0.5,1,300,19,0.06333333333333334,3.0,3.1899999999999995,6.333333333333334,0.3433333333333334,2,0.019417475728155338,101,0.33666666666666667,1.1725575923919678,1.1725575923919678,1.4025368690490723,0.7630680860209372,0.6363661718964614,-8.48240427223597,0.33666666666666667,101,1.6031746031746033,6,63,HILCodec_3kbps,1580-141083-0000.flac,123
random_loss,0.3,fixed_0.5,0.5,2,300,19,0.06333333333333334,3.0,3.1899999999999995,6.333333333333334,0.32333333333333336,5,0.05154639175257732,92,0.30666666666666664,1.1616759300231934,1.1616759300231934,1.4598848819732666,0.7696125078926125,0.6525776413249506,-8.806539297253957,0.30666666666666664,92,1.5862068965517242,8,58,HILCodec_3kbps,1580-141083-0000.flac,42
random_loss,0.3,fixed_0.5,0.5,2,300,19,0.06333333333333334,3.0,3.1899999999999995,6.333333333333334,0.3433333333333334,1,0.009708737864077669,102,0.34,1.1795939207077026,1.1795939207077026,1.4468567371368408,0.7611199866079519,0.6337768594650435,-8.629668317089887,0.34,102,1.59375,6,64,HILCodec_3kbps,1580-141083-0000.flac,123
random_loss,0.3,fixed_0.7,0.7,1,300,0,0.0,3.0,3.0,0.0,0.32333333333333336,0,0.0,97,0.3233333333333333,1.138440728187561,1.138440728187561,1.467463731765747,0.7552015449551837,0.6329919641195433,-8.651623392502968,0.3233333333333333,97,1.564516129032258,8,62,HILCodec_3kbps,1580-141083-0000.flac,42
random_loss,0.3,fixed_0.7,0.7,1,300,0,0.0,3.0,3.0,0.0,0.3433333333333334,0,0.0,103,0.3433333333333333,1.179772973060608,1.179772973060608,1.4440321922302246,0.7600212967062219,0.632229189135984,-8.566980711858092,0.3433333333333333,103,1.5846153846153845,6,65,HILCodec_3kbps,1580-141083-0000.flac,123
random_loss,0.3,fixed_0.7,0.7,2,300,0,0.0,3.0,3.0,0.0,0.32333333333333336,0,0.0,97,0.3233333333333333,1.138440728187561,1.138440728187561,1.467463731765747,0.7552015449551837,0.6329919641195433,-8.651623392502968,0.3233333333333333,97,1.564516129032258,8,62,HILCodec_3kbps,1580-141083-0000.flac,42
random_loss,0.3,fixed_0.7,0.7,2,300,0,0.0,3.0,3.0,0.0,0.3433333333333334,0,0.0,103,0.3433333333333333,1.179772973060608,1.179772973060608,1.4440321922302246,0.7600212967062219,0.632229189135984,-8.566980711858092,0.3433333333333333,103,1.5846153846153845,6,65,HILCodec_3kbps,1580-141083-0000.flac,123
random_loss,0.3,adaptive_mean_std,dynamic,1,300,46,0.15333333333333332,3.0,3.46,15.333333333333332,0.32333333333333336,8,0.08247422680412371,89,0.2966666666666667,1.1792703866958618,1.1792703866958618,1.4800927639007568,0.7754389186686743,0.6618808905603333,-8.661881552270373,0.2966666666666667,89,1.5614035087719298,7,57,HILCodec_3kbps,1580-141083-0000.flac,42
random_loss,0.3,adaptive_mean_std,dynamic,1,300,46,0.15333333333333332,3.0,3.46,15.333333333333332,0.3433333333333334,8,0.07766990291262135,95,0.31666666666666665,1.1883833408355713,1.1883833408355713,1.5082387924194336,0.7707652678253862,0.6454097618149242,-8.593910056093646,0.31666666666666665,95,1.5573770491803278,6,61,HILCodec_3kbps,1580-141083-0000.flac,123
random_loss,0.3,adaptive_mean_std,dynamic,2,300,46,0.15333333333333332,3.0,3.46,15.333333333333332,0.32333333333333336,12,0.12371134020618557,85,0.2833333333333333,1.1613898277282715,1.1613898277282715,1.4958722591400146,0.7885042423840087,0.6681116604517069,-8.727998789387566,0.2833333333333333,85,1.5454545454545454,6,55,HILCodec_3kbps,1580-141083-0000.flac,42
random_loss,0.3,adaptive_mean_std,dynamic,2,300,46,0.15333333333333332,3.0,3.46,15.333333333333332,0.3433333333333334,9,0.08737864077669903,94,0.31333333333333335,1.2312581539154053,1.2312581539154053,1.601576328277588,0.7915903389513559,0.6771885062110414,-8.518028814431801,0.31333333333333335,94,1.4461538461538461,6,65,HILCodec_3kbps,1580-141083-0000.flac,123
random_loss,0.3,adaptive_quantile_70,dynamic,1,300,105,0.35,3.0,4.050000000000001,35.0,0.32333333333333336,20,0.20618556701030927,77,0.25666666666666665,1.1730272769927979,1.1730272769927979,1.4427449703216553,0.7913140089015066,0.6707037973233047,-8.935842167526868,0.25666666666666665,77,1.5714285714285714,7,49,HILCodec_3kbps,1580-141083-0000.flac,42
random_loss,0.3,adaptive_quantile_70,dynamic,1,300,105,0.35,3.0,4.050000000000001,35.0,0.3433333333333334,27,0.2621359223300971,76,0.25333333333333335,1.3314340114593506,1.3314340114593506,1.6767158508300781,0.8100588037033042,0.7107304937133757,-5.943462557382918,0.25333333333333335,76,1.5510204081632653,6,49,HILCodec_3kbps,1580-141083-0000.flac,123
random_loss,0.3,adaptive_quantile_70,dynamic,2,300,105,0.35,3.0,4.050000000000001,35.0,0.32333333333333336,28,0.28865979381443296,69,0.23,1.224400520324707,1.224400520324707,1.4754853248596191,0.8091305712259087,0.7088839213347128,-8.830631810273745,0.23,69,1.5,6,46,HILCodec_3kbps,1580-141083-0000.flac,42
random_loss,0.3,adaptive_quantile_70,dynamic,2,300,105,0.35,3.0,4.050000000000001,35.0,0.3433333333333334,25,0.24271844660194175,78,0.26,1.3066847324371338,1.3066847324371338,1.7268317937850952,0.8217029099406927,0.7197413324711838,-7.401119810416809,0.26,78,1.3448275862068966,6,58,HILCodec_3kbps,1580-141083-0000.flac,123
random_loss,0.3,all_duplicate,all_duplicate,1,300,300,1.0,3.0,6.0,100.0,0.32333333333333336,62,0.6391752577319587,35,0.11666666666666667,1.3410130739212036,1.3410130739212036,1.8345282077789307,0.8650752878186191,0.7591214963141781,-6.257458983828491,0.11666666666666667,35,1.6666666666666667,7,21,HILCodec_3kbps,1580-141083-0000.flac,42
random_loss,0.3,all_duplicate,all_duplicate,1,300,300,1.0,3.0,6.0,100.0,0.3433333333333334,65,0.6310679611650486,38,0.12666666666666668,1.5975592136383057,1.5975592136383057,2.0322232246398926,0.8759139190143029,0.792995777712508,-3.6108223642748865,0.12666666666666668,38,1.52,5,25,HILCodec_3kbps,1580-141083-0000.flac,123
random_loss,0.3,all_duplicate,all_duplicate,2,300,300,1.0,3.0,6.0,100.0,0.32333333333333336,61,0.6288659793814433,36,0.12,1.4948176145553589,1.4948176145553589,1.94642972946167,0.8755367705765512,0.7968240801831744,-6.328467250316997,0.12,36,1.2857142857142858,6,28,HILCodec_3kbps,1580-141083-0000.flac,42
random_loss,0.3,all_duplicate,all_duplicate,2,300,300,1.0,3.0,6.0,100.0,0.3433333333333334,65,0.6310679611650486,38,0.12666666666666668,1.6032896041870117,1.6032896041870117,2.0450456142425537,0.887942770959247,0.8009287699492734,-5.104850685273009,0.12666666666666668,38,1.1875,4,32,HILCodec_3kbps,1580-141083-0000.flac,123
random_loss,0.4,no_duplicate,no_duplicate,1,300,0,0.0,3.0,3.0,0.0,0.41000000000000003,0,0.0,123,0.41,1.1293278932571411,1.1293278932571411,1.4067214727401733,0.7223900574525791,0.5791761443350247,-10.689789643644222,0.41,123,1.662162162162162,8,74,HILCodec_3kbps,1580-141083-0000.flac,42
random_loss,0.4,no_duplicate,no_duplicate,1,300,0,0.0,3.0,3.0,0.0,0.42333333333333334,0,0.0,127,0.42333333333333334,1.1259355545043945,1.1259355545043945,1.3380037546157837,0.7041110819464971,0.5718867296029986,-10.992352559538563,0.42333333333333334,127,1.7887323943661972,6,71,HILCodec_3kbps,1580-141083-0000.flac,123
random_loss,0.4,no_duplicate,no_duplicate,2,300,0,0.0,3.0,3.0,0.0,0.41000000000000003,0,0.0,123,0.41,1.1293278932571411,1.1293278932571411,1.4067214727401733,0.7223900574525791,0.579176144335025,-10.689789643644222,0.41,123,1.662162162162162,8,74,HILCodec_3kbps,1580-141083-0000.flac,42
random_loss,0.4,no_duplicate,no_duplicate,2,300,0,0.0,3.0,3.0,0.0,0.42333333333333334,0,0.0,127,0.42333333333333334,1.1259355545043945,1.1259355545043945,1.3380037546157837,0.7041110819464971,0.5718867296029985,-10.992352559538563,0.42333333333333334,127,1.7887323943661972,6,71,HILCodec_3kbps,1580-141083-0000.flac,123
random_loss,0.4,fixed_0.3,0.3,1,300,41,0.13666666666666666,3.0,3.41,13.666666666666666,0.41000000000000003,8,0.06504065040650407,115,0.38333333333333336,1.1254671812057495,1.1254671812057495,1.4213203191757202,0.7401295890368756,0.6093790212362432,-9.920085308111332,0.38333333333333336,115,1.6428571428571428,7,70,HILCodec_3kbps,1580-141083-0000.flac,42
random_loss,0.4,fixed_0.3,0.3,1,300,41,0.13666666666666666,3.0,3.41,13.666666666666666,0.42333333333333334,7,0.05511811023622047,120,0.4,1.1314034461975098,1.1314034461975098,1.3465114831924438,0.7136456794511018,0.5846672499103371,-11.025447559591777,0.4,120,1.791044776119403,6,67,HILCodec_3kbps,1580-141083-0000.flac,123
random_loss,0.4,fixed_0.3,0.3,2,300,41,0.13666666666666666,3.0,3.41,13.666666666666666,0.41000000000000003,12,0.0975609756097561,111,0.37,1.138535976409912,1.138535976409912,1.4289582967758179,0.7662090815672348,0.6298549819128131,-10.038123590934093,0.37,111,1.6323529411764706,6,68,HILCodec_3kbps,1580-141083-0000.flac,42
random_loss,0.4,fixed_0.3,0.3,2,300,41,0.13666666666666666,3.0,3.41,13.666666666666666,0.42333333333333334,7,0.05511811023622047,120,0.4,1.1548115015029907,1.1548115015029907,1.4290573596954346,0.7327564566352862,0.6135284544623073,-10.913602498860824,0.4,120,1.6901408450704225,6,71,HILCodec_3kbps,1580-141083-0000.flac,123
random_loss,0.4,fixed_0.5,0.5,1,300,19,0.06333333333333334,3.0,3.1899999999999995,6.333333333333334,0.41000000000000003,4,0.032520325203252036,119,0.39666666666666667,1.130293846130371,1.130293846130371,1.3884553909301758,0.7270201025356632,0.5886298319245618,-10.624271327241,0.39666666666666667,119,1.6527777777777777,8,72,HILCodec_3kbps,1580-141083-0000.flac,42
random_loss,0.4,fixed_0.5,0.5,1,300,19,0.06333333333333334,3.0,3.1899999999999995,6.333333333333334,0.42333333333333334,2,0.015748031496062992,125,0.4166666666666667,1.126046895980835,1.126046895980835,1.2866488695144653,0.7060176993070625,0.5771155230179,-10.876833845455032,0.4166666666666667,125,1.8115942028985508,6,69,HILCodec_3kbps,1580-141083-0000.flac,123
random_loss,0.4,fixed_0.5,0.5,2,300,19,0.06333333333333334,3.0,3.1899999999999995,6.333333333333334,0.41000000000000003,6,0.04878048780487805,117,0.39,1.1524226665496826,1.1524226665496826,1.4022767543792725,0.7390289712921866,0.6018997413570791,-10.683518307859977,0.39,117,1.6714285714285715,8,70,HILCodec_3kbps,1580-141083-0000.flac,42
random_loss,0.4,fixed_0.5,0.5,2,300,19,0.06333333333333334,3.0,3.1899999999999995,6.333333333333334,0.42333333333333334,1,0.007874015748031496,126,0.42,1.1258087158203125,1.1258087158203125,1.3395295143127441,0.7039052620066258,0.5738061792426288,-11.065599941318611,0.42,126,1.8,6,70,HILCodec_3kbps,1580-141083-0000.flac,123
random_loss,0.4,fixed_0.7,0.7,1,300,0,0.0,3.0,3.0,0.0,0.41000000000000003,0,0.0,123,0.41,1.1293278932571411,1.1293278932571411,1.4067214727401733,0.7223900574525791,0.579176144335025,-10.689789643644222,0.41,123,1.662162162162162,8,74,HILCodec_3kbps,1580-141083-0000.flac,42
random_loss,0.4,fixed_0.7,0.7,1,300,0,0.0,3.0,3.0,0.0,0.42333333333333334,0,0.0,127,0.42333333333333334,1.1259355545043945,1.1259355545043945,1.3380037546157837,0.7041110819464971,0.5718867296029986,-10.992352559538563,0.42333333333333334,127,1.7887323943661972,6,71,HILCodec_3kbps,1580-141083-0000.flac,123
random_loss,0.4,fixed_0.7,0.7,2,300,0,0.0,3.0,3.0,0.0,0.41000000000000003,0,0.0,123,0.41,1.1293278932571411,1.1293278932571411,1.4067214727401733,0.7223900574525791,0.5791761443350247,-10.689789643644222,0.41,123,1.662162162162162,8,74,HILCodec_3kbps,1580-141083-0000.flac,42
random_loss,0.4,fixed_0.7,0.7,2,300,0,0.0,3.0,3.0,0.0,0.42333333333333334,0,0.0,127,0.42333333333333334,1.1259355545043945,1.1259355545043945,1.3380037546157837,0.7041110819464971,0.5718867296029985,-10.992352559538563,0.42333333333333334,127,1.7887323943661972,6,71,HILCodec_3kbps,1580-141083-0000.flac,123
random_loss,0.4,adaptive_mean_std,dynamic,1,300,46,0.15333333333333332,3.0,3.46,15.333333333333332,0.41000000000000003,9,0.07317073170731707,114,0.38,1.1254974603652954,1.1254974603652954,1.4213184118270874,0.7401284624858643,0.6093479689215091,-9.920080890956486,0.38,114,1.6521739130434783,7,69,HILCodec_3kbps,1580-141083-0000.flac,42
random_loss,0.4,adaptive_mean_std,dynamic,1,300,46,0.15333333333333332,3.0,3.46,15.333333333333332,0.42333333333333334,8,0.06299212598425197,119,0.39666666666666667,1.131698727607727,1.131698727607727,1.3465138673782349,0.7136475450055509,0.5847340455984535,-11.025396430545502,0.39666666666666667,119,1.7761194029850746,6,67,HILCodec_3kbps,1580-141083-0000.flac,123
random_loss,0.4,adaptive_mean_std,dynamic,2,300,46,0.15333333333333332,3.0,3.46,15.333333333333332,0.41000000000000003,13,0.10569105691056911,110,0.36666666666666664,1.1385960578918457,1.1385960578918457,1.4289586544036865,0.7662079550162234,0.629823929598079,-10.038119169419131,0.36666666666666664,110,1.6417910447761195,6,67,HILCodec_3kbps,1580-141083-0000.flac,42
random_loss,0.4,adaptive_mean_std,dynamic,2,300,46,0.15333333333333332,3.0,3.46,15.333333333333332,0.42333333333333334,9,0.07086614173228346,118,0.3933333333333333,1.1541264057159424,1.1541264057159424,1.4290518760681152,0.7327596076896898,0.6136420606703987,-10.9135539265134,0.3933333333333333,118,1.6619718309859155,6,71,HILCodec_3kbps,1580-141083-0000.flac,123
random_loss,0.4,adaptive_quantile_70,dynamic,1,300,105,0.35,3.0,4.050000000000001,35.0,0.41000000000000003,24,0.1951219512195122,99,0.33,1.1221106052398682,1.1221106052398682,1.3963242769241333,0.746980553977011,0.6203690672114597,-10.077343946546398,0.33,99,1.6229508196721312,7,61,HILCodec_3kbps,1580-141083-0000.flac,42
random_loss,0.4,adaptive_quantile_70,dynamic,1,300,105,0.35,3.0,4.050000000000001,35.0,0.42333333333333334,21,0.16535433070866143,106,0.35333333333333333,1.1634808778762817,1.1634808778762817,1.3949081897735596,0.7341900853377719,0.6235046346238278,-8.723145777753079,0.35333333333333333,106,1.8275862068965518,6,58,HILCodec_3kbps,1580-141083-0000.flac,123
random_loss,0.4,adaptive_quantile_70,dynamic,2,300,105,0.35,3.0,4.050000000000001,35.0,0.41000000000000003,36,0.2926829268292683,87,0.29,1.1836861371994019,1.1836861371994019,1.4185962677001953,0.7945084749456032,0.6837141760873443,-10.097327142039394,0.29,87,1.5263157894736843,6,57,HILCodec_3kbps,1580-141083-0000.flac,42
random_loss,0.4,adaptive_quantile_70,dynamic,2,300,105,0.35,3.0,4.050000000000001,35.0,0.42333333333333334,22,0.1732283464566929,105,0.35,1.1730796098709106,1.1730796098709106,1.4993269443511963,0.7648496258454084,0.6501236698173988,-9.917991397822707,0.35,105,1.5217391304347827,6,69,HILCodec_3kbps,1580-141083-0000.flac,123
random_loss,0.4,all_duplicate,all_duplicate,1,300,300,1.0,3.0,6.0,100.0,0.41000000000000003,74,0.6016260162601627,49,0.16333333333333333,1.2151215076446533,1.2151215076446533,1.6313024759292603,0.8378790123457434,0.7339634424919791,-6.660202953423181,0.16333333333333333,49,1.4848484848484849,7,33,HILCodec_3kbps,1580-141083-0000.flac,42
random_loss,0.4,all_duplicate,all_duplicate,1,300,300,1.0,3.0,6.0,100.0,0.42333333333333334,71,0.5590551181102362,56,0.18666666666666668,1.3105734586715698,1.3105734586715698,1.6490919589996338,0.8252644793191664,0.7359812091448861,-4.6740901961853885,0.18666666666666668,56,1.75,5,32,HILCodec_3kbps,1580-141083-0000.flac,123
random_loss,0.4,all_duplicate,all_duplicate,2,300,300,1.0,3.0,6.0,100.0,0.41000000000000003,74,0.6016260162601627,49,0.16333333333333333,1.407501220703125,1.407501220703125,1.810032606124878,0.8584013668904408,0.7773376293174472,-6.901256388629212,0.16333333333333333,49,1.1951219512195121,6,41,HILCodec_3kbps,1580-141083-0000.flac,42
random_loss,0.4,all_duplicate,all_duplicate,2,300,300,1.0,3.0,6.0,100.0,0.42333333333333334,73,0.5748031496062992,54,0.18,1.3604180812835693,1.3604180812835693,1.7717094421386719,0.8586233396438716,0.7652634751888284,-5.865782008173324,0.18,54,1.255813953488372,4,43,HILCodec_3kbps,1580-141083-0000.flac,123
random_loss,0.0,no_duplicate,no_duplicate,1,300,0,0.0,3.0,3.0,0.0,0.0,0,0.0,0,0.0,3.019770383834839,3.019770383834839,3.534237861633301,0.9307096082877452,0.8986840632798655,8.955114832054708,0.0,0,0.0,0,0,HILCodec_3kbps,1995-1826-0000.flac,42
random_loss,0.0,no_duplicate,no_duplicate,1,300,0,0.0,3.0,3.0,0.0,0.0,0,0.0,0,0.0,3.019770383834839,3.019770383834839,3.534237861633301,0.9307096082877452,0.8986840632798655,8.955114832054708,0.0,0,0.0,0,0,HILCodec_3kbps,1995-1826-0000.flac,123
random_loss,0.0,no_duplicate,no_duplicate,2,300,0,0.0,3.0,3.0,0.0,0.0,0,0.0,0,0.0,3.019770383834839,3.019770383834839,3.534237861633301,0.9307096082877452,0.8986840632798655,8.955114832054708,0.0,0,0.0,0,0,HILCodec_3kbps,1995-1826-0000.flac,42
random_loss,0.0,no_duplicate,no_duplicate,2,300,0,0.0,3.0,3.0,0.0,0.0,0,0.0,0,0.0,3.019770383834839,3.019770383834839,3.534237861633301,0.9307096082877452,0.8986840632798655,8.955114832054708,0.0,0,0.0,0,0,HILCodec_3kbps,1995-1826-0000.flac,123
random_loss,0.0,fixed_0.3,0.3,1,300,22,0.07333333333333333,3.0,3.2199999999999998,7.333333333333333,0.0,0,0.0,0,0.0,3.019770383834839,3.019770383834839,3.534237861633301,0.9307096082877452,0.8986840632798656,8.955114832054708,0.0,0,0.0,0,0,HILCodec_3kbps,1995-1826-0000.flac,42
random_loss,0.0,fixed_0.3,0.3,1,300,22,0.07333333333333333,3.0,3.2199999999999998,7.333333333333333,0.0,0,0.0,0,0.0,3.019770383834839,3.019770383834839,3.534237861633301,0.9307096082877452,0.8986840632798655,8.955114832054708,0.0,0,0.0,0,0,HILCodec_3kbps,1995-1826-0000.flac,123
random_loss,0.0,fixed_0.3,0.3,2,300,22,0.07333333333333333,3.0,3.2199999999999998,7.333333333333333,0.0,0,0.0,0,0.0,3.019770383834839,3.019770383834839,3.534237861633301,0.9307096082877452,0.8986840632798655,8.955114832054708,0.0,0,0.0,0,0,HILCodec_3kbps,1995-1826-0000.flac,42
random_loss,0.0,fixed_0.3,0.3,2,300,22,0.07333333333333333,3.0,3.2199999999999998,7.333333333333333,0.0,0,0.0,0,0.0,3.019770383834839,3.019770383834839,3.534237861633301,0.9307096082877452,0.8986840632798656,8.955114832054708,0.0,0,0.0,0,0,HILCodec_3kbps,1995-1826-0000.flac,123
random_loss,0.0,fixed_0.5,0.5,1,300,9,0.03,3.0,3.09,3.0,0.0,0,0.0,0,0.0,3.019770383834839,3.019770383834839,3.534237861633301,0.9307096082877452,0.8986840632798655,8.955114832054708,0.0,0,0.0,0,0,HILCodec_3kbps,1995-1826-0000.flac,42
random_loss,0.0,fixed_0.5,0.5,1,300,9,0.03,3.0,3.09,3.0,0.0,0,0.0,0,0.0,3.019770383834839,3.019770383834839,3.534237861633301,0.9307096082877452,0.8986840632798656,8.955114832054708,0.0,0,0.0,0,0,HILCodec_3kbps,1995-1826-0000.flac,123
random_loss,0.0,fixed_0.5,0.5,2,300,9,0.03,3.0,3.09,3.0,0.0,0,0.0,0,0.0,3.019770383834839,3.019770383834839,3.534237861633301,0.9307096082877452,0.8986840632798656,8.955114832054708,0.0,0,0.0,0,0,HILCodec_3kbps,1995-1826-0000.flac,42
random_loss,0.0,fixed_0.5,0.5,2,300,9,0.03,3.0,3.09,3.0,0.0,0,0.0,0,0.0,3.019770383834839,3.019770383834839,3.534237861633301,0.9307096082877452,0.8986840632798656,8.955114832054708,0.0,0,0.0,0,0,HILCodec_3kbps,1995-1826-0000.flac,123
random_loss,0.0,fixed_0.7,0.7,1,300,1,0.0033333333333333335,3.0,3.0100000000000002,0.33333333333333337,0.0,0,0.0,0,0.0,3.019770383834839,3.019770383834839,3.534237861633301,0.9307096082877452,0.8986840632798655,8.955114832054708,0.0,0,0.0,0,0,HILCodec_3kbps,1995-1826-0000.flac,42
random_loss,0.0,fixed_0.7,0.7,1,300,1,0.0033333333333333335,3.0,3.0100000000000002,0.33333333333333337,0.0,0,0.0,0,0.0,3.019770383834839,3.019770383834839,3.534237861633301,0.9307096082877452,0.8986840632798656,8.955114832054708,0.0,0,0.0,0,0,HILCodec_3kbps,1995-1826-0000.flac,123
random_loss,0.0,fixed_0.7,0.7,2,300,1,0.0033333333333333335,3.0,3.0100000000000002,0.33333333333333337,0.0,0,0.0,0,0.0,3.019770383834839,3.019770383834839,3.534237861633301,0.9307096082877452,0.8986840632798655,8.955114832054708,0.0,0,0.0,0,0,HILCodec_3kbps,1995-1826-0000.flac,42
random_loss,0.0,fixed_0.7,0.7,2,300,1,0.0033333333333333335,3.0,3.0100000000000002,0.33333333333333337,0.0,0,0.0,0,0.0,3.019770383834839,3.019770383834839,3.534237861633301,0.9307096082877452,0.8986840632798656,8.955114832054708,0.0,0,0.0,0,0,HILCodec_3kbps,1995-1826-0000.flac,123
random_loss,0.0,adaptive_mean_std,dynamic,1,300,28,0.09333333333333334,3.0,3.28,9.333333333333334,0.0,0,0.0,0,0.0,3.019770383834839,3.019770383834839,3.534237861633301,0.9307096082877452,0.8986840632798655,8.955114832054708,0.0,0,0.0,0,0,HILCodec_3kbps,1995-1826-0000.flac,42
random_loss,0.0,adaptive_mean_std,dynamic,1,300,28,0.09333333333333334,3.0,3.28,9.333333333333334,0.0,0,0.0,0,0.0,3.019770383834839,3.019770383834839,3.534237861633301,0.9307096082877452,0.8986840632798656,8.955114832054708,0.0,0,0.0,0,0,HILCodec_3kbps,1995-1826-0000.flac,123
random_loss,0.0,adaptive_mean_std,dynamic,2,300,28,0.09333333333333334,3.0,3.28,9.333333333333334,0.0,0,0.0,0,0.0,3.019770383834839,3.019770383834839,3.534237861633301,0.9307096082877452,0.8986840632798656,8.955114832054708,0.0,0,0.0,0,0,HILCodec_3kbps,1995-1826-0000.flac,42
random_loss,0.0,adaptive_mean_std,dynamic,2,300,28,0.09333333333333334,3.0,3.28,9.333333333333334,0.0,0,0.0,0,0.0,3.019770383834839,3.019770383834839,3.534237861633301,0.9307096082877452,0.8986840632798656,8.955114832054708,0.0,0,0.0,0,0,HILCodec_3kbps,1995-1826-0000.flac,123
random_loss,0.0,adaptive_quantile_70,dynamic,1,300,101,0.33666666666666667,3.0,4.01,33.666666666666664,0.0,0,0.0,0,0.0,3.019770383834839,3.019770383834839,3.534237861633301,0.9307096082877452,0.8986840632798655,8.955114832054708,0.0,0,0.0,0,0,HILCodec_3kbps,1995-1826-0000.flac,42
random_loss,0.0,adaptive_quantile_70,dynamic,1,300,101,0.33666666666666667,3.0,4.01,33.666666666666664,0.0,0,0.0,0,0.0,3.019770383834839,3.019770383834839,3.534237861633301,0.9307096082877452,0.8986840632798656,8.955114832054708,0.0,0,0.0,0,0,HILCodec_3kbps,1995-1826-0000.flac,123
random_loss,0.0,adaptive_quantile_70,dynamic,2,300,101,0.33666666666666667,3.0,4.01,33.666666666666664,0.0,0,0.0,0,0.0,3.019770383834839,3.019770383834839,3.534237861633301,0.9307096082877452,0.8986840632798656,8.955114832054708,0.0,0,0.0,0,0,HILCodec_3kbps,1995-1826-0000.flac,42
random_loss,0.0,adaptive_quantile_70,dynamic,2,300,101,0.33666666666666667,3.0,4.01,33.666666666666664,0.0,0,0.0,0,0.0,3.019770383834839,3.019770383834839,3.534237861633301,0.9307096082877452,0.8986840632798656,8.955114832054708,0.0,0,0.0,0,0,HILCodec_3kbps,1995-1826-0000.flac,123
random_loss,0.0,all_duplicate,all_duplicate,1,300,300,1.0,3.0,6.0,100.0,0.0,0,0.0,0,0.0,3.019770383834839,3.019770383834839,3.534237861633301,0.9307096082877452,0.8986840632798655,8.955114832054708,0.0,0,0.0,0,0,HILCodec_3kbps,1995-1826-0000.flac,42
random_loss,0.0,all_duplicate,all_duplicate,1,300,300,1.0,3.0,6.0,100.0,0.0,0,0.0,0,0.0,3.019770383834839,3.019770383834839,3.534237861633301,0.9307096082877452,0.8986840632798655,8.955114832054708,0.0,0,0.0,0,0,HILCodec_3kbps,1995-1826-0000.flac,123
random_loss,0.0,all_duplicate,all_duplicate,2,300,300,1.0,3.0,6.0,100.0,0.0,0,0.0,0,0.0,3.019770383834839,3.019770383834839,3.534237861633301,0.9307096082877452,0.8986840632798655,8.955114832054708,0.0,0,0.0,0,0,HILCodec_3kbps,1995-1826-0000.flac,42
random_loss,0.0,all_duplicate,all_duplicate,2,300,300,1.0,3.0,6.0,100.0,0.0,0,0.0,0,0.0,3.019770383834839,3.019770383834839,3.534237861633301,0.9307096082877452,0.8986840632798655,8.955114832054708,0.0,0,0.0,0,0,HILCodec_3kbps,1995-1826-0000.flac,123
random_loss,0.01,no_duplicate,no_duplicate,1,300,0,0.0,3.0,3.0,0.0,0.0033333333333332993,0,0.0,1,0.0033333333333333335,2.7903995513916016,2.7903995513916016,3.3855957984924316,0.9292465659325962,0.896858644575266,8.693854960033299,0.0033333333333333335,1,1.0,1,1,HILCodec_3kbps,1995-1826-0000.flac,42
random_loss,0.01,no_duplicate,no_duplicate,1,300,0,0.0,3.0,3.0,0.0,0.013333333333333308,0,0.0,4,0.013333333333333334,2.311004638671875,2.311004638671875,3.1095094680786133,0.9248181969455228,0.8897709371560789,7.758498775640332,0.013333333333333334,4,1.0,1,4,HILCodec_3kbps,1995-1826-0000.flac,123
random_loss,0.01,no_duplicate,no_duplicate,2,300,0,0.0,3.0,3.0,0.0,0.0033333333333332993,0,0.0,1,0.0033333333333333335,2.7903995513916016,2.7903995513916016,3.3855957984924316,0.9292465659325962,0.896858644575266,8.693854960033299,0.0033333333333333335,1,1.0,1,1,HILCodec_3kbps,1995-1826-0000.flac,42
random_loss,0.01,no_duplicate,no_duplicate,2,300,0,0.0,3.0,3.0,0.0,0.013333333333333308,0,0.0,4,0.013333333333333334,2.311004638671875,2.311004638671875,3.1095094680786133,0.9248181969455228,0.8897709371560789,7.758498775640332,0.013333333333333334,4,1.0,1,4,HILCodec_3kbps,1995-1826-0000.flac,123
random_loss,0.01,fixed_0.3,0.3,1,300,22,0.07333333333333333,3.0,3.2199999999999998,7.333333333333333,0.0033333333333332993,0,0.0,1,0.0033333333333333335,2.7903995513916016,2.7903995513916016,3.3855957984924316,0.9292465659325962,0.8968586445752661,8.693854960033299,0.0033333333333333335,1,1.0,1,1,HILCodec_3kbps,1995-1826-0000.flac,42
random_loss,0.01,fixed_0.3,0.3,1,300,22,0.07333333333333333,3.0,3.2199999999999998,7.333333333333333,0.013333333333333308,0,0.0,4,0.013333333333333334,2.311004638671875,2.311004638671875,3.1095094680786133,0.9248181969455228,0.8897709371560788,7.758498775640332,0.013333333333333334,4,1.0,1,4,HILCodec_3kbps,1995-1826-0000.flac,123
random_loss,0.01,fixed_0.3,0.3,2,300,22,0.07333333333333333,3.0,3.2199999999999998,7.333333333333333,0.0033333333333332993,0,0.0,1,0.0033333333333333335,2.7903995513916016,2.7903995513916016,3.3855957984924316,0.9292465659325962,0.8968586445752662,8.693854960033299,0.0033333333333333335,1,1.0,1,1,HILCodec_3kbps,1995-1826-0000.flac,42
random_loss,0.01,fixed_0.3,0.3,2,300,22,0.07333333333333333,3.0,3.2199999999999998,7.333333333333333,0.013333333333333308,0,0.0,4,0.013333333333333334,2.311004638671875,2.311004638671875,3.1095094680786133,0.9248181969455228,0.8897709371560789,7.758498775640332,0.013333333333333334,4,1.0,1,4,HILCodec_3kbps,1995-1826-0000.flac,123
random_loss,0.01,fixed_0.5,0.5,1,300,9,0.03,3.0,3.09,3.0,0.0033333333333332993,0,0.0,1,0.0033333333333333335,2.7903995513916016,2.7903995513916016,3.3855957984924316,0.9292465659325962,0.8968586445752661,8.693854960033299,0.0033333333333333335,1,1.0,1,1,HILCodec_3kbps,1995-1826-0000.flac,42
random_loss,0.01,fixed_0.5,0.5,1,300,9,0.03,3.0,3.09,3.0,0.013333333333333308,0,0.0,4,0.013333333333333334,2.311004638671875,2.311004638671875,3.1095094680786133,0.9248181969455228,0.8897709371560789,7.758498775640332,0.013333333333333334,4,1.0,1,4,HILCodec_3kbps,1995-1826-0000.flac,123
random_loss,0.01,fixed_0.5,0.5,2,300,9,0.03,3.0,3.09,3.0,0.0033333333333332993,0,0.0,1,0.0033333333333333335,2.7903995513916016,2.7903995513916016,3.3855957984924316,0.9292465659325962,0.896858644575266,8.693854960033299,0.0033333333333333335,1,1.0,1,1,HILCodec_3kbps,1995-1826-0000.flac,42
random_loss,0.01,fixed_0.5,0.5,2,300,9,0.03,3.0,3.09,3.0,0.013333333333333308,0,0.0,4,0.013333333333333334,2.311004638671875,2.311004638671875,3.1095094680786133,0.9248181969455228,0.8897709371560789,7.758498775640332,0.013333333333333334,4,1.0,1,4,HILCodec_3kbps,1995-1826-0000.flac,123
random_loss,0.01,fixed_0.7,0.7,1,300,1,0.0033333333333333335,3.0,3.0100000000000002,0.33333333333333337,0.0033333333333332993,0,0.0,1,0.0033333333333333335,2.7903995513916016,2.7903995513916016,3.3855957984924316,0.9292465659325962,0.896858644575266,8.693854960033299,0.0033333333333333335,1,1.0,1,1,HILCodec_3kbps,1995-1826-0000.flac,42
random_loss,0.01,fixed_0.7,0.7,1,300,1,0.0033333333333333335,3.0,3.0100000000000002,0.33333333333333337,0.013333333333333308,0,0.0,4,0.013333333333333334,2.311004638671875,2.311004638671875,3.1095094680786133,0.9248181969455228,0.8897709371560789,7.758498775640332,0.013333333333333334,4,1.0,1,4,HILCodec_3kbps,1995-1826-0000.flac,123
random_loss,0.01,fixed_0.7,0.7,2,300,1,0.0033333333333333335,3.0,3.0100000000000002,0.33333333333333337,0.0033333333333332993,0,0.0,1,0.0033333333333333335,2.7903995513916016,2.7903995513916016,3.3855957984924316,0.9292465659325962,0.896858644575266,8.693854960033299,0.0033333333333333335,1,1.0,1,1,HILCodec_3kbps,1995-1826-0000.flac,42
random_loss,0.01,fixed_0.7,0.7,2,300,1,0.0033333333333333335,3.0,3.0100000000000002,0.33333333333333337,0.013333333333333308,0,0.0,4,0.013333333333333334,2.311004638671875,2.311004638671875,3.1095094680786133,0.9248181969455228,0.8897709371560789,7.758498775640332,0.013333333333333334,4,1.0,1,4,HILCodec_3kbps,1995-1826-0000.flac,123
random_loss,0.01,adaptive_mean_std,dynamic,1,300,28,0.09333333333333334,3.0,3.28,9.333333333333334,0.0033333333333332993,0,0.0,1,0.0033333333333333335,2.7903995513916016,2.7903995513916016,3.3855957984924316,0.9292465659325962,0.8968586445752661,8.693854960033299,0.0033333333333333335,1,1.0,1,1,HILCodec_3kbps,1995-1826-0000.flac,42
random_loss,0.01,adaptive_mean_std,dynamic,1,300,28,0.09333333333333334,3.0,3.28,9.333333333333334,0.013333333333333308,0,0.0,4,0.013333333333333334,2.311004638671875,2.311004638671875,3.1095094680786133,0.9248181969455228,0.8897709371560789,7.758498775640332,0.013333333333333334,4,1.0,1,4,HILCodec_3kbps,1995-1826-0000.flac,123
random_loss,0.01,adaptive_mean_std,dynamic,2,300,28,0.09333333333333334,3.0,3.28,9.333333333333334,0.0033333333333332993,0,0.0,1,0.0033333333333333335,2.7903995513916016,2.7903995513916016,3.3855957984924316,0.9292465659325962,0.8968586445752661,8.693854960033299,0.0033333333333333335,1,1.0,1,1,HILCodec_3kbps,1995-1826-0000.flac,42
random_loss,0.01,adaptive_mean_std,dynamic,2,300,28,0.09333333333333334,3.0,3.28,9.333333333333334,0.013333333333333308,0,0.0,4,0.013333333333333334,2.311004638671875,2.311004638671875,3.1095094680786133,0.9248181969455228,0.8897709371560789,7.758498775640332,0.013333333333333334,4,1.0,1,4,HILCodec_3kbps,1995-1826-0000.flac,123
random_loss,0.01,adaptive_quantile_70,dynamic,1,300,101,0.33666666666666667,3.0,4.01,33.666666666666664,0.0033333333333332993,1,1.0,0,0.0,3.019770383834839,3.019770383834839,3.534237861633301,0.9307096082877452,0.8986840632798656,8.955114832054708,0.0,0,0.0,0,0,HILCodec_3kbps,1995-1826-0000.flac,42
random_loss,0.01,adaptive_quantile_70,dynamic,1,300,101,0.33666666666666667,3.0,4.01,33.666666666666664,0.013333333333333308,0,0.0,4,0.013333333333333334,2.311004638671875,2.311004638671875,3.1095094680786133,0.9248181969455228,0.8897709371560789,7.758498775640332,0.013333333333333334,4,1.0,1,4,HILCodec_3kbps,1995-1826-0000.flac,123
random_loss,0.01,adaptive_quantile_70,dynamic,2,300,101,0.33666666666666667,3.0,4.01,33.666666666666664,0.0033333333333332993,1,1.0,0,0.0,3.019770383834839,3.019770383834839,3.534237861633301,0.9307096082877452,0.8986840632798656,8.955114832054708,0.0,0,0.0,0,0,HILCodec_3kbps,1995-1826-0000.flac,42
random_loss,0.01,adaptive_quantile_70,dynamic,2,300,101,0.33666666666666667,3.0,4.01,33.666666666666664,0.013333333333333308,0,0.0,4,0.013333333333333334,2.311004638671875,2.311004638671875,3.1095094680786133,0.9248181969455228,0.8897709371560789,7.758498775640332,0.013333333333333334,4,1.0,1,4,HILCodec_3kbps,1995-1826-0000.flac,123
random_loss,0.01,all_duplicate,all_duplicate,1,300,300,1.0,3.0,6.0,100.0,0.0033333333333332993,1,1.0,0,0.0,3.019770383834839,3.019770383834839,3.534237861633301,0.9307096082877452,0.8986840632798656,8.955114832054708,0.0,0,0.0,0,0,HILCodec_3kbps,1995-1826-0000.flac,42
random_loss,0.01,all_duplicate,all_duplicate,1,300,300,1.0,3.0,6.0,100.0,0.013333333333333308,4,1.0,0,0.0,3.019770383834839,3.019770383834839,3.534237861633301,0.9307096082877452,0.8986840632798656,8.955114832054708,0.0,0,0.0,0,0,HILCodec_3kbps,1995-1826-0000.flac,123
random_loss,0.01,all_duplicate,all_duplicate,2,300,300,1.0,3.0,6.0,100.0,0.0033333333333332993,1,1.0,0,0.0,3.019770383834839,3.019770383834839,3.534237861633301,0.9307096082877452,0.8986840632798656,8.955114832054708,0.0,0,0.0,0,0,HILCodec_3kbps,1995-1826-0000.flac,42
random_loss,0.01,all_duplicate,all_duplicate,2,300,300,1.0,3.0,6.0,100.0,0.013333333333333308,4,1.0,0,0.0,3.019770383834839,3.019770383834839,3.534237861633301,0.9307096082877452,0.8986840632798655,8.955114832054708,0.0,0,0.0,0,0,HILCodec_3kbps,1995-1826-0000.flac,123
random_loss,0.03,no_duplicate,no_duplicate,1,300,0,0.0,3.0,3.0,0.0,0.026666666666666616,0,0.0,8,0.02666666666666667,2.105661392211914,2.105661392211914,2.811380386352539,0.9176182900703759,0.8803837508990815,7.335525121886808,0.02666666666666667,8,1.0,1,8,HILCodec_3kbps,1995-1826-0000.flac,42
random_loss,0.03,no_duplicate,no_duplicate,1,300,0,0.0,3.0,3.0,0.0,0.033333333333333326,0,0.0,10,0.03333333333333333,2.135704755783081,2.135704755783081,2.9932429790496826,0.9194896229342784,0.8804994588960253,5.399986203992459,0.03333333333333333,10,1.0,1,10,HILCodec_3kbps,1995-1826-0000.flac,123
random_loss,0.03,no_duplicate,no_duplicate,2,300,0,0.0,3.0,3.0,0.0,0.026666666666666616,0,0.0,8,0.02666666666666667,2.105661392211914,2.105661392211914,2.811380386352539,0.9176182900703759,0.8803837508990815,7.335525121886808,0.02666666666666667,8,1.0,1,8,HILCodec_3kbps,1995-1826-0000.flac,42
random_loss,0.03,no_duplicate,no_duplicate,2,300,0,0.0,3.0,3.0,0.0,0.033333333333333326,0,0.0,10,0.03333333333333333,2.135704755783081,2.135704755783081,2.9932429790496826,0.9194896229342784,0.8804994588960254,5.399986203992459,0.03333333333333333,10,1.0,1,10,HILCodec_3kbps,1995-1826-0000.flac,123
random_loss,0.03,fixed_0.3,0.3,1,300,22,0.07333333333333333,3.0,3.2199999999999998,7.333333333333333,0.026666666666666616,0,0.0,8,0.02666666666666667,2.105661392211914,2.105661392211914,2.811380386352539,0.9176182900703759,0.8803837508990815,7.335525121886808,0.02666666666666667,8,1.0,1,8,HILCodec_3kbps,1995-1826-0000.flac,42
random_loss,0.03,fixed_0.3,0.3,1,300,22,0.07333333333333333,3.0,3.2199999999999998,7.333333333333333,0.033333333333333326,0,0.0,10,0.03333333333333333,2.135704755783081,2.135704755783081,2.9932429790496826,0.9194896229342784,0.8804994588960254,5.399986203992459,0.03333333333333333,10,1.0,1,10,HILCodec_3kbps,1995-1826-0000.flac,123
random_loss,0.03,fixed_0.3,0.3,2,300,22,0.07333333333333333,3.0,3.2199999999999998,7.333333333333333,0.026666666666666616,0,0.0,8,0.02666666666666667,2.105661392211914,2.105661392211914,2.811380386352539,0.9176182900703759,0.8803837508990815,7.335525121886808,0.02666666666666667,8,1.0,1,8,HILCodec_3kbps,1995-1826-0000.flac,42
random_loss,0.03,fixed_0.3,0.3,2,300,22,0.07333333333333333,3.0,3.2199999999999998,7.333333333333333,0.033333333333333326,0,0.0,10,0.03333333333333333,2.135704755783081,2.135704755783081,2.9932429790496826,0.9194896229342784,0.8804994588960253,5.399986203992459,0.03333333333333333,10,1.0,1,10,HILCodec_3kbps,1995-1826-0000.flac,123
random_loss,0.03,fixed_0.5,0.5,1,300,9,0.03,3.0,3.09,3.0,0.026666666666666616,0,0.0,8,0.02666666666666667,2.105661392211914,2.105661392211914,2.811380386352539,0.9176182900703759,0.8803837508990815,7.335525121886808,0.02666666666666667,8,1.0,1,8,HILCodec_3kbps,1995-1826-0000.flac,42
random_loss,0.03,fixed_0.5,0.5,1,300,9,0.03,3.0,3.09,3.0,0.033333333333333326,0,0.0,10,0.03333333333333333,2.135704755783081,2.135704755783081,2.9932429790496826,0.9194896229342784,0.8804994588960254,5.399986203992459,0.03333333333333333,10,1.0,1,10,HILCodec_3kbps,1995-1826-0000.flac,123
random_loss,0.03,fixed_0.5,0.5,2,300,9,0.03,3.0,3.09,3.0,0.026666666666666616,0,0.0,8,0.02666666666666667,2.105661392211914,2.105661392211914,2.811380386352539,0.9176182900703759,0.8803837508990815,7.335525121886808,0.02666666666666667,8,1.0,1,8,HILCodec_3kbps,1995-1826-0000.flac,42
random_loss,0.03,fixed_0.5,0.5,2,300,9,0.03,3.0,3.09,3.0,0.033333333333333326,0,0.0,10,0.03333333333333333,2.135704755783081,2.135704755783081,2.9932429790496826,0.9194896229342784,0.8804994588960254,5.399986203992459,0.03333333333333333,10,1.0,1,10,HILCodec_3kbps,1995-1826-0000.flac,123
random_loss,0.03,fixed_0.7,0.7,1,300,1,0.0033333333333333335,3.0,3.0100000000000002,0.33333333333333337,0.026666666666666616,0,0.0,8,0.02666666666666667,2.105661392211914,2.105661392211914,2.811380386352539,0.9176182900703759,0.8803837508990815,7.335525121886808,0.02666666666666667,8,1.0,1,8,HILCodec_3kbps,1995-1826-0000.flac,42
random_loss,0.03,fixed_0.7,0.7,1,300,1,0.0033333333333333335,3.0,3.0100000000000002,0.33333333333333337,0.033333333333333326,0,0.0,10,0.03333333333333333,2.135704755783081,2.135704755783081,2.9932429790496826,0.9194896229342784,0.8804994588960254,5.399986203992459,0.03333333333333333,10,1.0,1,10,HILCodec_3kbps,1995-1826-0000.flac,123
random_loss,0.03,fixed_0.7,0.7,2,300,1,0.0033333333333333335,3.0,3.0100000000000002,0.33333333333333337,0.026666666666666616,0,0.0,8,0.02666666666666667,2.105661392211914,2.105661392211914,2.811380386352539,0.9176182900703759,0.8803837508990815,7.335525121886808,0.02666666666666667,8,1.0,1,8,HILCodec_3kbps,1995-1826-0000.flac,42
random_loss,0.03,fixed_0.7,0.7,2,300,1,0.0033333333333333335,3.0,3.0100000000000002,0.33333333333333337,0.033333333333333326,0,0.0,10,0.03333333333333333,2.135704755783081,2.135704755783081,2.9932429790496826,0.9194896229342784,0.8804994588960253,5.399986203992459,0.03333333333333333,10,1.0,1,10,HILCodec_3kbps,1995-1826-0000.flac,123
random_loss,0.03,adaptive_mean_std,dynamic,1,300,28,0.09333333333333334,3.0,3.28,9.333333333333334,0.026666666666666616,1,0.125,7,0.023333333333333334,2.3603715896606445,2.3603715896606445,3.0433263778686523,0.9228296643962617,0.8870474871512389,7.617237825904013,0.023333333333333334,7,1.0,1,7,HILCodec_3kbps,1995-1826-0000.flac,42
random_loss,0.03,adaptive_mean_std,dynamic,1,300,28,0.09333333333333334,3.0,3.28,9.333333333333334,0.033333333333333326,0,0.0,10,0.03333333333333333,2.135704755783081,2.135704755783081,2.9932429790496826,0.9194896229342784,0.8804994588960253,5.399986203992459,0.03333333333333333,10,1.0,1,10,HILCodec_3kbps,1995-1826-0000.flac,123
random_loss,0.03,adaptive_mean_std,dynamic,2,300,28,0.09333333333333334,3.0,3.28,9.333333333333334,0.026666666666666616,1,0.125,7,0.023333333333333334,2.3603715896606445,2.3603715896606445,3.0433263778686523,0.9228296643962617,0.8870474871512389,7.617237825904013,0.023333333333333334,7,1.0,1,7,HILCodec_3kbps,1995-1826-0000.flac,42
random_loss,0.03,adaptive_mean_std,dynamic,2,300,28,0.09333333333333334,3.0,3.28,9.333333333333334,0.033333333333333326,0,0.0,10,0.03333333333333333,2.135704755783081,2.135704755783081,2.9932429790496826,0.9194896229342784,0.8804994588960253,5.399986203992459,0.03333333333333333,10,1.0,1,10,HILCodec_3kbps,1995-1826-0000.flac,123
random_loss,0.03,adaptive_quantile_70,dynamic,1,300,101,0.33666666666666667,3.0,4.01,33.666666666666664,0.026666666666666616,2,0.25,6,0.02,2.52201247215271,2.52201247215271,3.166877269744873,0.9242927325025324,0.8888737452638626,7.82848697961575,0.02,6,1.0,1,6,HILCodec_3kbps,1995-1826-0000.flac,42
random_loss,0.03,adaptive_quantile_70,dynamic,1,300,101,0.33666666666666667,3.0,4.01,33.666666666666664,0.033333333333333326,2,0.2,8,0.02666666666666667,2.1451892852783203,2.1451892852783203,3.0368945598602295,0.921312242651434,0.882129739361739,7.619856827366236,0.02666666666666667,8,1.0,1,8,HILCodec_3kbps,1995-1826-0000.flac,123
random_loss,0.03,adaptive_quantile_70,dynamic,2,300,101,0.33666666666666667,3.0,4.01,33.666666666666664,0.026666666666666616,2,0.25,6,0.02,2.52201247215271,2.52201247215271,3.166877269744873,0.9242927325025324,0.8888737452638626,7.82848697961575,0.02,6,1.0,1,6,HILCodec_3kbps,1995-1826-0000.flac,42
random_loss,0.03,adaptive_quantile_70,dynamic,2,300,101,0.33666666666666667,3.0,4.01,33.666666666666664,0.033333333333333326,2,0.2,8,0.02666666666666667,2.1451892852783203,2.1451892852783203,3.0368945598602295,0.921312242651434,0.882129739361739,7.619856827366236,0.02666666666666667,8,1.0,1,8,HILCodec_3kbps,1995-1826-0000.flac,123
random_loss,0.03,all_duplicate,all_duplicate,1,300,300,1.0,3.0,6.0,100.0,0.026666666666666616,8,1.0,0,0.0,3.019770383834839,3.019770383834839,3.534237861633301,0.9307096082877452,0.8986840632798655,8.955114832054708,0.0,0,0.0,0,0,HILCodec_3kbps,1995-1826-0000.flac,42
random_loss,0.03,all_duplicate,all_duplicate,1,300,300,1.0,3.0,6.0,100.0,0.033333333333333326,10,1.0,0,0.0,3.019770383834839,3.019770383834839,3.534237861633301,0.9307096082877452,0.8986840632798656,8.955114832054708,0.0,0,0.0,0,0,HILCodec_3kbps,1995-1826-0000.flac,123
random_loss,0.03,all_duplicate,all_duplicate,2,300,300,1.0,3.0,6.0,100.0,0.026666666666666616,8,1.0,0,0.0,3.019770383834839,3.019770383834839,3.534237861633301,0.9307096082877452,0.8986840632798655,8.955114832054708,0.0,0,0.0,0,0,HILCodec_3kbps,1995-1826-0000.flac,42
random_loss,0.03,all_duplicate,all_duplicate,2,300,300,1.0,3.0,6.0,100.0,0.033333333333333326,10,1.0,0,0.0,3.019770383834839,3.019770383834839,3.534237861633301,0.9307096082877452,0.8986840632798655,8.955114832054708,0.0,0,0.0,0,0,HILCodec_3kbps,1995-1826-0000.flac,123
random_loss,0.05,no_duplicate,no_duplicate,1,300,0,0.0,3.0,3.0,0.0,0.050000000000000044,0,0.0,15,0.05,1.8045244216918945,1.8045244216918945,2.57656192779541,0.9054112615993354,0.8638231141939599,6.247537372748395,0.05,15,1.0,1,15,HILCodec_3kbps,1995-1826-0000.flac,42
random_loss,0.05,no_duplicate,no_duplicate,1,300,0,0.0,3.0,3.0,0.0,0.050000000000000044,0,0.0,15,0.05,1.7398353815078735,1.7398353815078735,2.5572867393493652,0.9029376701784482,0.8666152545555297,3.8354288498027893,0.05,15,1.0714285714285714,2,14,HILCodec_3kbps,1995-1826-0000.flac,123
random_loss,0.05,no_duplicate,no_duplicate,2,300,0,0.0,3.0,3.0,0.0,0.050000000000000044,0,0.0,15,0.05,1.8045244216918945,1.8045244216918945,2.57656192779541,0.9054112615993354,0.8638231141939599,6.247537372748395,0.05,15,1.0,1,15,HILCodec_3kbps,1995-1826-0000.flac,42
random_loss,0.05,no_duplicate,no_duplicate,2,300,0,0.0,3.0,3.0,0.0,0.050000000000000044,0,0.0,15,0.05,1.7398353815078735,1.7398353815078735,2.5572867393493652,0.9029376701784482,0.8666152545555297,3.8354288498027893,0.05,15,1.0714285714285714,2,14,HILCodec_3kbps,1995-1826-0000.flac,123
random_loss,0.05,fixed_0.3,0.3,1,300,22,0.07333333333333333,3.0,3.2199999999999998,7.333333333333333,0.050000000000000044,0,0.0,15,0.05,1.8045244216918945,1.8045244216918945,2.57656192779541,0.9054112615993354,0.8638231141939599,6.247537372748395,0.05,15,1.0,1,15,HILCodec_3kbps,1995-1826-0000.flac,42
random_loss,0.05,fixed_0.3,0.3,1,300,22,0.07333333333333333,3.0,3.2199999999999998,7.333333333333333,0.050000000000000044,2,0.13333333333333333,13,0.043333333333333335,1.9699831008911133,1.9699831008911133,2.7681186199188232,0.9120172532439216,0.8741978458915458,4.082414318344902,0.043333333333333335,13,1.0833333333333333,2,12,HILCodec_3kbps,1995-1826-0000.flac,123
random_loss,0.05,fixed_0.3,0.3,2,300,22,0.07333333333333333,3.0,3.2199999999999998,7.333333333333333,0.050000000000000044,0,0.0,15,0.05,1.8045244216918945,1.8045244216918945,2.57656192779541,0.9054112615993354,0.8638231141939599,6.247537372748395,0.05,15,1.0,1,15,HILCodec_3kbps,1995-1826-0000.flac,42
random_loss,0.05,fixed_0.3,0.3,2,300,22,0.07333333333333333,3.0,3.2199999999999998,7.333333333333333,0.050000000000000044,2,0.13333333333333333,13,0.043333333333333335,1.9699831008911133,1.9699831008911133,2.7681186199188232,0.9120172532439216,0.8741978458915457,4.082414318344902,0.043333333333333335,13,1.0833333333333333,2,12,HILCodec_3kbps,1995-1826-0000.flac,123
random_loss,0.05,fixed_0.5,0.5,1,300,9,0.03,3.0,3.09,3.0,0.050000000000000044,0,0.0,15,0.05,1.8045244216918945,1.8045244216918945,2.57656192779541,0.9054112615993354,0.8638231141939599,6.247537372748395,0.05,15,1.0,1,15,HILCodec_3kbps,1995-1826-0000.flac,42
random_loss,0.05,fixed_0.5,0.5,1,300,9,0.03,3.0,3.09,3.0,0.050000000000000044,1,0.06666666666666667,14,0.04666666666666667,1.8062412738800049,1.8062412738800049,2.6369364261627197,0.90739849538521,0.8720865693048615,3.910301561980967,0.04666666666666667,14,1.0769230769230769,2,13,HILCodec_3kbps,1995-1826-0000.flac,123
random_loss,0.05,fixed_0.5,0.5,2,300,9,0.03,3.0,3.09,3.0,0.050000000000000044,0,0.0,15,0.05,1.8045244216918945,1.8045244216918945,2.57656192779541,0.9054112615993354,0.8638231141939599,6.247537372748395,0.05,15,1.0,1,15,HILCodec_3kbps,1995-1826-0000.flac,42
random_loss,0.05,fixed_0.5,0.5,2,300,9,0.03,3.0,3.09,3.0,0.050000000000000044,1,0.06666666666666667,14,0.04666666666666667,1.8062412738800049,1.8062412738800049,2.6369364261627197,0.90739849538521,0.8720865693048615,3.910301561980967,0.04666666666666667,14,1.0769230769230769,2,13,HILCodec_3kbps,1995-1826-0000.flac,123
random_loss,0.05,fixed_0.7,0.7,1,300,1,0.0033333333333333335,3.0,3.0100000000000002,0.33333333333333337,0.050000000000000044,0,0.0,15,0.05,1.8045244216918945,1.8045244216918945,2.57656192779541,0.9054112615993354,0.8638231141939599,6.247537372748395,0.05,15,1.0,1,15,HILCodec_3kbps,1995-1826-0000.flac,42
random_loss,0.05,fixed_0.7,0.7,1,300,1,0.0033333333333333335,3.0,3.0100000000000002,0.33333333333333337,0.050000000000000044,0,0.0,15,0.05,1.7398353815078735,1.7398353815078735,2.5572867393493652,0.9029376701784482,0.8666152545555297,3.8354288498027893,0.05,15,1.0714285714285714,2,14,HILCodec_3kbps,1995-1826-0000.flac,123
random_loss,0.05,fixed_0.7,0.7,2,300,1,0.0033333333333333335,3.0,3.0100000000000002,0.33333333333333337,0.050000000000000044,0,0.0,15,0.05,1.8045244216918945,1.8045244216918945,2.57656192779541,0.9054112615993354,0.8638231141939599,6.247537372748395,0.05,15,1.0,1,15,HILCodec_3kbps,1995-1826-0000.flac,42
random_loss,0.05,fixed_0.7,0.7,2,300,1,0.0033333333333333335,3.0,3.0100000000000002,0.33333333333333337,0.050000000000000044,0,0.0,15,0.05,1.7398353815078735,1.7398353815078735,2.5572867393493652,0.9029376701784482,0.8666152545555297,3.8354288498027893,0.05,15,1.0714285714285714,2,14,HILCodec_3kbps,1995-1826-0000.flac,123
random_loss,0.05,adaptive_mean_std,dynamic,1,300,28,0.09333333333333334,3.0,3.28,9.333333333333334,0.050000000000000044,1,0.06666666666666667,14,0.04666666666666667,1.980699896812439,1.980699896812439,2.7778120040893555,0.9106226359252211,0.8704868504461172,6.485587659935835,0.04666666666666667,14,1.0,1,14,HILCodec_3kbps,1995-1826-0000.flac,42
random_loss,0.05,adaptive_mean_std,dynamic,1,300,28,0.09333333333333334,3.0,3.28,9.333333333333334,0.050000000000000044,2,0.13333333333333333,13,0.043333333333333335,1.9699831008911133,1.9699831008911133,2.7681186199188232,0.9120172532439216,0.8741978458915457,4.082414318344902,0.043333333333333335,13,1.0833333333333333,2,12,HILCodec_3kbps,1995-1826-0000.flac,123
random_loss,0.05,adaptive_mean_std,dynamic,2,300,28,0.09333333333333334,3.0,3.28,9.333333333333334,0.050000000000000044,1,0.06666666666666667,14,0.04666666666666667,1.980699896812439,1.980699896812439,2.7778120040893555,0.9106226359252211,0.8704868504461172,6.485587659935835,0.04666666666666667,14,1.0,1,14,HILCodec_3kbps,1995-1826-0000.flac,42
random_loss,0.05,adaptive_mean_std,dynamic,2,300,28,0.09333333333333334,3.0,3.28,9.333333333333334,0.050000000000000044,2,0.13333333333333333,13,0.043333333333333335,1.9699831008911133,1.9699831008911133,2.7681186199188232,0.9120172532439216,0.8741978458915457,4.082414318344902,0.043333333333333335,13,1.0833333333333333,2,12,HILCodec_3kbps,1995-1826-0000.flac,123
random_loss,0.05,adaptive_quantile_70,dynamic,1,300,101,0.33666666666666667,3.0,4.01,33.666666666666664,0.050000000000000044,5,0.3333333333333333,10,0.03333333333333333,2.441420078277588,2.441420078277588,3.034144639968872,0.9228486919790324,0.8868542000446603,6.917859215532093,0.03333333333333333,10,1.0,1,10,HILCodec_3kbps,1995-1826-0000.flac,42
random_loss,0.05,adaptive_quantile_70,dynamic,1,300,101,0.33666666666666667,3.0,4.01,33.666666666666664,0.050000000000000044,4,0.26666666666666666,11,0.03666666666666667,2.055384635925293,2.055384635925293,2.937023878097534,0.9165027294092181,0.8782942838730309,5.9771347810311255,0.03666666666666667,11,1.0,1,11,HILCodec_3kbps,1995-1826-0000.flac,123
random_loss,0.05,adaptive_quantile_70,dynamic,2,300,101,0.33666666666666667,3.0,4.01,33.666666666666664,0.050000000000000044,5,0.3333333333333333,10,0.03333333333333333,2.441420078277588,2.441420078277588,3.034144639968872,0.9228486919790324,0.8868542000446603,6.917859215532093,0.03333333333333333,10,1.0,1,10,HILCodec_3kbps,1995-1826-0000.flac,42
random_loss,0.05,adaptive_quantile_70,dynamic,2,300,101,0.33666666666666667,3.0,4.01,33.666666666666664,0.050000000000000044,5,0.3333333333333333,10,0.03333333333333333,2.028184413909912,2.028184413909912,2.9322047233581543,0.9180625540486955,0.8794232727013716,7.321357164644202,0.03333333333333333,10,1.0,1,10,HILCodec_3kbps,1995-1826-0000.flac,123
random_loss,0.05,all_duplicate,all_duplicate,1,300,300,1.0,3.0,6.0,100.0,0.050000000000000044,15,1.0,0,0.0,3.019770383834839,3.019770383834839,3.534237861633301,0.9307096082877452,0.8986840632798656,8.955114832054708,0.0,0,0.0,0,0,HILCodec_3kbps,1995-1826-0000.flac,42
random_loss,0.05,all_duplicate,all_duplicate,1,300,300,1.0,3.0,6.0,100.0,0.050000000000000044,14,0.9333333333333333,1,0.0033333333333333335,2.912332773208618,2.912332773208618,3.4091269969940186,0.9287041241603412,0.8971625990108901,7.212748053585152,0.0033333333333333335,1,1.0,1,1,HILCodec_3kbps,1995-1826-0000.flac,123
random_loss,0.05,all_duplicate,all_duplicate,2,300,300,1.0,3.0,6.0,100.0,0.050000000000000044,15,1.0,0,0.0,3.019770383834839,3.019770383834839,3.534237861633301,0.9307096082877452,0.8986840632798655,8.955114832054708,0.0,0,0.0,0,0,HILCodec_3kbps,1995-1826-0000.flac,42
random_loss,0.05,all_duplicate,all_duplicate,2,300,300,1.0,3.0,6.0,100.0,0.050000000000000044,13,0.8666666666666667,2,0.006666666666666667,2.8046019077301025,2.8046019077301025,3.3740756511688232,0.9285980136952039,0.8967612679340607,8.71939222023579,0.006666666666666667,2,1.0,1,2,HILCodec_3kbps,1995-1826-0000.flac,123
random_loss,0.1,no_duplicate,no_duplicate,1,300,0,0.0,3.0,3.0,0.0,0.09666666666666668,0,0.0,29,0.09666666666666666,1.475696086883545,1.475696086883545,2.158019781112671,0.8858697125813016,0.8419553408643773,5.054060718434867,0.09666666666666666,29,1.0740740740740742,2,27,HILCodec_3kbps,1995-1826-0000.flac,42
random_loss,0.1,no_duplicate,no_duplicate,1,300,0,0.0,3.0,3.0,0.0,0.09999999999999998,0,0.0,30,0.1,1.4476680755615234,1.4476680755615234,2.142106533050537,0.8849988678160352,0.8438388007140196,2.5531092109796436,0.1,30,1.1111111111111112,2,27,HILCodec_3kbps,1995-1826-0000.flac,123
random_loss,0.1,no_duplicate,no_duplicate,2,300,0,0.0,3.0,3.0,0.0,0.09666666666666668,0,0.0,29,0.09666666666666666,1.475696086883545,1.475696086883545,2.158019781112671,0.8858697125813016,0.8419553408643773,5.054060718434867,0.09666666666666666,29,1.0740740740740742,2,27,HILCodec_3kbps,1995-1826-0000.flac,42
random_loss,0.1,no_duplicate,no_duplicate,2,300,0,0.0,3.0,3.0,0.0,0.09999999999999998,0,0.0,30,0.1,1.4476680755615234,1.4476680755615234,2.142106533050537,0.8849988678160352,0.8438388007140197,2.5531092109796436,0.1,30,1.1111111111111112,2,27,HILCodec_3kbps,1995-1826-0000.flac,123
random_loss,0.1,fixed_0.3,0.3,1,300,22,0.07333333333333333,3.0,3.2199999999999998,7.333333333333333,0.09666666666666668,1,0.034482758620689655,28,0.09333333333333334,1.480909824371338,1.480909824371338,2.172257900238037,0.888064524680901,0.8426059977510605,5.121360189190021,0.09333333333333334,28,1.0769230769230769,2,26,HILCodec_3kbps,1995-1826-0000.flac,42
random_loss,0.1,fixed_0.3,0.3,1,300,22,0.07333333333333333,3.0,3.2199999999999998,7.333333333333333,0.09999999999999998,4,0.13333333333333333,26,0.08666666666666667,1.5920823812484741,1.5920823812484741,2.290679931640625,0.8977706436330174,0.8559858235078467,2.8544019076754816,0.08666666666666667,26,1.1304347826086956,2,23,HILCodec_3kbps,1995-1826-0000.flac,123
random_loss,0.1,fixed_0.3,0.3,2,300,22,0.07333333333333333,3.0,3.2199999999999998,7.333333333333333,0.09666666666666668,1,0.034482758620689655,28,0.09333333333333334,1.480909824371338,1.480909824371338,2.172257900238037,0.888064524680901,0.8426059977510605,5.121360189190021,0.09333333333333334,28,1.0769230769230769,2,26,HILCodec_3kbps,1995-1826-0000.flac,42
random_loss,0.1,fixed_0.3,0.3,2,300,22,0.07333333333333333,3.0,3.2199999999999998,7.333333333333333,0.09999999999999998,4,0.13333333333333333,26,0.08666666666666667,1.5920823812484741,1.5920823812484741,2.290679931640625,0.8977706436330174,0.8559858235078467,2.8544019076754816,0.08666666666666667,26,1.1304347826086956,2,23,HILCodec_3kbps,1995-1826-0000.flac,123
random_loss,0.1,fixed_0.5,0.5,1,300,9,0.03,3.0,3.09,3.0,0.09666666666666668,0,0.0,29,0.09666666666666666,1.475696086883545,1.475696086883545,2.158019781112671,0.8858697125813016,0.8419553408643773,5.054060718434867,0.09666666666666666,29,1.0740740740740742,2,27,HILCodec_3kbps,1995-1826-0000.flac,42
random_loss,0.1,fixed_0.5,0.5,1,300,9,0.03,3.0,3.09,3.0,0.09999999999999998,1,0.03333333333333333,29,0.09666666666666666,1.4695557355880737,1.4695557355880737,2.1876161098480225,0.8892891542131319,0.8489110029697903,2.614915737398253,0.09666666666666666,29,1.1153846153846154,2,26,HILCodec_3kbps,1995-1826-0000.flac,123
random_loss,0.1,fixed_0.5,0.5,2,300,9,0.03,3.0,3.09,3.0,0.09666666666666668,0,0.0,29,0.09666666666666666,1.475696086883545,1.475696086883545,2.158019781112671,0.8858697125813016,0.8419553408643773,5.054060718434867,0.09666666666666666,29,1.0740740740740742,2,27,HILCodec_3kbps,1995-1826-0000.flac,42
random_loss,0.1,fixed_0.5,0.5,2,300,9,0.03,3.0,3.09,3.0,0.09999999999999998,1,0.03333333333333333,29,0.09666666666666666,1.4695557355880737,1.4695557355880737,2.1876161098480225,0.8892891542131319,0.8489110029697904,2.614915737398253,0.09666666666666666,29,1.1153846153846154,2,26,HILCodec_3kbps,1995-1826-0000.flac,123
random_loss,0.1,fixed_0.7,0.7,1,300,1,0.0033333333333333335,3.0,3.0100000000000002,0.33333333333333337,0.09666666666666668,0,0.0,29,0.09666666666666666,1.475696086883545,1.475696086883545,2.158019781112671,0.8858697125813016,0.8419553408643773,5.054060718434867,0.09666666666666666,29,1.0740740740740742,2,27,HILCodec_3kbps,1995-1826-0000.flac,42
random_loss,0.1,fixed_0.7,0.7,1,300,1,0.0033333333333333335,3.0,3.0100000000000002,0.33333333333333337,0.09999999999999998,0,0.0,30,0.1,1.4476680755615234,1.4476680755615234,2.142106533050537,0.8849988678160352,0.8438388007140197,2.5531092109796436,0.1,30,1.1111111111111112,2,27,HILCodec_3kbps,1995-1826-0000.flac,123
random_loss,0.1,fixed_0.7,0.7,2,300,1,0.0033333333333333335,3.0,3.0100000000000002,0.33333333333333337,0.09666666666666668,0,0.0,29,0.09666666666666666,1.475696086883545,1.475696086883545,2.158019781112671,0.8858697125813016,0.8419553408643773,5.054060718434867,0.09666666666666666,29,1.0740740740740742,2,27,HILCodec_3kbps,1995-1826-0000.flac,42
random_loss,0.1,fixed_0.7,0.7,2,300,1,0.0033333333333333335,3.0,3.0100000000000002,0.33333333333333337,0.09999999999999998,0,0.0,30,0.1,1.4476680755615234,1.4476680755615234,2.142106533050537,0.8849988678160352,0.8438388007140196,2.5531092109796436,0.1,30,1.1111111111111112,2,27,HILCodec_3kbps,1995-1826-0000.flac,123
random_loss,0.1,adaptive_mean_std,dynamic,1,300,28,0.09333333333333334,3.0,3.28,9.333333333333334,0.09666666666666668,2,0.06896551724137931,27,0.09,1.5722967386245728,1.5722967386245728,2.3046681880950928,0.8911201545144818,0.8487336894474483,5.261902307373063,0.09,27,1.08,2,25,HILCodec_3kbps,1995-1826-0000.flac,42
random_loss,0.1,adaptive_mean_std,dynamic,1,300,28,0.09333333333333334,3.0,3.28,9.333333333333334,0.09999999999999998,4,0.13333333333333333,26,0.08666666666666667,1.5851609706878662,1.5851609706878662,2.283385753631592,0.8947897584100207,0.8537759612591873,2.7950302693811135,0.08666666666666667,26,1.1304347826086956,2,23,HILCodec_3kbps,1995-1826-0000.flac,123
random_loss,0.1,adaptive_mean_std,dynamic,2,300,28,0.09333333333333334,3.0,3.28,9.333333333333334,0.09666666666666668,2,0.06896551724137931,27,0.09,1.5722967386245728,1.5722967386245728,2.3046681880950928,0.8911201545144818,0.8487336894474482,5.261902307373063,0.09,27,1.08,2,25,HILCodec_3kbps,1995-1826-0000.flac,42
random_loss,0.1,adaptive_mean_std,dynamic,2,300,28,0.09333333333333334,3.0,3.28,9.333333333333334,0.09999999999999998,4,0.13333333333333333,26,0.08666666666666667,1.5851609706878662,1.5851609706878662,2.283385753631592,0.8947897584100207,0.8537759612591873,2.7950302693811135,0.08666666666666667,26,1.1304347826086956,2,23,HILCodec_3kbps,1995-1826-0000.flac,123
random_loss,0.1,adaptive_quantile_70,dynamic,1,300,101,0.33666666666666667,3.0,4.01,33.666666666666664,0.09666666666666668,9,0.3103448275862069,20,0.06666666666666667,1.9321792125701904,1.9321792125701904,2.528857469558716,0.9107048289996129,0.8715885378601756,5.736257580329632,0.06666666666666667,20,1.1111111111111112,2,18,HILCodec_3kbps,1995-1826-0000.flac,42
random_loss,0.1,adaptive_quantile_70,dynamic,1,300,101,0.33666666666666667,3.0,4.01,33.666666666666664,0.09999999999999998,9,0.3,21,0.07,1.6577990055084229,1.6577990055084229,2.419628858566284,0.9035105242093496,0.8615389147504883,4.41880867720235,0.07,21,1.105263157894737,2,19,HILCodec_3kbps,1995-1826-0000.flac,123
random_loss,0.1,adaptive_quantile_70,dynamic,2,300,101,0.33666666666666667,3.0,4.01,33.666666666666664,0.09666666666666668,8,0.27586206896551724,21,0.07,1.8211681842803955,1.8211681842803955,2.4932291507720947,0.9072678104772194,0.8665247699788445,5.693381572437409,0.07,21,1.105263157894737,2,19,HILCodec_3kbps,1995-1826-0000.flac,42
random_loss,0.1,adaptive_quantile_70,dynamic,2,300,101,0.33666666666666667,3.0,4.01,33.666666666666664,0.09999999999999998,10,0.3333333333333333,20,0.06666666666666667,1.6423099040985107,1.6423099040985107,2.4186854362487793,0.9050702521924974,0.8626656100399567,5.435937527184,0.06666666666666667,20,1.1111111111111112,2,18,HILCodec_3kbps,1995-1826-0000.flac,123
random_loss,0.1,all_duplicate,all_duplicate,1,300,300,1.0,3.0,6.0,100.0,0.09666666666666668,27,0.9310344827586207,2,0.006666666666666667,2.67743182182312,2.67743182182312,3.337423086166382,0.9277248100857455,0.8915060143850586,8.261630672312275,0.006666666666666667,2,1.0,1,2,HILCodec_3kbps,1995-1826-0000.flac,42
random_loss,0.1,all_duplicate,all_duplicate,1,300,300,1.0,3.0,6.0,100.0,0.09999999999999998,27,0.9,3,0.01,2.5109035968780518,2.5109035968780518,3.079324245452881,0.9257461864203547,0.8942349214761639,6.714200115877129,0.01,3,1.0,1,3,HILCodec_3kbps,1995-1826-0000.flac,123
random_loss,0.1,all_duplicate,all_duplicate,2,300,300,1.0,3.0,6.0,100.0,0.09666666666666668,26,0.896551724137931,3,0.01,2.592599391937256,2.592599391937256,3.279550790786743,0.9263705181915824,0.8932547988660723,8.883178523841996,0.01,3,1.0,1,3,HILCodec_3kbps,1995-1826-0000.flac,42
random_loss,0.1,all_duplicate,all_duplicate,2,300,300,1.0,3.0,6.0,100.0,0.09999999999999998,25,0.8333333333333334,5,0.016666666666666666,2.4745185375213623,2.4745185375213623,3.2086169719696045,0.9232554141378914,0.8882120323945887,7.765310205409168,0.016666666666666666,5,1.0,1,5,HILCodec_3kbps,1995-1826-0000.flac,123
random_loss,0.2,no_duplicate,no_duplicate,1,300,0,0.0,3.0,3.0,0.0,0.24,0,0.0,72,0.24,1.17739737033844,1.17739737033844,1.5465766191482544,0.8047520968843856,0.7485260079645558,-0.04913179991877976,0.24,72,1.44,6,50,HILCodec_3kbps,1995-1826-0000.flac,42
random_loss,0.2,no_duplicate,no_duplicate,1,300,0,0.0,3.0,3.0,0.0,0.20666666666666667,0,0.0,62,0.20666666666666667,1.1881505250930786,1.1881505250930786,1.5286171436309814,0.8250620460950883,0.7699091929085692,-0.653995613813819,0.20666666666666667,62,1.3478260869565217,4,46,HILCodec_3kbps,1995-1826-0000.flac,123
random_loss,0.2,no_duplicate,no_duplicate,2,300,0,0.0,3.0,3.0,0.0,0.24,0,0.0,72,0.24,1.17739737033844,1.17739737033844,1.5465766191482544,0.8047520968843856,0.7485260079645558,-0.04913179991877976,0.24,72,1.44,6,50,HILCodec_3kbps,1995-1826-0000.flac,42
random_loss,0.2,no_duplicate,no_duplicate,2,300,0,0.0,3.0,3.0,0.0,0.20666666666666667,0,0.0,62,0.20666666666666667,1.1881505250930786,1.1881505250930786,1.5286171436309814,0.8250620460950883,0.7699091929085692,-0.653995613813819,0.20666666666666667,62,1.3478260869565217,4,46,HILCodec_3kbps,1995-1826-0000.flac,123
random_loss,0.2,fixed_0.3,0.3,1,300,22,0.07333333333333333,3.0,3.2199999999999998,7.333333333333333,0.24,2,0.027777777777777776,70,0.23333333333333334,1.1897796392440796,1.1897796392440796,1.574174404144287,0.8127335194501166,0.7564585221419883,0.07452955828899704,0.23333333333333334,70,1.4583333333333333,6,48,HILCodec_3kbps,1995-1826-0000.flac,42
random_loss,0.2,fixed_0.3,0.3,1,300,22,0.07333333333333333,3.0,3.2199999999999998,7.333333333333333,0.20666666666666667,5,0.08064516129032258,57,0.19,1.233610987663269,1.233610987663269,1.643470048904419,0.8440669016344422,0.7876012646404204,-0.4064121954885269,0.19,57,1.3255813953488371,4,43,HILCodec_3kbps,1995-1826-0000.flac,123
random_loss,0.2,fixed_0.3,0.3,2,300,22,0.07333333333333333,3.0,3.2199999999999998,7.333333333333333,0.24,1,0.013888888888888888,71,0.23666666666666666,1.1803818941116333,1.1803818941116333,1.562447428703308,0.8072695769074586,0.7493821538775466,0.012538919196363837,0.23666666666666666,71,1.4489795918367347,6,49,HILCodec_3kbps,1995-1826-0000.flac,42
random_loss,0.2,fixed_0.3,0.3,2,300,22,0.07333333333333333,3.0,3.2199999999999998,7.333333333333333,0.20666666666666667,6,0.0967741935483871,56,0.18666666666666668,1.250715732574463,1.250715732574463,1.65459144115448,0.8485959497833119,0.7933759188201911,-0.3796968102283805,0.18666666666666668,56,1.3333333333333333,4,42,HILCodec_3kbps,1995-1826-0000.flac,123
random_loss,0.2,fixed_0.5,0.5,1,300,9,0.03,3.0,3.09,3.0,0.24,1,0.013888888888888888,71,0.23666666666666666,1.1872751712799072,1.1872751712799072,1.5576372146606445,0.8102160394270437,0.7556023762289975,0.012833436791857002,0.23666666666666666,71,1.4489795918367347,6,49,HILCodec_3kbps,1995-1826-0000.flac,42
random_loss,0.2,fixed_0.5,0.5,1,300,9,0.03,3.0,3.09,3.0,0.20666666666666667,2,0.03225806451612903,60,0.2,1.204789400100708,1.204789400100708,1.5996216535568237,0.8359871728650612,0.7788703367828084,-0.6434378549404313,0.2,60,1.3333333333333333,4,45,HILCodec_3kbps,1995-1826-0000.flac,123
random_loss,0.2,fixed_0.5,0.5,2,300,9,0.03,3.0,3.09,3.0,0.24,0,0.0,72,0.24,1.17739737033844,1.17739737033844,1.5465766191482544,0.8047520968843856,0.7485260079645558,-0.04913179991877976,0.24,72,1.44,6,50,HILCodec_3kbps,1995-1826-0000.flac,42
random_loss,0.2,fixed_0.5,0.5,2,300,9,0.03,3.0,3.09,3.0,0.20666666666666667,3,0.04838709677419355,59,0.19666666666666666,1.2195229530334473,1.2195229530334473,1.6168146133422852,0.8405162210139308,0.784644990962579,-0.6166341909229023,0.19666666666666666,59,1.3409090909090908,4,44,HILCodec_3kbps,1995-1826-0000.flac,123
random_loss,0.2,fixed_0.7,0.7,1,300,1,0.0033333333333333335,3.0,3.0100000000000002,0.33333333333333337,0.24,0,0.0,72,0.24,1.17739737033844,1.17739737033844,1.5465766191482544,0.8047520968843856,0.7485260079645558,-0.04913179991877976,0.24,72,1.44,6,50,HILCodec_3kbps,1995-1826-0000.flac,42
random_loss,0.2,fixed_0.7,0.7,1,300,1,0.0033333333333333335,3.0,3.0100000000000002,0.33333333333333337,0.20666666666666667,0,0.0,62,0.20666666666666667,1.1881505250930786,1.1881505250930786,1.5286171436309814,0.8250620460950883,0.7699091929085693,-0.653995613813819,0.20666666666666667,62,1.3478260869565217,4,46,HILCodec_3kbps,1995-1826-0000.flac,123
random_loss,0.2,fixed_0.7,0.7,2,300,1,0.0033333333333333335,3.0,3.0100000000000002,0.33333333333333337,0.24,0,0.0,72,0.24,1.17739737033844,1.17739737033844,1.5465766191482544,0.8047520968843856,0.7485260079645558,-0.04913179991877976,0.24,72,1.44,6,50,HILCodec_3kbps,1995-1826-0000.flac,42
random_loss,0.2,fixed_0.7,0.7,2,300,1,0.0033333333333333335,3.0,3.0100000000000002,0.33333333333333337,0.20666666666666667,0,0.0,62,0.20666666666666667,1.1881505250930786,1.1881505250930786,1.5286171436309814,0.8250620460950883,0.7699091929085692,-0.653995613813819,0.20666666666666667,62,1.3478260869565217,4,46,HILCodec_3kbps,1995-1826-0000.flac,123
random_loss,0.2,adaptive_mean_std,dynamic,1,300,28,0.09333333333333334,3.0,3.28,9.333333333333334,0.24,2,0.027777777777777776,70,0.23333333333333334,1.1873103380203247,1.1873103380203247,1.557929277420044,0.8102583844766232,0.7556544284270124,0.020123798674417295,0.23333333333333334,70,1.4583333333333333,6,48,HILCodec_3kbps,1995-1826-0000.flac,42
random_loss,0.2,adaptive_mean_std,dynamic,1,300,28,0.09333333333333334,3.0,3.28,9.333333333333334,0.20666666666666667,6,0.0967741935483871,56,0.18666666666666668,1.256156325340271,1.256156325340271,1.6945998668670654,0.8466244817246212,0.7908074804861712,-0.3477219084042682,0.18666666666666668,56,1.3333333333333333,4,42,HILCodec_3kbps,1995-1826-0000.flac,123
random_loss,0.2,adaptive_mean_std,dynamic,2,300,28,0.09333333333333334,3.0,3.28,9.333333333333334,0.24,3,0.041666666666666664,69,0.23,1.2145627737045288,1.2145627737045288,1.682389259338379,0.8279617395919793,0.768160016955443,0.001949649486295444,0.23,69,1.4081632653061225,6,49,HILCodec_3kbps,1995-1826-0000.flac,42
random_loss,0.2,adaptive_mean_std,dynamic,2,300,28,0.09333333333333334,3.0,3.28,9.333333333333334,0.20666666666666667,6,0.0967741935483871,56,0.18666666666666668,1.2749956846237183,1.2749956846237183,1.7149642705917358,0.8511535298734909,0.7965821346659419,-0.3210389354680829,0.18666666666666668,56,1.3333333333333333,4,42,HILCodec_3kbps,1995-1826-0000.flac,123
random_loss,0.2,adaptive_quantile_70,dynamic,1,300,101,0.33666666666666667,3.0,4.01,33.666666666666664,0.24,17,0.2361111111111111,55,0.18333333333333332,1.3153146505355835,1.3153146505355835,1.7974357604980469,0.8577948185177428,0.803222265367994,1.6097738038312044,0.18333333333333332,55,1.4102564102564104,6,39,HILCodec_3kbps,1995-1826-0000.flac,42
random_loss,0.2,adaptive_quantile_70,dynamic,1,300,101,0.33666666666666667,3.0,4.01,33.666666666666664,0.20666666666666667,16,0.25806451612903225,46,0.15333333333333332,1.2729653120040894,1.2729653120040894,1.7551004886627197,0.8605920801209688,0.8054502987120586,1.4367964107491975,0.15333333333333332,46,1.2777777777777777,4,36,HILCodec_3kbps,1995-1826-0000.flac,123
random_loss,0.2,adaptive_quantile_70,dynamic,2,300,101,0.33666666666666667,3.0,4.01,33.666666666666664,0.24,17,0.2361111111111111,55,0.18333333333333332,1.338695764541626,1.338695764541626,1.8445922136306763,0.8582007938184479,0.8012274285157925,0.748590772338684,0.18333333333333332,55,1.3414634146341464,6,41,HILCodec_3kbps,1995-1826-0000.flac,42
random_loss,0.2,adaptive_quantile_70,dynamic,2,300,101,0.33666666666666667,3.0,4.01,33.666666666666664,0.20666666666666667,18,0.2903225806451613,44,0.14666666666666667,1.3043872117996216,1.3043872117996216,1.8142175674438477,0.8703531030429382,0.8222132870312868,3.15306784114112,0.14666666666666667,44,1.2571428571428571,4,35,HILCodec_3kbps,1995-1826-0000.flac,123
random_loss,0.2,all_duplicate,all_duplicate,1,300,300,1.0,3.0,6.0,100.0,0.24,50,0.6944444444444444,22,0.07333333333333333,1.5616488456726074,1.5616488456726074,2.1172595024108887,0.8877439565881284,0.84500462669365,4.774144423502337,0.07333333333333333,22,1.375,5,16,HILCodec_3kbps,1995-1826-0000.flac,42
random_loss,0.2,all_duplicate,all_duplicate,1,300,300,1.0,3.0,6.0,100.0,0.20666666666666667,46,0.7419354838709677,16,0.05333333333333334,1.7108981609344482,1.7108981609344482,2.4970924854278564,0.9070553404521479,0.8653556974779048,4.535646539851088,0.05333333333333334,16,1.3333333333333333,3,12,HILCodec_3kbps,1995-1826-0000.flac,123
random_loss,0.2,all_duplicate,all_duplicate,2,300,300,1.0,3.0,6.0,100.0,0.24,53,0.7361111111111112,19,0.06333333333333334,1.7978380918502808,1.7978380918502808,2.541813850402832,0.8996060748151599,0.854702304160073,6.023187638403044,0.06333333333333334,19,1.1875,4,16,HILCodec_3kbps,1995-1826-0000.flac,42
random_loss,0.2,all_duplicate,all_duplicate,2,300,300,1.0,3.0,6.0,100.0,0.20666666666666667,46,0.7419354838709677,16,0.05333333333333334,1.7789396047592163,1.7789396047592163,2.592646360397339,0.914762407552621,0.8767511556293868,6.43212968254643,0.05333333333333334,16,1.0666666666666667,2,15,HILCodec_3kbps,1995-1826-0000.flac,123
random_loss,0.3,no_duplicate,no_duplicate,1,300,0,0.0,3.0,3.0,0.0,0.32333333333333336,0,0.0,97,0.3233333333333333,1.0879309177398682,1.0879309177398682,1.2750993967056274,0.7251406690637288,0.6547725107597056,-3.9967087997703574,0.3233333333333333,97,1.564516129032258,8,62,HILCodec_3kbps,1995-1826-0000.flac,42
random_loss,0.3,no_duplicate,no_duplicate,1,300,0,0.0,3.0,3.0,0.0,0.3433333333333334,0,0.0,103,0.3433333333333333,1.133303165435791,1.133303165435791,1.3443471193313599,0.7562695076398996,0.6811281208603384,-2.930802789875582,0.3433333333333333,103,1.5846153846153845,6,65,HILCodec_3kbps,1995-1826-0000.flac,123
random_loss,0.3,no_duplicate,no_duplicate,2,300,0,0.0,3.0,3.0,0.0,0.32333333333333336,0,0.0,97,0.3233333333333333,1.0879309177398682,1.0879309177398682,1.2750993967056274,0.7251406690637288,0.6547725107597056,-3.9967087997703574,0.3233333333333333,97,1.564516129032258,8,62,HILCodec_3kbps,1995-1826-0000.flac,42
random_loss,0.3,no_duplicate,no_duplicate,2,300,0,0.0,3.0,3.0,0.0,0.3433333333333334,0,0.0,103,0.3433333333333333,1.133303165435791,1.133303165435791,1.3443471193313599,0.7562695076398996,0.6811281208603382,-2.930802789875582,0.3433333333333333,103,1.5846153846153845,6,65,HILCodec_3kbps,1995-1826-0000.flac,123
random_loss,0.3,fixed_0.3,0.3,1,300,22,0.07333333333333333,3.0,3.2199999999999998,7.333333333333333,0.32333333333333336,1,0.010309278350515464,96,0.32,1.0886012315750122,1.0886012315750122,1.2687110900878906,0.7273123186020349,0.6573312679073782,-4.01283520139454,0.32,96,1.5737704918032787,8,61,HILCodec_3kbps,1995-1826-0000.flac,42
random_loss,0.3,fixed_0.3,0.3,1,300,22,0.07333333333333333,3.0,3.2199999999999998,7.333333333333333,0.3433333333333334,6,0.05825242718446602,97,0.3233333333333333,1.157210350036621,1.157210350036621,1.4058068990707397,0.7786575779416814,0.7012724927924824,-2.604878352080836,0.3233333333333333,97,1.5396825396825398,6,63,HILCodec_3kbps,1995-1826-0000.flac,123
random_loss,0.3,fixed_0.3,0.3,2,300,22,0.07333333333333333,3.0,3.2199999999999998,7.333333333333333,0.32333333333333336,1,0.010309278350515464,96,0.32,1.092200756072998,1.092200756072998,1.2933359146118164,0.7262425502559807,0.6560286227912345,-3.5451023699984856,0.32,96,1.5483870967741935,8,62,HILCodec_3kbps,1995-1826-0000.flac,42
random_loss,0.3,fixed_0.3,0.3,2,300,22,0.07333333333333333,3.0,3.2199999999999998,7.333333333333333,0.3433333333333334,6,0.05825242718446602,97,0.3233333333333333,1.158888339996338,1.158888339996338,1.4096128940582275,0.7818340710464476,0.7026473831580913,-2.6614503781913115,0.3233333333333333,97,1.5396825396825398,6,63,HILCodec_3kbps,1995-1826-0000.flac,123
random_loss,0.3,fixed_0.5,0.5,1,300,9,0.03,3.0,3.09,3.0,0.32333333333333336,0,0.0,97,0.3233333333333333,1.0879309177398682,1.0879309177398682,1.2750993967056274,0.7251406690637288,0.6547725107597056,-3.9967087997703574,0.3233333333333333,97,1.564516129032258,8,62,HILCodec_3kbps,1995-1826-0000.flac,42
random_loss,0.3,fixed_0.5,0.5,1,300,9,0.03,3.0,3.09,3.0,0.3433333333333334,3,0.02912621359223301,100,0.3333333333333333,1.1277350187301636,1.1277350187301636,1.3766775131225586,0.7692965046018206,0.6913679161052316,-2.923505850171461,0.3333333333333333,100,1.5384615384615385,6,65,HILCodec_3kbps,1995-1826-0000.flac,123
random_loss,0.3,fixed_0.5,0.5,2,300,9,0.03,3.0,3.09,3.0,0.32333333333333336,0,0.0,97,0.3233333333333333,1.0879309177398682,1.0879309177398682,1.2750993967056274,0.7251406690637288,0.6547725107597056,-3.9967087997703574,0.3233333333333333,97,1.564516129032258,8,62,HILCodec_3kbps,1995-1826-0000.flac,42
random_loss,0.3,fixed_0.5,0.5,2,300,9,0.03,3.0,3.09,3.0,0.3433333333333334,4,0.038834951456310676,99,0.33,1.1487934589385986,1.1487934589385986,1.3918616771697998,0.7744301287546527,0.6973239681016857,-2.8789839535681043,0.33,99,1.546875,6,64,HILCodec_3kbps,1995-1826-0000.flac,123
random_loss,0.3,fixed_0.7,0.7,1,300,1,0.0033333333333333335,3.0,3.0100000000000002,0.33333333333333337,0.32333333333333336,0,0.0,97,0.3233333333333333,1.0879309177398682,1.0879309177398682,1.2750993967056274,0.7251406690637288,0.6547725107597056,-3.9967087997703574,0.3233333333333333,97,1.564516129032258,8,62,HILCodec_3kbps,1995-1826-0000.flac,42
random_loss,0.3,fixed_0.7,0.7,1,300,1,0.0033333333333333335,3.0,3.0100000000000002,0.33333333333333337,0.3433333333333334,0,0.0,103,0.3433333333333333,1.133303165435791,1.133303165435791,1.3443471193313599,0.7562695076398996,0.6811281208603382,-2.930802789875582,0.3433333333333333,103,1.5846153846153845,6,65,HILCodec_3kbps,1995-1826-0000.flac,123
random_loss,0.3,fixed_0.7,0.7,2,300,1,0.0033333333333333335,3.0,3.0100000000000002,0.33333333333333337,0.32333333333333336,0,0.0,97,0.3233333333333333,1.0879309177398682,1.0879309177398682,1.2750993967056274,0.7251406690637288,0.6547725107597056,-3.9967087997703574,0.3233333333333333,97,1.564516129032258,8,62,HILCodec_3kbps,1995-1826-0000.flac,42
random_loss,0.3,fixed_0.7,0.7,2,300,1,0.0033333333333333335,3.0,3.0100000000000002,0.33333333333333337,0.3433333333333334,0,0.0,103,0.3433333333333333,1.133303165435791,1.133303165435791,1.3443471193313599,0.7562695076398996,0.6811281208603382,-2.930802789875582,0.3433333333333333,103,1.5846153846153845,6,65,HILCodec_3kbps,1995-1826-0000.flac,123
random_loss,0.3,adaptive_mean_std,dynamic,1,300,28,0.09333333333333334,3.0,3.28,9.333333333333334,0.32333333333333336,2,0.020618556701030927,95,0.31666666666666665,1.088597059249878,1.088597059249878,1.2685655355453491,0.7273517135098927,0.6573826068871952,-4.005015919760901,0.31666666666666665,95,1.5833333333333333,8,60,HILCodec_3kbps,1995-1826-0000.flac,42
random_loss,0.3,adaptive_mean_std,dynamic,1,300,28,0.09333333333333334,3.0,3.28,9.333333333333334,0.3433333333333334,7,0.06796116504854369,96,0.32,1.1533986330032349,1.1533986330032349,1.4263043403625488,0.7803459140768866,0.7038966400355147,-2.5475414323624257,0.32,96,1.5483870967741935,6,62,HILCodec_3kbps,1995-1826-0000.flac,123
random_loss,0.3,adaptive_mean_std,dynamic,2,300,28,0.09333333333333334,3.0,3.28,9.333333333333334,0.32333333333333336,4,0.041237113402061855,93,0.31,1.1038483381271362,1.1038483381271362,1.3455536365509033,0.7499481877308157,0.675584512369613,-3.4272382322478534,0.31,93,1.5245901639344261,8,61,HILCodec_3kbps,1995-1826-0000.flac,42
random_loss,0.3,adaptive_mean_std,dynamic,2,300,28,0.09333333333333334,3.0,3.28,9.333333333333334,0.3433333333333334,7,0.06796116504854369,96,0.32,1.1674728393554688,1.1674728393554688,1.4354993104934692,0.7835260498247306,0.7052744420703327,-2.604118848016988,0.32,96,1.5483870967741935,6,62,HILCodec_3kbps,1995-1826-0000.flac,123
random_loss,0.3,adaptive_quantile_70,dynamic,1,300,101,0.33666666666666667,3.0,4.01,33.666666666666664,0.32333333333333336,18,0.18556701030927836,79,0.2633333333333333,1.126624584197998,1.126624584197998,1.375941514968872,0.7791540460876526,0.718946098509085,-1.5920653367417748,0.2633333333333333,79,1.5192307692307692,8,52,HILCodec_3kbps,1995-1826-0000.flac,42
random_loss,0.3,adaptive_quantile_70,dynamic,1,300,101,0.33666666666666667,3.0,4.01,33.666666666666664,0.3433333333333334,25,0.24271844660194175,78,0.26,1.181931495666504,1.181931495666504,1.482790231704712,0.8035232445542534,0.7326087227128122,-0.3211169380154276,0.26,78,1.5294117647058822,6,51,HILCodec_3kbps,1995-1826-0000.flac,123
random_loss,0.3,adaptive_quantile_70,dynamic,2,300,101,0.33666666666666667,3.0,4.01,33.666666666666664,0.32333333333333336,16,0.16494845360824742,81,0.27,1.1356254816055298,1.1356254816055298,1.4286562204360962,0.780694122074499,0.7213416183647944,-2.4610397646707476,0.27,81,1.4727272727272727,8,55,HILCodec_3kbps,1995-1826-0000.flac,42
random_loss,0.3,adaptive_quantile_70,dynamic,2,300,101,0.33666666666666667,3.0,4.01,33.666666666666664,0.3433333333333334,27,0.2621359223300971,76,0.25333333333333335,1.2124695777893066,1.2124695777893066,1.4563755989074707,0.814365082708093,0.7553471142612456,0.5704153474749705,0.25333333333333335,76,1.4074074074074074,6,54,HILCodec_3kbps,1995-1826-0000.flac,123
random_loss,0.3,all_duplicate,all_duplicate,1,300,300,1.0,3.0,6.0,100.0,0.32333333333333336,62,0.6391752577319587,35,0.11666666666666667,1.2817256450653076,1.2817256450653076,1.64302396774292,0.8317139181301261,0.7812853187819571,2.0587106525941214,0.11666666666666667,35,1.6666666666666667,7,21,HILCodec_3kbps,1995-1826-0000.flac,42
random_loss,0.3,all_duplicate,all_duplicate,1,300,300,1.0,3.0,6.0,100.0,0.3433333333333334,65,0.6310679611650486,38,0.12666666666666668,1.3318899869918823,1.3318899869918823,1.8199080228805542,0.8729685302222802,0.8121181598939194,2.839125777078167,0.12666666666666668,38,1.52,5,25,HILCodec_3kbps,1995-1826-0000.flac,123
random_loss,0.3,all_duplicate,all_duplicate,2,300,300,1.0,3.0,6.0,100.0,0.32333333333333336,61,0.6288659793814433,36,0.12,1.3794503211975098,1.3794503211975098,1.8933777809143066,0.8667479937410942,0.8123119465726308,4.011060632283236,0.12,36,1.2857142857142858,6,28,HILCodec_3kbps,1995-1826-0000.flac,42
random_loss,0.3,all_duplicate,all_duplicate,2,300,300,1.0,3.0,6.0,100.0,0.3433333333333334,65,0.6310679611650486,38,0.12666666666666668,1.3787330389022827,1.3787330389022827,1.8551721572875977,0.8752675250191573,0.8268249578115299,3.000047192267375,0.12666666666666668,38,1.1875,4,32,HILCodec_3kbps,1995-1826-0000.flac,123
random_loss,0.4,no_duplicate,no_duplicate,1,300,0,0.0,3.0,3.0,0.0,0.41000000000000003,0,0.0,123,0.41,1.080010175704956,1.080010175704956,1.2647384405136108,0.6865449155921758,0.5922593745156681,-6.279769542771128,0.41,123,1.662162162162162,8,74,HILCodec_3kbps,1995-1826-0000.flac,42
random_loss,0.4,no_duplicate,no_duplicate,1,300,0,0.0,3.0,3.0,0.0,0.42333333333333334,0,0.0,127,0.42333333333333334,1.0846636295318604,1.0846636295318604,1.2611804008483887,0.6761174225919795,0.6042275025111506,-4.022618305889207,0.42333333333333334,127,1.7887323943661972,6,71,HILCodec_3kbps,1995-1826-0000.flac,123
random_loss,0.4,no_duplicate,no_duplicate,2,300,0,0.0,3.0,3.0,0.0,0.41000000000000003,0,0.0,123,0.41,1.080010175704956,1.080010175704956,1.2647384405136108,0.6865449155921758,0.5922593745156681,-6.279769542771128,0.41,123,1.662162162162162,8,74,HILCodec_3kbps,1995-1826-0000.flac,42
random_loss,0.4,no_duplicate,no_duplicate,2,300,0,0.0,3.0,3.0,0.0,0.42333333333333334,0,0.0,127,0.42333333333333334,1.0846636295318604,1.0846636295318604,1.2611804008483887,0.6761174225919795,0.6042275025111508,-4.022618305889207,0.42333333333333334,127,1.7887323943661972,6,71,HILCodec_3kbps,1995-1826-0000.flac,123
random_loss,0.4,fixed_0.3,0.3,1,300,22,0.07333333333333333,3.0,3.2199999999999998,7.333333333333333,0.41000000000000003,3,0.024390243902439025,120,0.4,1.0753206014633179,1.0753206014633179,1.2490503787994385,0.6924025716748913,0.5961093896581467,-5.850618825350525,0.4,120,1.6901408450704225,8,71,HILCodec_3kbps,1995-1826-0000.flac,42
random_loss,0.4,fixed_0.3,0.3,1,300,22,0.07333333333333333,3.0,3.2199999999999998,7.333333333333333,0.42333333333333334,6,0.047244094488188976,121,0.4033333333333333,1.1003546714782715,1.1003546714782715,1.26498544216156,0.6975184606770151,0.629758222679998,-3.689240743166786,0.4033333333333333,121,1.7536231884057971,6,69,HILCodec_3kbps,1995-1826-0000.flac,123
random_loss,0.4,fixed_0.3,0.3,2,300,22,0.07333333333333333,3.0,3.2199999999999998,7.333333333333333,0.41000000000000003,3,0.024390243902439025,120,0.4,1.0759975910186768,1.0759975910186768,1.2638314962387085,0.6909074260356849,0.5930878592957699,-5.419876227220314,0.4,120,1.6666666666666667,8,72,HILCodec_3kbps,1995-1826-0000.flac,42
random_loss,0.4,fixed_0.3,0.3,2,300,22,0.07333333333333333,3.0,3.2199999999999998,7.333333333333333,0.42333333333333334,7,0.05511811023622047,120,0.4,1.092429518699646,1.092429518699646,1.2913646697998047,0.705792153326243,0.6332811635586374,-3.7508016564138242,0.4,120,1.7142857142857142,6,70,HILCodec_3kbps,1995-1826-0000.flac,123
random_loss,0.4,fixed_0.5,0.5,1,300,9,0.03,3.0,3.09,3.0,0.41000000000000003,2,0.016260162601626018,121,0.4033333333333333,1.0750014781951904,1.0750014781951904,1.2495309114456177,0.6906619176499724,0.5935934971618836,-5.839954283336015,0.4033333333333333,121,1.6805555555555556,8,72,HILCodec_3kbps,1995-1826-0000.flac,42
random_loss,0.4,fixed_0.5,0.5,1,300,9,0.03,3.0,3.09,3.0,0.42333333333333334,1,0.007874015748031496,126,0.42,1.0864092111587524,1.0864092111587524,1.2590878009796143,0.678626689733385,0.6060389132121513,-4.048928459286259,0.42,126,1.7746478873239437,6,71,HILCodec_3kbps,1995-1826-0000.flac,123
random_loss,0.4,fixed_0.5,0.5,2,300,9,0.03,3.0,3.09,3.0,0.41000000000000003,2,0.016260162601626018,121,0.4033333333333333,1.0750014781951904,1.0750014781951904,1.2495309114456177,0.6906619176499724,0.5935934971618836,-5.839954283336015,0.4033333333333333,121,1.6805555555555556,8,72,HILCodec_3kbps,1995-1826-0000.flac,42
random_loss,0.4,fixed_0.5,0.5,2,300,9,0.03,3.0,3.09,3.0,0.42333333333333334,3,0.023622047244094488,124,0.41333333333333333,1.0870765447616577,1.0870765447616577,1.2836300134658813,0.6969003673309395,0.6276993660162765,-3.9784553571855374,0.41333333333333333,124,1.6986301369863013,6,73,HILCodec_3kbps,1995-1826-0000.flac,123
random_loss,0.4,fixed_0.7,0.7,1,300,1,0.0033333333333333335,3.0,3.0100000000000002,0.33333333333333337,0.41000000000000003,0,0.0,123,0.41,1.080010175704956,1.080010175704956,1.2647384405136108,0.6865449155921758,0.5922593745156681,-6.279769542771128,0.41,123,1.662162162162162,8,74,HILCodec_3kbps,1995-1826-0000.flac,42
random_loss,0.4,fixed_0.7,0.7,1,300,1,0.0033333333333333335,3.0,3.0100000000000002,0.33333333333333337,0.42333333333333334,0,0.0,127,0.42333333333333334,1.0846636295318604,1.0846636295318604,1.2611804008483887,0.6761174225919795,0.6042275025111508,-4.022618305889207,0.42333333333333334,127,1.7887323943661972,6,71,HILCodec_3kbps,1995-1826-0000.flac,123
random_loss,0.4,fixed_0.7,0.7,2,300,1,0.0033333333333333335,3.0,3.0100000000000002,0.33333333333333337,0.41000000000000003,0,0.0,123,0.41,1.080010175704956,1.080010175704956,1.2647384405136108,0.6865449155921758,0.5922593745156681,-6.279769542771128,0.41,123,1.662162162162162,8,74,HILCodec_3kbps,1995-1826-0000.flac,42
random_loss,0.4,fixed_0.7,0.7,2,300,1,0.0033333333333333335,3.0,3.0100000000000002,0.33333333333333337,0.42333333333333334,0,0.0,127,0.42333333333333334,1.0846636295318604,1.0846636295318604,1.2611804008483887,0.6761174225919795,0.6042275025111506,-4.022618305889207,0.42333333333333334,127,1.7887323943661972,6,71,HILCodec_3kbps,1995-1826-0000.flac,123
random_loss,0.4,adaptive_mean_std,dynamic,1,300,28,0.09333333333333334,3.0,3.28,9.333333333333334,0.41000000000000003,4,0.032520325203252036,119,0.39666666666666667,1.0753700733184814,1.0753700733184814,1.249072790145874,0.6924246414117415,0.5961461100052177,-5.841783273710809,0.39666666666666667,119,1.7,8,70,HILCodec_3kbps,1995-1826-0000.flac,42
random_loss,0.4,adaptive_mean_std,dynamic,1,300,28,0.09333333333333334,3.0,3.28,9.333333333333334,0.42333333333333334,7,0.05511811023622047,120,0.4,1.1021653413772583,1.1021653413772583,1.2738535404205322,0.7001838025711756,0.6354414917809175,-3.5996976720489124,0.4,120,1.7391304347826086,6,69,HILCodec_3kbps,1995-1826-0000.flac,123
random_loss,0.4,adaptive_mean_std,dynamic,2,300,28,0.09333333333333334,3.0,3.28,9.333333333333334,0.41000000000000003,6,0.04878048780487805,117,0.39,1.086860179901123,1.086860179901123,1.3201898336410522,0.7169020239846274,0.6145036037873723,-5.291069883603072,0.39,117,1.647887323943662,8,71,HILCodec_3kbps,1995-1826-0000.flac,42
random_loss,0.4,adaptive_mean_std,dynamic,2,300,28,0.09333333333333334,3.0,3.28,9.333333333333334,0.42333333333333334,8,0.06299212598425197,119,0.39666666666666667,1.0989001989364624,1.0989001989364624,1.2988466024398804,0.7084401021956644,0.638975262247522,-3.6613078755541704,0.39666666666666667,119,1.7,6,70,HILCodec_3kbps,1995-1826-0000.flac,123
random_loss,0.4,adaptive_quantile_70,dynamic,1,300,101,0.33666666666666667,3.0,4.01,33.666666666666664,0.41000000000000003,26,0.21138211382113822,97,0.3233333333333333,1.1046221256256104,1.1046221256256104,1.3276381492614746,0.7514415546199583,0.6763276801473339,-2.995872115581025,0.3233333333333333,97,1.6166666666666667,8,60,HILCodec_3kbps,1995-1826-0000.flac,42
random_loss,0.4,adaptive_quantile_70,dynamic,1,300,101,0.33666666666666667,3.0,4.01,33.666666666666664,0.42333333333333334,26,0.2047244094488189,101,0.33666666666666667,1.111467957496643,1.111467957496643,1.306667447090149,0.7216026105749942,0.6626569032303927,-2.070956625763944,0.33666666666666667,101,1.7719298245614035,6,57,HILCodec_3kbps,1995-1826-0000.flac,123
random_loss,0.4,adaptive_quantile_70,dynamic,2,300,101,0.33666666666666667,3.0,4.01,33.666666666666664,0.41000000000000003,20,0.16260162601626016,103,0.3433333333333333,1.1003425121307373,1.1003425121307373,1.336951732635498,0.7387601201959935,0.6564752410064422,-3.564494297038493,0.3433333333333333,103,1.5606060606060606,8,66,HILCodec_3kbps,1995-1826-0000.flac,42
random_loss,0.4,adaptive_quantile_70,dynamic,2,300,101,0.33666666666666667,3.0,4.01,33.666666666666664,0.42333333333333334,29,0.2283464566929134,98,0.32666666666666666,1.1273244619369507,1.1273244619369507,1.2962656021118164,0.7354290794909462,0.6877230309000288,-1.803262542212249,0.32666666666666666,98,1.6065573770491803,6,61,HILCodec_3kbps,1995-1826-0000.flac,123
random_loss,0.4,all_duplicate,all_duplicate,1,300,300,1.0,3.0,6.0,100.0,0.41000000000000003,74,0.6016260162601627,49,0.16333333333333333,1.2274293899536133,1.2274293899536133,1.5470836162567139,0.8124340486558395,0.7486416615115341,0.6008664084987553,0.16333333333333333,49,1.4848484848484849,7,33,HILCodec_3kbps,1995-1826-0000.flac,42
random_loss,0.4,all_duplicate,all_duplicate,1,300,300,1.0,3.0,6.0,100.0,0.42333333333333334,71,0.5590551181102362,56,0.18666666666666668,1.1875183582305908,1.1875183582305908,1.4994112253189087,0.7977837110977232,0.7601981166974225,1.7280278677142142,0.18666666666666668,56,1.75,5,32,HILCodec_3kbps,1995-1826-0000.flac,123
random_loss,0.4,all_duplicate,all_duplicate,2,300,300,1.0,3.0,6.0,100.0,0.41000000000000003,74,0.6016260162601627,49,0.16333333333333333,1.3049874305725098,1.3049874305725098,1.7464957237243652,0.8543276141718332,0.7915658573210543,3.3369444559699,0.16333333333333333,49,1.1951219512195121,6,41,HILCodec_3kbps,1995-1826-0000.flac,42
random_loss,0.4,all_duplicate,all_duplicate,2,300,300,1.0,3.0,6.0,100.0,0.42333333333333334,73,0.5748031496062992,54,0.18,1.2470759153366089,1.2470759153366089,1.5398683547973633,0.8221085400373811,0.7910535783384052,1.2988837434942988,0.18,54,1.255813953488372,4,43,HILCodec_3kbps,1995-1826-0000.flac,123
random_loss,0.0,no_duplicate,no_duplicate,1,300,0,0.0,3.0,3.0,0.0,0.0,0,0.0,0,0.0,2.5057213306427,2.5057213306427,3.2857844829559326,0.9031445257604853,0.8408691753079137,1.3917259829344122,0.0,0,0.0,0,0,HILCodec_3kbps,2094-142345-0000.flac,42
random_loss,0.0,no_duplicate,no_duplicate,1,300,0,0.0,3.0,3.0,0.0,0.0,0,0.0,0,0.0,2.5057213306427,2.5057213306427,3.2857844829559326,0.9031445257604853,0.8408691753079137,1.3917259829344122,0.0,0,0.0,0,0,HILCodec_3kbps,2094-142345-0000.flac,123
random_loss,0.0,no_duplicate,no_duplicate,2,300,0,0.0,3.0,3.0,0.0,0.0,0,0.0,0,0.0,2.5057213306427,2.5057213306427,3.2857844829559326,0.9031445257604853,0.8408691753079137,1.3917259829344122,0.0,0,0.0,0,0,HILCodec_3kbps,2094-142345-0000.flac,42
random_loss,0.0,no_duplicate,no_duplicate,2,300,0,0.0,3.0,3.0,0.0,0.0,0,0.0,0,0.0,2.5057213306427,2.5057213306427,3.2857844829559326,0.9031445257604853,0.8408691753079137,1.3917259829344122,0.0,0,0.0,0,0,HILCodec_3kbps,2094-142345-0000.flac,123
random_loss,0.0,fixed_0.3,0.3,1,300,28,0.09333333333333334,3.0,3.28,9.333333333333334,0.0,0,0.0,0,0.0,2.5057213306427,2.5057213306427,3.2857844829559326,0.9031445257604853,0.8408691753079137,1.3917259829344122,0.0,0,0.0,0,0,HILCodec_3kbps,2094-142345-0000.flac,42
random_loss,0.0,fixed_0.3,0.3,1,300,28,0.09333333333333334,3.0,3.28,9.333333333333334,0.0,0,0.0,0,0.0,2.5057213306427,2.5057213306427,3.2857844829559326,0.9031445257604853,0.8408691753079137,1.3917259829344122,0.0,0,0.0,0,0,HILCodec_3kbps,2094-142345-0000.flac,123
random_loss,0.0,fixed_0.3,0.3,2,300,28,0.09333333333333334,3.0,3.28,9.333333333333334,0.0,0,0.0,0,0.0,2.5057213306427,2.5057213306427,3.2857844829559326,0.9031445257604853,0.8408691753079137,1.3917259829344122,0.0,0,0.0,0,0,HILCodec_3kbps,2094-142345-0000.flac,42
random_loss,0.0,fixed_0.3,0.3,2,300,28,0.09333333333333334,3.0,3.28,9.333333333333334,0.0,0,0.0,0,0.0,2.5057213306427,2.5057213306427,3.2857844829559326,0.9031445257604853,0.8408691753079137,1.3917259829344122,0.0,0,0.0,0,0,HILCodec_3kbps,2094-142345-0000.flac,123
random_loss,0.0,fixed_0.5,0.5,1,300,10,0.03333333333333333,3.0,3.1000000000000005,3.3333333333333335,0.0,0,0.0,0,0.0,2.5057213306427,2.5057213306427,3.2857844829559326,0.9031445257604853,0.8408691753079137,1.3917259829344122,0.0,0,0.0,0,0,HILCodec_3kbps,2094-142345-0000.flac,42
random_loss,0.0,fixed_0.5,0.5,1,300,10,0.03333333333333333,3.0,3.1000000000000005,3.3333333333333335,0.0,0,0.0,0,0.0,2.5057213306427,2.5057213306427,3.2857844829559326,0.9031445257604853,0.8408691753079137,1.3917259829344122,0.0,0,0.0,0,0,HILCodec_3kbps,2094-142345-0000.flac,123
random_loss,0.0,fixed_0.5,0.5,2,300,10,0.03333333333333333,3.0,3.1000000000000005,3.3333333333333335,0.0,0,0.0,0,0.0,2.5057213306427,2.5057213306427,3.2857844829559326,0.9031445257604853,0.8408691753079137,1.3917259829344122,0.0,0,0.0,0,0,HILCodec_3kbps,2094-142345-0000.flac,42
random_loss,0.0,fixed_0.5,0.5,2,300,10,0.03333333333333333,3.0,3.1000000000000005,3.3333333333333335,0.0,0,0.0,0,0.0,2.5057213306427,2.5057213306427,3.2857844829559326,0.9031445257604853,0.8408691753079137,1.3917259829344122,0.0,0,0.0,0,0,HILCodec_3kbps,2094-142345-0000.flac,123
random_loss,0.0,fixed_0.7,0.7,1,300,1,0.0033333333333333335,3.0,3.0100000000000002,0.33333333333333337,0.0,0,0.0,0,0.0,2.5057213306427,2.5057213306427,3.2857844829559326,0.9031445257604853,0.8408691753079137,1.3917259829344122,0.0,0,0.0,0,0,HILCodec_3kbps,2094-142345-0000.flac,42
random_loss,0.0,fixed_0.7,0.7,1,300,1,0.0033333333333333335,3.0,3.0100000000000002,0.33333333333333337,0.0,0,0.0,0,0.0,2.5057213306427,2.5057213306427,3.2857844829559326,0.9031445257604853,0.8408691753079137,1.3917259829344122,0.0,0,0.0,0,0,HILCodec_3kbps,2094-142345-0000.flac,123
random_loss,0.0,fixed_0.7,0.7,2,300,1,0.0033333333333333335,3.0,3.0100000000000002,0.33333333333333337,0.0,0,0.0,0,0.0,2.5057213306427,2.5057213306427,3.2857844829559326,0.9031445257604853,0.8408691753079137,1.3917259829344122,0.0,0,0.0,0,0,HILCodec_3kbps,2094-142345-0000.flac,42
random_loss,0.0,fixed_0.7,0.7,2,300,1,0.0033333333333333335,3.0,3.0100000000000002,0.33333333333333337,0.0,0,0.0,0,0.0,2.5057213306427,2.5057213306427,3.2857844829559326,0.9031445257604853,0.8408691753079137,1.3917259829344122,0.0,0,0.0,0,0,HILCodec_3kbps,2094-142345-0000.flac,123
random_loss,0.0,adaptive_mean_std,dynamic,1,300,44,0.14666666666666667,3.0,3.4400000000000004,14.666666666666666,0.0,0,0.0,0,0.0,2.5057213306427,2.5057213306427,3.2857844829559326,0.9031445257604853,0.8408691753079137,1.3917259829344122,0.0,0,0.0,0,0,HILCodec_3kbps,2094-142345-0000.flac,42
random_loss,0.0,adaptive_mean_std,dynamic,1,300,44,0.14666666666666667,3.0,3.4400000000000004,14.666666666666666,0.0,0,0.0,0,0.0,2.5057213306427,2.5057213306427,3.2857844829559326,0.9031445257604853,0.8408691753079137,1.3917259829344122,0.0,0,0.0,0,0,HILCodec_3kbps,2094-142345-0000.flac,123
random_loss,0.0,adaptive_mean_std,dynamic,2,300,44,0.14666666666666667,3.0,3.4400000000000004,14.666666666666666,0.0,0,0.0,0,0.0,2.5057213306427,2.5057213306427,3.2857844829559326,0.9031445257604853,0.8408691753079137,1.3917259829344122,0.0,0,0.0,0,0,HILCodec_3kbps,2094-142345-0000.flac,42
random_loss,0.0,adaptive_mean_std,dynamic,2,300,44,0.14666666666666667,3.0,3.4400000000000004,14.666666666666666,0.0,0,0.0,0,0.0,2.5057213306427,2.5057213306427,3.2857844829559326,0.9031445257604853,0.8408691753079138,1.3917259829344122,0.0,0,0.0,0,0,HILCodec_3kbps,2094-142345-0000.flac,123
random_loss,0.0,adaptive_quantile_70,dynamic,1,300,111,0.37,3.0,4.11,37.0,0.0,0,0.0,0,0.0,2.5057213306427,2.5057213306427,3.2857844829559326,0.9031445257604853,0.8408691753079137,1.3917259829344122,0.0,0,0.0,0,0,HILCodec_3kbps,2094-142345-0000.flac,42
random_loss,0.0,adaptive_quantile_70,dynamic,1,300,111,0.37,3.0,4.11,37.0,0.0,0,0.0,0,0.0,2.5057213306427,2.5057213306427,3.2857844829559326,0.9031445257604853,0.8408691753079137,1.3917259829344122,0.0,0,0.0,0,0,HILCodec_3kbps,2094-142345-0000.flac,123
random_loss,0.0,adaptive_quantile_70,dynamic,2,300,111,0.37,3.0,4.11,37.0,0.0,0,0.0,0,0.0,2.5057213306427,2.5057213306427,3.2857844829559326,0.9031445257604853,0.8408691753079137,1.3917259829344122,0.0,0,0.0,0,0,HILCodec_3kbps,2094-142345-0000.flac,42
random_loss,0.0,adaptive_quantile_70,dynamic,2,300,111,0.37,3.0,4.11,37.0,0.0,0,0.0,0,0.0,2.5057213306427,2.5057213306427,3.2857844829559326,0.9031445257604853,0.8408691753079137,1.3917259829344122,0.0,0,0.0,0,0,HILCodec_3kbps,2094-142345-0000.flac,123
random_loss,0.0,all_duplicate,all_duplicate,1,300,300,1.0,3.0,6.0,100.0,0.0,0,0.0,0,0.0,2.5057213306427,2.5057213306427,3.2857844829559326,0.9031445257604853,0.8408691753079137,1.3917259829344122,0.0,0,0.0,0,0,HILCodec_3kbps,2094-142345-0000.flac,42
random_loss,0.0,all_duplicate,all_duplicate,1,300,300,1.0,3.0,6.0,100.0,0.0,0,0.0,0,0.0,2.5057213306427,2.5057213306427,3.2857844829559326,0.9031445257604853,0.8408691753079137,1.3917259829344122,0.0,0,0.0,0,0,HILCodec_3kbps,2094-142345-0000.flac,123
random_loss,0.0,all_duplicate,all_duplicate,2,300,300,1.0,3.0,6.0,100.0,0.0,0,0.0,0,0.0,2.5057213306427,2.5057213306427,3.2857844829559326,0.9031445257604853,0.8408691753079137,1.3917259829344122,0.0,0,0.0,0,0,HILCodec_3kbps,2094-142345-0000.flac,42
random_loss,0.0,all_duplicate,all_duplicate,2,300,300,1.0,3.0,6.0,100.0,0.0,0,0.0,0,0.0,2.5057213306427,2.5057213306427,3.2857844829559326,0.9031445257604853,0.8408691753079137,1.3917259829344122,0.0,0,0.0,0,0,HILCodec_3kbps,2094-142345-0000.flac,123
random_loss,0.01,no_duplicate,no_duplicate,1,300,0,0.0,3.0,3.0,0.0,0.0033333333333332993,0,0.0,1,0.0033333333333333335,2.3670480251312256,2.3670480251312256,3.1736786365509033,0.8962437451619231,0.8334320079565559,1.2855735614343926,0.0033333333333333335,1,1.0,1,1,HILCodec_3kbps,2094-142345-0000.flac,42
random_loss,0.01,no_duplicate,no_duplicate,1,300,0,0.0,3.0,3.0,0.0,0.013333333333333308,0,0.0,4,0.013333333333333334,2.438339948654175,2.438339948654175,3.283891201019287,0.9004801647489885,0.8362448764859209,1.304999203402764,0.013333333333333334,4,1.0,1,4,HILCodec_3kbps,2094-142345-0000.flac,123
random_loss,0.01,no_duplicate,no_duplicate,2,300,0,0.0,3.0,3.0,0.0,0.0033333333333332993,0,0.0,1,0.0033333333333333335,2.3670480251312256,2.3670480251312256,3.1736786365509033,0.8962437451619231,0.8334320079565559,1.2855735614343926,0.0033333333333333335,1,1.0,1,1,HILCodec_3kbps,2094-142345-0000.flac,42
random_loss,0.01,no_duplicate,no_duplicate,2,300,0,0.0,3.0,3.0,0.0,0.013333333333333308,0,0.0,4,0.013333333333333334,2.438339948654175,2.438339948654175,3.283891201019287,0.9004801647489885,0.836244876485921,1.304999203402764,0.013333333333333334,4,1.0,1,4,HILCodec_3kbps,2094-142345-0000.flac,123
random_loss,0.01,fixed_0.3,0.3,1,300,28,0.09333333333333334,3.0,3.28,9.333333333333334,0.0033333333333332993,0,0.0,1,0.0033333333333333335,2.3670480251312256,2.3670480251312256,3.1736786365509033,0.8962437451619231,0.833432007956556,1.2855735614343926,0.0033333333333333335,1,1.0,1,1,HILCodec_3kbps,2094-142345-0000.flac,42
random_loss,0.01,fixed_0.3,0.3,1,300,28,0.09333333333333334,3.0,3.28,9.333333333333334,0.013333333333333308,0,0.0,4,0.013333333333333334,2.438339948654175,2.438339948654175,3.283891201019287,0.9004801647489885,0.836244876485921,1.304999203402764,0.013333333333333334,4,1.0,1,4,HILCodec_3kbps,2094-142345-0000.flac,123
random_loss,0.01,fixed_0.3,0.3,2,300,28,0.09333333333333334,3.0,3.28,9.333333333333334,0.0033333333333332993,0,0.0,1,0.0033333333333333335,2.3670480251312256,2.3670480251312256,3.1736786365509033,0.8962437451619231,0.8334320079565559,1.2855735614343926,0.0033333333333333335,1,1.0,1,1,HILCodec_3kbps,2094-142345-0000.flac,42
random_loss,0.01,fixed_0.3,0.3,2,300,28,0.09333333333333334,3.0,3.28,9.333333333333334,0.013333333333333308,0,0.0,4,0.013333333333333334,2.438339948654175,2.438339948654175,3.283891201019287,0.9004801647489885,0.8362448764859209,1.304999203402764,0.013333333333333334,4,1.0,1,4,HILCodec_3kbps,2094-142345-0000.flac,123
random_loss,0.01,fixed_0.5,0.5,1,300,10,0.03333333333333333,3.0,3.1000000000000005,3.3333333333333335,0.0033333333333332993,0,0.0,1,0.0033333333333333335,2.3670480251312256,2.3670480251312256,3.1736786365509033,0.8962437451619231,0.8334320079565563,1.2855735614343926,0.0033333333333333335,1,1.0,1,1,HILCodec_3kbps,2094-142345-0000.flac,42
random_loss,0.01,fixed_0.5,0.5,1,300,10,0.03333333333333333,3.0,3.1000000000000005,3.3333333333333335,0.013333333333333308,0,0.0,4,0.013333333333333334,2.438339948654175,2.438339948654175,3.283891201019287,0.9004801647489885,0.8362448764859212,1.304999203402764,0.013333333333333334,4,1.0,1,4,HILCodec_3kbps,2094-142345-0000.flac,123
random_loss,0.01,fixed_0.5,0.5,2,300,10,0.03333333333333333,3.0,3.1000000000000005,3.3333333333333335,0.0033333333333332993,0,0.0,1,0.0033333333333333335,2.3670480251312256,2.3670480251312256,3.1736786365509033,0.8962437451619231,0.8334320079565559,1.2855735614343926,0.0033333333333333335,1,1.0,1,1,HILCodec_3kbps,2094-142345-0000.flac,42
random_loss,0.01,fixed_0.5,0.5,2,300,10,0.03333333333333333,3.0,3.1000000000000005,3.3333333333333335,0.013333333333333308,0,0.0,4,0.013333333333333334,2.438339948654175,2.438339948654175,3.283891201019287,0.9004801647489885,0.836244876485921,1.304999203402764,0.013333333333333334,4,1.0,1,4,HILCodec_3kbps,2094-142345-0000.flac,123
random_loss,0.01,fixed_0.7,0.7,1,300,1,0.0033333333333333335,3.0,3.0100000000000002,0.33333333333333337,0.0033333333333332993,0,0.0,1,0.0033333333333333335,2.3670480251312256,2.3670480251312256,3.1736786365509033,0.8962437451619231,0.8334320079565559,1.2855735614343926,0.0033333333333333335,1,1.0,1,1,HILCodec_3kbps,2094-142345-0000.flac,42
random_loss,0.01,fixed_0.7,0.7,1,300,1,0.0033333333333333335,3.0,3.0100000000000002,0.33333333333333337,0.013333333333333308,0,0.0,4,0.013333333333333334,2.438339948654175,2.438339948654175,3.283891201019287,0.9004801647489885,0.8362448764859212,1.304999203402764,0.013333333333333334,4,1.0,1,4,HILCodec_3kbps,2094-142345-0000.flac,123
random_loss,0.01,fixed_0.7,0.7,2,300,1,0.0033333333333333335,3.0,3.0100000000000002,0.33333333333333337,0.0033333333333332993,0,0.0,1,0.0033333333333333335,2.3670480251312256,2.3670480251312256,3.1736786365509033,0.8962437451619231,0.8334320079565559,1.2855735614343926,0.0033333333333333335,1,1.0,1,1,HILCodec_3kbps,2094-142345-0000.flac,42
random_loss,0.01,fixed_0.7,0.7,2,300,1,0.0033333333333333335,3.0,3.0100000000000002,0.33333333333333337,0.013333333333333308,0,0.0,4,0.013333333333333334,2.438339948654175,2.438339948654175,3.283891201019287,0.9004801647489885,0.8362448764859209,1.304999203402764,0.013333333333333334,4,1.0,1,4,HILCodec_3kbps,2094-142345-0000.flac,123
random_loss,0.01,adaptive_mean_std,dynamic,1,300,44,0.14666666666666667,3.0,3.4400000000000004,14.666666666666666,0.0033333333333332993,0,0.0,1,0.0033333333333333335,2.3670480251312256,2.3670480251312256,3.1736786365509033,0.8962437451619231,0.8334320079565559,1.2855735614343926,0.0033333333333333335,1,1.0,1,1,HILCodec_3kbps,2094-142345-0000.flac,42
random_loss,0.01,adaptive_mean_std,dynamic,1,300,44,0.14666666666666667,3.0,3.4400000000000004,14.666666666666666,0.013333333333333308,0,0.0,4,0.013333333333333334,2.438339948654175,2.438339948654175,3.283891201019287,0.9004801647489885,0.836244876485921,1.304999203402764,0.013333333333333334,4,1.0,1,4,HILCodec_3kbps,2094-142345-0000.flac,123
random_loss,0.01,adaptive_mean_std,dynamic,2,300,44,0.14666666666666667,3.0,3.4400000000000004,14.666666666666666,0.0033333333333332993,0,0.0,1,0.0033333333333333335,2.3670480251312256,2.3670480251312256,3.1736786365509033,0.8962437451619231,0.8334320079565559,1.2855735614343926,0.0033333333333333335,1,1.0,1,1,HILCodec_3kbps,2094-142345-0000.flac,42
random_loss,0.01,adaptive_mean_std,dynamic,2,300,44,0.14666666666666667,3.0,3.4400000000000004,14.666666666666666,0.013333333333333308,0,0.0,4,0.013333333333333334,2.438339948654175,2.438339948654175,3.283891201019287,0.9004801647489885,0.8362448764859212,1.304999203402764,0.013333333333333334,4,1.0,1,4,HILCodec_3kbps,2094-142345-0000.flac,123
random_loss,0.01,adaptive_quantile_70,dynamic,1,300,111,0.37,3.0,4.11,37.0,0.0033333333333332993,0,0.0,1,0.0033333333333333335,2.3670480251312256,2.3670480251312256,3.1736786365509033,0.8962437451619231,0.8334320079565559,1.2855735614343926,0.0033333333333333335,1,1.0,1,1,HILCodec_3kbps,2094-142345-0000.flac,42
random_loss,0.01,adaptive_quantile_70,dynamic,1,300,111,0.37,3.0,4.11,37.0,0.013333333333333308,3,0.75,1,0.0033333333333333335,2.4965991973876953,2.4965991973876953,3.285637617111206,0.9025666192701511,0.8395108018820487,1.3878937144979604,0.0033333333333333335,1,1.0,1,1,HILCodec_3kbps,2094-142345-0000.flac,123
random_loss,0.01,adaptive_quantile_70,dynamic,2,300,111,0.37,3.0,4.11,37.0,0.0033333333333332993,0,0.0,1,0.0033333333333333335,2.3670480251312256,2.3670480251312256,3.1736786365509033,0.8962437451619231,0.8334320079565563,1.2855735614343926,0.0033333333333333335,1,1.0,1,1,HILCodec_3kbps,2094-142345-0000.flac,42
random_loss,0.01,adaptive_quantile_70,dynamic,2,300,111,0.37,3.0,4.11,37.0,0.013333333333333308,3,0.75,1,0.0033333333333333335,2.4965991973876953,2.4965991973876953,3.285637617111206,0.9025666192701511,0.8395108018820486,1.3878937144979604,0.0033333333333333335,1,1.0,1,1,HILCodec_3kbps,2094-142345-0000.flac,123
random_loss,0.01,all_duplicate,all_duplicate,1,300,300,1.0,3.0,6.0,100.0,0.0033333333333332993,1,1.0,0,0.0,2.5057213306427,2.5057213306427,3.2857844829559326,0.9031445257604853,0.8408691753079137,1.3917259829344122,0.0,0,0.0,0,0,HILCodec_3kbps,2094-142345-0000.flac,42
random_loss,0.01,all_duplicate,all_duplicate,1,300,300,1.0,3.0,6.0,100.0,0.013333333333333308,4,1.0,0,0.0,2.5057213306427,2.5057213306427,3.2857844829559326,0.9031445257604853,0.8408691753079137,1.3917259829344122,0.0,0,0.0,0,0,HILCodec_3kbps,2094-142345-0000.flac,123
random_loss,0.01,all_duplicate,all_duplicate,2,300,300,1.0,3.0,6.0,100.0,0.0033333333333332993,1,1.0,0,0.0,2.5057213306427,2.5057213306427,3.2857844829559326,0.9031445257604853,0.8408691753079137,1.3917259829344122,0.0,0,0.0,0,0,HILCodec_3kbps,2094-142345-0000.flac,42
random_loss,0.01,all_duplicate,all_duplicate,2,300,300,1.0,3.0,6.0,100.0,0.013333333333333308,4,1.0,0,0.0,2.5057213306427,2.5057213306427,3.2857844829559326,0.9031445257604853,0.8408691753079137,1.3917259829344122,0.0,0,0.0,0,0,HILCodec_3kbps,2094-142345-0000.flac,123
random_loss,0.03,no_duplicate,no_duplicate,1,300,0,0.0,3.0,3.0,0.0,0.026666666666666616,0,0.0,8,0.02666666666666667,1.8906147480010986,1.8906147480010986,2.4157142639160156,0.866570808842225,0.7907481472766759,-0.3417137042816385,0.02666666666666667,8,1.0,1,8,HILCodec_3kbps,2094-142345-0000.flac,42
random_loss,0.03,no_duplicate,no_duplicate,1,300,0,0.0,3.0,3.0,0.0,0.033333333333333326,0,0.0,10,0.03333333333333333,2.2081427574157715,2.2081427574157715,3.1079795360565186,0.8911887414241829,0.8272308926894831,1.1028392818237842,0.03333333333333333,10,1.0,1,10,HILCodec_3kbps,2094-142345-0000.flac,123
random_loss,0.03,no_duplicate,no_duplicate,2,300,0,0.0,3.0,3.0,0.0,0.026666666666666616,0,0.0,8,0.02666666666666667,1.8906147480010986,1.8906147480010986,2.4157142639160156,0.866570808842225,0.7907481472766759,-0.3417137042816385,0.02666666666666667,8,1.0,1,8,HILCodec_3kbps,2094-142345-0000.flac,42
random_loss,0.03,no_duplicate,no_duplicate,2,300,0,0.0,3.0,3.0,0.0,0.033333333333333326,0,0.0,10,0.03333333333333333,2.2081427574157715,2.2081427574157715,3.1079795360565186,0.8911887414241829,0.8272308926894831,1.1028392818237842,0.03333333333333333,10,1.0,1,10,HILCodec_3kbps,2094-142345-0000.flac,123
random_loss,0.03,fixed_0.3,0.3,1,300,28,0.09333333333333334,3.0,3.28,9.333333333333334,0.026666666666666616,1,0.125,7,0.023333333333333334,2.1195061206817627,2.1195061206817627,2.9302947521209717,0.891433410635737,0.8255419612252757,1.087575546762305,0.023333333333333334,7,1.0,1,7,HILCodec_3kbps,2094-142345-0000.flac,42
random_loss,0.03,fixed_0.3,0.3,1,300,28,0.09333333333333334,3.0,3.28,9.333333333333334,0.033333333333333326,0,0.0,10,0.03333333333333333,2.2081427574157715,2.2081427574157715,3.1079795360565186,0.8911887414241829,0.827230892689483,1.1028392818237842,0.03333333333333333,10,1.0,1,10,HILCodec_3kbps,2094-142345-0000.flac,123
random_loss,0.03,fixed_0.3,0.3,2,300,28,0.09333333333333334,3.0,3.28,9.333333333333334,0.026666666666666616,1,0.125,7,0.023333333333333334,2.1195061206817627,2.1195061206817627,2.9302947521209717,0.891433410635737,0.8255419612252757,1.087575546762305,0.023333333333333334,7,1.0,1,7,HILCodec_3kbps,2094-142345-0000.flac,42
random_loss,0.03,fixed_0.3,0.3,2,300,28,0.09333333333333334,3.0,3.28,9.333333333333334,0.033333333333333326,0,0.0,10,0.03333333333333333,2.2081427574157715,2.2081427574157715,3.1079795360565186,0.8911887414241829,0.8272308926894831,1.1028392818237842,0.03333333333333333,10,1.0,1,10,HILCodec_3kbps,2094-142345-0000.flac,123
random_loss,0.03,fixed_0.5,0.5,1,300,10,0.03333333333333333,3.0,3.1000000000000005,3.3333333333333335,0.026666666666666616,0,0.0,8,0.02666666666666667,1.8906147480010986,1.8906147480010986,2.4157142639160156,0.866570808842225,0.7907481472766759,-0.3417137042816385,0.02666666666666667,8,1.0,1,8,HILCodec_3kbps,2094-142345-0000.flac,42
random_loss,0.03,fixed_0.5,0.5,1,300,10,0.03333333333333333,3.0,3.1000000000000005,3.3333333333333335,0.033333333333333326,0,0.0,10,0.03333333333333333,2.2081427574157715,2.2081427574157715,3.1079795360565186,0.8911887414241829,0.827230892689483,1.1028392818237842,0.03333333333333333,10,1.0,1,10,HILCodec_3kbps,2094-142345-0000.flac,123
random_loss,0.03,fixed_0.5,0.5,2,300,10,0.03333333333333333,3.0,3.1000000000000005,3.3333333333333335,0.026666666666666616,0,0.0,8,0.02666666666666667,1.8906147480010986,1.8906147480010986,2.4157142639160156,0.866570808842225,0.7907481472766759,-0.3417137042816385,0.02666666666666667,8,1.0,1,8,HILCodec_3kbps,2094-142345-0000.flac,42
random_loss,0.03,fixed_0.5,0.5,2,300,10,0.03333333333333333,3.0,3.1000000000000005,3.3333333333333335,0.033333333333333326,0,0.0,10,0.03333333333333333,2.2081427574157715,2.2081427574157715,3.1079795360565186,0.8911887414241829,0.827230892689483,1.1028392818237842,0.03333333333333333,10,1.0,1,10,HILCodec_3kbps,2094-142345-0000.flac,123
random_loss,0.03,fixed_0.7,0.7,1,300,1,0.0033333333333333335,3.0,3.0100000000000002,0.33333333333333337,0.026666666666666616,0,0.0,8,0.02666666666666667,1.8906147480010986,1.8906147480010986,2.4157142639160156,0.866570808842225,0.7907481472766758,-0.3417137042816385,0.02666666666666667,8,1.0,1,8,HILCodec_3kbps,2094-142345-0000.flac,42
random_loss,0.03,fixed_0.7,0.7,1,300,1,0.0033333333333333335,3.0,3.0100000000000002,0.33333333333333337,0.033333333333333326,0,0.0,10,0.03333333333333333,2.2081427574157715,2.2081427574157715,3.1079795360565186,0.8911887414241829,0.827230892689483,1.1028392818237842,0.03333333333333333,10,1.0,1,10,HILCodec_3kbps,2094-142345-0000.flac,123
random_loss,0.03,fixed_0.7,0.7,2,300,1,0.0033333333333333335,3.0,3.0100000000000002,0.33333333333333337,0.026666666666666616,0,0.0,8,0.02666666666666667,1.8906147480010986,1.8906147480010986,2.4157142639160156,0.866570808842225,0.7907481472766758,-0.3417137042816385,0.02666666666666667,8,1.0,1,8,HILCodec_3kbps,2094-142345-0000.flac,42
random_loss,0.03,fixed_0.7,0.7,2,300,1,0.0033333333333333335,3.0,3.0100000000000002,0.33333333333333337,0.033333333333333326,0,0.0,10,0.03333333333333333,2.2081427574157715,2.2081427574157715,3.1079795360565186,0.8911887414241829,0.8272308926894831,1.1028392818237842,0.03333333333333333,10,1.0,1,10,HILCodec_3kbps,2094-142345-0000.flac,123
random_loss,0.03,adaptive_mean_std,dynamic,1,300,44,0.14666666666666667,3.0,3.4400000000000004,14.666666666666666,0.026666666666666616,1,0.125,7,0.023333333333333334,2.1195061206817627,2.1195061206817627,2.9302947521209717,0.891433410635737,0.8255419612252757,1.087575546762305,0.023333333333333334,7,1.0,1,7,HILCodec_3kbps,2094-142345-0000.flac,42
random_loss,0.03,adaptive_mean_std,dynamic,1,300,44,0.14666666666666667,3.0,3.4400000000000004,14.666666666666666,0.033333333333333326,1,0.1,9,0.03,2.2085788249969482,2.2085788249969482,3.1082191467285156,0.8911905744261731,0.8272546621141614,1.1029262539056364,0.03,9,1.0,1,9,HILCodec_3kbps,2094-142345-0000.flac,123
random_loss,0.03,adaptive_mean_std,dynamic,2,300,44,0.14666666666666667,3.0,3.4400000000000004,14.666666666666666,0.026666666666666616,1,0.125,7,0.023333333333333334,2.1195061206817627,2.1195061206817627,2.9302947521209717,0.891433410635737,0.8255419612252757,1.087575546762305,0.023333333333333334,7,1.0,1,7,HILCodec_3kbps,2094-142345-0000.flac,42
random_loss,0.03,adaptive_mean_std,dynamic,2,300,44,0.14666666666666667,3.0,3.4400000000000004,14.666666666666666,0.033333333333333326,1,0.1,9,0.03,2.2085788249969482,2.2085788249969482,3.1082191467285156,0.8911905744261731,0.8272546621141614,1.1029262539056364,0.03,9,1.0,1,9,HILCodec_3kbps,2094-142345-0000.flac,123
random_loss,0.03,adaptive_quantile_70,dynamic,1,300,111,0.37,3.0,4.11,37.0,0.026666666666666616,3,0.375,5,0.016666666666666666,2.120373249053955,2.120373249053955,2.931887149810791,0.8920669083615542,0.8280918422161074,1.0890474870429143,0.016666666666666666,5,1.0,1,5,HILCodec_3kbps,2094-142345-0000.flac,42
random_loss,0.03,adaptive_quantile_70,dynamic,1,300,111,0.37,3.0,4.11,37.0,0.033333333333333326,7,0.7,3,0.01,2.235558271408081,2.235558271408081,3.113192081451416,0.8928172619297174,0.8317386557594421,1.1453310856602548,0.01,3,1.0,1,3,HILCodec_3kbps,2094-142345-0000.flac,123
random_loss,0.03,adaptive_quantile_70,dynamic,2,300,111,0.37,3.0,4.11,37.0,0.026666666666666616,3,0.375,5,0.016666666666666666,2.120373249053955,2.120373249053955,2.931887149810791,0.8920669083615542,0.8280918422161074,1.0890474870429143,0.016666666666666666,5,1.0,1,5,HILCodec_3kbps,2094-142345-0000.flac,42
random_loss,0.03,adaptive_quantile_70,dynamic,2,300,111,0.37,3.0,4.11,37.0,0.033333333333333326,7,0.7,3,0.01,2.235558271408081,2.235558271408081,3.113192081451416,0.8928172619297174,0.8317386557594421,1.1453310856602548,0.01,3,1.0,1,3,HILCodec_3kbps,2094-142345-0000.flac,123
random_loss,0.03,all_duplicate,all_duplicate,1,300,300,1.0,3.0,6.0,100.0,0.026666666666666616,8,1.0,0,0.0,2.5057213306427,2.5057213306427,3.2857844829559326,0.9031445257604853,0.8408691753079137,1.3917259829344122,0.0,0,0.0,0,0,HILCodec_3kbps,2094-142345-0000.flac,42
random_loss,0.03,all_duplicate,all_duplicate,1,300,300,1.0,3.0,6.0,100.0,0.033333333333333326,10,1.0,0,0.0,2.5057213306427,2.5057213306427,3.2857844829559326,0.9031445257604853,0.8408691753079137,1.3917259829344122,0.0,0,0.0,0,0,HILCodec_3kbps,2094-142345-0000.flac,123
random_loss,0.03,all_duplicate,all_duplicate,2,300,300,1.0,3.0,6.0,100.0,0.026666666666666616,8,1.0,0,0.0,2.5057213306427,2.5057213306427,3.2857844829559326,0.9031445257604853,0.8408691753079137,1.3917259829344122,0.0,0,0.0,0,0,HILCodec_3kbps,2094-142345-0000.flac,42
random_loss,0.03,all_duplicate,all_duplicate,2,300,300,1.0,3.0,6.0,100.0,0.033333333333333326,10,1.0,0,0.0,2.5057213306427,2.5057213306427,3.2857844829559326,0.9031445257604853,0.8408691753079137,1.3917259829344122,0.0,0,0.0,0,0,HILCodec_3kbps,2094-142345-0000.flac,123
random_loss,0.05,no_duplicate,no_duplicate,1,300,0,0.0,3.0,3.0,0.0,0.050000000000000044,0,0.0,15,0.05,1.8531068563461304,1.8531068563461304,2.345938205718994,0.8601851763823409,0.7819799855277917,-0.5020844681375557,0.05,15,1.0,1,15,HILCodec_3kbps,2094-142345-0000.flac,42
random_loss,0.05,no_duplicate,no_duplicate,1,300,0,0.0,3.0,3.0,0.0,0.050000000000000044,0,0.0,15,0.05,1.900848150253296,1.900848150253296,2.84403133392334,0.8805459076400642,0.8105860687292,0.6557977308892164,0.05,15,1.0714285714285714,2,14,HILCodec_3kbps,2094-142345-0000.flac,123
random_loss,0.05,no_duplicate,no_duplicate,2,300,0,0.0,3.0,3.0,0.0,0.050000000000000044,0,0.0,15,0.05,1.8531068563461304,1.8531068563461304,2.345938205718994,0.8601851763823409,0.7819799855277919,-0.5020844681375557,0.05,15,1.0,1,15,HILCodec_3kbps,2094-142345-0000.flac,42
random_loss,0.05,no_duplicate,no_duplicate,2,300,0,0.0,3.0,3.0,0.0,0.050000000000000044,0,0.0,15,0.05,1.900848150253296,1.900848150253296,2.84403133392334,0.8805459076400642,0.8105860687291999,0.6557977308892164,0.05,15,1.0714285714285714,2,14,HILCodec_3kbps,2094-142345-0000.flac,123
random_loss,0.05,fixed_0.3,0.3,1,300,28,0.09333333333333334,3.0,3.28,9.333333333333334,0.050000000000000044,2,0.13333333333333333,13,0.043333333333333335,2.070460557937622,2.070460557937622,2.846493721008301,0.8852780562537949,0.8170191936968445,0.9363901458935564,0.043333333333333335,13,1.0,1,13,HILCodec_3kbps,2094-142345-0000.flac,42
random_loss,0.05,fixed_0.3,0.3,1,300,28,0.09333333333333334,3.0,3.28,9.333333333333334,0.050000000000000044,0,0.0,15,0.05,1.900848150253296,1.900848150253296,2.84403133392334,0.8805459076400642,0.8105860687292,0.6557977308892164,0.05,15,1.0714285714285714,2,14,HILCodec_3kbps,2094-142345-0000.flac,123
random_loss,0.05,fixed_0.3,0.3,2,300,28,0.09333333333333334,3.0,3.28,9.333333333333334,0.050000000000000044,2,0.13333333333333333,13,0.043333333333333335,2.070460557937622,2.070460557937622,2.846493721008301,0.8852780562537949,0.8170191936968445,0.9363901458935564,0.043333333333333335,13,1.0,1,13,HILCodec_3kbps,2094-142345-0000.flac,42
random_loss,0.05,fixed_0.3,0.3,2,300,28,0.09333333333333334,3.0,3.28,9.333333333333334,0.050000000000000044,0,0.0,15,0.05,1.900848150253296,1.900848150253296,2.84403133392334,0.8805459076400642,0.8105860687291998,0.6557977308892164,0.05,15,1.0714285714285714,2,14,HILCodec_3kbps,2094-142345-0000.flac,123
random_loss,0.05,fixed_0.5,0.5,1,300,10,0.03333333333333333,3.0,3.1000000000000005,3.3333333333333335,0.050000000000000044,0,0.0,15,0.05,1.8531068563461304,1.8531068563461304,2.345938205718994,0.8601851763823409,0.7819799855277919,-0.5020844681375557,0.05,15,1.0,1,15,HILCodec_3kbps,2094-142345-0000.flac,42
random_loss,0.05,fixed_0.5,0.5,1,300,10,0.03333333333333333,3.0,3.1000000000000005,3.3333333333333335,0.050000000000000044,0,0.0,15,0.05,1.900848150253296,1.900848150253296,2.84403133392334,0.8805459076400642,0.8105860687291999,0.6557977308892164,0.05,15,1.0714285714285714,2,14,HILCodec_3kbps,2094-142345-0000.flac,123
random_loss,0.05,fixed_0.5,0.5,2,300,10,0.03333333333333333,3.0,3.1000000000000005,3.3333333333333335,0.050000000000000044,0,0.0,15,0.05,1.8531068563461304,1.8531068563461304,2.345938205718994,0.8601851763823409,0.7819799855277917,-0.5020844681375557,0.05,15,1.0,1,15,HILCodec_3kbps,2094-142345-0000.flac,42
random_loss,0.05,fixed_0.5,0.5,2,300,10,0.03333333333333333,3.0,3.1000000000000005,3.3333333333333335,0.050000000000000044,0,0.0,15,0.05,1.900848150253296,1.900848150253296,2.84403133392334,0.8805459076400642,0.8105860687292,0.6557977308892164,0.05,15,1.0714285714285714,2,14,HILCodec_3kbps,2094-142345-0000.flac,123
random_loss,0.05,fixed_0.7,0.7,1,300,1,0.0033333333333333335,3.0,3.0100000000000002,0.33333333333333337,0.050000000000000044,0,0.0,15,0.05,1.8531068563461304,1.8531068563461304,2.345938205718994,0.8601851763823409,0.7819799855277917,-0.5020844681375557,0.05,15,1.0,1,15,HILCodec_3kbps,2094-142345-0000.flac,42
random_loss,0.05,fixed_0.7,0.7,1,300,1,0.0033333333333333335,3.0,3.0100000000000002,0.33333333333333337,0.050000000000000044,0,0.0,15,0.05,1.900848150253296,1.900848150253296,2.84403133392334,0.8805459076400642,0.8105860687292,0.6557977308892164,0.05,15,1.0714285714285714,2,14,HILCodec_3kbps,2094-142345-0000.flac,123
random_loss,0.05,fixed_0.7,0.7,2,300,1,0.0033333333333333335,3.0,3.0100000000000002,0.33333333333333337,0.050000000000000044,0,0.0,15,0.05,1.8531068563461304,1.8531068563461304,2.345938205718994,0.8601851763823409,0.7819799855277917,-0.5020844681375557,0.05,15,1.0,1,15,HILCodec_3kbps,2094-142345-0000.flac,42
random_loss,0.05,fixed_0.7,0.7,2,300,1,0.0033333333333333335,3.0,3.0100000000000002,0.33333333333333337,0.050000000000000044,0,0.0,15,0.05,1.900848150253296,1.900848150253296,2.84403133392334,0.8805459076400642,0.8105860687292,0.6557977308892164,0.05,15,1.0714285714285714,2,14,HILCodec_3kbps,2094-142345-0000.flac,123
random_loss,0.05,adaptive_mean_std,dynamic,1,300,44,0.14666666666666667,3.0,3.4400000000000004,14.666666666666666,0.050000000000000044,3,0.2,12,0.04,2.0710318088531494,2.0710318088531494,2.8469555377960205,0.8852780562890878,0.8170191936567464,0.9363415353550785,0.04,12,1.0,1,12,HILCodec_3kbps,2094-142345-0000.flac,42
random_loss,0.05,adaptive_mean_std,dynamic,1,300,44,0.14666666666666667,3.0,3.4400000000000004,14.666666666666666,0.050000000000000044,1,0.06666666666666667,14,0.04666666666666667,1.901200771331787,1.901200771331787,2.844233512878418,0.8805478163575605,0.8106141142799648,0.6558865847314977,0.04666666666666667,14,1.0769230769230769,2,13,HILCodec_3kbps,2094-142345-0000.flac,123
random_loss,0.05,adaptive_mean_std,dynamic,2,300,44,0.14666666666666667,3.0,3.4400000000000004,14.666666666666666,0.050000000000000044,3,0.2,12,0.04,2.0710318088531494,2.0710318088531494,2.8469555377960205,0.8852780562890878,0.8170191936567465,0.9363415353550785,0.04,12,1.0,1,12,HILCodec_3kbps,2094-142345-0000.flac,42
random_loss,0.05,adaptive_mean_std,dynamic,2,300,44,0.14666666666666667,3.0,3.4400000000000004,14.666666666666666,0.050000000000000044,1,0.06666666666666667,14,0.04666666666666667,1.901200771331787,1.901200771331787,2.844233512878418,0.8805478163575605,0.8106141142799647,0.6558865847314977,0.04666666666666667,14,1.0769230769230769,2,13,HILCodec_3kbps,2094-142345-0000.flac,123
random_loss,0.05,adaptive_quantile_70,dynamic,1,300,111,0.37,3.0,4.11,37.0,0.050000000000000044,8,0.5333333333333333,7,0.023333333333333334,2.1158268451690674,2.1158268451690674,2.9187493324279785,0.8891942986870591,0.8238632192151402,0.9105225346303496,0.023333333333333334,7,1.0,1,7,HILCodec_3kbps,2094-142345-0000.flac,42
random_loss,0.05,adaptive_quantile_70,dynamic,1,300,111,0.37,3.0,4.11,37.0,0.050000000000000044,7,0.4666666666666667,8,0.02666666666666667,1.9165281057357788,1.9165281057357788,2.848355531692505,0.8830838872674245,0.8162786964519965,0.7501450425406617,0.02666666666666667,8,1.1428571428571428,2,7,HILCodec_3kbps,2094-142345-0000.flac,123
random_loss,0.05,adaptive_quantile_70,dynamic,2,300,111,0.37,3.0,4.11,37.0,0.050000000000000044,8,0.5333333333333333,7,0.023333333333333334,2.1158268451690674,2.1158268451690674,2.9187493324279785,0.8891942986870591,0.8238632192151402,0.9105225346303496,0.023333333333333334,7,1.0,1,7,HILCodec_3kbps,2094-142345-0000.flac,42
random_loss,0.05,adaptive_quantile_70,dynamic,2,300,111,0.37,3.0,4.11,37.0,0.050000000000000044,7,0.4666666666666667,8,0.02666666666666667,1.9139130115509033,1.9139130115509033,2.831233263015747,0.880305474618496,0.8166219550879903,0.7195443172025142,0.02666666666666667,8,1.0,1,8,HILCodec_3kbps,2094-142345-0000.flac,123
random_loss,0.05,all_duplicate,all_duplicate,1,300,300,1.0,3.0,6.0,100.0,0.050000000000000044,15,1.0,0,0.0,2.5057213306427,2.5057213306427,3.2857844829559326,0.9031445257604853,0.8408691753079137,1.3917259829344122,0.0,0,0.0,0,0,HILCodec_3kbps,2094-142345-0000.flac,42
random_loss,0.05,all_duplicate,all_duplicate,1,300,300,1.0,3.0,6.0,100.0,0.050000000000000044,14,0.9333333333333333,1,0.0033333333333333335,2.5051519870758057,2.5051519870758057,3.2856850624084473,0.9029833718517453,0.8412808099498494,1.431773149779896,0.0033333333333333335,1,1.0,1,1,HILCodec_3kbps,2094-142345-0000.flac,123
random_loss,0.05,all_duplicate,all_duplicate,2,300,300,1.0,3.0,6.0,100.0,0.050000000000000044,15,1.0,0,0.0,2.5057213306427,2.5057213306427,3.2857844829559326,0.9031445257604853,0.8408691753079137,1.3917259829344122,0.0,0,0.0,0,0,HILCodec_3kbps,2094-142345-0000.flac,42
random_loss,0.05,all_duplicate,all_duplicate,2,300,300,1.0,3.0,6.0,100.0,0.050000000000000044,13,0.8666666666666667,2,0.006666666666666667,2.4653356075286865,2.4653356075286865,3.2698612213134766,0.9026128317145704,0.8394039152069788,1.387099230604957,0.006666666666666667,2,1.0,1,2,HILCodec_3kbps,2094-142345-0000.flac,123
random_loss,0.1,no_duplicate,no_duplicate,1,300,0,0.0,3.0,3.0,0.0,0.09666666666666668,0,0.0,29,0.09666666666666666,1.5546109676361084,1.5546109676361084,1.9717445373535156,0.8473235018462608,0.7628247193149462,-0.9766320085614277,0.09666666666666666,29,1.0740740740740742,2,27,HILCodec_3kbps,2094-142345-0000.flac,42
random_loss,0.1,no_duplicate,no_duplicate,1,300,0,0.0,3.0,3.0,0.0,0.09999999999999998,0,0.0,30,0.1,1.7089974880218506,1.7089974880218506,2.6294074058532715,0.8715481292145841,0.7985265937413095,0.2973399713535007,0.1,30,1.1111111111111112,2,27,HILCodec_3kbps,2094-142345-0000.flac,123
random_loss,0.1,no_duplicate,no_duplicate,2,300,0,0.0,3.0,3.0,0.0,0.09666666666666668,0,0.0,29,0.09666666666666666,1.5546109676361084,1.5546109676361084,1.9717445373535156,0.8473235018462608,0.7628247193149463,-0.9766320085614277,0.09666666666666666,29,1.0740740740740742,2,27,HILCodec_3kbps,2094-142345-0000.flac,42
random_loss,0.1,no_duplicate,no_duplicate,2,300,0,0.0,3.0,3.0,0.0,0.09999999999999998,0,0.0,30,0.1,1.7089974880218506,1.7089974880218506,2.6294074058532715,0.8715481292145841,0.7985265937413095,0.2973399713535007,0.1,30,1.1111111111111112,2,27,HILCodec_3kbps,2094-142345-0000.flac,123
random_loss,0.1,fixed_0.3,0.3,1,300,28,0.09333333333333334,3.0,3.28,9.333333333333334,0.09666666666666668,2,0.06896551724137931,27,0.09,1.6383869647979736,1.6383869647979736,2.2942278385162354,0.872194102042912,0.797734907415823,0.3799394193154012,0.09,27,1.08,2,25,HILCodec_3kbps,2094-142345-0000.flac,42
random_loss,0.1,fixed_0.3,0.3,1,300,28,0.09333333333333334,3.0,3.28,9.333333333333334,0.09999999999999998,1,0.03333333333333333,29,0.09666666666666666,1.7122602462768555,1.7122602462768555,2.6315195560455322,0.8718665343615294,0.7988930260415815,0.30323727814661755,0.09666666666666666,29,1.1153846153846154,2,26,HILCodec_3kbps,2094-142345-0000.flac,123
random_loss,0.1,fixed_0.3,0.3,2,300,28,0.09333333333333334,3.0,3.28,9.333333333333334,0.09666666666666668,2,0.06896551724137931,27,0.09,1.6383869647979736,1.6383869647979736,2.2942278385162354,0.872194102042912,0.797734907415823,0.3799394193154012,0.09,27,1.08,2,25,HILCodec_3kbps,2094-142345-0000.flac,42
random_loss,0.1,fixed_0.3,0.3,2,300,28,0.09333333333333334,3.0,3.28,9.333333333333334,0.09999999999999998,1,0.03333333333333333,29,0.09666666666666666,1.7122602462768555,1.7122602462768555,2.6315195560455322,0.8718665343615294,0.7988930260415815,0.30323727814661755,0.09666666666666666,29,1.1153846153846154,2,26,HILCodec_3kbps,2094-142345-0000.flac,123
random_loss,0.1,fixed_0.5,0.5,1,300,10,0.03333333333333333,3.0,3.1000000000000005,3.3333333333333335,0.09666666666666668,0,0.0,29,0.09666666666666666,1.5546109676361084,1.5546109676361084,1.9717445373535156,0.8473235018462608,0.7628247193149463,-0.9766320085614277,0.09666666666666666,29,1.0740740740740742,2,27,HILCodec_3kbps,2094-142345-0000.flac,42
random_loss,0.1,fixed_0.5,0.5,1,300,10,0.03333333333333333,3.0,3.1000000000000005,3.3333333333333335,0.09999999999999998,0,0.0,30,0.1,1.7089974880218506,1.7089974880218506,2.6294074058532715,0.8715481292145841,0.7985265937413095,0.2973399713535007,0.1,30,1.1111111111111112,2,27,HILCodec_3kbps,2094-142345-0000.flac,123
random_loss,0.1,fixed_0.5,0.5,2,300,10,0.03333333333333333,3.0,3.1000000000000005,3.3333333333333335,0.09666666666666668,0,0.0,29,0.09666666666666666,1.5546109676361084,1.5546109676361084,1.9717445373535156,0.8473235018462608,0.7628247193149463,-0.9766320085614277,0.09666666666666666,29,1.0740740740740742,2,27,HILCodec_3kbps,2094-142345-0000.flac,42
random_loss,0.1,fixed_0.5,0.5,2,300,10,0.03333333333333333,3.0,3.1000000000000005,3.3333333333333335,0.09999999999999998,0,0.0,30,0.1,1.7089974880218506,1.7089974880218506,2.6294074058532715,0.8715481292145841,0.7985265937413095,0.2973399713535007,0.1,30,1.1111111111111112,2,27,HILCodec_3kbps,2094-142345-0000.flac,123
random_loss,0.1,fixed_0.7,0.7,1,300,1,0.0033333333333333335,3.0,3.0100000000000002,0.33333333333333337,0.09666666666666668,0,0.0,29,0.09666666666666666,1.5546109676361084,1.5546109676361084,1.9717445373535156,0.8473235018462608,0.7628247193149463,-0.9766320085614277,0.09666666666666666,29,1.0740740740740742,2,27,HILCodec_3kbps,2094-142345-0000.flac,42
random_loss,0.1,fixed_0.7,0.7,1,300,1,0.0033333333333333335,3.0,3.0100000000000002,0.33333333333333337,0.09999999999999998,0,0.0,30,0.1,1.7089974880218506,1.7089974880218506,2.6294074058532715,0.8715481292145841,0.7985265937413095,0.2973399713535007,0.1,30,1.1111111111111112,2,27,HILCodec_3kbps,2094-142345-0000.flac,123
random_loss,0.1,fixed_0.7,0.7,2,300,1,0.0033333333333333335,3.0,3.0100000000000002,0.33333333333333337,0.09666666666666668,0,0.0,29,0.09666666666666666,1.5546109676361084,1.5546109676361084,1.9717445373535156,0.8473235018462608,0.7628247193149463,-0.9766320085614277,0.09666666666666666,29,1.0740740740740742,2,27,HILCodec_3kbps,2094-142345-0000.flac,42
random_loss,0.1,fixed_0.7,0.7,2,300,1,0.0033333333333333335,3.0,3.0100000000000002,0.33333333333333337,0.09999999999999998,0,0.0,30,0.1,1.7089974880218506,1.7089974880218506,2.6294074058532715,0.8715481292145841,0.7985265937413094,0.2973399713535007,0.1,30,1.1111111111111112,2,27,HILCodec_3kbps,2094-142345-0000.flac,123
random_loss,0.1,adaptive_mean_std,dynamic,1,300,44,0.14666666666666667,3.0,3.4400000000000004,14.666666666666666,0.09666666666666668,4,0.13793103448275862,25,0.08333333333333333,1.639009714126587,1.639009714126587,2.295027732849121,0.8721939126737676,0.7977214155596015,0.37997037908830866,0.08333333333333333,25,1.0869565217391304,2,23,HILCodec_3kbps,2094-142345-0000.flac,42
random_loss,0.1,adaptive_mean_std,dynamic,1,300,44,0.14666666666666667,3.0,3.4400000000000004,14.666666666666666,0.09999999999999998,3,0.1,27,0.09,1.7157642841339111,1.7157642841339111,2.632218599319458,0.8718756885612108,0.7989553036843537,0.30428258275921116,0.09,27,1.125,2,24,HILCodec_3kbps,2094-142345-0000.flac,123
random_loss,0.1,adaptive_mean_std,dynamic,2,300,44,0.14666666666666667,3.0,3.4400000000000004,14.666666666666666,0.09666666666666668,4,0.13793103448275862,25,0.08333333333333333,1.639009714126587,1.639009714126587,2.295027732849121,0.8721939126737676,0.7977214155596015,0.37997037908830866,0.08333333333333333,25,1.0869565217391304,2,23,HILCodec_3kbps,2094-142345-0000.flac,42
random_loss,0.1,adaptive_mean_std,dynamic,2,300,44,0.14666666666666667,3.0,3.4400000000000004,14.666666666666666,0.09999999999999998,3,0.1,27,0.09,1.7157642841339111,1.7157642841339111,2.632218599319458,0.8718756885612108,0.7989553036843537,0.30428258275921116,0.09,27,1.125,2,24,HILCodec_3kbps,2094-142345-0000.flac,123
random_loss,0.1,adaptive_quantile_70,dynamic,1,300,111,0.37,3.0,4.11,37.0,0.09666666666666668,11,0.3793103448275862,18,0.06,1.6669814586639404,1.6669814586639404,2.3523061275482178,0.8781046517053023,0.809731642827175,0.7375657713010607,0.06,18,1.125,2,16,HILCodec_3kbps,2094-142345-0000.flac,42
random_loss,0.1,adaptive_quantile_70,dynamic,1,300,111,0.37,3.0,4.11,37.0,0.09999999999999998,12,0.4,18,0.06,1.8442573547363281,1.8442573547363281,2.788961410522461,0.879901293551486,0.8106933884875419,0.30448191375806904,0.06,18,1.2,2,15,HILCodec_3kbps,2094-142345-0000.flac,123
random_loss,0.1,adaptive_quantile_70,dynamic,2,300,111,0.37,3.0,4.11,37.0,0.09666666666666668,10,0.3448275862068966,19,0.06333333333333334,1.661728024482727,1.661728024482727,2.35079288482666,0.8765070103343106,0.807233014496057,0.36610773524436596,0.06333333333333334,19,1.1176470588235294,2,17,HILCodec_3kbps,2094-142345-0000.flac,42
random_loss,0.1,adaptive_quantile_70,dynamic,2,300,111,0.37,3.0,4.11,37.0,0.09999999999999998,10,0.3333333333333333,20,0.06666666666666667,1.8353674411773682,1.8353674411773682,2.773075819015503,0.8770127323541426,0.8098339280736926,0.1824686560067712,0.06666666666666667,20,1.1111111111111112,2,18,HILCodec_3kbps,2094-142345-0000.flac,123
random_loss,0.1,all_duplicate,all_duplicate,1,300,300,1.0,3.0,6.0,100.0,0.09666666666666668,27,0.9310344827586207,2,0.006666666666666667,2.2598464488983154,2.2598464488983154,3.033501148223877,0.8994371337182667,0.8376013942471667,1.1966637083316263,0.006666666666666667,2,1.0,1,2,HILCodec_3kbps,2094-142345-0000.flac,42
random_loss,0.1,all_duplicate,all_duplicate,1,300,300,1.0,3.0,6.0,100.0,0.09999999999999998,27,0.9,3,0.01,2.505429983139038,2.505429983139038,3.2927091121673584,0.9047156614487308,0.8416583395232369,1.2855767418260777,0.01,3,1.0,1,3,HILCodec_3kbps,2094-142345-0000.flac,123
random_loss,0.1,all_duplicate,all_duplicate,2,300,300,1.0,3.0,6.0,100.0,0.09666666666666668,26,0.896551724137931,3,0.01,2.2259199619293213,2.2259199619293213,2.9931986331939697,0.8988948657656541,0.8362901375696612,1.1221052040486685,0.01,3,1.0,1,3,HILCodec_3kbps,2094-142345-0000.flac,42
random_loss,0.1,all_duplicate,all_duplicate,2,300,300,1.0,3.0,6.0,100.0,0.09999999999999998,25,0.8333333333333334,5,0.016666666666666666,2.421816349029541,2.421816349029541,3.270542860031128,0.9038946363281287,0.8391580842024026,1.294435296791233,0.016666666666666666,5,1.0,1,5,HILCodec_3kbps,2094-142345-0000.flac,123
random_loss,0.2,no_duplicate,no_duplicate,1,300,0,0.0,3.0,3.0,0.0,0.24,0,0.0,72,0.24,1.259244680404663,1.259244680404663,1.710810899734497,0.7643065123172204,0.6663148064950306,-3.3919985055758,0.24,72,1.44,6,50,HILCodec_3kbps,2094-142345-0000.flac,42
random_loss,0.2,no_duplicate,no_duplicate,1,300,0,0.0,3.0,3.0,0.0,0.20666666666666667,0,0.0,62,0.20666666666666667,1.446319341659546,1.446319341659546,2.121689796447754,0.8235599667824425,0.7343139871766864,-1.4139466795339948,0.20666666666666667,62,1.3478260869565217,4,46,HILCodec_3kbps,2094-142345-0000.flac,123
random_loss,0.2,no_duplicate,no_duplicate,2,300,0,0.0,3.0,3.0,0.0,0.24,0,0.0,72,0.24,1.259244680404663,1.259244680404663,1.710810899734497,0.7643065123172204,0.6663148064950306,-3.3919985055758,0.24,72,1.44,6,50,HILCodec_3kbps,2094-142345-0000.flac,42
random_loss,0.2,no_duplicate,no_duplicate,2,300,0,0.0,3.0,3.0,0.0,0.20666666666666667,0,0.0,62,0.20666666666666667,1.446319341659546,1.446319341659546,2.121689796447754,0.8235599667824425,0.7343139871766864,-1.4139466795339948,0.20666666666666667,62,1.3478260869565217,4,46,HILCodec_3kbps,2094-142345-0000.flac,123
random_loss,0.2,fixed_0.3,0.3,1,300,28,0.09333333333333334,3.0,3.28,9.333333333333334,0.24,2,0.027777777777777776,70,0.23333333333333334,1.2720404863357544,1.2720404863357544,1.7681312561035156,0.7726825142208694,0.6768374626546881,-3.066167594412601,0.23333333333333334,70,1.4,6,50,HILCodec_3kbps,2094-142345-0000.flac,42
random_loss,0.2,fixed_0.3,0.3,1,300,28,0.09333333333333334,3.0,3.28,9.333333333333334,0.20666666666666667,1,0.016129032258064516,61,0.20333333333333334,1.4477934837341309,1.4477934837341309,2.122189998626709,0.8240084234905817,0.7351192420474383,-1.4069711860409817,0.20333333333333334,61,1.3555555555555556,4,45,HILCodec_3kbps,2094-142345-0000.flac,123
random_loss,0.2,fixed_0.3,0.3,2,300,28,0.09333333333333334,3.0,3.28,9.333333333333334,0.24,4,0.05555555555555555,68,0.22666666666666666,1.2589972019195557,1.2589972019195557,1.602242350578308,0.7840838762274104,0.6645899831926244,-4.6484983161795155,0.22666666666666666,68,1.3877551020408163,6,49,HILCodec_3kbps,2094-142345-0000.flac,42
random_loss,0.2,fixed_0.3,0.3,2,300,28,0.09333333333333334,3.0,3.28,9.333333333333334,0.20666666666666667,0,0.0,62,0.20666666666666667,1.446319341659546,1.446319341659546,2.121689796447754,0.8235599667824425,0.7343139871766864,-1.4139466795339948,0.20666666666666667,62,1.3478260869565217,4,46,HILCodec_3kbps,2094-142345-0000.flac,123
random_loss,0.2,fixed_0.5,0.5,1,300,10,0.03333333333333333,3.0,3.1000000000000005,3.3333333333333335,0.24,0,0.0,72,0.24,1.259244680404663,1.259244680404663,1.710810899734497,0.7643065123172204,0.6663148064950306,-3.3919985055758,0.24,72,1.44,6,50,HILCodec_3kbps,2094-142345-0000.flac,42
random_loss,0.2,fixed_0.5,0.5,1,300,10,0.03333333333333333,3.0,3.1000000000000005,3.3333333333333335,0.20666666666666667,0,0.0,62,0.20666666666666667,1.446319341659546,1.446319341659546,2.121689796447754,0.8235599667824425,0.7343139871766864,-1.4139466795339948,0.20666666666666667,62,1.3478260869565217,4,46,HILCodec_3kbps,2094-142345-0000.flac,123
random_loss,0.2,fixed_0.5,0.5,2,300,10,0.03333333333333333,3.0,3.1000000000000005,3.3333333333333335,0.24,1,0.013888888888888888,71,0.23666666666666666,1.2578129768371582,1.2578129768371582,1.601294755935669,0.7823831003769508,0.6607939619392773,-4.661539819890164,0.23666666666666666,71,1.42,6,50,HILCodec_3kbps,2094-142345-0000.flac,42
random_loss,0.2,fixed_0.5,0.5,2,300,10,0.03333333333333333,3.0,3.1000000000000005,3.3333333333333335,0.20666666666666667,0,0.0,62,0.20666666666666667,1.446319341659546,1.446319341659546,2.121689796447754,0.8235599667824425,0.7343139871766864,-1.4139466795339948,0.20666666666666667,62,1.3478260869565217,4,46,HILCodec_3kbps,2094-142345-0000.flac,123
random_loss,0.2,fixed_0.7,0.7,1,300,1,0.0033333333333333335,3.0,3.0100000000000002,0.33333333333333337,0.24,0,0.0,72,0.24,1.259244680404663,1.259244680404663,1.710810899734497,0.7643065123172204,0.6663148064950306,-3.3919985055758,0.24,72,1.44,6,50,HILCodec_3kbps,2094-142345-0000.flac,42
random_loss,0.2,fixed_0.7,0.7,1,300,1,0.0033333333333333335,3.0,3.0100000000000002,0.33333333333333337,0.20666666666666667,0,0.0,62,0.20666666666666667,1.446319341659546,1.446319341659546,2.121689796447754,0.8235599667824425,0.7343139871766864,-1.4139466795339948,0.20666666666666667,62,1.3478260869565217,4,46,HILCodec_3kbps,2094-142345-0000.flac,123
random_loss,0.2,fixed_0.7,0.7,2,300,1,0.0033333333333333335,3.0,3.0100000000000002,0.33333333333333337,0.24,1,0.013888888888888888,71,0.23666666666666666,1.2578129768371582,1.2578129768371582,1.601294755935669,0.7823831003769508,0.6607939619392773,-4.661539819890164,0.23666666666666666,71,1.42,6,50,HILCodec_3kbps,2094-142345-0000.flac,42
random_loss,0.2,fixed_0.7,0.7,2,300,1,0.0033333333333333335,3.0,3.0100000000000002,0.33333333333333337,0.20666666666666667,0,0.0,62,0.20666666666666667,1.446319341659546,1.446319341659546,2.121689796447754,0.8235599667824425,0.7343139871766864,-1.4139466795339948,0.20666666666666667,62,1.3478260869565217,4,46,HILCodec_3kbps,2094-142345-0000.flac,123
random_loss,0.2,adaptive_mean_std,dynamic,1,300,44,0.14666666666666667,3.0,3.4400000000000004,14.666666666666666,0.24,5,0.06944444444444445,67,0.22333333333333333,1.2725260257720947,1.2725260257720947,1.7684926986694336,0.7726865454997685,0.6768441073108318,-3.0658662818063314,0.22333333333333333,67,1.425531914893617,6,47,HILCodec_3kbps,2094-142345-0000.flac,42
random_loss,0.2,adaptive_mean_std,dynamic,1,300,44,0.14666666666666667,3.0,3.4400000000000004,14.666666666666666,0.20666666666666667,5,0.08064516129032258,57,0.19,1.45015287399292,1.45015287399292,2.1233654022216797,0.8240219630691149,0.7351781991413157,-1.4053823550962345,0.19,57,1.3255813953488371,4,43,HILCodec_3kbps,2094-142345-0000.flac,123
random_loss,0.2,adaptive_mean_std,dynamic,2,300,44,0.14666666666666667,3.0,3.4400000000000004,14.666666666666666,0.24,8,0.1111111111111111,64,0.21333333333333335,1.2622888088226318,1.2622888088226318,1.6194102764129639,0.7841527922101303,0.664704797930875,-4.64341850042222,0.21333333333333335,64,1.3617021276595744,6,47,HILCodec_3kbps,2094-142345-0000.flac,42
random_loss,0.2,adaptive_mean_std,dynamic,2,300,44,0.14666666666666667,3.0,3.4400000000000004,14.666666666666666,0.20666666666666667,3,0.04838709677419355,59,0.19666666666666666,1.446872591972351,1.446872591972351,2.122853994369507,0.8235655709660386,0.7342749471702189,-1.4131773418900924,0.19666666666666666,59,1.3111111111111111,4,45,HILCodec_3kbps,2094-142345-0000.flac,123
random_loss,0.2,adaptive_quantile_70,dynamic,1,300,111,0.37,3.0,4.11,37.0,0.24,17,0.2361111111111111,55,0.18333333333333332,1.2813060283660889,1.2813060283660889,1.7856594324111938,0.779647404610938,0.6913870135764693,-2.7276168424407476,0.18333333333333332,55,1.4864864864864864,6,37,HILCodec_3kbps,2094-142345-0000.flac,42
random_loss,0.2,adaptive_quantile_70,dynamic,1,300,111,0.37,3.0,4.11,37.0,0.20666666666666667,20,0.3225806451612903,42,0.14,1.6463301181793213,1.6463301181793213,2.3451297283172607,0.850681336128035,0.7712668376479361,-0.8311646963955476,0.14,42,1.3548387096774193,3,31,HILCodec_3kbps,2094-142345-0000.flac,123
random_loss,0.2,adaptive_quantile_70,dynamic,2,300,111,0.37,3.0,4.11,37.0,0.24,20,0.2777777777777778,52,0.17333333333333334,1.3008692264556885,1.3008692264556885,1.6415328979492188,0.7896739582703706,0.6798085074569266,-4.618033445810765,0.17333333333333334,52,1.4054054054054055,6,37,HILCodec_3kbps,2094-142345-0000.flac,42
random_loss,0.2,adaptive_quantile_70,dynamic,2,300,111,0.37,3.0,4.11,37.0,0.20666666666666667,20,0.3225806451612903,42,0.14,1.6299668550491333,1.6299668550491333,2.3641505241394043,0.8521215942494369,0.7746690699897775,-0.8709730584205421,0.14,42,1.2352941176470589,3,34,HILCodec_3kbps,2094-142345-0000.flac,123
random_loss,0.2,all_duplicate,all_duplicate,1,300,300,1.0,3.0,6.0,100.0,0.24,50,0.6944444444444444,22,0.07333333333333333,1.7862884998321533,1.7862884998321533,2.3560280799865723,0.8413265314249012,0.7713857055701079,-0.43534876277823936,0.07333333333333333,22,1.375,5,16,HILCodec_3kbps,2094-142345-0000.flac,42
random_loss,0.2,all_duplicate,all_duplicate,1,300,300,1.0,3.0,6.0,100.0,0.20666666666666667,46,0.7419354838709677,16,0.05333333333333334,2.316713571548462,2.316713571548462,3.1045432090759277,0.8948816612210407,0.8290197355762751,1.0202434920199224,0.05333333333333334,16,1.3333333333333333,3,12,HILCodec_3kbps,2094-142345-0000.flac,123
random_loss,0.2,all_duplicate,all_duplicate,2,300,300,1.0,3.0,6.0,100.0,0.24,53,0.7361111111111112,19,0.06333333333333334,1.576596736907959,1.576596736907959,1.9142625331878662,0.8417818276430165,0.7521662408741667,-2.5101121018880175,0.06333333333333334,19,1.1875,4,16,HILCodec_3kbps,2094-142345-0000.flac,42
random_loss,0.2,all_duplicate,all_duplicate,2,300,300,1.0,3.0,6.0,100.0,0.20666666666666667,46,0.7419354838709677,16,0.05333333333333334,2.189208745956421,2.189208745956421,2.9849562644958496,0.8987408566846379,0.8354643428649023,0.8184954836027442,0.05333333333333334,16,1.0666666666666667,2,15,HILCodec_3kbps,2094-142345-0000.flac,123
random_loss,0.3,no_duplicate,no_duplicate,1,300,0,0.0,3.0,3.0,0.0,0.32333333333333336,0,0.0,97,0.3233333333333333,1.21658194065094,1.21658194065094,1.5825378894805908,0.7312982594790878,0.6142034496767725,-6.3432846297164405,0.3233333333333333,97,1.564516129032258,8,62,HILCodec_3kbps,2094-142345-0000.flac,42
random_loss,0.3,no_duplicate,no_duplicate,1,300,0,0.0,3.0,3.0,0.0,0.3433333333333334,0,0.0,103,0.3433333333333333,1.2479594945907593,1.2479594945907593,1.710129737854004,0.7416957292579531,0.6439499045230287,-3.398706830058992,0.3433333333333333,103,1.5846153846153845,6,65,HILCodec_3kbps,2094-142345-0000.flac,123
random_loss,0.3,no_duplicate,no_duplicate,2,300,0,0.0,3.0,3.0,0.0,0.32333333333333336,0,0.0,97,0.3233333333333333,1.21658194065094,1.21658194065094,1.5825378894805908,0.7312982594790878,0.6142034496767727,-6.3432846297164405,0.3233333333333333,97,1.564516129032258,8,62,HILCodec_3kbps,2094-142345-0000.flac,42
random_loss,0.3,no_duplicate,no_duplicate,2,300,0,0.0,3.0,3.0,0.0,0.3433333333333334,0,0.0,103,0.3433333333333333,1.2479594945907593,1.2479594945907593,1.710129737854004,0.7416957292579531,0.6439499045230287,-3.398706830058992,0.3433333333333333,103,1.5846153846153845,6,65,HILCodec_3kbps,2094-142345-0000.flac,123
random_loss,0.3,fixed_0.3,0.3,1,300,28,0.09333333333333334,3.0,3.28,9.333333333333334,0.32333333333333336,2,0.020618556701030927,95,0.31666666666666665,1.2173120975494385,1.2173120975494385,1.5828906297683716,0.7312054486423502,0.6159311161264018,-6.338451244239785,0.31666666666666665,95,1.5573770491803278,8,61,HILCodec_3kbps,2094-142345-0000.flac,42
random_loss,0.3,fixed_0.3,0.3,1,300,28,0.09333333333333334,3.0,3.28,9.333333333333334,0.3433333333333334,5,0.04854368932038835,98,0.32666666666666666,1.2822566032409668,1.2822566032409668,1.8153924942016602,0.7639896458371441,0.6581791620838233,-2.101844091317924,0.32666666666666666,98,1.6333333333333333,6,60,HILCodec_3kbps,2094-142345-0000.flac,123
random_loss,0.3,fixed_0.3,0.3,2,300,28,0.09333333333333334,3.0,3.28,9.333333333333334,0.32333333333333336,3,0.030927835051546393,94,0.31333333333333335,1.2216291427612305,1.2216291427612305,1.5865695476531982,0.7313191301378024,0.6171186759393914,-6.343791897949571,0.31333333333333335,94,1.540983606557377,8,61,HILCodec_3kbps,2094-142345-0000.flac,42
random_loss,0.3,fixed_0.3,0.3,2,300,28,0.09333333333333334,3.0,3.28,9.333333333333334,0.3433333333333334,2,0.019417475728155338,101,0.33666666666666667,1.2544243335723877,1.2544243335723877,1.7287137508392334,0.7531195216086273,0.650754055833325,-2.3219238200467145,0.33666666666666667,101,1.6031746031746033,6,63,HILCodec_3kbps,2094-142345-0000.flac,123
random_loss,0.3,fixed_0.5,0.5,1,300,10,0.03333333333333333,3.0,3.1000000000000005,3.3333333333333335,0.32333333333333336,0,0.0,97,0.3233333333333333,1.21658194065094,1.21658194065094,1.5825378894805908,0.7312982594790878,0.6142034496767725,-6.3432846297164405,0.3233333333333333,97,1.564516129032258,8,62,HILCodec_3kbps,2094-142345-0000.flac,42
random_loss,0.3,fixed_0.5,0.5,1,300,10,0.03333333333333333,3.0,3.1000000000000005,3.3333333333333335,0.3433333333333334,2,0.019417475728155338,101,0.33666666666666667,1.2544243335723877,1.2544243335723877,1.7287137508392334,0.7531195216086273,0.650754055833325,-2.3219238200467145,0.33666666666666667,101,1.6031746031746033,6,63,HILCodec_3kbps,2094-142345-0000.flac,123
random_loss,0.3,fixed_0.5,0.5,2,300,10,0.03333333333333333,3.0,3.1000000000000005,3.3333333333333335,0.32333333333333336,0,0.0,97,0.3233333333333333,1.21658194065094,1.21658194065094,1.5825378894805908,0.7312982594790878,0.6142034496767727,-6.3432846297164405,0.3233333333333333,97,1.564516129032258,8,62,HILCodec_3kbps,2094-142345-0000.flac,42
random_loss,0.3,fixed_0.5,0.5,2,300,10,0.03333333333333333,3.0,3.1000000000000005,3.3333333333333335,0.3433333333333334,2,0.019417475728155338,101,0.33666666666666667,1.2544243335723877,1.2544243335723877,1.7287137508392334,0.7531195216086273,0.650754055833325,-2.3219238200467145,0.33666666666666667,101,1.6031746031746033,6,63,HILCodec_3kbps,2094-142345-0000.flac,123
random_loss,0.3,fixed_0.7,0.7,1,300,1,0.0033333333333333335,3.0,3.0100000000000002,0.33333333333333337,0.32333333333333336,0,0.0,97,0.3233333333333333,1.21658194065094,1.21658194065094,1.5825378894805908,0.7312982594790878,0.6142034496767725,-6.3432846297164405,0.3233333333333333,97,1.564516129032258,8,62,HILCodec_3kbps,2094-142345-0000.flac,42
random_loss,0.3,fixed_0.7,0.7,1,300,1,0.0033333333333333335,3.0,3.0100000000000002,0.33333333333333337,0.3433333333333334,0,0.0,103,0.3433333333333333,1.2479594945907593,1.2479594945907593,1.710129737854004,0.7416957292579531,0.6439499045230287,-3.398706830058992,0.3433333333333333,103,1.5846153846153845,6,65,HILCodec_3kbps,2094-142345-0000.flac,123
random_loss,0.3,fixed_0.7,0.7,2,300,1,0.0033333333333333335,3.0,3.0100000000000002,0.33333333333333337,0.32333333333333336,0,0.0,97,0.3233333333333333,1.21658194065094,1.21658194065094,1.5825378894805908,0.7312982594790878,0.6142034496767727,-6.3432846297164405,0.3233333333333333,97,1.564516129032258,8,62,HILCodec_3kbps,2094-142345-0000.flac,42
random_loss,0.3,fixed_0.7,0.7,2,300,1,0.0033333333333333335,3.0,3.0100000000000002,0.33333333333333337,0.3433333333333334,0,0.0,103,0.3433333333333333,1.2479594945907593,1.2479594945907593,1.710129737854004,0.7416957292579531,0.6439499045230287,-3.398706830058992,0.3433333333333333,103,1.5846153846153845,6,65,HILCodec_3kbps,2094-142345-0000.flac,123
random_loss,0.3,adaptive_mean_std,dynamic,1,300,44,0.14666666666666667,3.0,3.4400000000000004,14.666666666666666,0.32333333333333336,5,0.05154639175257732,92,0.30666666666666664,1.2176238298416138,1.2176238298416138,1.583571195602417,0.7312118525827094,0.6159547978626913,-6.33805156082968,0.30666666666666664,92,1.5862068965517242,8,58,HILCodec_3kbps,2094-142345-0000.flac,42
random_loss,0.3,adaptive_mean_std,dynamic,1,300,44,0.14666666666666667,3.0,3.4400000000000004,14.666666666666666,0.3433333333333334,10,0.0970873786407767,93,0.31,1.284515142440796,1.284515142440796,1.7869811058044434,0.7640227085506025,0.6581882698494897,-2.100033986413803,0.31,93,1.603448275862069,6,58,HILCodec_3kbps,2094-142345-0000.flac,123
random_loss,0.3,adaptive_mean_std,dynamic,2,300,44,0.14666666666666667,3.0,3.4400000000000004,14.666666666666666,0.32333333333333336,7,0.07216494845360824,90,0.3,1.2250914573669434,1.2250914573669434,1.5926966667175293,0.7313510285753729,0.6172482728077464,-6.336897501252919,0.3,90,1.5254237288135593,8,59,HILCodec_3kbps,2094-142345-0000.flac,42
random_loss,0.3,adaptive_mean_std,dynamic,2,300,44,0.14666666666666667,3.0,3.4400000000000004,14.666666666666666,0.3433333333333334,7,0.06796116504854369,96,0.32,1.2558701038360596,1.2558701038360596,1.7299178838729858,0.7531204172519526,0.6506614655134108,-2.3204499665976157,0.32,96,1.5737704918032787,6,61,HILCodec_3kbps,2094-142345-0000.flac,123
random_loss,0.3,adaptive_quantile_70,dynamic,1,300,111,0.37,3.0,4.11,37.0,0.32333333333333336,21,0.21649484536082475,76,0.25333333333333335,1.23164963722229,1.23164963722229,1.6402299404144287,0.7431673400121936,0.6386102828790877,-4.905406400029725,0.25333333333333335,76,1.6521739130434783,8,46,HILCodec_3kbps,2094-142345-0000.flac,42
random_loss,0.3,adaptive_quantile_70,dynamic,1,300,111,0.37,3.0,4.11,37.0,0.3433333333333334,26,0.2524271844660194,77,0.25666666666666665,1.4219471216201782,1.4219471216201782,1.9116647243499756,0.8002601632933858,0.7068329112266577,-2.0392508852327462,0.25666666666666665,77,1.54,5,50,HILCodec_3kbps,2094-142345-0000.flac,123
random_loss,0.3,adaptive_quantile_70,dynamic,2,300,111,0.37,3.0,4.11,37.0,0.32333333333333336,22,0.2268041237113402,75,0.25,1.2742923498153687,1.2742923498153687,1.6757774353027344,0.7486570846444573,0.6485056104409651,-4.841370554403997,0.25,75,1.4705882352941178,8,51,HILCodec_3kbps,2094-142345-0000.flac,42
random_loss,0.3,adaptive_quantile_70,dynamic,2,300,111,0.37,3.0,4.11,37.0,0.3433333333333334,27,0.2621359223300971,76,0.25333333333333335,1.386174201965332,1.386174201965332,1.8975846767425537,0.79370512903867,0.698253048222108,-2.2299472368993625,0.25333333333333335,76,1.4074074074074074,5,54,HILCodec_3kbps,2094-142345-0000.flac,123
random_loss,0.3,all_duplicate,all_duplicate,1,300,300,1.0,3.0,6.0,100.0,0.32333333333333336,62,0.6391752577319587,35,0.11666666666666667,1.62605619430542,1.62605619430542,2.071242094039917,0.8216155951728393,0.7506587366272577,-1.6134703271094821,0.11666666666666667,35,1.6666666666666667,7,21,HILCodec_3kbps,2094-142345-0000.flac,42
random_loss,0.3,all_duplicate,all_duplicate,1,300,300,1.0,3.0,6.0,100.0,0.3433333333333334,65,0.6310679611650486,38,0.12666666666666668,1.877669095993042,1.877669095993042,2.7101356983184814,0.8702383273693861,0.7954187220315588,0.35878486030331946,0.12666666666666668,38,1.52,5,25,HILCodec_3kbps,2094-142345-0000.flac,123
random_loss,0.3,all_duplicate,all_duplicate,2,300,300,1.0,3.0,6.0,100.0,0.32333333333333336,61,0.6288659793814433,36,0.12,1.391356110572815,1.391356110572815,1.836451768875122,0.8048522130359844,0.7154049295168349,-2.367510930319488,0.12,36,1.2857142857142858,6,28,HILCodec_3kbps,2094-142345-0000.flac,42
random_loss,0.3,all_duplicate,all_duplicate,2,300,300,1.0,3.0,6.0,100.0,0.3433333333333334,65,0.6310679611650486,38,0.12666666666666668,1.766875982284546,1.766875982284546,2.5350358486175537,0.8676194672649828,0.7930483449891,0.4868500922465116,0.12666666666666668,38,1.1875,4,32,HILCodec_3kbps,2094-142345-0000.flac,123
random_loss,0.4,no_duplicate,no_duplicate,1,300,0,0.0,3.0,3.0,0.0,0.41000000000000003,0,0.0,123,0.41,1.2062212228775024,1.2062212228775024,1.5184719562530518,0.702426056164136,0.5785782392502888,-7.483761168837807,0.41,123,1.662162162162162,8,74,HILCodec_3kbps,2094-142345-0000.flac,42
random_loss,0.4,no_duplicate,no_duplicate,1,300,0,0.0,3.0,3.0,0.0,0.42333333333333334,0,0.0,127,0.42333333333333334,1.1713852882385254,1.1713852882385254,1.458956241607666,0.6970151719775907,0.5625623367627621,-6.201529919339648,0.42333333333333334,127,1.7887323943661972,6,71,HILCodec_3kbps,2094-142345-0000.flac,123
random_loss,0.4,no_duplicate,no_duplicate,2,300,0,0.0,3.0,3.0,0.0,0.41000000000000003,0,0.0,123,0.41,1.2062212228775024,1.2062212228775024,1.5184719562530518,0.702426056164136,0.5785782392502888,-7.483761168837807,0.41,123,1.662162162162162,8,74,HILCodec_3kbps,2094-142345-0000.flac,42
random_loss,0.4,no_duplicate,no_duplicate,2,300,0,0.0,3.0,3.0,0.0,0.42333333333333334,0,0.0,127,0.42333333333333334,1.1713852882385254,1.1713852882385254,1.458956241607666,0.6970151719775907,0.5625623367627621,-6.201529919339648,0.42333333333333334,127,1.7887323943661972,6,71,HILCodec_3kbps,2094-142345-0000.flac,123
random_loss,0.4,fixed_0.3,0.3,1,300,28,0.09333333333333334,3.0,3.28,9.333333333333334,0.41000000000000003,4,0.032520325203252036,119,0.39666666666666667,1.2223703861236572,1.2223703861236572,1.5434956550598145,0.7133902734195833,0.5865591467368385,-7.223102963808918,0.39666666666666667,119,1.676056338028169,8,71,HILCodec_3kbps,2094-142345-0000.flac,42
random_loss,0.4,fixed_0.3,0.3,1,300,28,0.09333333333333334,3.0,3.28,9.333333333333334,0.42333333333333334,6,0.047244094488188976,121,0.4033333333333333,1.190987229347229,1.190987229347229,1.4564615488052368,0.7192209666756187,0.5770171267281862,-4.554548929020804,0.4033333333333333,121,1.8333333333333333,6,66,HILCodec_3kbps,2094-142345-0000.flac,123
random_loss,0.4,fixed_0.3,0.3,2,300,28,0.09333333333333334,3.0,3.28,9.333333333333334,0.41000000000000003,4,0.032520325203252036,119,0.39666666666666667,1.2200284004211426,1.2200284004211426,1.5217139720916748,0.7046734213027244,0.5850821680451375,-7.263744024765563,0.39666666666666667,119,1.6527777777777777,8,72,HILCodec_3kbps,2094-142345-0000.flac,42
random_loss,0.4,fixed_0.3,0.3,2,300,28,0.09333333333333334,3.0,3.28,9.333333333333334,0.42333333333333334,3,0.023622047244094488,124,0.41333333333333333,1.1725562810897827,1.1725562810897827,1.4678162336349487,0.7086874422556226,0.5704636802529183,-4.770356417600679,0.41333333333333333,124,1.7971014492753623,6,69,HILCodec_3kbps,2094-142345-0000.flac,123
random_loss,0.4,fixed_0.5,0.5,1,300,10,0.03333333333333333,3.0,3.1000000000000005,3.3333333333333335,0.41000000000000003,0,0.0,123,0.41,1.2062212228775024,1.2062212228775024,1.5184719562530518,0.702426056164136,0.578578239250289,-7.483761168837807,0.41,123,1.662162162162162,8,74,HILCodec_3kbps,2094-142345-0000.flac,42
random_loss,0.4,fixed_0.5,0.5,1,300,10,0.03333333333333333,3.0,3.1000000000000005,3.3333333333333335,0.42333333333333334,2,0.015748031496062992,125,0.4166666666666667,1.1723941564559937,1.1723941564559937,1.4677019119262695,0.7076786349906445,0.5681687375009966,-4.7727128720481495,0.4166666666666667,125,1.8115942028985508,6,69,HILCodec_3kbps,2094-142345-0000.flac,123
random_loss,0.4,fixed_0.5,0.5,2,300,10,0.03333333333333333,3.0,3.1000000000000005,3.3333333333333335,0.41000000000000003,0,0.0,123,0.41,1.2062212228775024,1.2062212228775024,1.5184719562530518,0.702426056164136,0.5785782392502888,-7.483761168837807,0.41,123,1.662162162162162,8,74,HILCodec_3kbps,2094-142345-0000.flac,42
random_loss,0.4,fixed_0.5,0.5,2,300,10,0.03333333333333333,3.0,3.1000000000000005,3.3333333333333335,0.42333333333333334,2,0.015748031496062992,125,0.4166666666666667,1.1723941564559937,1.1723941564559937,1.4677019119262695,0.7076786349906445,0.5681687375009965,-4.7727128720481495,0.4166666666666667,125,1.8115942028985508,6,69,HILCodec_3kbps,2094-142345-0000.flac,123
random_loss,0.4,fixed_0.7,0.7,1,300,1,0.0033333333333333335,3.0,3.0100000000000002,0.33333333333333337,0.41000000000000003,0,0.0,123,0.41,1.2062212228775024,1.2062212228775024,1.5184719562530518,0.702426056164136,0.578578239250289,-7.483761168837807,0.41,123,1.662162162162162,8,74,HILCodec_3kbps,2094-142345-0000.flac,42
random_loss,0.4,fixed_0.7,0.7,1,300,1,0.0033333333333333335,3.0,3.0100000000000002,0.33333333333333337,0.42333333333333334,0,0.0,127,0.42333333333333334,1.1713852882385254,1.1713852882385254,1.458956241607666,0.6970151719775907,0.5625623367627621,-6.201529919339648,0.42333333333333334,127,1.7887323943661972,6,71,HILCodec_3kbps,2094-142345-0000.flac,123
random_loss,0.4,fixed_0.7,0.7,2,300,1,0.0033333333333333335,3.0,3.0100000000000002,0.33333333333333337,0.41000000000000003,0,0.0,123,0.41,1.2062212228775024,1.2062212228775024,1.5184719562530518,0.702426056164136,0.5785782392502888,-7.483761168837807,0.41,123,1.662162162162162,8,74,HILCodec_3kbps,2094-142345-0000.flac,42
random_loss,0.4,fixed_0.7,0.7,2,300,1,0.0033333333333333335,3.0,3.0100000000000002,0.33333333333333337,0.42333333333333334,0,0.0,127,0.42333333333333334,1.1713852882385254,1.1713852882385254,1.458956241607666,0.6970151719775907,0.5625623367627622,-6.201529919339648,0.42333333333333334,127,1.7887323943661972,6,71,HILCodec_3kbps,2094-142345-0000.flac,123
random_loss,0.4,adaptive_mean_std,dynamic,1,300,44,0.14666666666666667,3.0,3.4400000000000004,14.666666666666666,0.41000000000000003,8,0.06504065040650407,115,0.38333333333333336,1.2232288122177124,1.2232288122177124,1.5442359447479248,0.7133996598998517,0.5865702283761793,-7.222753500594284,0.38333333333333336,115,1.7164179104477613,8,67,HILCodec_3kbps,2094-142345-0000.flac,42
random_loss,0.4,adaptive_mean_std,dynamic,1,300,44,0.14666666666666667,3.0,3.4400000000000004,14.666666666666666,0.42333333333333334,11,0.08661417322834646,116,0.38666666666666666,1.192511796951294,1.192511796951294,1.4582165479660034,0.7192667306502682,0.5770071710479096,-4.5528703495853104,0.38666666666666666,116,1.8125,6,64,HILCodec_3kbps,2094-142345-0000.flac,123
random_loss,0.4,adaptive_mean_std,dynamic,2,300,44,0.14666666666666667,3.0,3.4400000000000004,14.666666666666666,0.41000000000000003,8,0.06504065040650407,115,0.38333333333333336,1.2225936651229858,1.2225936651229858,1.5265276432037354,0.7047197862173898,0.5852347952131187,-7.2565747935682,0.38333333333333336,115,1.6428571428571428,8,70,HILCodec_3kbps,2094-142345-0000.flac,42
random_loss,0.4,adaptive_mean_std,dynamic,2,300,44,0.14666666666666667,3.0,3.4400000000000004,14.666666666666666,0.42333333333333334,9,0.07086614173228346,118,0.3933333333333333,1.1751043796539307,1.1751043796539307,1.4544036388397217,0.7108787434854816,0.5721471345906478,-4.217916196982033,0.3933333333333333,118,1.7611940298507462,6,67,HILCodec_3kbps,2094-142345-0000.flac,123
random_loss,0.4,adaptive_quantile_70,dynamic,1,300,111,0.37,3.0,4.11,37.0,0.41000000000000003,26,0.21138211382113822,97,0.3233333333333333,1.2307493686676025,1.2307493686676025,1.57393217086792,0.7313145969446523,0.6196190932662485,-5.704131735704779,0.3233333333333333,97,1.6724137931034482,8,58,HILCodec_3kbps,2094-142345-0000.flac,42
random_loss,0.4,adaptive_quantile_70,dynamic,1,300,111,0.37,3.0,4.11,37.0,0.42333333333333334,26,0.2047244094488189,101,0.33666666666666667,1.264291763305664,1.264291763305664,1.5323208570480347,0.7589421782446527,0.630475641794008,-3.840993782662894,0.33666666666666667,101,1.6833333333333333,5,60,HILCodec_3kbps,2094-142345-0000.flac,123
random_loss,0.4,adaptive_quantile_70,dynamic,2,300,111,0.37,3.0,4.11,37.0,0.41000000000000003,24,0.1951219512195122,99,0.33,1.2425740957260132,1.2425740957260132,1.5710558891296387,0.7238659802651571,0.6247545459501316,-5.733966949563873,0.33,99,1.4558823529411764,8,68,HILCodec_3kbps,2094-142345-0000.flac,42
random_loss,0.4,adaptive_quantile_70,dynamic,2,300,111,0.37,3.0,4.11,37.0,0.42333333333333334,28,0.2204724409448819,99,0.33,1.2451438903808594,1.2451438903808594,1.538827657699585,0.7561104983914152,0.6308157427907717,-5.518147753810176,0.33,99,1.523076923076923,5,65,HILCodec_3kbps,2094-142345-0000.flac,123
random_loss,0.4,all_duplicate,all_duplicate,1,300,300,1.0,3.0,6.0,100.0,0.41000000000000003,74,0.6016260162601627,49,0.16333333333333333,1.6151607036590576,1.6151607036590576,2.0166783332824707,0.8155483830935293,0.739621020078798,-1.7875840322934746,0.16333333333333333,49,1.4848484848484849,7,33,HILCodec_3kbps,2094-142345-0000.flac,42
random_loss,0.4,all_duplicate,all_duplicate,1,300,300,1.0,3.0,6.0,100.0,0.42333333333333334,71,0.5590551181102362,56,0.18666666666666668,1.5141987800598145,1.5141987800598145,2.051321268081665,0.8356218966218871,0.7392545487198999,-1.3065627341243402,0.18666666666666668,56,1.75,5,32,HILCodec_3kbps,2094-142345-0000.flac,123
random_loss,0.4,all_duplicate,all_duplicate,2,300,300,1.0,3.0,6.0,100.0,0.41000000000000003,74,0.6016260162601627,49,0.16333333333333333,1.3794591426849365,1.3794591426849365,1.7731915712356567,0.7898425051876479,0.7044434150200019,-2.5281022215873685,0.16333333333333333,49,1.1951219512195121,6,41,HILCodec_3kbps,2094-142345-0000.flac,42
random_loss,0.4,all_duplicate,all_duplicate,2,300,300,1.0,3.0,6.0,100.0,0.42333333333333334,73,0.5748031496062992,54,0.18,1.5208301544189453,1.5208301544189453,1.9503629207611084,0.8284976826665105,0.734961742183664,-1.451360815824164,0.18,54,1.255813953488372,4,43,HILCodec_3kbps,2094-142345-0000.flac,123
random_loss,0.0,no_duplicate,no_duplicate,1,300,0,0.0,3.0,3.0,0.0,0.0,0,0.0,0,0.0,2.8088531494140625,2.8088531494140625,3.4527578353881836,0.9514716805503222,0.8955831169611461,5.310148841841298,0.0,0,0.0,0,0,HILCodec_3kbps,2300-131720-0000.flac,42
random_loss,0.0,no_duplicate,no_duplicate,1,300,0,0.0,3.0,3.0,0.0,0.0,0,0.0,0,0.0,2.8088531494140625,2.8088531494140625,3.4527578353881836,0.9514716805503222,0.8955831169611461,5.310148841841298,0.0,0,0.0,0,0,HILCodec_3kbps,2300-131720-0000.flac,123
random_loss,0.0,no_duplicate,no_duplicate,2,300,0,0.0,3.0,3.0,0.0,0.0,0,0.0,0,0.0,2.8088531494140625,2.8088531494140625,3.4527578353881836,0.9514716805503222,0.8955831169611461,5.310148841841298,0.0,0,0.0,0,0,HILCodec_3kbps,2300-131720-0000.flac,42
random_loss,0.0,no_duplicate,no_duplicate,2,300,0,0.0,3.0,3.0,0.0,0.0,0,0.0,0,0.0,2.8088531494140625,2.8088531494140625,3.4527578353881836,0.9514716805503222,0.8955831169611461,5.310148841841298,0.0,0,0.0,0,0,HILCodec_3kbps,2300-131720-0000.flac,123
random_loss,0.0,fixed_0.3,0.3,1,300,33,0.11,3.0,3.33,11.0,0.0,0,0.0,0,0.0,2.8088531494140625,2.8088531494140625,3.4527578353881836,0.9514716805503222,0.8955831169611461,5.310148841841298,0.0,0,0.0,0,0,HILCodec_3kbps,2300-131720-0000.flac,42
random_loss,0.0,fixed_0.3,0.3,1,300,33,0.11,3.0,3.33,11.0,0.0,0,0.0,0,0.0,2.8088531494140625,2.8088531494140625,3.4527578353881836,0.9514716805503222,0.8955831169611461,5.310148841841298,0.0,0,0.0,0,0,HILCodec_3kbps,2300-131720-0000.flac,123
random_loss,0.0,fixed_0.3,0.3,2,300,33,0.11,3.0,3.33,11.0,0.0,0,0.0,0,0.0,2.8088531494140625,2.8088531494140625,3.4527578353881836,0.9514716805503222,0.8955831169611461,5.310148841841298,0.0,0,0.0,0,0,HILCodec_3kbps,2300-131720-0000.flac,42
random_loss,0.0,fixed_0.3,0.3,2,300,33,0.11,3.0,3.33,11.0,0.0,0,0.0,0,0.0,2.8088531494140625,2.8088531494140625,3.4527578353881836,0.9514716805503222,0.8955831169611461,5.310148841841298,0.0,0,0.0,0,0,HILCodec_3kbps,2300-131720-0000.flac,123
random_loss,0.0,fixed_0.5,0.5,1,300,15,0.05,3.0,3.1500000000000004,5.0,0.0,0,0.0,0,0.0,2.8088531494140625,2.8088531494140625,3.4527578353881836,0.9514716805503222,0.8955831169611461,5.310148841841298,0.0,0,0.0,0,0,HILCodec_3kbps,2300-131720-0000.flac,42
random_loss,0.0,fixed_0.5,0.5,1,300,15,0.05,3.0,3.1500000000000004,5.0,0.0,0,0.0,0,0.0,2.8088531494140625,2.8088531494140625,3.4527578353881836,0.9514716805503222,0.8955831169611461,5.310148841841298,0.0,0,0.0,0,0,HILCodec_3kbps,2300-131720-0000.flac,123
random_loss,0.0,fixed_0.5,0.5,2,300,15,0.05,3.0,3.1500000000000004,5.0,0.0,0,0.0,0,0.0,2.8088531494140625,2.8088531494140625,3.4527578353881836,0.9514716805503222,0.8955831169611461,5.310148841841298,0.0,0,0.0,0,0,HILCodec_3kbps,2300-131720-0000.flac,42
random_loss,0.0,fixed_0.5,0.5,2,300,15,0.05,3.0,3.1500000000000004,5.0,0.0,0,0.0,0,0.0,2.8088531494140625,2.8088531494140625,3.4527578353881836,0.9514716805503222,0.8955831169611461,5.310148841841298,0.0,0,0.0,0,0,HILCodec_3kbps,2300-131720-0000.flac,123
random_loss,0.0,fixed_0.7,0.7,1,300,0,0.0,3.0,3.0,0.0,0.0,0,0.0,0,0.0,2.8088531494140625,2.8088531494140625,3.4527578353881836,0.9514716805503222,0.8955831169611461,5.310148841841298,0.0,0,0.0,0,0,HILCodec_3kbps,2300-131720-0000.flac,42
random_loss,0.0,fixed_0.7,0.7,1,300,0,0.0,3.0,3.0,0.0,0.0,0,0.0,0,0.0,2.8088531494140625,2.8088531494140625,3.4527578353881836,0.9514716805503222,0.8955831169611461,5.310148841841298,0.0,0,0.0,0,0,HILCodec_3kbps,2300-131720-0000.flac,123
random_loss,0.0,fixed_0.7,0.7,2,300,0,0.0,3.0,3.0,0.0,0.0,0,0.0,0,0.0,2.8088531494140625,2.8088531494140625,3.4527578353881836,0.9514716805503222,0.8955831169611461,5.310148841841298,0.0,0,0.0,0,0,HILCodec_3kbps,2300-131720-0000.flac,42
random_loss,0.0,fixed_0.7,0.7,2,300,0,0.0,3.0,3.0,0.0,0.0,0,0.0,0,0.0,2.8088531494140625,2.8088531494140625,3.4527578353881836,0.9514716805503222,0.8955831169611461,5.310148841841298,0.0,0,0.0,0,0,HILCodec_3kbps,2300-131720-0000.flac,123
random_loss,0.0,adaptive_mean_std,dynamic,1,300,35,0.11666666666666667,3.0,3.35,11.666666666666666,0.0,0,0.0,0,0.0,2.8088531494140625,2.8088531494140625,3.4527578353881836,0.9514716805503222,0.8955831169611461,5.310148841841298,0.0,0,0.0,0,0,HILCodec_3kbps,2300-131720-0000.flac,42
random_loss,0.0,adaptive_mean_std,dynamic,1,300,35,0.11666666666666667,3.0,3.35,11.666666666666666,0.0,0,0.0,0,0.0,2.8088531494140625,2.8088531494140625,3.4527578353881836,0.9514716805503222,0.8955831169611461,5.310148841841298,0.0,0,0.0,0,0,HILCodec_3kbps,2300-131720-0000.flac,123
random_loss,0.0,adaptive_mean_std,dynamic,2,300,35,0.11666666666666667,3.0,3.35,11.666666666666666,0.0,0,0.0,0,0.0,2.8088531494140625,2.8088531494140625,3.4527578353881836,0.9514716805503222,0.8955831169611461,5.310148841841298,0.0,0,0.0,0,0,HILCodec_3kbps,2300-131720-0000.flac,42
random_loss,0.0,adaptive_mean_std,dynamic,2,300,35,0.11666666666666667,3.0,3.35,11.666666666666666,0.0,0,0.0,0,0.0,2.8088531494140625,2.8088531494140625,3.4527578353881836,0.9514716805503222,0.8955831169611461,5.310148841841298,0.0,0,0.0,0,0,HILCodec_3kbps,2300-131720-0000.flac,123
random_loss,0.0,adaptive_quantile_70,dynamic,1,300,89,0.2966666666666667,3.0,3.8899999999999997,29.666666666666668,0.0,0,0.0,0,0.0,2.8088531494140625,2.8088531494140625,3.4527578353881836,0.9514716805503222,0.8955831169611461,5.310148841841298,0.0,0,0.0,0,0,HILCodec_3kbps,2300-131720-0000.flac,42
random_loss,0.0,adaptive_quantile_70,dynamic,1,300,89,0.2966666666666667,3.0,3.8899999999999997,29.666666666666668,0.0,0,0.0,0,0.0,2.8088531494140625,2.8088531494140625,3.4527578353881836,0.9514716805503222,0.8955831169611461,5.310148841841298,0.0,0,0.0,0,0,HILCodec_3kbps,2300-131720-0000.flac,123
random_loss,0.0,adaptive_quantile_70,dynamic,2,300,89,0.2966666666666667,3.0,3.8899999999999997,29.666666666666668,0.0,0,0.0,0,0.0,2.8088531494140625,2.8088531494140625,3.4527578353881836,0.9514716805503222,0.8955831169611461,5.310148841841298,0.0,0,0.0,0,0,HILCodec_3kbps,2300-131720-0000.flac,42
random_loss,0.0,adaptive_quantile_70,dynamic,2,300,89,0.2966666666666667,3.0,3.8899999999999997,29.666666666666668,0.0,0,0.0,0,0.0,2.8088531494140625,2.8088531494140625,3.4527578353881836,0.9514716805503222,0.8955831169611461,5.310148841841298,0.0,0,0.0,0,0,HILCodec_3kbps,2300-131720-0000.flac,123
random_loss,0.0,all_duplicate,all_duplicate,1,300,300,1.0,3.0,6.0,100.0,0.0,0,0.0,0,0.0,2.8088531494140625,2.8088531494140625,3.4527578353881836,0.9514716805503222,0.8955831169611461,5.310148841841298,0.0,0,0.0,0,0,HILCodec_3kbps,2300-131720-0000.flac,42
random_loss,0.0,all_duplicate,all_duplicate,1,300,300,1.0,3.0,6.0,100.0,0.0,0,0.0,0,0.0,2.8088531494140625,2.8088531494140625,3.4527578353881836,0.9514716805503222,0.8955831169611461,5.310148841841298,0.0,0,0.0,0,0,HILCodec_3kbps,2300-131720-0000.flac,123
random_loss,0.0,all_duplicate,all_duplicate,2,300,300,1.0,3.0,6.0,100.0,0.0,0,0.0,0,0.0,2.8088531494140625,2.8088531494140625,3.4527578353881836,0.9514716805503222,0.8955831169611461,5.310148841841298,0.0,0,0.0,0,0,HILCodec_3kbps,2300-131720-0000.flac,42
random_loss,0.0,all_duplicate,all_duplicate,2,300,300,1.0,3.0,6.0,100.0,0.0,0,0.0,0,0.0,2.8088531494140625,2.8088531494140625,3.4527578353881836,0.9514716805503222,0.8955831169611461,5.310148841841298,0.0,0,0.0,0,0,HILCodec_3kbps,2300-131720-0000.flac,123
random_loss,0.01,no_duplicate,no_duplicate,1,300,0,0.0,3.0,3.0,0.0,0.0033333333333332993,0,0.0,1,0.0033333333333333335,2.785137414932251,2.785137414932251,3.4554390907287598,0.9506966488610769,0.8950531327097281,5.280708931654243,0.0033333333333333335,1,1.0,1,1,HILCodec_3kbps,2300-131720-0000.flac,42
random_loss,0.01,no_duplicate,no_duplicate,1,300,0,0.0,3.0,3.0,0.0,0.013333333333333308,0,0.0,4,0.013333333333333334,2.6083567142486572,2.6083567142486572,3.3851070404052734,0.949099364382672,0.8888409365314266,5.187673209916328,0.013333333333333334,4,1.0,1,4,HILCodec_3kbps,2300-131720-0000.flac,123
random_loss,0.01,no_duplicate,no_duplicate,2,300,0,0.0,3.0,3.0,0.0,0.0033333333333332993,0,0.0,1,0.0033333333333333335,2.785137414932251,2.785137414932251,3.4554390907287598,0.9506966488610769,0.8950531327097281,5.280708931654243,0.0033333333333333335,1,1.0,1,1,HILCodec_3kbps,2300-131720-0000.flac,42
random_loss,0.01,no_duplicate,no_duplicate,2,300,0,0.0,3.0,3.0,0.0,0.013333333333333308,0,0.0,4,0.013333333333333334,2.6083567142486572,2.6083567142486572,3.3851070404052734,0.949099364382672,0.8888409365314266,5.187673209916328,0.013333333333333334,4,1.0,1,4,HILCodec_3kbps,2300-131720-0000.flac,123
random_loss,0.01,fixed_0.3,0.3,1,300,33,0.11,3.0,3.33,11.0,0.0033333333333332993,0,0.0,1,0.0033333333333333335,2.785137414932251,2.785137414932251,3.4554390907287598,0.9506966488610769,0.8950531327097281,5.280708931654243,0.0033333333333333335,1,1.0,1,1,HILCodec_3kbps,2300-131720-0000.flac,42
random_loss,0.01,fixed_0.3,0.3,1,300,33,0.11,3.0,3.33,11.0,0.013333333333333308,0,0.0,4,0.013333333333333334,2.6083567142486572,2.6083567142486572,3.3851070404052734,0.949099364382672,0.8888409365314266,5.187673209916328,0.013333333333333334,4,1.0,1,4,HILCodec_3kbps,2300-131720-0000.flac,123
random_loss,0.01,fixed_0.3,0.3,2,300,33,0.11,3.0,3.33,11.0,0.0033333333333332993,0,0.0,1,0.0033333333333333335,2.785137414932251,2.785137414932251,3.4554390907287598,0.9506966488610769,0.8950531327097281,5.280708931654243,0.0033333333333333335,1,1.0,1,1,HILCodec_3kbps,2300-131720-0000.flac,42
random_loss,0.01,fixed_0.3,0.3,2,300,33,0.11,3.0,3.33,11.0,0.013333333333333308,0,0.0,4,0.013333333333333334,2.6083567142486572,2.6083567142486572,3.3851070404052734,0.949099364382672,0.8888409365314266,5.187673209916328,0.013333333333333334,4,1.0,1,4,HILCodec_3kbps,2300-131720-0000.flac,123
random_loss,0.01,fixed_0.5,0.5,1,300,15,0.05,3.0,3.1500000000000004,5.0,0.0033333333333332993,0,0.0,1,0.0033333333333333335,2.785137414932251,2.785137414932251,3.4554390907287598,0.9506966488610769,0.8950531327097281,5.280708931654243,0.0033333333333333335,1,1.0,1,1,HILCodec_3kbps,2300-131720-0000.flac,42
random_loss,0.01,fixed_0.5,0.5,1,300,15,0.05,3.0,3.1500000000000004,5.0,0.013333333333333308,0,0.0,4,0.013333333333333334,2.6083567142486572,2.6083567142486572,3.3851070404052734,0.949099364382672,0.8888409365314266,5.187673209916328,0.013333333333333334,4,1.0,1,4,HILCodec_3kbps,2300-131720-0000.flac,123
random_loss,0.01,fixed_0.5,0.5,2,300,15,0.05,3.0,3.1500000000000004,5.0,0.0033333333333332993,0,0.0,1,0.0033333333333333335,2.785137414932251,2.785137414932251,3.4554390907287598,0.9506966488610769,0.8950531327097281,5.280708931654243,0.0033333333333333335,1,1.0,1,1,HILCodec_3kbps,2300-131720-0000.flac,42
random_loss,0.01,fixed_0.5,0.5,2,300,15,0.05,3.0,3.1500000000000004,5.0,0.013333333333333308,0,0.0,4,0.013333333333333334,2.6083567142486572,2.6083567142486572,3.3851070404052734,0.949099364382672,0.8888409365314266,5.187673209916328,0.013333333333333334,4,1.0,1,4,HILCodec_3kbps,2300-131720-0000.flac,123
random_loss,0.01,fixed_0.7,0.7,1,300,0,0.0,3.0,3.0,0.0,0.0033333333333332993,0,0.0,1,0.0033333333333333335,2.785137414932251,2.785137414932251,3.4554390907287598,0.9506966488610769,0.8950531327097281,5.280708931654243,0.0033333333333333335,1,1.0,1,1,HILCodec_3kbps,2300-131720-0000.flac,42
random_loss,0.01,fixed_0.7,0.7,1,300,0,0.0,3.0,3.0,0.0,0.013333333333333308,0,0.0,4,0.013333333333333334,2.6083567142486572,2.6083567142486572,3.3851070404052734,0.949099364382672,0.8888409365314266,5.187673209916328,0.013333333333333334,4,1.0,1,4,HILCodec_3kbps,2300-131720-0000.flac,123
random_loss,0.01,fixed_0.7,0.7,2,300,0,0.0,3.0,3.0,0.0,0.0033333333333332993,0,0.0,1,0.0033333333333333335,2.785137414932251,2.785137414932251,3.4554390907287598,0.9506966488610769,0.8950531327097281,5.280708931654243,0.0033333333333333335,1,1.0,1,1,HILCodec_3kbps,2300-131720-0000.flac,42
random_loss,0.01,fixed_0.7,0.7,2,300,0,0.0,3.0,3.0,0.0,0.013333333333333308,0,0.0,4,0.013333333333333334,2.6083567142486572,2.6083567142486572,3.3851070404052734,0.949099364382672,0.8888409365314266,5.187673209916328,0.013333333333333334,4,1.0,1,4,HILCodec_3kbps,2300-131720-0000.flac,123
random_loss,0.01,adaptive_mean_std,dynamic,1,300,35,0.11666666666666667,3.0,3.35,11.666666666666666,0.0033333333333332993,0,0.0,1,0.0033333333333333335,2.785137414932251,2.785137414932251,3.4554390907287598,0.9506966488610769,0.8950531327097281,5.280708931654243,0.0033333333333333335,1,1.0,1,1,HILCodec_3kbps,2300-131720-0000.flac,42
random_loss,0.01,adaptive_mean_std,dynamic,1,300,35,0.11666666666666667,3.0,3.35,11.666666666666666,0.013333333333333308,0,0.0,4,0.013333333333333334,2.6083567142486572,2.6083567142486572,3.3851070404052734,0.949099364382672,0.8888409365314266,5.187673209916328,0.013333333333333334,4,1.0,1,4,HILCodec_3kbps,2300-131720-0000.flac,123
random_loss,0.01,adaptive_mean_std,dynamic,2,300,35,0.11666666666666667,3.0,3.35,11.666666666666666,0.0033333333333332993,0,0.0,1,0.0033333333333333335,2.785137414932251,2.785137414932251,3.4554390907287598,0.9506966488610769,0.8950531327097281,5.280708931654243,0.0033333333333333335,1,1.0,1,1,HILCodec_3kbps,2300-131720-0000.flac,42
random_loss,0.01,adaptive_mean_std,dynamic,2,300,35,0.11666666666666667,3.0,3.35,11.666666666666666,0.013333333333333308,0,0.0,4,0.013333333333333334,2.6083567142486572,2.6083567142486572,3.3851070404052734,0.949099364382672,0.8888409365314266,5.187673209916328,0.013333333333333334,4,1.0,1,4,HILCodec_3kbps,2300-131720-0000.flac,123
random_loss,0.01,adaptive_quantile_70,dynamic,1,300,89,0.2966666666666667,3.0,3.8899999999999997,29.666666666666668,0.0033333333333332993,0,0.0,1,0.0033333333333333335,2.785137414932251,2.785137414932251,3.4554390907287598,0.9506966488610769,0.8950531327097281,5.280708931654243,0.0033333333333333335,1,1.0,1,1,HILCodec_3kbps,2300-131720-0000.flac,42
random_loss,0.01,adaptive_quantile_70,dynamic,1,300,89,0.2966666666666667,3.0,3.8899999999999997,29.666666666666668,0.013333333333333308,1,0.25,3,0.01,2.6941137313842773,2.6941137313842773,3.403867721557617,0.9511175058053585,0.8931202948416467,5.235547460810065,0.01,3,1.0,1,3,HILCodec_3kbps,2300-131720-0000.flac,123
random_loss,0.01,adaptive_quantile_70,dynamic,2,300,89,0.2966666666666667,3.0,3.8899999999999997,29.666666666666668,0.0033333333333332993,0,0.0,1,0.0033333333333333335,2.785137414932251,2.785137414932251,3.4554390907287598,0.9506966488610769,0.8950531327097281,5.280708931654243,0.0033333333333333335,1,1.0,1,1,HILCodec_3kbps,2300-131720-0000.flac,42
random_loss,0.01,adaptive_quantile_70,dynamic,2,300,89,0.2966666666666667,3.0,3.8899999999999997,29.666666666666668,0.013333333333333308,1,0.25,3,0.01,2.6941137313842773,2.6941137313842773,3.403867721557617,0.9511175058053585,0.8931202948416467,5.235547460810065,0.01,3,1.0,1,3,HILCodec_3kbps,2300-131720-0000.flac,123
random_loss,0.01,all_duplicate,all_duplicate,1,300,300,1.0,3.0,6.0,100.0,0.0033333333333332993,1,1.0,0,0.0,2.8088531494140625,2.8088531494140625,3.4527578353881836,0.9514716805503222,0.8955831169611461,5.310148841841298,0.0,0,0.0,0,0,HILCodec_3kbps,2300-131720-0000.flac,42
random_loss,0.01,all_duplicate,all_duplicate,1,300,300,1.0,3.0,6.0,100.0,0.013333333333333308,4,1.0,0,0.0,2.8088531494140625,2.8088531494140625,3.4527578353881836,0.9514716805503222,0.8955831169611461,5.310148841841298,0.0,0,0.0,0,0,HILCodec_3kbps,2300-131720-0000.flac,123
random_loss,0.01,all_duplicate,all_duplicate,2,300,300,1.0,3.0,6.0,100.0,0.0033333333333332993,1,1.0,0,0.0,2.8088531494140625,2.8088531494140625,3.4527578353881836,0.9514716805503222,0.8955831169611461,5.310148841841298,0.0,0,0.0,0,0,HILCodec_3kbps,2300-131720-0000.flac,42
random_loss,0.01,all_duplicate,all_duplicate,2,300,300,1.0,3.0,6.0,100.0,0.013333333333333308,4,1.0,0,0.0,2.8088531494140625,2.8088531494140625,3.4527578353881836,0.9514716805503222,0.8955831169611461,5.310148841841298,0.0,0,0.0,0,0,HILCodec_3kbps,2300-131720-0000.flac,123
random_loss,0.03,no_duplicate,no_duplicate,1,300,0,0.0,3.0,3.0,0.0,0.026666666666666616,0,0.0,8,0.02666666666666667,2.6526741981506348,2.6526741981506348,3.3314383029937744,0.9475802279702931,0.8888910627291717,5.004641007722035,0.02666666666666667,8,1.0,1,8,HILCodec_3kbps,2300-131720-0000.flac,42
random_loss,0.03,no_duplicate,no_duplicate,1,300,0,0.0,3.0,3.0,0.0,0.033333333333333326,0,0.0,10,0.03333333333333333,1.9392352104187012,1.9392352104187012,2.858172655105591,0.9373066080636231,0.867980504684607,4.661236298267254,0.03333333333333333,10,1.0,1,10,HILCodec_3kbps,2300-131720-0000.flac,123
random_loss,0.03,no_duplicate,no_duplicate,2,300,0,0.0,3.0,3.0,0.0,0.026666666666666616,0,0.0,8,0.02666666666666667,2.6526741981506348,2.6526741981506348,3.3314383029937744,0.9475802279702931,0.8888910627291717,5.004641007722035,0.02666666666666667,8,1.0,1,8,HILCodec_3kbps,2300-131720-0000.flac,42
random_loss,0.03,no_duplicate,no_duplicate,2,300,0,0.0,3.0,3.0,0.0,0.033333333333333326,0,0.0,10,0.03333333333333333,1.9392352104187012,1.9392352104187012,2.858172655105591,0.9373066080636231,0.867980504684607,4.661236298267254,0.03333333333333333,10,1.0,1,10,HILCodec_3kbps,2300-131720-0000.flac,123
random_loss,0.03,fixed_0.3,0.3,1,300,33,0.11,3.0,3.33,11.0,0.026666666666666616,1,0.125,7,0.023333333333333334,2.6641504764556885,2.6641504764556885,3.3409981727600098,0.948041044793242,0.8896337361040232,5.01016109336291,0.023333333333333334,7,1.0,1,7,HILCodec_3kbps,2300-131720-0000.flac,42
random_loss,0.03,fixed_0.3,0.3,1,300,33,0.11,3.0,3.33,11.0,0.033333333333333326,2,0.2,8,0.02666666666666667,2.56601619720459,2.56601619720459,3.328150987625122,0.9455179536085755,0.8851179725179741,5.053323657788842,0.02666666666666667,8,1.0,1,8,HILCodec_3kbps,2300-131720-0000.flac,123
random_loss,0.03,fixed_0.3,0.3,2,300,33,0.11,3.0,3.33,11.0,0.026666666666666616,1,0.125,7,0.023333333333333334,2.6641504764556885,2.6641504764556885,3.3409981727600098,0.948041044793242,0.8896337361040232,5.01016109336291,0.023333333333333334,7,1.0,1,7,HILCodec_3kbps,2300-131720-0000.flac,42
random_loss,0.03,fixed_0.3,0.3,2,300,33,0.11,3.0,3.33,11.0,0.033333333333333326,2,0.2,8,0.02666666666666667,2.56601619720459,2.56601619720459,3.328150987625122,0.9455179536085755,0.8851179725179741,5.053323657788842,0.02666666666666667,8,1.0,1,8,HILCodec_3kbps,2300-131720-0000.flac,123
random_loss,0.03,fixed_0.5,0.5,1,300,15,0.05,3.0,3.1500000000000004,5.0,0.026666666666666616,0,0.0,8,0.02666666666666667,2.6526741981506348,2.6526741981506348,3.3314383029937744,0.9475802279702931,0.8888910627291718,5.004641007722035,0.02666666666666667,8,1.0,1,8,HILCodec_3kbps,2300-131720-0000.flac,42
random_loss,0.03,fixed_0.5,0.5,1,300,15,0.05,3.0,3.1500000000000004,5.0,0.033333333333333326,2,0.2,8,0.02666666666666667,2.56601619720459,2.56601619720459,3.328150987625122,0.9455179536085755,0.885117972517974,5.053323657788842,0.02666666666666667,8,1.0,1,8,HILCodec_3kbps,2300-131720-0000.flac,123
random_loss,0.03,fixed_0.5,0.5,2,300,15,0.05,3.0,3.1500000000000004,5.0,0.026666666666666616,0,0.0,8,0.02666666666666667,2.6526741981506348,2.6526741981506348,3.3314383029937744,0.9475802279702931,0.8888910627291718,5.004641007722035,0.02666666666666667,8,1.0,1,8,HILCodec_3kbps,2300-131720-0000.flac,42
random_loss,0.03,fixed_0.5,0.5,2,300,15,0.05,3.0,3.1500000000000004,5.0,0.033333333333333326,2,0.2,8,0.02666666666666667,2.56601619720459,2.56601619720459,3.328150987625122,0.9455179536085755,0.885117972517974,5.053323657788842,0.02666666666666667,8,1.0,1,8,HILCodec_3kbps,2300-131720-0000.flac,123
random_loss,0.03,fixed_0.7,0.7,1,300,0,0.0,3.0,3.0,0.0,0.026666666666666616,0,0.0,8,0.02666666666666667,2.6526741981506348,2.6526741981506348,3.3314383029937744,0.9475802279702931,0.8888910627291717,5.004641007722035,0.02666666666666667,8,1.0,1,8,HILCodec_3kbps,2300-131720-0000.flac,42
random_loss,0.03,fixed_0.7,0.7,1,300,0,0.0,3.0,3.0,0.0,0.033333333333333326,0,0.0,10,0.03333333333333333,1.9392352104187012,1.9392352104187012,2.858172655105591,0.9373066080636231,0.867980504684607,4.661236298267254,0.03333333333333333,10,1.0,1,10,HILCodec_3kbps,2300-131720-0000.flac,123
random_loss,0.03,fixed_0.7,0.7,2,300,0,0.0,3.0,3.0,0.0,0.026666666666666616,0,0.0,8,0.02666666666666667,2.6526741981506348,2.6526741981506348,3.3314383029937744,0.9475802279702931,0.8888910627291717,5.004641007722035,0.02666666666666667,8,1.0,1,8,HILCodec_3kbps,2300-131720-0000.flac,42
random_loss,0.03,fixed_0.7,0.7,2,300,0,0.0,3.0,3.0,0.0,0.033333333333333326,0,0.0,10,0.03333333333333333,1.9392352104187012,1.9392352104187012,2.858172655105591,0.9373066080636231,0.867980504684607,4.661236298267254,0.03333333333333333,10,1.0,1,10,HILCodec_3kbps,2300-131720-0000.flac,123
random_loss,0.03,adaptive_mean_std,dynamic,1,300,35,0.11666666666666667,3.0,3.35,11.666666666666666,0.026666666666666616,1,0.125,7,0.023333333333333334,2.6641504764556885,2.6641504764556885,3.3409981727600098,0.948041044793242,0.8896337361040232,5.01016109336291,0.023333333333333334,7,1.0,1,7,HILCodec_3kbps,2300-131720-0000.flac,42
random_loss,0.03,adaptive_mean_std,dynamic,1,300,35,0.11666666666666667,3.0,3.35,11.666666666666666,0.033333333333333326,2,0.2,8,0.02666666666666667,2.56601619720459,2.56601619720459,3.328150987625122,0.9455179536085755,0.8851179725179741,5.053323657788842,0.02666666666666667,8,1.0,1,8,HILCodec_3kbps,2300-131720-0000.flac,123
random_loss,0.03,adaptive_mean_std,dynamic,2,300,35,0.11666666666666667,3.0,3.35,11.666666666666666,0.026666666666666616,1,0.125,7,0.023333333333333334,2.6641504764556885,2.6641504764556885,3.3409981727600098,0.948041044793242,0.8896337361040232,5.01016109336291,0.023333333333333334,7,1.0,1,7,HILCodec_3kbps,2300-131720-0000.flac,42
random_loss,0.03,adaptive_mean_std,dynamic,2,300,35,0.11666666666666667,3.0,3.35,11.666666666666666,0.033333333333333326,2,0.2,8,0.02666666666666667,2.56601619720459,2.56601619720459,3.328150987625122,0.9455179536085755,0.885117972517974,5.053323657788842,0.02666666666666667,8,1.0,1,8,HILCodec_3kbps,2300-131720-0000.flac,123
random_loss,0.03,adaptive_quantile_70,dynamic,1,300,89,0.2966666666666667,3.0,3.8899999999999997,29.666666666666668,0.026666666666666616,1,0.125,7,0.023333333333333334,2.6641504764556885,2.6641504764556885,3.3409981727600098,0.948041044793242,0.8896337361040232,5.01016109336291,0.023333333333333334,7,1.0,1,7,HILCodec_3kbps,2300-131720-0000.flac,42
random_loss,0.03,adaptive_quantile_70,dynamic,1,300,89,0.2966666666666667,3.0,3.8899999999999997,29.666666666666668,0.033333333333333326,5,0.5,5,0.016666666666666666,2.6781814098358154,2.6781814098358154,3.394392251968384,0.9486725811343298,0.8913528352865255,5.170098634981085,0.016666666666666666,5,1.0,1,5,HILCodec_3kbps,2300-131720-0000.flac,123
random_loss,0.03,adaptive_quantile_70,dynamic,2,300,89,0.2966666666666667,3.0,3.8899999999999997,29.666666666666668,0.026666666666666616,1,0.125,7,0.023333333333333334,2.6641504764556885,2.6641504764556885,3.3409981727600098,0.948041044793242,0.8896337361040232,5.01016109336291,0.023333333333333334,7,1.0,1,7,HILCodec_3kbps,2300-131720-0000.flac,42
random_loss,0.03,adaptive_quantile_70,dynamic,2,300,89,0.2966666666666667,3.0,3.8899999999999997,29.666666666666668,0.033333333333333326,5,0.5,5,0.016666666666666666,2.6781814098358154,2.6781814098358154,3.394392251968384,0.9486725811343298,0.8913528352865255,5.170098634981085,0.016666666666666666,5,1.0,1,5,HILCodec_3kbps,2300-131720-0000.flac,123
random_loss,0.03,all_duplicate,all_duplicate,1,300,300,1.0,3.0,6.0,100.0,0.026666666666666616,8,1.0,0,0.0,2.8088531494140625,2.8088531494140625,3.4527578353881836,0.9514716805503222,0.8955831169611461,5.310148841841298,0.0,0,0.0,0,0,HILCodec_3kbps,2300-131720-0000.flac,42
random_loss,0.03,all_duplicate,all_duplicate,1,300,300,1.0,3.0,6.0,100.0,0.033333333333333326,10,1.0,0,0.0,2.8088531494140625,2.8088531494140625,3.4527578353881836,0.9514716805503222,0.8955831169611461,5.310148841841298,0.0,0,0.0,0,0,HILCodec_3kbps,2300-131720-0000.flac,123
random_loss,0.03,all_duplicate,all_duplicate,2,300,300,1.0,3.0,6.0,100.0,0.026666666666666616,8,1.0,0,0.0,2.8088531494140625,2.8088531494140625,3.4527578353881836,0.9514716805503222,0.8955831169611461,5.310148841841298,0.0,0,0.0,0,0,HILCodec_3kbps,2300-131720-0000.flac,42
random_loss,0.03,all_duplicate,all_duplicate,2,300,300,1.0,3.0,6.0,100.0,0.033333333333333326,10,1.0,0,0.0,2.8088531494140625,2.8088531494140625,3.4527578353881836,0.9514716805503222,0.8955831169611461,5.310148841841298,0.0,0,0.0,0,0,HILCodec_3kbps,2300-131720-0000.flac,123
random_loss,0.05,no_duplicate,no_duplicate,1,300,0,0.0,3.0,3.0,0.0,0.050000000000000044,0,0.0,15,0.05,2.439685344696045,2.439685344696045,3.258991003036499,0.946623680618866,0.8870072389371058,4.785469073608426,0.05,15,1.0,1,15,HILCodec_3kbps,2300-131720-0000.flac,42
random_loss,0.05,no_duplicate,no_duplicate,1,300,0,0.0,3.0,3.0,0.0,0.050000000000000044,0,0.0,15,0.05,1.8876146078109741,1.8876146078109741,2.819000720977783,0.9366446507880968,0.8664627662129032,4.585199160222146,0.05,15,1.0714285714285714,2,14,HILCodec_3kbps,2300-131720-0000.flac,123
random_loss,0.05,no_duplicate,no_duplicate,2,300,0,0.0,3.0,3.0,0.0,0.050000000000000044,0,0.0,15,0.05,2.439685344696045,2.439685344696045,3.258991003036499,0.946623680618866,0.8870072389371058,4.785469073608426,0.05,15,1.0,1,15,HILCodec_3kbps,2300-131720-0000.flac,42
random_loss,0.05,no_duplicate,no_duplicate,2,300,0,0.0,3.0,3.0,0.0,0.050000000000000044,0,0.0,15,0.05,1.8876146078109741,1.8876146078109741,2.819000720977783,0.9366446507880968,0.8664627662129032,4.585199160222146,0.05,15,1.0714285714285714,2,14,HILCodec_3kbps,2300-131720-0000.flac,123
random_loss,0.05,fixed_0.3,0.3,1,300,33,0.11,3.0,3.33,11.0,0.050000000000000044,1,0.06666666666666667,14,0.04666666666666667,2.4492292404174805,2.4492292404174805,3.264446496963501,0.9470849754090833,0.8877493303377999,4.79092464641912,0.04666666666666667,14,1.0,1,14,HILCodec_3kbps,2300-131720-0000.flac,42
random_loss,0.05,fixed_0.3,0.3,1,300,33,0.11,3.0,3.33,11.0,0.050000000000000044,2,0.13333333333333333,13,0.043333333333333335,2.477107286453247,2.477107286453247,3.284879207611084,0.9447877978278935,0.8832694124499346,4.970951588282803,0.043333333333333335,13,1.0833333333333333,2,12,HILCodec_3kbps,2300-131720-0000.flac,123
random_loss,0.05,fixed_0.3,0.3,2,300,33,0.11,3.0,3.33,11.0,0.050000000000000044,1,0.06666666666666667,14,0.04666666666666667,2.4492292404174805,2.4492292404174805,3.264446496963501,0.9470849754090833,0.8877493303377999,4.79092464641912,0.04666666666666667,14,1.0,1,14,HILCodec_3kbps,2300-131720-0000.flac,42
random_loss,0.05,fixed_0.3,0.3,2,300,33,0.11,3.0,3.33,11.0,0.050000000000000044,2,0.13333333333333333,13,0.043333333333333335,2.477107286453247,2.477107286453247,3.284879207611084,0.9447877978278935,0.8832694124499345,4.970951588282803,0.043333333333333335,13,1.0833333333333333,2,12,HILCodec_3kbps,2300-131720-0000.flac,123
random_loss,0.05,fixed_0.5,0.5,1,300,15,0.05,3.0,3.1500000000000004,5.0,0.050000000000000044,0,0.0,15,0.05,2.439685344696045,2.439685344696045,3.258991003036499,0.946623680618866,0.8870072389371059,4.785469073608426,0.05,15,1.0,1,15,HILCodec_3kbps,2300-131720-0000.flac,42
random_loss,0.05,fixed_0.5,0.5,1,300,15,0.05,3.0,3.1500000000000004,5.0,0.050000000000000044,2,0.13333333333333333,13,0.043333333333333335,2.477107286453247,2.477107286453247,3.284879207611084,0.9447877978278935,0.8832694124499347,4.970951588282803,0.043333333333333335,13,1.0833333333333333,2,12,HILCodec_3kbps,2300-131720-0000.flac,123
random_loss,0.05,fixed_0.5,0.5,2,300,15,0.05,3.0,3.1500000000000004,5.0,0.050000000000000044,0,0.0,15,0.05,2.439685344696045,2.439685344696045,3.258991003036499,0.946623680618866,0.8870072389371058,4.785469073608426,0.05,15,1.0,1,15,HILCodec_3kbps,2300-131720-0000.flac,42
random_loss,0.05,fixed_0.5,0.5,2,300,15,0.05,3.0,3.1500000000000004,5.0,0.050000000000000044,2,0.13333333333333333,13,0.043333333333333335,2.477107286453247,2.477107286453247,3.284879207611084,0.9447877978278935,0.8832694124499346,4.970951588282803,0.043333333333333335,13,1.0833333333333333,2,12,HILCodec_3kbps,2300-131720-0000.flac,123
random_loss,0.05,fixed_0.7,0.7,1,300,0,0.0,3.0,3.0,0.0,0.050000000000000044,0,0.0,15,0.05,2.439685344696045,2.439685344696045,3.258991003036499,0.946623680618866,0.8870072389371059,4.785469073608426,0.05,15,1.0,1,15,HILCodec_3kbps,2300-131720-0000.flac,42
random_loss,0.05,fixed_0.7,0.7,1,300,0,0.0,3.0,3.0,0.0,0.050000000000000044,0,0.0,15,0.05,1.8876146078109741,1.8876146078109741,2.819000720977783,0.9366446507880968,0.8664627662129033,4.585199160222146,0.05,15,1.0714285714285714,2,14,HILCodec_3kbps,2300-131720-0000.flac,123
random_loss,0.05,fixed_0.7,0.7,2,300,0,0.0,3.0,3.0,0.0,0.050000000000000044,0,0.0,15,0.05,2.439685344696045,2.439685344696045,3.258991003036499,0.946623680618866,0.8870072389371058,4.785469073608426,0.05,15,1.0,1,15,HILCodec_3kbps,2300-131720-0000.flac,42
random_loss,0.05,fixed_0.7,0.7,2,300,0,0.0,3.0,3.0,0.0,0.050000000000000044,0,0.0,15,0.05,1.8876146078109741,1.8876146078109741,2.819000720977783,0.9366446507880968,0.8664627662129032,4.585199160222146,0.05,15,1.0714285714285714,2,14,HILCodec_3kbps,2300-131720-0000.flac,123
random_loss,0.05,adaptive_mean_std,dynamic,1,300,35,0.11666666666666667,3.0,3.35,11.666666666666666,0.050000000000000044,1,0.06666666666666667,14,0.04666666666666667,2.4492292404174805,2.4492292404174805,3.264446496963501,0.9470849754090833,0.8877493303377999,4.79092464641912,0.04666666666666667,14,1.0,1,14,HILCodec_3kbps,2300-131720-0000.flac,42
random_loss,0.05,adaptive_mean_std,dynamic,1,300,35,0.11666666666666667,3.0,3.35,11.666666666666666,0.050000000000000044,2,0.13333333333333333,13,0.043333333333333335,2.477107286453247,2.477107286453247,3.284879207611084,0.9447877978278935,0.8832694124499346,4.970951588282803,0.043333333333333335,13,1.0833333333333333,2,12,HILCodec_3kbps,2300-131720-0000.flac,123
random_loss,0.05,adaptive_mean_std,dynamic,2,300,35,0.11666666666666667,3.0,3.35,11.666666666666666,0.050000000000000044,1,0.06666666666666667,14,0.04666666666666667,2.4492292404174805,2.4492292404174805,3.264446496963501,0.9470849754090833,0.8877493303377999,4.79092464641912,0.04666666666666667,14,1.0,1,14,HILCodec_3kbps,2300-131720-0000.flac,42
random_loss,0.05,adaptive_mean_std,dynamic,2,300,35,0.11666666666666667,3.0,3.35,11.666666666666666,0.050000000000000044,2,0.13333333333333333,13,0.043333333333333335,2.477107286453247,2.477107286453247,3.284879207611084,0.9447877978278935,0.8832694124499346,4.970951588282803,0.043333333333333335,13,1.0833333333333333,2,12,HILCodec_3kbps,2300-131720-0000.flac,123
random_loss,0.05,adaptive_quantile_70,dynamic,1,300,89,0.2966666666666667,3.0,3.8899999999999997,29.666666666666668,0.050000000000000044,4,0.26666666666666666,11,0.03666666666666667,2.4836909770965576,2.4836909770965576,3.2771425247192383,0.9479066095737094,0.888386462305502,4.8058265371949,0.03666666666666667,11,1.0,1,11,HILCodec_3kbps,2300-131720-0000.flac,42
random_loss,0.05,adaptive_quantile_70,dynamic,1,300,89,0.2966666666666667,3.0,3.8899999999999997,29.666666666666668,0.050000000000000044,4,0.26666666666666666,11,0.03666666666666667,2.588029623031616,2.588029623031616,3.3196070194244385,0.9477495600821104,0.8891917640186267,5.08352526599051,0.03666666666666667,11,1.1,2,10,HILCodec_3kbps,2300-131720-0000.flac,123
random_loss,0.05,adaptive_quantile_70,dynamic,2,300,89,0.2966666666666667,3.0,3.8899999999999997,29.666666666666668,0.050000000000000044,4,0.26666666666666666,11,0.03666666666666667,2.4836909770965576,2.4836909770965576,3.2771425247192383,0.9479066095737094,0.888386462305502,4.8058265371949,0.03666666666666667,11,1.0,1,11,HILCodec_3kbps,2300-131720-0000.flac,42
random_loss,0.05,adaptive_quantile_70,dynamic,2,300,89,0.2966666666666667,3.0,3.8899999999999997,29.666666666666668,0.050000000000000044,5,0.3333333333333333,10,0.03333333333333333,2.6577882766723633,2.6577882766723633,3.3734371662139893,0.9484531499901399,0.891456561862446,5.082220776859067,0.03333333333333333,10,1.0,1,10,HILCodec_3kbps,2300-131720-0000.flac,123
random_loss,0.05,all_duplicate,all_duplicate,1,300,300,1.0,3.0,6.0,100.0,0.050000000000000044,15,1.0,0,0.0,2.8088531494140625,2.8088531494140625,3.4527578353881836,0.9514716805503222,0.8955831169611461,5.310148841841298,0.0,0,0.0,0,0,HILCodec_3kbps,2300-131720-0000.flac,42
random_loss,0.05,all_duplicate,all_duplicate,1,300,300,1.0,3.0,6.0,100.0,0.050000000000000044,14,0.9333333333333333,1,0.0033333333333333335,2.7937259674072266,2.7937259674072266,3.411207437515259,0.9512114177899652,0.8948601496034825,5.308800161109493,0.0033333333333333335,1,1.0,1,1,HILCodec_3kbps,2300-131720-0000.flac,123
random_loss,0.05,all_duplicate,all_duplicate,2,300,300,1.0,3.0,6.0,100.0,0.050000000000000044,15,1.0,0,0.0,2.8088531494140625,2.8088531494140625,3.4527578353881836,0.9514716805503222,0.8955831169611461,5.310148841841298,0.0,0,0.0,0,0,HILCodec_3kbps,2300-131720-0000.flac,42
random_loss,0.05,all_duplicate,all_duplicate,2,300,300,1.0,3.0,6.0,100.0,0.050000000000000044,13,0.8666666666666667,2,0.006666666666666667,2.796511650085449,2.796511650085449,3.4437124729156494,0.9512246212187869,0.8950896686425076,5.232460007216196,0.006666666666666667,2,1.0,1,2,HILCodec_3kbps,2300-131720-0000.flac,123
random_loss,0.1,no_duplicate,no_duplicate,1,300,0,0.0,3.0,3.0,0.0,0.09666666666666668,0,0.0,29,0.09666666666666666,1.6018829345703125,1.6018829345703125,2.4397127628326416,0.9186506785189484,0.8462908129884754,2.5919033835496657,0.09666666666666666,29,1.0740740740740742,2,27,HILCodec_3kbps,2300-131720-0000.flac,42
random_loss,0.1,no_duplicate,no_duplicate,1,300,0,0.0,3.0,3.0,0.0,0.09999999999999998,0,0.0,30,0.1,1.4392597675323486,1.4392597675323486,2.1689951419830322,0.9022476405278527,0.8276168418799694,2.0460588823664096,0.1,30,1.1111111111111112,2,27,HILCodec_3kbps,2300-131720-0000.flac,123
random_loss,0.1,no_duplicate,no_duplicate,2,300,0,0.0,3.0,3.0,0.0,0.09666666666666668,0,0.0,29,0.09666666666666666,1.6018829345703125,1.6018829345703125,2.4397127628326416,0.9186506785189484,0.8462908129884755,2.5919033835496657,0.09666666666666666,29,1.0740740740740742,2,27,HILCodec_3kbps,2300-131720-0000.flac,42
random_loss,0.1,no_duplicate,no_duplicate,2,300,0,0.0,3.0,3.0,0.0,0.09999999999999998,0,0.0,30,0.1,1.4392597675323486,1.4392597675323486,2.1689951419830322,0.9022476405278527,0.8276168418799694,2.0460588823664096,0.1,30,1.1111111111111112,2,27,HILCodec_3kbps,2300-131720-0000.flac,123
random_loss,0.1,fixed_0.3,0.3,1,300,33,0.11,3.0,3.33,11.0,0.09666666666666668,1,0.034482758620689655,28,0.09333333333333334,1.6250731945037842,1.6250731945037842,2.4866220951080322,0.9200929093036675,0.8475091020111646,3.18942806916791,0.09333333333333334,28,1.0769230769230769,2,26,HILCodec_3kbps,2300-131720-0000.flac,42
random_loss,0.1,fixed_0.3,0.3,1,300,33,0.11,3.0,3.33,11.0,0.09999999999999998,2,0.06666666666666667,28,0.09333333333333334,1.586547613143921,1.586547613143921,2.2600183486938477,0.9104649826436049,0.8438180344652235,2.405066478207411,0.09333333333333334,28,1.12,2,25,HILCodec_3kbps,2300-131720-0000.flac,123
random_loss,0.1,fixed_0.3,0.3,2,300,33,0.11,3.0,3.33,11.0,0.09666666666666668,2,0.06896551724137931,27,0.09,1.6205518245697021,1.6205518245697021,2.4848334789276123,0.9182619698556445,0.8488885060284002,3.1515688523982743,0.09,27,1.0384615384615385,2,26,HILCodec_3kbps,2300-131720-0000.flac,42
random_loss,0.1,fixed_0.3,0.3,2,300,33,0.11,3.0,3.33,11.0,0.09999999999999998,2,0.06666666666666667,28,0.09333333333333334,1.586547613143921,1.586547613143921,2.2600183486938477,0.9104649826436049,0.8438180344652235,2.405066478207411,0.09333333333333334,28,1.12,2,25,HILCodec_3kbps,2300-131720-0000.flac,123
random_loss,0.1,fixed_0.5,0.5,1,300,15,0.05,3.0,3.1500000000000004,5.0,0.09666666666666668,1,0.034482758620689655,28,0.09333333333333334,1.6250731945037842,1.6250731945037842,2.4866220951080322,0.9200929093036675,0.8475091020111646,3.18942806916791,0.09333333333333334,28,1.0769230769230769,2,26,HILCodec_3kbps,2300-131720-0000.flac,42
random_loss,0.1,fixed_0.5,0.5,1,300,15,0.05,3.0,3.1500000000000004,5.0,0.09999999999999998,2,0.06666666666666667,28,0.09333333333333334,1.586547613143921,1.586547613143921,2.2600183486938477,0.9104649826436049,0.8438180344652235,2.405066478207411,0.09333333333333334,28,1.12,2,25,HILCodec_3kbps,2300-131720-0000.flac,123
random_loss,0.1,fixed_0.5,0.5,2,300,15,0.05,3.0,3.1500000000000004,5.0,0.09666666666666668,1,0.034482758620689655,28,0.09333333333333334,1.6250731945037842,1.6250731945037842,2.4866220951080322,0.9200929093036675,0.8475091020111646,3.18942806916791,0.09333333333333334,28,1.0769230769230769,2,26,HILCodec_3kbps,2300-131720-0000.flac,42
random_loss,0.1,fixed_0.5,0.5,2,300,15,0.05,3.0,3.1500000000000004,5.0,0.09999999999999998,2,0.06666666666666667,28,0.09333333333333334,1.586547613143921,1.586547613143921,2.2600183486938477,0.9104649826436049,0.8438180344652235,2.405066478207411,0.09333333333333334,28,1.12,2,25,HILCodec_3kbps,2300-131720-0000.flac,123
random_loss,0.1,fixed_0.7,0.7,1,300,0,0.0,3.0,3.0,0.0,0.09666666666666668,0,0.0,29,0.09666666666666666,1.6018829345703125,1.6018829345703125,2.4397127628326416,0.9186506785189484,0.8462908129884755,2.5919033835496657,0.09666666666666666,29,1.0740740740740742,2,27,HILCodec_3kbps,2300-131720-0000.flac,42
random_loss,0.1,fixed_0.7,0.7,1,300,0,0.0,3.0,3.0,0.0,0.09999999999999998,0,0.0,30,0.1,1.4392597675323486,1.4392597675323486,2.1689951419830322,0.9022476405278527,0.8276168418799694,2.0460588823664096,0.1,30,1.1111111111111112,2,27,HILCodec_3kbps,2300-131720-0000.flac,123
random_loss,0.1,fixed_0.7,0.7,2,300,0,0.0,3.0,3.0,0.0,0.09666666666666668,0,0.0,29,0.09666666666666666,1.6018829345703125,1.6018829345703125,2.4397127628326416,0.9186506785189484,0.8462908129884755,2.5919033835496657,0.09666666666666666,29,1.0740740740740742,2,27,HILCodec_3kbps,2300-131720-0000.flac,42
random_loss,0.1,fixed_0.7,0.7,2,300,0,0.0,3.0,3.0,0.0,0.09999999999999998,0,0.0,30,0.1,1.4392597675323486,1.4392597675323486,2.1689951419830322,0.9022476405278527,0.8276168418799694,2.0460588823664096,0.1,30,1.1111111111111112,2,27,HILCodec_3kbps,2300-131720-0000.flac,123
random_loss,0.1,adaptive_mean_std,dynamic,1,300,35,0.11666666666666667,3.0,3.35,11.666666666666666,0.09666666666666668,1,0.034482758620689655,28,0.09333333333333334,1.6250731945037842,1.6250731945037842,2.4866220951080322,0.9200929093036675,0.8475091020111646,3.18942806916791,0.09333333333333334,28,1.0769230769230769,2,26,HILCodec_3kbps,2300-131720-0000.flac,42
random_loss,0.1,adaptive_mean_std,dynamic,1,300,35,0.11666666666666667,3.0,3.35,11.666666666666666,0.09999999999999998,3,0.1,27,0.09,1.586707353591919,1.586707353591919,2.260129928588867,0.9104674082892341,0.8439502781387497,2.405061122543841,0.09,27,1.125,2,24,HILCodec_3kbps,2300-131720-0000.flac,123
random_loss,0.1,adaptive_mean_std,dynamic,2,300,35,0.11666666666666667,3.0,3.35,11.666666666666666,0.09666666666666668,2,0.06896551724137931,27,0.09,1.6205518245697021,1.6205518245697021,2.4848334789276123,0.9182619698556445,0.8488885060284002,3.1515688523982743,0.09,27,1.0384615384615385,2,26,HILCodec_3kbps,2300-131720-0000.flac,42
random_loss,0.1,adaptive_mean_std,dynamic,2,300,35,0.11666666666666667,3.0,3.35,11.666666666666666,0.09999999999999998,3,0.1,27,0.09,1.586707353591919,1.586707353591919,2.260129928588867,0.9104674082892341,0.8439502781387497,2.405061122543841,0.09,27,1.125,2,24,HILCodec_3kbps,2300-131720-0000.flac,123
random_loss,0.1,adaptive_quantile_70,dynamic,1,300,89,0.2966666666666667,3.0,3.8899999999999997,29.666666666666668,0.09666666666666668,7,0.2413793103448276,22,0.07333333333333333,2.134549856185913,2.134549856185913,3.0661520957946777,0.9452303074484042,0.8790887855157652,4.197842630134789,0.07333333333333333,22,1.1,2,20,HILCodec_3kbps,2300-131720-0000.flac,42
random_loss,0.1,adaptive_quantile_70,dynamic,1,300,89,0.2966666666666667,3.0,3.8899999999999997,29.666666666666668,0.09999999999999998,9,0.3,21,0.07,1.6979693174362183,1.6979693174362183,2.5720951557159424,0.9297138570546375,0.8663208356648547,2.7558655671201686,0.07,21,1.105263157894737,2,19,HILCodec_3kbps,2300-131720-0000.flac,123
random_loss,0.1,adaptive_quantile_70,dynamic,2,300,89,0.2966666666666667,3.0,3.8899999999999997,29.666666666666668,0.09666666666666668,8,0.27586206896551724,21,0.07,2.142174482345581,2.142174482345581,3.056410312652588,0.9436996972430369,0.8802509482832058,4.195199169692417,0.07,21,1.05,2,20,HILCodec_3kbps,2300-131720-0000.flac,42
random_loss,0.1,adaptive_quantile_70,dynamic,2,300,89,0.2966666666666667,3.0,3.8899999999999997,29.666666666666668,0.09999999999999998,10,0.3333333333333333,20,0.06666666666666667,1.6619820594787598,1.6619820594787598,2.5275216102600098,0.9275304031731731,0.8652834711698808,2.3945212783132335,0.06666666666666667,20,1.0526315789473684,2,19,HILCodec_3kbps,2300-131720-0000.flac,123
random_loss,0.1,all_duplicate,all_duplicate,1,300,300,1.0,3.0,6.0,100.0,0.09666666666666668,27,0.9310344827586207,2,0.006666666666666667,2.7433483600616455,2.7433483600616455,3.405503511428833,0.9508696531742945,0.8939992934757675,5.2974172322595345,0.006666666666666667,2,1.0,1,2,HILCodec_3kbps,2300-131720-0000.flac,42
random_loss,0.1,all_duplicate,all_duplicate,1,300,300,1.0,3.0,6.0,100.0,0.09999999999999998,27,0.9,3,0.01,2.384465217590332,2.384465217590332,3.258694648742676,0.9446423707362446,0.8861646562903474,4.85323011867142,0.01,3,1.0,1,3,HILCodec_3kbps,2300-131720-0000.flac,123
random_loss,0.1,all_duplicate,all_duplicate,2,300,300,1.0,3.0,6.0,100.0,0.09666666666666668,26,0.896551724137931,3,0.01,2.60841965675354,2.60841965675354,3.3846371173858643,0.948087334889386,0.8933253898212001,5.1557299302339725,0.01,3,1.0,1,3,HILCodec_3kbps,2300-131720-0000.flac,42
random_loss,0.1,all_duplicate,all_duplicate,2,300,300,1.0,3.0,6.0,100.0,0.09999999999999998,25,0.8333333333333334,5,0.016666666666666666,2.269606351852417,2.269606351852417,3.177600145339966,0.9439167538050413,0.8848621362151442,4.490272930121057,0.016666666666666666,5,1.0,1,5,HILCodec_3kbps,2300-131720-0000.flac,123
random_loss,0.2,no_duplicate,no_duplicate,1,300,0,0.0,3.0,3.0,0.0,0.24,0,0.0,72,0.24,1.2448620796203613,1.2448620796203613,1.737088680267334,0.8443723147943001,0.7467547231752515,0.1036292325096411,0.24,72,1.44,6,50,HILCodec_3kbps,2300-131720-0000.flac,42
random_loss,0.2,no_duplicate,no_duplicate,1,300,0,0.0,3.0,3.0,0.0,0.20666666666666667,0,0.0,62,0.20666666666666667,1.3468410968780518,1.3468410968780518,1.8660796880722046,0.8676613383879342,0.7750994659638037,0.37770522287004066,0.20666666666666667,62,1.3478260869565217,4,46,HILCodec_3kbps,2300-131720-0000.flac,123
random_loss,0.2,no_duplicate,no_duplicate,2,300,0,0.0,3.0,3.0,0.0,0.24,0,0.0,72,0.24,1.2448620796203613,1.2448620796203613,1.737088680267334,0.8443723147943001,0.7467547231752515,0.1036292325096411,0.24,72,1.44,6,50,HILCodec_3kbps,2300-131720-0000.flac,42
random_loss,0.2,no_duplicate,no_duplicate,2,300,0,0.0,3.0,3.0,0.0,0.20666666666666667,0,0.0,62,0.20666666666666667,1.3468410968780518,1.3468410968780518,1.8660796880722046,0.8676613383879342,0.7750994659638037,0.37770522287004066,0.20666666666666667,62,1.3478260869565217,4,46,HILCodec_3kbps,2300-131720-0000.flac,123
random_loss,0.2,fixed_0.3,0.3,1,300,33,0.11,3.0,3.33,11.0,0.24,6,0.08333333333333333,66,0.22,1.2975488901138306,1.2975488901138306,1.7710373401641846,0.8536651351427952,0.7581481540022256,1.1446543450468498,0.22,66,1.434782608695652,6,46,HILCodec_3kbps,2300-131720-0000.flac,42
random_loss,0.2,fixed_0.3,0.3,1,300,33,0.11,3.0,3.33,11.0,0.20666666666666667,4,0.06451612903225806,58,0.19333333333333333,1.3924177885055542,1.3924177885055542,1.8379440307617188,0.8692145816763376,0.7853410856473964,0.7767328443388586,0.19333333333333333,58,1.3488372093023255,4,43,HILCodec_3kbps,2300-131720-0000.flac,123
random_loss,0.2,fixed_0.3,0.3,2,300,33,0.11,3.0,3.33,11.0,0.24,5,0.06944444444444445,67,0.22333333333333333,1.278728723526001,1.278728723526001,1.7619683742523193,0.8488365089048818,0.7549705707279336,0.8317560280214251,0.22333333333333333,67,1.3958333333333333,6,48,HILCodec_3kbps,2300-131720-0000.flac,42
random_loss,0.2,fixed_0.3,0.3,2,300,33,0.11,3.0,3.33,11.0,0.20666666666666667,5,0.08064516129032258,57,0.19,1.400955319404602,1.400955319404602,2.0158047676086426,0.8785701584892509,0.7927182416542579,1.0974004150604253,0.19,57,1.3255813953488371,4,43,HILCodec_3kbps,2300-131720-0000.flac,123
random_loss,0.2,fixed_0.5,0.5,1,300,15,0.05,3.0,3.1500000000000004,5.0,0.24,1,0.013888888888888888,71,0.23666666666666666,1.2569167613983154,1.2569167613983154,1.7546474933624268,0.845903302154183,0.7487870371273577,0.612430004909664,0.23666666666666666,71,1.4489795918367347,6,49,HILCodec_3kbps,2300-131720-0000.flac,42
random_loss,0.2,fixed_0.5,0.5,1,300,15,0.05,3.0,3.1500000000000004,5.0,0.20666666666666667,1,0.016129032258064516,61,0.20333333333333334,1.3819925785064697,1.3819925785064697,1.8819588422775269,0.8691856780877727,0.7815167523941312,0.4373385857499693,0.20333333333333334,61,1.3555555555555556,4,45,HILCodec_3kbps,2300-131720-0000.flac,123
random_loss,0.2,fixed_0.5,0.5,2,300,15,0.05,3.0,3.1500000000000004,5.0,0.24,2,0.027777777777777776,70,0.23333333333333334,1.2570099830627441,1.2570099830627441,1.7546262741088867,0.8459585617619733,0.7486498077531124,0.6122791093538009,0.23333333333333334,70,1.4285714285714286,6,49,HILCodec_3kbps,2300-131720-0000.flac,42
random_loss,0.2,fixed_0.5,0.5,2,300,15,0.05,3.0,3.1500000000000004,5.0,0.20666666666666667,1,0.016129032258064516,61,0.20333333333333334,1.3819925785064697,1.3819925785064697,1.8819588422775269,0.8691856780877727,0.7815167523941312,0.4373385857499693,0.20333333333333334,61,1.3555555555555556,4,45,HILCodec_3kbps,2300-131720-0000.flac,123
random_loss,0.2,fixed_0.7,0.7,1,300,0,0.0,3.0,3.0,0.0,0.24,0,0.0,72,0.24,1.2448620796203613,1.2448620796203613,1.737088680267334,0.8443723147943001,0.7467547231752515,0.1036292325096411,0.24,72,1.44,6,50,HILCodec_3kbps,2300-131720-0000.flac,42
random_loss,0.2,fixed_0.7,0.7,1,300,0,0.0,3.0,3.0,0.0,0.20666666666666667,0,0.0,62,0.20666666666666667,1.3468410968780518,1.3468410968780518,1.8660796880722046,0.8676613383879342,0.7750994659638037,0.37770522287004066,0.20666666666666667,62,1.3478260869565217,4,46,HILCodec_3kbps,2300-131720-0000.flac,123
random_loss,0.2,fixed_0.7,0.7,2,300,0,0.0,3.0,3.0,0.0,0.24,0,0.0,72,0.24,1.2448620796203613,1.2448620796203613,1.737088680267334,0.8443723147943001,0.7467547231752515,0.1036292325096411,0.24,72,1.44,6,50,HILCodec_3kbps,2300-131720-0000.flac,42
random_loss,0.2,fixed_0.7,0.7,2,300,0,0.0,3.0,3.0,0.0,0.20666666666666667,0,0.0,62,0.20666666666666667,1.3468410968780518,1.3468410968780518,1.8660796880722046,0.8676613383879342,0.7750994659638037,0.37770522287004066,0.20666666666666667,62,1.3478260869565217,4,46,HILCodec_3kbps,2300-131720-0000.flac,123
random_loss,0.2,adaptive_mean_std,dynamic,1,300,35,0.11666666666666667,3.0,3.35,11.666666666666666,0.24,5,0.06944444444444445,67,0.22333333333333333,1.2764263153076172,1.2764263153076172,1.7635815143585205,0.8505712120134098,0.7522001151286196,0.9190120293660844,0.22333333333333333,67,1.4565217391304348,6,46,HILCodec_3kbps,2300-131720-0000.flac,42
random_loss,0.2,adaptive_mean_std,dynamic,1,300,35,0.11666666666666667,3.0,3.35,11.666666666666666,0.20666666666666667,5,0.08064516129032258,57,0.19,1.3925747871398926,1.3925747871398926,1.838179349899292,0.8692186004369498,0.785487204901831,0.7767093543949821,0.19,57,1.3571428571428572,4,42,HILCodec_3kbps,2300-131720-0000.flac,123
random_loss,0.2,adaptive_mean_std,dynamic,2,300,35,0.11666666666666667,3.0,3.35,11.666666666666666,0.24,4,0.05555555555555555,68,0.22666666666666666,1.2581377029418945,1.2581377029418945,1.753920316696167,0.8457425857754964,0.7490225318543275,0.608351778128755,0.22666666666666666,68,1.4166666666666667,6,48,HILCodec_3kbps,2300-131720-0000.flac,42
random_loss,0.2,adaptive_mean_std,dynamic,2,300,35,0.11666666666666667,3.0,3.35,11.666666666666666,0.20666666666666667,5,0.08064516129032258,57,0.19,1.400955319404602,1.400955319404602,2.0158047676086426,0.8785701584892509,0.7927182416542579,1.0974004150604253,0.19,57,1.3255813953488371,4,43,HILCodec_3kbps,2300-131720-0000.flac,123
random_loss,0.2,adaptive_quantile_70,dynamic,1,300,89,0.2966666666666667,3.0,3.8899999999999997,29.666666666666668,0.24,16,0.2222222222222222,56,0.18666666666666668,1.4113099575042725,1.4113099575042725,1.988997459411621,0.8918501285484198,0.7993778718515007,2.2379374155948133,0.18666666666666668,56,1.5135135135135136,5,37,HILCodec_3kbps,2300-131720-0000.flac,42
random_loss,0.2,adaptive_quantile_70,dynamic,1,300,89,0.2966666666666667,3.0,3.8899999999999997,29.666666666666668,0.20666666666666667,14,0.22580645161290322,48,0.16,1.4269940853118896,1.4269940853118896,2.102586269378662,0.8970948907927001,0.8183323584020136,1.4754226143172686,0.16,48,1.3333333333333333,4,36,HILCodec_3kbps,2300-131720-0000.flac,123
random_loss,0.2,adaptive_quantile_70,dynamic,2,300,89,0.2966666666666667,3.0,3.8899999999999997,29.666666666666668,0.24,18,0.25,54,0.18,1.4197765588760376,1.4197765588760376,2.2233121395111084,0.8993333207393863,0.8135935015235243,2.145385714291969,0.18,54,1.3846153846153846,4,39,HILCodec_3kbps,2300-131720-0000.flac,42
random_loss,0.2,adaptive_quantile_70,dynamic,2,300,89,0.2966666666666667,3.0,3.8899999999999997,29.666666666666668,0.20666666666666667,18,0.2903225806451613,44,0.14666666666666667,1.432378888130188,1.432378888130188,2.1317906379699707,0.9065490755028535,0.829899516991634,1.5968997590003011,0.14666666666666667,44,1.1891891891891893,3,37,HILCodec_3kbps,2300-131720-0000.flac,123
random_loss,0.2,all_duplicate,all_duplicate,1,300,300,1.0,3.0,6.0,100.0,0.24,50,0.6944444444444444,22,0.07333333333333333,1.7581509351730347,1.7581509351730347,2.35370135307312,0.9094928643126359,0.8401786101619365,3.9255853061564467,0.07333333333333333,22,1.375,5,16,HILCodec_3kbps,2300-131720-0000.flac,42
random_loss,0.2,all_duplicate,all_duplicate,1,300,300,1.0,3.0,6.0,100.0,0.20666666666666667,46,0.7419354838709677,16,0.05333333333333334,1.7790180444717407,1.7790180444717407,2.603419542312622,0.9223719253328878,0.8521830669912277,3.7523541360325967,0.05333333333333334,16,1.3333333333333333,3,12,HILCodec_3kbps,2300-131720-0000.flac,123
random_loss,0.2,all_duplicate,all_duplicate,2,300,300,1.0,3.0,6.0,100.0,0.24,53,0.7361111111111112,19,0.06333333333333334,1.8186798095703125,1.8186798095703125,2.75272536277771,0.9183055344934317,0.8553850993957506,3.6673262155085498,0.06333333333333334,19,1.1875,4,16,HILCodec_3kbps,2300-131720-0000.flac,42
random_loss,0.2,all_duplicate,all_duplicate,2,300,300,1.0,3.0,6.0,100.0,0.20666666666666667,46,0.7419354838709677,16,0.05333333333333334,1.6998698711395264,1.6998698711395264,2.6190719604492188,0.9277134231357963,0.860714747932749,3.510595125125663,0.05333333333333334,16,1.0666666666666667,2,15,HILCodec_3kbps,2300-131720-0000.flac,123
random_loss,0.3,no_duplicate,no_duplicate,1,300,0,0.0,3.0,3.0,0.0,0.32333333333333336,0,0.0,97,0.3233333333333333,1.1698763370513916,1.1698763370513916,1.4318923950195312,0.8141072436602648,0.6996212980984153,-1.1837692449484565,0.3233333333333333,97,1.564516129032258,8,62,HILCodec_3kbps,2300-131720-0000.flac,42
random_loss,0.3,no_duplicate,no_duplicate,1,300,0,0.0,3.0,3.0,0.0,0.3433333333333334,0,0.0,103,0.3433333333333333,1.2203131914138794,1.2203131914138794,1.5733044147491455,0.8235727626190228,0.6922248939513986,-3.296680746387699,0.3433333333333333,103,1.5846153846153845,6,65,HILCodec_3kbps,2300-131720-0000.flac,123
random_loss,0.3,no_duplicate,no_duplicate,2,300,0,0.0,3.0,3.0,0.0,0.32333333333333336,0,0.0,97,0.3233333333333333,1.1698763370513916,1.1698763370513916,1.4318923950195312,0.8141072436602648,0.6996212980984153,-1.1837692449484565,0.3233333333333333,97,1.564516129032258,8,62,HILCodec_3kbps,2300-131720-0000.flac,42
random_loss,0.3,no_duplicate,no_duplicate,2,300,0,0.0,3.0,3.0,0.0,0.3433333333333334,0,0.0,103,0.3433333333333333,1.2203131914138794,1.2203131914138794,1.5733044147491455,0.8235727626190228,0.6922248939513986,-3.296680746387699,0.3433333333333333,103,1.5846153846153845,6,65,HILCodec_3kbps,2300-131720-0000.flac,123
random_loss,0.3,fixed_0.3,0.3,1,300,33,0.11,3.0,3.33,11.0,0.32333333333333336,8,0.08247422680412371,89,0.2966666666666667,1.2296119928359985,1.2296119928359985,1.6523715257644653,0.8323342708649702,0.7242879905647149,0.23377699182689363,0.2966666666666667,89,1.5614035087719298,8,57,HILCodec_3kbps,2300-131720-0000.flac,42
random_loss,0.3,fixed_0.3,0.3,1,300,33,0.11,3.0,3.33,11.0,0.3433333333333334,9,0.08737864077669903,94,0.31333333333333335,1.2172620296478271,1.2172620296478271,1.5738557577133179,0.822915814605842,0.7056269764987121,-2.607645384380308,0.31333333333333335,94,1.6206896551724137,6,58,HILCodec_3kbps,2300-131720-0000.flac,123
random_loss,0.3,fixed_0.3,0.3,2,300,33,0.11,3.0,3.33,11.0,0.32333333333333336,7,0.07216494845360824,90,0.3,1.2114115953445435,1.2114115953445435,1.6445190906524658,0.8291499502235683,0.7288525841789814,-0.2819749240107228,0.3,90,1.5,8,60,HILCodec_3kbps,2300-131720-0000.flac,42
random_loss,0.3,fixed_0.3,0.3,2,300,33,0.11,3.0,3.33,11.0,0.3433333333333334,6,0.05825242718446602,97,0.3233333333333333,1.2555882930755615,1.2555882930755615,1.5797569751739502,0.8362305124689705,0.7086203421942519,-2.228359136499926,0.3233333333333333,97,1.564516129032258,6,62,HILCodec_3kbps,2300-131720-0000.flac,123
random_loss,0.3,fixed_0.5,0.5,1,300,15,0.05,3.0,3.1500000000000004,5.0,0.32333333333333336,3,0.030927835051546393,94,0.31333333333333335,1.2056254148483276,1.2056254148483276,1.6290624141693115,0.8258364343040699,0.7144629965306886,-0.193931013001224,0.31333333333333335,94,1.5932203389830508,8,59,HILCodec_3kbps,2300-131720-0000.flac,42
random_loss,0.3,fixed_0.5,0.5,1,300,15,0.05,3.0,3.1500000000000004,5.0,0.3433333333333334,3,0.02912621359223301,100,0.3333333333333333,1.2494676113128662,1.2494676113128662,1.592344045639038,0.8261836421696748,0.6975913010022033,-2.747176325917641,0.3333333333333333,100,1.6129032258064515,6,62,HILCodec_3kbps,2300-131720-0000.flac,123
random_loss,0.3,fixed_0.5,0.5,2,300,15,0.05,3.0,3.1500000000000004,5.0,0.32333333333333336,4,0.041237113402061855,93,0.31,1.1965553760528564,1.1965553760528564,1.6301100254058838,0.8258756381766234,0.7188824152210536,-0.46535678303428574,0.31,93,1.55,8,60,HILCodec_3kbps,2300-131720-0000.flac,42
random_loss,0.3,fixed_0.5,0.5,2,300,15,0.05,3.0,3.1500000000000004,5.0,0.3433333333333334,3,0.02912621359223301,100,0.3333333333333333,1.2494676113128662,1.2494676113128662,1.592344045639038,0.8261836421696748,0.6975913010022033,-2.747176325917641,0.3333333333333333,100,1.6129032258064515,6,62,HILCodec_3kbps,2300-131720-0000.flac,123
random_loss,0.3,fixed_0.7,0.7,1,300,0,0.0,3.0,3.0,0.0,0.32333333333333336,0,0.0,97,0.3233333333333333,1.1698763370513916,1.1698763370513916,1.4318923950195312,0.8141072436602648,0.6996212980984153,-1.1837692449484565,0.3233333333333333,97,1.564516129032258,8,62,HILCodec_3kbps,2300-131720-0000.flac,42
random_loss,0.3,fixed_0.7,0.7,1,300,0,0.0,3.0,3.0,0.0,0.3433333333333334,0,0.0,103,0.3433333333333333,1.2203131914138794,1.2203131914138794,1.5733044147491455,0.8235727626190228,0.6922248939513985,-3.296680746387699,0.3433333333333333,103,1.5846153846153845,6,65,HILCodec_3kbps,2300-131720-0000.flac,123
random_loss,0.3,fixed_0.7,0.7,2,300,0,0.0,3.0,3.0,0.0,0.32333333333333336,0,0.0,97,0.3233333333333333,1.1698763370513916,1.1698763370513916,1.4318923950195312,0.8141072436602648,0.6996212980984153,-1.1837692449484565,0.3233333333333333,97,1.564516129032258,8,62,HILCodec_3kbps,2300-131720-0000.flac,42
random_loss,0.3,fixed_0.7,0.7,2,300,0,0.0,3.0,3.0,0.0,0.3433333333333334,0,0.0,103,0.3433333333333333,1.2203131914138794,1.2203131914138794,1.5733044147491455,0.8235727626190228,0.6922248939513985,-3.296680746387699,0.3433333333333333,103,1.5846153846153845,6,65,HILCodec_3kbps,2300-131720-0000.flac,123
random_loss,0.3,adaptive_mean_std,dynamic,1,300,35,0.11666666666666667,3.0,3.35,11.666666666666666,0.32333333333333336,7,0.07216494845360824,90,0.3,1.2145538330078125,1.2145538330078125,1.6492118835449219,0.8291962753458962,0.7184084390383535,0.014425788339599054,0.3,90,1.5789473684210527,8,57,HILCodec_3kbps,2300-131720-0000.flac,42
random_loss,0.3,adaptive_mean_std,dynamic,1,300,35,0.11666666666666667,3.0,3.35,11.666666666666666,0.3433333333333334,9,0.08737864077669903,94,0.31333333333333335,1.2172620296478271,1.2172620296478271,1.5738557577133179,0.822915814605842,0.7056269764987122,-2.607645384380308,0.31333333333333335,94,1.6206896551724137,6,58,HILCodec_3kbps,2300-131720-0000.flac,123
random_loss,0.3,adaptive_mean_std,dynamic,2,300,35,0.11666666666666667,3.0,3.35,11.666666666666666,0.32333333333333336,6,0.061855670103092786,91,0.30333333333333334,1.1992642879486084,1.1992642879486084,1.6426098346710205,0.8260898370346916,0.7233012567455979,-0.5009087898959126,0.30333333333333334,91,1.5166666666666666,8,60,HILCodec_3kbps,2300-131720-0000.flac,42
random_loss,0.3,adaptive_mean_std,dynamic,2,300,35,0.11666666666666667,3.0,3.35,11.666666666666666,0.3433333333333334,6,0.05825242718446602,97,0.3233333333333333,1.2555882930755615,1.2555882930755615,1.5797569751739502,0.8362305124689705,0.7086203421942519,-2.228359136499926,0.3233333333333333,97,1.564516129032258,6,62,HILCodec_3kbps,2300-131720-0000.flac,123
random_loss,0.3,adaptive_quantile_70,dynamic,1,300,89,0.2966666666666667,3.0,3.8899999999999997,29.666666666666668,0.32333333333333336,23,0.23711340206185566,74,0.24666666666666667,1.3441014289855957,1.3441014289855957,1.8806297779083252,0.8756055856674906,0.7736036391718107,1.5427168025885298,0.24666666666666667,74,1.608695652173913,7,46,HILCodec_3kbps,2300-131720-0000.flac,42
random_loss,0.3,adaptive_quantile_70,dynamic,1,300,89,0.2966666666666667,3.0,3.8899999999999997,29.666666666666668,0.3433333333333334,22,0.21359223300970873,81,0.27,1.2969614267349243,1.2969614267349243,1.82710862159729,0.8671511990398001,0.7599345686725566,-1.5763646278028323,0.27,81,1.588235294117647,6,51,HILCodec_3kbps,2300-131720-0000.flac,123
random_loss,0.3,adaptive_quantile_70,dynamic,2,300,89,0.2966666666666667,3.0,3.8899999999999997,29.666666666666668,0.32333333333333336,22,0.2268041237113402,75,0.25,1.3247069120407104,1.3247069120407104,2.049342632293701,0.88498525665064,0.7932989359852405,1.3499721258634816,0.25,75,1.4705882352941178,6,51,HILCodec_3kbps,2300-131720-0000.flac,42
random_loss,0.3,adaptive_quantile_70,dynamic,2,300,89,0.2966666666666667,3.0,3.8899999999999997,29.666666666666668,0.3433333333333334,21,0.20388349514563106,82,0.2733333333333333,1.2728142738342285,1.2728142738342285,1.8014142513275146,0.8719423975066452,0.7576636821062969,-1.666848347098213,0.2733333333333333,82,1.4642857142857142,6,56,HILCodec_3kbps,2300-131720-0000.flac,123
random_loss,0.3,all_duplicate,all_duplicate,1,300,300,1.0,3.0,6.0,100.0,0.32333333333333336,62,0.6391752577319587,35,0.11666666666666667,1.5751947164535522,1.5751947164535522,2.1449201107025146,0.9023162080855298,0.8245650371559742,3.5013499882710852,0.11666666666666667,35,1.6666666666666667,7,21,HILCodec_3kbps,2300-131720-0000.flac,42
random_loss,0.3,all_duplicate,all_duplicate,1,300,300,1.0,3.0,6.0,100.0,0.3433333333333334,65,0.6310679611650486,38,0.12666666666666668,1.5337815284729004,1.5337815284729004,2.216472625732422,0.9032134841539777,0.8194687716367862,1.4377896743394938,0.12666666666666668,38,1.52,5,25,HILCodec_3kbps,2300-131720-0000.flac,123
random_loss,0.3,all_duplicate,all_duplicate,2,300,300,1.0,3.0,6.0,100.0,0.32333333333333336,61,0.6288659793814433,36,0.12,1.5486018657684326,1.5486018657684326,2.376797914505005,0.9151274421184853,0.8442271536729439,3.024179897307218,0.12,36,1.2857142857142858,6,28,HILCodec_3kbps,2300-131720-0000.flac,42
random_loss,0.3,all_duplicate,all_duplicate,2,300,300,1.0,3.0,6.0,100.0,0.3433333333333334,65,0.6310679611650486,38,0.12666666666666668,1.3862073421478271,1.3862073421478271,2.1240901947021484,0.9010150420745502,0.8173773557292929,1.1338257427451772,0.12666666666666668,38,1.1875,4,32,HILCodec_3kbps,2300-131720-0000.flac,123
random_loss,0.4,no_duplicate,no_duplicate,1,300,0,0.0,3.0,3.0,0.0,0.41000000000000003,0,0.0,123,0.41,1.1479718685150146,1.1479718685150146,1.3444440364837646,0.7782966965127894,0.6415105909501114,-2.5974125928945475,0.41,123,1.662162162162162,8,74,HILCodec_3kbps,2300-131720-0000.flac,42
random_loss,0.4,no_duplicate,no_duplicate,1,300,0,0.0,3.0,3.0,0.0,0.42333333333333334,0,0.0,127,0.42333333333333334,1.1294033527374268,1.1294033527374268,1.434859037399292,0.7817268299490102,0.6122282544094838,-5.735882512316486,0.42333333333333334,127,1.7887323943661972,6,71,HILCodec_3kbps,2300-131720-0000.flac,123
random_loss,0.4,no_duplicate,no_duplicate,2,300,0,0.0,3.0,3.0,0.0,0.41000000000000003,0,0.0,123,0.41,1.1479718685150146,1.1479718685150146,1.3444440364837646,0.7782966965127894,0.6415105909501115,-2.5974125928945475,0.41,123,1.662162162162162,8,74,HILCodec_3kbps,2300-131720-0000.flac,42
random_loss,0.4,no_duplicate,no_duplicate,2,300,0,0.0,3.0,3.0,0.0,0.42333333333333334,0,0.0,127,0.42333333333333334,1.1294033527374268,1.1294033527374268,1.434859037399292,0.7817268299490102,0.6122282544094838,-5.735882512316486,0.42333333333333334,127,1.7887323943661972,6,71,HILCodec_3kbps,2300-131720-0000.flac,123
random_loss,0.4,fixed_0.3,0.3,1,300,33,0.11,3.0,3.33,11.0,0.41000000000000003,10,0.08130081300813008,113,0.37666666666666665,1.1892998218536377,1.1892998218536377,1.4927986860275269,0.8002072932254325,0.6706350747664988,-0.9717354134552327,0.37666666666666665,113,1.6865671641791045,8,67,HILCodec_3kbps,2300-131720-0000.flac,42
random_loss,0.4,fixed_0.3,0.3,1,300,33,0.11,3.0,3.33,11.0,0.42333333333333334,9,0.07086614173228346,118,0.3933333333333333,1.1358890533447266,1.1358890533447266,1.508598804473877,0.7822256907158591,0.6262239258548459,-5.134457041229185,0.3933333333333333,118,1.8153846153846154,6,65,HILCodec_3kbps,2300-131720-0000.flac,123
random_loss,0.4,fixed_0.3,0.3,2,300,33,0.11,3.0,3.33,11.0,0.41000000000000003,9,0.07317073170731707,114,0.38,1.1696033477783203,1.1696033477783203,1.480432152748108,0.7950900584101446,0.6729257839588902,-1.5981752785584555,0.38,114,1.6285714285714286,8,70,HILCodec_3kbps,2300-131720-0000.flac,42
random_loss,0.4,fixed_0.3,0.3,2,300,33,0.11,3.0,3.33,11.0,0.42333333333333334,6,0.047244094488188976,121,0.4033333333333333,1.1510342359542847,1.1510342359542847,1.51775324344635,0.79443789822672,0.627337430766318,-4.809035505782512,0.4033333333333333,121,1.7285714285714286,6,70,HILCodec_3kbps,2300-131720-0000.flac,123
random_loss,0.4,fixed_0.5,0.5,1,300,15,0.05,3.0,3.1500000000000004,5.0,0.41000000000000003,3,0.024390243902439025,120,0.4,1.170674204826355,1.170674204826355,1.477231740951538,0.7908499431334385,0.6566966374781759,-1.5677579242835389,0.4,120,1.6901408450704225,8,71,HILCodec_3kbps,2300-131720-0000.flac,42
random_loss,0.4,fixed_0.5,0.5,1,300,15,0.05,3.0,3.1500000000000004,5.0,0.42333333333333334,3,0.023622047244094488,124,0.41333333333333333,1.1439189910888672,1.1439189910888672,1.456228494644165,0.7851387650702266,0.6183007592921853,-5.1461504166655025,0.41333333333333333,124,1.7971014492753623,6,69,HILCodec_3kbps,2300-131720-0000.flac,123
random_loss,0.4,fixed_0.5,0.5,2,300,15,0.05,3.0,3.1500000000000004,5.0,0.41000000000000003,4,0.032520325203252036,119,0.39666666666666667,1.1673622131347656,1.1673622131347656,1.4805653095245361,0.7901078713875049,0.6605501416782638,-1.890850194829106,0.39666666666666667,119,1.6527777777777777,8,72,HILCodec_3kbps,2300-131720-0000.flac,42
random_loss,0.4,fixed_0.5,0.5,2,300,15,0.05,3.0,3.1500000000000004,5.0,0.42333333333333334,3,0.023622047244094488,124,0.41333333333333333,1.1490651369094849,1.1490651369094849,1.4589743614196777,0.784177455346135,0.6162593194735538,-5.201304909778935,0.41333333333333333,124,1.7714285714285714,6,70,HILCodec_3kbps,2300-131720-0000.flac,123
random_loss,0.4,fixed_0.7,0.7,1,300,0,0.0,3.0,3.0,0.0,0.41000000000000003,0,0.0,123,0.41,1.1479718685150146,1.1479718685150146,1.3444440364837646,0.7782966965127894,0.6415105909501114,-2.5974125928945475,0.41,123,1.662162162162162,8,74,HILCodec_3kbps,2300-131720-0000.flac,42
random_loss,0.4,fixed_0.7,0.7,1,300,0,0.0,3.0,3.0,0.0,0.42333333333333334,0,0.0,127,0.42333333333333334,1.1294033527374268,1.1294033527374268,1.434859037399292,0.7817268299490102,0.6122282544094837,-5.735882512316486,0.42333333333333334,127,1.7887323943661972,6,71,HILCodec_3kbps,2300-131720-0000.flac,123
random_loss,0.4,fixed_0.7,0.7,2,300,0,0.0,3.0,3.0,0.0,0.41000000000000003,0,0.0,123,0.41,1.1479718685150146,1.1479718685150146,1.3444440364837646,0.7782966965127894,0.6415105909501115,-2.5974125928945475,0.41,123,1.662162162162162,8,74,HILCodec_3kbps,2300-131720-0000.flac,42
random_loss,0.4,fixed_0.7,0.7,2,300,0,0.0,3.0,3.0,0.0,0.42333333333333334,0,0.0,127,0.42333333333333334,1.1294033527374268,1.1294033527374268,1.434859037399292,0.7817268299490102,0.6122282544094837,-5.735882512316486,0.42333333333333334,127,1.7887323943661972,6,71,HILCodec_3kbps,2300-131720-0000.flac,123
random_loss,0.4,adaptive_mean_std,dynamic,1,300,35,0.11666666666666667,3.0,3.35,11.666666666666666,0.41000000000000003,9,0.07317073170731707,114,0.38,1.183293342590332,1.183293342590332,1.4919791221618652,0.7965375881814307,0.6633408033137079,-1.17838735950732,0.38,114,1.7014925373134329,8,67,HILCodec_3kbps,2300-131720-0000.flac,42
random_loss,0.4,adaptive_mean_std,dynamic,1,300,35,0.11666666666666667,3.0,3.35,11.666666666666666,0.42333333333333334,9,0.07086614173228346,118,0.3933333333333333,1.1358890533447266,1.1358890533447266,1.508598804473877,0.7822256907158591,0.6262239258548458,-5.134457041229185,0.3933333333333333,118,1.8153846153846154,6,65,HILCodec_3kbps,2300-131720-0000.flac,123
random_loss,0.4,adaptive_mean_std,dynamic,2,300,35,0.11666666666666667,3.0,3.35,11.666666666666666,0.41000000000000003,8,0.06504065040650407,115,0.38333333333333336,1.1642714738845825,1.1642714738845825,1.480938196182251,0.7915035917862143,0.665727412203876,-1.807424880188393,0.38333333333333336,115,1.6428571428571428,8,70,HILCodec_3kbps,2300-131720-0000.flac,42
random_loss,0.4,adaptive_mean_std,dynamic,2,300,35,0.11666666666666667,3.0,3.35,11.666666666666666,0.42333333333333334,6,0.047244094488188976,121,0.4033333333333333,1.1510342359542847,1.1510342359542847,1.51775324344635,0.79443789822672,0.627337430766318,-4.809035505782512,0.4033333333333333,121,1.7285714285714286,6,70,HILCodec_3kbps,2300-131720-0000.flac,123
random_loss,0.4,adaptive_quantile_70,dynamic,1,300,89,0.2966666666666667,3.0,3.8899999999999997,29.666666666666668,0.41000000000000003,24,0.1951219512195122,99,0.33,1.2479208707809448,1.2479208707809448,1.6105928421020508,0.8438376404198893,0.723240727992102,-0.03867109580919817,0.33,99,1.6779661016949152,7,59,HILCodec_3kbps,2300-131720-0000.flac,42
random_loss,0.4,adaptive_quantile_70,dynamic,1,300,89,0.2966666666666667,3.0,3.8899999999999997,29.666666666666668,0.42333333333333334,23,0.18110236220472442,104,0.3466666666666667,1.1755461692810059,1.1755461692810059,1.660475730895996,0.8204847211005827,0.6660445545876166,-3.436545615087333,0.3466666666666667,104,1.793103448275862,6,58,HILCodec_3kbps,2300-131720-0000.flac,123
random_loss,0.4,adaptive_quantile_70,dynamic,2,300,89,0.2966666666666667,3.0,3.8899999999999997,29.666666666666668,0.41000000000000003,22,0.17886178861788618,101,0.33666666666666667,1.2477729320526123,1.2477729320526123,1.875497579574585,0.8627258121784545,0.7457009908797414,-0.2382610867479718,0.33666666666666667,101,1.507462686567164,6,67,HILCodec_3kbps,2300-131720-0000.flac,42
random_loss,0.4,adaptive_quantile_70,dynamic,2,300,89,0.2966666666666667,3.0,3.8899999999999997,29.666666666666668,0.42333333333333334,21,0.16535433070866143,106,0.35333333333333333,1.1748284101486206,1.1748284101486206,1.6449778079986572,0.8336298100660339,0.6902555036260821,-4.14655192327152,0.35333333333333333,106,1.536231884057971,6,69,HILCodec_3kbps,2300-131720-0000.flac,123
random_loss,0.4,all_duplicate,all_duplicate,1,300,300,1.0,3.0,6.0,100.0,0.41000000000000003,74,0.6016260162601627,49,0.16333333333333333,1.466624140739441,1.466624140739441,1.991282343864441,0.8924877284074898,0.8087517990294576,2.711406083048147,0.16333333333333333,49,1.4848484848484849,7,33,HILCodec_3kbps,2300-131720-0000.flac,42
random_loss,0.4,all_duplicate,all_duplicate,1,300,300,1.0,3.0,6.0,100.0,0.42333333333333334,71,0.5590551181102362,56,0.18666666666666668,1.2907248735427856,1.2907248735427856,1.9117778539657593,0.8734275043305293,0.7631450329145546,-0.25576407168900844,0.18666666666666668,56,1.75,5,32,HILCodec_3kbps,2300-131720-0000.flac,123
random_loss,0.4,all_duplicate,all_duplicate,2,300,300,1.0,3.0,6.0,100.0,0.41000000000000003,74,0.6016260162601627,49,0.16333333333333333,1.3861963748931885,1.3861963748931885,2.171011447906494,0.9047698522406419,0.8273059519001686,2.2894074933596693,0.16333333333333333,49,1.1951219512195121,6,41,HILCodec_3kbps,2300-131720-0000.flac,42
random_loss,0.4,all_duplicate,all_duplicate,2,300,300,1.0,3.0,6.0,100.0,0.42333333333333334,73,0.5748031496062992,54,0.18,1.2812881469726562,1.2812881469726562,1.853360652923584,0.8807911736872791,0.7802740243443457,-0.7993994407616961,0.18,54,1.255813953488372,4,43,HILCodec_3kbps,2300-131720-0000.flac,123
random_loss,0.0,no_duplicate,no_duplicate,1,300,0,0.0,3.0,3.0,0.0,0.0,0,0.0,0,0.0,2.8273732662200928,2.8273732662200928,3.2132129669189453,0.9470591689108891,0.9048717019751025,0.8250308963082651,0.0,0,0.0,0,0,HILCodec_3kbps,237-126133-0000.flac,42
random_loss,0.0,no_duplicate,no_duplicate,1,300,0,0.0,3.0,3.0,0.0,0.0,0,0.0,0,0.0,2.8273732662200928,2.8273732662200928,3.2132129669189453,0.9470591689108891,0.9048717019751025,0.8250308963082651,0.0,0,0.0,0,0,HILCodec_3kbps,237-126133-0000.flac,123
random_loss,0.0,no_duplicate,no_duplicate,2,300,0,0.0,3.0,3.0,0.0,0.0,0,0.0,0,0.0,2.8273732662200928,2.8273732662200928,3.2132129669189453,0.9470591689108891,0.9048717019751025,0.8250308963082651,0.0,0,0.0,0,0,HILCodec_3kbps,237-126133-0000.flac,42
random_loss,0.0,no_duplicate,no_duplicate,2,300,0,0.0,3.0,3.0,0.0,0.0,0,0.0,0,0.0,2.8273732662200928,2.8273732662200928,3.2132129669189453,0.9470591689108891,0.9048717019751025,0.8250308963082651,0.0,0,0.0,0,0,HILCodec_3kbps,237-126133-0000.flac,123
random_loss,0.0,fixed_0.3,0.3,1,300,45,0.15,3.0,3.4499999999999997,15.0,0.0,0,0.0,0,0.0,2.8273732662200928,2.8273732662200928,3.2132129669189453,0.9470591689108891,0.9048717019751025,0.8250308963082651,0.0,0,0.0,0,0,HILCodec_3kbps,237-126133-0000.flac,42
random_loss,0.0,fixed_0.3,0.3,1,300,45,0.15,3.0,3.4499999999999997,15.0,0.0,0,0.0,0,0.0,2.8273732662200928,2.8273732662200928,3.2132129669189453,0.9470591689108891,0.9048717019751025,0.8250308963082651,0.0,0,0.0,0,0,HILCodec_3kbps,237-126133-0000.flac,123
random_loss,0.0,fixed_0.3,0.3,2,300,45,0.15,3.0,3.4499999999999997,15.0,0.0,0,0.0,0,0.0,2.8273732662200928,2.8273732662200928,3.2132129669189453,0.9470591689108891,0.9048717019751025,0.8250308963082651,0.0,0,0.0,0,0,HILCodec_3kbps,237-126133-0000.flac,42
random_loss,0.0,fixed_0.3,0.3,2,300,45,0.15,3.0,3.4499999999999997,15.0,0.0,0,0.0,0,0.0,2.8273732662200928,2.8273732662200928,3.2132129669189453,0.9470591689108891,0.9048717019751025,0.8250308963082651,0.0,0,0.0,0,0,HILCodec_3kbps,237-126133-0000.flac,123
random_loss,0.0,fixed_0.5,0.5,1,300,20,0.06666666666666667,3.0,3.2,6.666666666666667,0.0,0,0.0,0,0.0,2.8273732662200928,2.8273732662200928,3.2132129669189453,0.9470591689108891,0.9048717019751025,0.8250308963082651,0.0,0,0.0,0,0,HILCodec_3kbps,237-126133-0000.flac,42
random_loss,0.0,fixed_0.5,0.5,1,300,20,0.06666666666666667,3.0,3.2,6.666666666666667,0.0,0,0.0,0,0.0,2.8273732662200928,2.8273732662200928,3.2132129669189453,0.9470591689108891,0.9048717019751025,0.8250308963082651,0.0,0,0.0,0,0,HILCodec_3kbps,237-126133-0000.flac,123
random_loss,0.0,fixed_0.5,0.5,2,300,20,0.06666666666666667,3.0,3.2,6.666666666666667,0.0,0,0.0,0,0.0,2.8273732662200928,2.8273732662200928,3.2132129669189453,0.9470591689108891,0.9048717019751025,0.8250308963082651,0.0,0,0.0,0,0,HILCodec_3kbps,237-126133-0000.flac,42
random_loss,0.0,fixed_0.5,0.5,2,300,20,0.06666666666666667,3.0,3.2,6.666666666666667,0.0,0,0.0,0,0.0,2.8273732662200928,2.8273732662200928,3.2132129669189453,0.9470591689108891,0.9048717019751025,0.8250308963082651,0.0,0,0.0,0,0,HILCodec_3kbps,237-126133-0000.flac,123
random_loss,0.0,fixed_0.7,0.7,1,300,1,0.0033333333333333335,3.0,3.0100000000000002,0.33333333333333337,0.0,0,0.0,0,0.0,2.8273732662200928,2.8273732662200928,3.2132129669189453,0.9470591689108891,0.9048717019751025,0.8250308963082651,0.0,0,0.0,0,0,HILCodec_3kbps,237-126133-0000.flac,42
random_loss,0.0,fixed_0.7,0.7,1,300,1,0.0033333333333333335,3.0,3.0100000000000002,0.33333333333333337,0.0,0,0.0,0,0.0,2.8273732662200928,2.8273732662200928,3.2132129669189453,0.9470591689108891,0.9048717019751025,0.8250308963082651,0.0,0,0.0,0,0,HILCodec_3kbps,237-126133-0000.flac,123
random_loss,0.0,fixed_0.7,0.7,2,300,1,0.0033333333333333335,3.0,3.0100000000000002,0.33333333333333337,0.0,0,0.0,0,0.0,2.8273732662200928,2.8273732662200928,3.2132129669189453,0.9470591689108891,0.9048717019751025,0.8250308963082651,0.0,0,0.0,0,0,HILCodec_3kbps,237-126133-0000.flac,42
random_loss,0.0,fixed_0.7,0.7,2,300,1,0.0033333333333333335,3.0,3.0100000000000002,0.33333333333333337,0.0,0,0.0,0,0.0,2.8273732662200928,2.8273732662200928,3.2132129669189453,0.9470591689108891,0.9048717019751025,0.8250308963082651,0.0,0,0.0,0,0,HILCodec_3kbps,237-126133-0000.flac,123
random_loss,0.0,adaptive_mean_std,dynamic,1,300,51,0.17,3.0,3.51,17.0,0.0,0,0.0,0,0.0,2.8273732662200928,2.8273732662200928,3.2132129669189453,0.9470591689108891,0.9048717019751025,0.8250308963082651,0.0,0,0.0,0,0,HILCodec_3kbps,237-126133-0000.flac,42
random_loss,0.0,adaptive_mean_std,dynamic,1,300,51,0.17,3.0,3.51,17.0,0.0,0,0.0,0,0.0,2.8273732662200928,2.8273732662200928,3.2132129669189453,0.9470591689108891,0.9048717019751025,0.8250308963082651,0.0,0,0.0,0,0,HILCodec_3kbps,237-126133-0000.flac,123
random_loss,0.0,adaptive_mean_std,dynamic,2,300,51,0.17,3.0,3.51,17.0,0.0,0,0.0,0,0.0,2.8273732662200928,2.8273732662200928,3.2132129669189453,0.9470591689108891,0.9048717019751025,0.8250308963082651,0.0,0,0.0,0,0,HILCodec_3kbps,237-126133-0000.flac,42
random_loss,0.0,adaptive_mean_std,dynamic,2,300,51,0.17,3.0,3.51,17.0,0.0,0,0.0,0,0.0,2.8273732662200928,2.8273732662200928,3.2132129669189453,0.9470591689108891,0.9048717019751025,0.8250308963082651,0.0,0,0.0,0,0,HILCodec_3kbps,237-126133-0000.flac,123
random_loss,0.0,adaptive_quantile_70,dynamic,1,300,106,0.35333333333333333,3.0,4.06,35.333333333333336,0.0,0,0.0,0,0.0,2.8273732662200928,2.8273732662200928,3.2132129669189453,0.9470591689108891,0.9048717019751025,0.8250308963082651,0.0,0,0.0,0,0,HILCodec_3kbps,237-126133-0000.flac,42
random_loss,0.0,adaptive_quantile_70,dynamic,1,300,106,0.35333333333333333,3.0,4.06,35.333333333333336,0.0,0,0.0,0,0.0,2.8273732662200928,2.8273732662200928,3.2132129669189453,0.9470591689108891,0.9048717019751025,0.8250308963082651,0.0,0,0.0,0,0,HILCodec_3kbps,237-126133-0000.flac,123
random_loss,0.0,adaptive_quantile_70,dynamic,2,300,106,0.35333333333333333,3.0,4.06,35.333333333333336,0.0,0,0.0,0,0.0,2.8273732662200928,2.8273732662200928,3.2132129669189453,0.9470591689108891,0.9048717019751025,0.8250308963082651,0.0,0,0.0,0,0,HILCodec_3kbps,237-126133-0000.flac,42
random_loss,0.0,adaptive_quantile_70,dynamic,2,300,106,0.35333333333333333,3.0,4.06,35.333333333333336,0.0,0,0.0,0,0.0,2.8273732662200928,2.8273732662200928,3.2132129669189453,0.9470591689108891,0.9048717019751025,0.8250308963082651,0.0,0,0.0,0,0,HILCodec_3kbps,237-126133-0000.flac,123
random_loss,0.0,all_duplicate,all_duplicate,1,300,300,1.0,3.0,6.0,100.0,0.0,0,0.0,0,0.0,2.8273732662200928,2.8273732662200928,3.2132129669189453,0.9470591689108891,0.9048717019751025,0.8250308963082651,0.0,0,0.0,0,0,HILCodec_3kbps,237-126133-0000.flac,42
random_loss,0.0,all_duplicate,all_duplicate,1,300,300,1.0,3.0,6.0,100.0,0.0,0,0.0,0,0.0,2.8273732662200928,2.8273732662200928,3.2132129669189453,0.9470591689108891,0.9048717019751025,0.8250308963082651,0.0,0,0.0,0,0,HILCodec_3kbps,237-126133-0000.flac,123
random_loss,0.0,all_duplicate,all_duplicate,2,300,300,1.0,3.0,6.0,100.0,0.0,0,0.0,0,0.0,2.8273732662200928,2.8273732662200928,3.2132129669189453,0.9470591689108891,0.9048717019751025,0.8250308963082651,0.0,0,0.0,0,0,HILCodec_3kbps,237-126133-0000.flac,42
random_loss,0.0,all_duplicate,all_duplicate,2,300,300,1.0,3.0,6.0,100.0,0.0,0,0.0,0,0.0,2.8273732662200928,2.8273732662200928,3.2132129669189453,0.9470591689108891,0.9048717019751025,0.8250308963082651,0.0,0,0.0,0,0,HILCodec_3kbps,237-126133-0000.flac,123
random_loss,0.01,no_duplicate,no_duplicate,1,300,0,0.0,3.0,3.0,0.0,0.0033333333333332993,0,0.0,1,0.0033333333333333335,2.6353838443756104,2.6353838443756104,3.0974225997924805,0.9451658834386409,0.9011550495402624,0.7487490820513172,0.0033333333333333335,1,1.0,1,1,HILCodec_3kbps,237-126133-0000.flac,42
random_loss,0.01,no_duplicate,no_duplicate,1,300,0,0.0,3.0,3.0,0.0,0.013333333333333308,0,0.0,4,0.013333333333333334,2.6551413536071777,2.6551413536071777,3.090320348739624,0.9447209691073366,0.8991239715614574,0.5405518989123949,0.013333333333333334,4,1.0,1,4,HILCodec_3kbps,237-126133-0000.flac,123
random_loss,0.01,no_duplicate,no_duplicate,2,300,0,0.0,3.0,3.0,0.0,0.0033333333333332993,0,0.0,1,0.0033333333333333335,2.6353838443756104,2.6353838443756104,3.0974225997924805,0.9451658834386409,0.9011550495402624,0.7487490820513172,0.0033333333333333335,1,1.0,1,1,HILCodec_3kbps,237-126133-0000.flac,42
random_loss,0.01,no_duplicate,no_duplicate,2,300,0,0.0,3.0,3.0,0.0,0.013333333333333308,0,0.0,4,0.013333333333333334,2.6551413536071777,2.6551413536071777,3.090320348739624,0.9447209691073366,0.8991239715614574,0.5405518989123949,0.013333333333333334,4,1.0,1,4,HILCodec_3kbps,237-126133-0000.flac,123
random_loss,0.01,fixed_0.3,0.3,1,300,45,0.15,3.0,3.4499999999999997,15.0,0.0033333333333332993,0,0.0,1,0.0033333333333333335,2.6353838443756104,2.6353838443756104,3.0974225997924805,0.9451658834386409,0.9011550495402624,0.7487490820513172,0.0033333333333333335,1,1.0,1,1,HILCodec_3kbps,237-126133-0000.flac,42
random_loss,0.01,fixed_0.3,0.3,1,300,45,0.15,3.0,3.4499999999999997,15.0,0.013333333333333308,0,0.0,4,0.013333333333333334,2.6551413536071777,2.6551413536071777,3.090320348739624,0.9447209691073366,0.8991239715614574,0.5405518989123949,0.013333333333333334,4,1.0,1,4,HILCodec_3kbps,237-126133-0000.flac,123
random_loss,0.01,fixed_0.3,0.3,2,300,45,0.15,3.0,3.4499999999999997,15.0,0.0033333333333332993,0,0.0,1,0.0033333333333333335,2.6353838443756104,2.6353838443756104,3.0974225997924805,0.9451658834386409,0.9011550495402624,0.7487490820513172,0.0033333333333333335,1,1.0,1,1,HILCodec_3kbps,237-126133-0000.flac,42
random_loss,0.01,fixed_0.3,0.3,2,300,45,0.15,3.0,3.4499999999999997,15.0,0.013333333333333308,0,0.0,4,0.013333333333333334,2.6551413536071777,2.6551413536071777,3.090320348739624,0.9447209691073366,0.8991239715614575,0.5405518989123949,0.013333333333333334,4,1.0,1,4,HILCodec_3kbps,237-126133-0000.flac,123
random_loss,0.01,fixed_0.5,0.5,1,300,20,0.06666666666666667,3.0,3.2,6.666666666666667,0.0033333333333332993,0,0.0,1,0.0033333333333333335,2.6353838443756104,2.6353838443756104,3.0974225997924805,0.9451658834386409,0.9011550495402624,0.7487490820513172,0.0033333333333333335,1,1.0,1,1,HILCodec_3kbps,237-126133-0000.flac,42
random_loss,0.01,fixed_0.5,0.5,1,300,20,0.06666666666666667,3.0,3.2,6.666666666666667,0.013333333333333308,0,0.0,4,0.013333333333333334,2.6551413536071777,2.6551413536071777,3.090320348739624,0.9447209691073366,0.8991239715614574,0.5405518989123949,0.013333333333333334,4,1.0,1,4,HILCodec_3kbps,237-126133-0000.flac,123
random_loss,0.01,fixed_0.5,0.5,2,300,20,0.06666666666666667,3.0,3.2,6.666666666666667,0.0033333333333332993,0,0.0,1,0.0033333333333333335,2.6353838443756104,2.6353838443756104,3.0974225997924805,0.9451658834386409,0.9011550495402624,0.7487490820513172,0.0033333333333333335,1,1.0,1,1,HILCodec_3kbps,237-126133-0000.flac,42
random_loss,0.01,fixed_0.5,0.5,2,300,20,0.06666666666666667,3.0,3.2,6.666666666666667,0.013333333333333308,0,0.0,4,0.013333333333333334,2.6551413536071777,2.6551413536071777,3.090320348739624,0.9447209691073366,0.8991239715614574,0.5405518989123949,0.013333333333333334,4,1.0,1,4,HILCodec_3kbps,237-126133-0000.flac,123
random_loss,0.01,fixed_0.7,0.7,1,300,1,0.0033333333333333335,3.0,3.0100000000000002,0.33333333333333337,0.0033333333333332993,0,0.0,1,0.0033333333333333335,2.6353838443756104,2.6353838443756104,3.0974225997924805,0.9451658834386409,0.9011550495402624,0.7487490820513172,0.0033333333333333335,1,1.0,1,1,HILCodec_3kbps,237-126133-0000.flac,42
random_loss,0.01,fixed_0.7,0.7,1,300,1,0.0033333333333333335,3.0,3.0100000000000002,0.33333333333333337,0.013333333333333308,0,0.0,4,0.013333333333333334,2.6551413536071777,2.6551413536071777,3.090320348739624,0.9447209691073366,0.8991239715614575,0.5405518989123949,0.013333333333333334,4,1.0,1,4,HILCodec_3kbps,237-126133-0000.flac,123
random_loss,0.01,fixed_0.7,0.7,2,300,1,0.0033333333333333335,3.0,3.0100000000000002,0.33333333333333337,0.0033333333333332993,0,0.0,1,0.0033333333333333335,2.6353838443756104,2.6353838443756104,3.0974225997924805,0.9451658834386409,0.9011550495402623,0.7487490820513172,0.0033333333333333335,1,1.0,1,1,HILCodec_3kbps,237-126133-0000.flac,42
random_loss,0.01,fixed_0.7,0.7,2,300,1,0.0033333333333333335,3.0,3.0100000000000002,0.33333333333333337,0.013333333333333308,0,0.0,4,0.013333333333333334,2.6551413536071777,2.6551413536071777,3.090320348739624,0.9447209691073366,0.8991239715614574,0.5405518989123949,0.013333333333333334,4,1.0,1,4,HILCodec_3kbps,237-126133-0000.flac,123
random_loss,0.01,adaptive_mean_std,dynamic,1,300,51,0.17,3.0,3.51,17.0,0.0033333333333332993,0,0.0,1,0.0033333333333333335,2.6353838443756104,2.6353838443756104,3.0974225997924805,0.9451658834386409,0.9011550495402624,0.7487490820513172,0.0033333333333333335,1,1.0,1,1,HILCodec_3kbps,237-126133-0000.flac,42
random_loss,0.01,adaptive_mean_std,dynamic,1,300,51,0.17,3.0,3.51,17.0,0.013333333333333308,0,0.0,4,0.013333333333333334,2.6551413536071777,2.6551413536071777,3.090320348739624,0.9447209691073366,0.8991239715614575,0.5405518989123949,0.013333333333333334,4,1.0,1,4,HILCodec_3kbps,237-126133-0000.flac,123
random_loss,0.01,adaptive_mean_std,dynamic,2,300,51,0.17,3.0,3.51,17.0,0.0033333333333332993,0,0.0,1,0.0033333333333333335,2.6353838443756104,2.6353838443756104,3.0974225997924805,0.9451658834386409,0.9011550495402624,0.7487490820513172,0.0033333333333333335,1,1.0,1,1,HILCodec_3kbps,237-126133-0000.flac,42
random_loss,0.01,adaptive_mean_std,dynamic,2,300,51,0.17,3.0,3.51,17.0,0.013333333333333308,0,0.0,4,0.013333333333333334,2.6551413536071777,2.6551413536071777,3.090320348739624,0.9447209691073366,0.8991239715614574,0.5405518989123949,0.013333333333333334,4,1.0,1,4,HILCodec_3kbps,237-126133-0000.flac,123
random_loss,0.01,adaptive_quantile_70,dynamic,1,300,106,0.35333333333333333,3.0,4.06,35.333333333333336,0.0033333333333332993,0,0.0,1,0.0033333333333333335,2.6353838443756104,2.6353838443756104,3.0974225997924805,0.9451658834386409,0.9011550495402623,0.7487490820513172,0.0033333333333333335,1,1.0,1,1,HILCodec_3kbps,237-126133-0000.flac,42
random_loss,0.01,adaptive_quantile_70,dynamic,1,300,106,0.35333333333333333,3.0,4.06,35.333333333333336,0.013333333333333308,0,0.0,4,0.013333333333333334,2.6551413536071777,2.6551413536071777,3.090320348739624,0.9447209691073366,0.8991239715614575,0.5405518989123949,0.013333333333333334,4,1.0,1,4,HILCodec_3kbps,237-126133-0000.flac,123
random_loss,0.01,adaptive_quantile_70,dynamic,2,300,106,0.35333333333333333,3.0,4.06,35.333333333333336,0.0033333333333332993,0,0.0,1,0.0033333333333333335,2.6353838443756104,2.6353838443756104,3.0974225997924805,0.9451658834386409,0.9011550495402624,0.7487490820513172,0.0033333333333333335,1,1.0,1,1,HILCodec_3kbps,237-126133-0000.flac,42
random_loss,0.01,adaptive_quantile_70,dynamic,2,300,106,0.35333333333333333,3.0,4.06,35.333333333333336,0.013333333333333308,0,0.0,4,0.013333333333333334,2.6551413536071777,2.6551413536071777,3.090320348739624,0.9447209691073366,0.8991239715614574,0.5405518989123949,0.013333333333333334,4,1.0,1,4,HILCodec_3kbps,237-126133-0000.flac,123
random_loss,0.01,all_duplicate,all_duplicate,1,300,300,1.0,3.0,6.0,100.0,0.0033333333333332993,1,1.0,0,0.0,2.8273732662200928,2.8273732662200928,3.2132129669189453,0.9470591689108891,0.9048717019751025,0.8250308963082651,0.0,0,0.0,0,0,HILCodec_3kbps,237-126133-0000.flac,42
random_loss,0.01,all_duplicate,all_duplicate,1,300,300,1.0,3.0,6.0,100.0,0.013333333333333308,4,1.0,0,0.0,2.8273732662200928,2.8273732662200928,3.2132129669189453,0.9470591689108891,0.9048717019751025,0.8250308963082651,0.0,0,0.0,0,0,HILCodec_3kbps,237-126133-0000.flac,123
random_loss,0.01,all_duplicate,all_duplicate,2,300,300,1.0,3.0,6.0,100.0,0.0033333333333332993,1,1.0,0,0.0,2.8273732662200928,2.8273732662200928,3.2132129669189453,0.9470591689108891,0.9048717019751025,0.8250308963082651,0.0,0,0.0,0,0,HILCodec_3kbps,237-126133-0000.flac,42
random_loss,0.01,all_duplicate,all_duplicate,2,300,300,1.0,3.0,6.0,100.0,0.013333333333333308,4,1.0,0,0.0,2.8273732662200928,2.8273732662200928,3.2132129669189453,0.9470591689108891,0.9048717019751025,0.8250308963082651,0.0,0,0.0,0,0,HILCodec_3kbps,237-126133-0000.flac,123
random_loss,0.03,no_duplicate,no_duplicate,1,300,0,0.0,3.0,3.0,0.0,0.026666666666666616,0,0.0,8,0.02666666666666667,2.025322914123535,2.025322914123535,2.578662395477295,0.9312872389173075,0.8874745978201594,-0.48054314955195176,0.02666666666666667,8,1.0,1,8,HILCodec_3kbps,237-126133-0000.flac,42
random_loss,0.03,no_duplicate,no_duplicate,1,300,0,0.0,3.0,3.0,0.0,0.033333333333333326,0,0.0,10,0.03333333333333333,2.6458098888397217,2.6458098888397217,3.0985190868377686,0.9420319368458429,0.8920741589868215,0.47094609538872045,0.03333333333333333,10,1.0,1,10,HILCodec_3kbps,237-126133-0000.flac,123
random_loss,0.03,no_duplicate,no_duplicate,2,300,0,0.0,3.0,3.0,0.0,0.026666666666666616,0,0.0,8,0.02666666666666667,2.025322914123535,2.025322914123535,2.578662395477295,0.9312872389173075,0.8874745978201594,-0.48054314955195176,0.02666666666666667,8,1.0,1,8,HILCodec_3kbps,237-126133-0000.flac,42
random_loss,0.03,no_duplicate,no_duplicate,2,300,0,0.0,3.0,3.0,0.0,0.033333333333333326,0,0.0,10,0.03333333333333333,2.6458098888397217,2.6458098888397217,3.0985190868377686,0.9420319368458429,0.8920741589868216,0.47094609538872045,0.03333333333333333,10,1.0,1,10,HILCodec_3kbps,237-126133-0000.flac,123
random_loss,0.03,fixed_0.3,0.3,1,300,45,0.15,3.0,3.4499999999999997,15.0,0.026666666666666616,2,0.25,6,0.02,2.3772037029266357,2.3772037029266357,2.864652156829834,0.9418469339927599,0.8947091411392561,-0.2268451575709221,0.02,6,1.0,1,6,HILCodec_3kbps,237-126133-0000.flac,42
random_loss,0.03,fixed_0.3,0.3,1,300,45,0.15,3.0,3.4499999999999997,15.0,0.033333333333333326,1,0.1,9,0.03,2.6443698406219482,2.6443698406219482,3.0866732597351074,0.9439750737537741,0.8966596568155285,0.5449754717638849,0.03,9,1.0,1,9,HILCodec_3kbps,237-126133-0000.flac,123
random_loss,0.03,fixed_0.3,0.3,2,300,45,0.15,3.0,3.4499999999999997,15.0,0.026666666666666616,2,0.25,6,0.02,2.3772037029266357,2.3772037029266357,2.864652156829834,0.9418469339927599,0.8947091411392561,-0.2268451575709221,0.02,6,1.0,1,6,HILCodec_3kbps,237-126133-0000.flac,42
random_loss,0.03,fixed_0.3,0.3,2,300,45,0.15,3.0,3.4499999999999997,15.0,0.033333333333333326,1,0.1,9,0.03,2.6443698406219482,2.6443698406219482,3.0866732597351074,0.9439750737537741,0.8966596568155285,0.5449754717638849,0.03,9,1.0,1,9,HILCodec_3kbps,237-126133-0000.flac,123
random_loss,0.03,fixed_0.5,0.5,1,300,20,0.06666666666666667,3.0,3.2,6.666666666666667,0.026666666666666616,1,0.125,7,0.023333333333333334,2.1530284881591797,2.1530284881591797,2.6880905628204346,0.938934136504488,0.8914187348274398,-0.3107154370874052,0.023333333333333334,7,1.0,1,7,HILCodec_3kbps,237-126133-0000.flac,42
random_loss,0.03,fixed_0.5,0.5,1,300,20,0.06666666666666667,3.0,3.2,6.666666666666667,0.033333333333333326,0,0.0,10,0.03333333333333333,2.6458098888397217,2.6458098888397217,3.0985190868377686,0.9420319368458429,0.8920741589868215,0.47094609538872045,0.03333333333333333,10,1.0,1,10,HILCodec_3kbps,237-126133-0000.flac,123
random_loss,0.03,fixed_0.5,0.5,2,300,20,0.06666666666666667,3.0,3.2,6.666666666666667,0.026666666666666616,1,0.125,7,0.023333333333333334,2.1530284881591797,2.1530284881591797,2.6880905628204346,0.938934136504488,0.8914187348274398,-0.3107154370874052,0.023333333333333334,7,1.0,1,7,HILCodec_3kbps,237-126133-0000.flac,42
random_loss,0.03,fixed_0.5,0.5,2,300,20,0.06666666666666667,3.0,3.2,6.666666666666667,0.033333333333333326,0,0.0,10,0.03333333333333333,2.6458098888397217,2.6458098888397217,3.0985190868377686,0.9420319368458429,0.8920741589868215,0.47094609538872045,0.03333333333333333,10,1.0,1,10,HILCodec_3kbps,237-126133-0000.flac,123
random_loss,0.03,fixed_0.7,0.7,1,300,1,0.0033333333333333335,3.0,3.0100000000000002,0.33333333333333337,0.026666666666666616,0,0.0,8,0.02666666666666667,2.025322914123535,2.025322914123535,2.578662395477295,0.9312872389173075,0.8874745978201593,-0.48054314955195176,0.02666666666666667,8,1.0,1,8,HILCodec_3kbps,237-126133-0000.flac,42
random_loss,0.03,fixed_0.7,0.7,1,300,1,0.0033333333333333335,3.0,3.0100000000000002,0.33333333333333337,0.033333333333333326,0,0.0,10,0.03333333333333333,2.6458098888397217,2.6458098888397217,3.0985190868377686,0.9420319368458429,0.8920741589868215,0.47094609538872045,0.03333333333333333,10,1.0,1,10,HILCodec_3kbps,237-126133-0000.flac,123
random_loss,0.03,fixed_0.7,0.7,2,300,1,0.0033333333333333335,3.0,3.0100000000000002,0.33333333333333337,0.026666666666666616,0,0.0,8,0.02666666666666667,2.025322914123535,2.025322914123535,2.578662395477295,0.9312872389173075,0.8874745978201591,-0.48054314955195176,0.02666666666666667,8,1.0,1,8,HILCodec_3kbps,237-126133-0000.flac,42
random_loss,0.03,fixed_0.7,0.7,2,300,1,0.0033333333333333335,3.0,3.0100000000000002,0.33333333333333337,0.033333333333333326,0,0.0,10,0.03333333333333333,2.6458098888397217,2.6458098888397217,3.0985190868377686,0.9420319368458429,0.8920741589868215,0.47094609538872045,0.03333333333333333,10,1.0,1,10,HILCodec_3kbps,237-126133-0000.flac,123
random_loss,0.03,adaptive_mean_std,dynamic,1,300,51,0.17,3.0,3.51,17.0,0.026666666666666616,2,0.25,6,0.02,2.3772037029266357,2.3772037029266357,2.864652156829834,0.9418469339927599,0.8947091411392561,-0.2268451575709221,0.02,6,1.0,1,6,HILCodec_3kbps,237-126133-0000.flac,42
random_loss,0.03,adaptive_mean_std,dynamic,1,300,51,0.17,3.0,3.51,17.0,0.033333333333333326,0,0.0,10,0.03333333333333333,2.6458098888397217,2.6458098888397217,3.0985190868377686,0.9420319368458429,0.8920741589868216,0.47094609538872045,0.03333333333333333,10,1.0,1,10,HILCodec_3kbps,237-126133-0000.flac,123
random_loss,0.03,adaptive_mean_std,dynamic,2,300,51,0.17,3.0,3.51,17.0,0.026666666666666616,2,0.25,6,0.02,2.3772037029266357,2.3772037029266357,2.864652156829834,0.9418469339927599,0.8947091411392561,-0.2268451575709221,0.02,6,1.0,1,6,HILCodec_3kbps,237-126133-0000.flac,42
random_loss,0.03,adaptive_mean_std,dynamic,2,300,51,0.17,3.0,3.51,17.0,0.033333333333333326,0,0.0,10,0.03333333333333333,2.6458098888397217,2.6458098888397217,3.0985190868377686,0.9420319368458429,0.8920741589868215,0.47094609538872045,0.03333333333333333,10,1.0,1,10,HILCodec_3kbps,237-126133-0000.flac,123
random_loss,0.03,adaptive_quantile_70,dynamic,1,300,106,0.35333333333333333,3.0,4.06,35.333333333333336,0.026666666666666616,2,0.25,6,0.02,2.3772037029266357,2.3772037029266357,2.864652156829834,0.9418469339927599,0.8947091411392561,-0.2268451575709221,0.02,6,1.0,1,6,HILCodec_3kbps,237-126133-0000.flac,42
random_loss,0.03,adaptive_quantile_70,dynamic,1,300,106,0.35333333333333333,3.0,4.06,35.333333333333336,0.033333333333333326,3,0.3,7,0.023333333333333334,2.651218891143799,2.651218891143799,3.088324785232544,0.9444204923870952,0.896855947863603,0.5440391163287405,0.023333333333333334,7,1.0,1,7,HILCodec_3kbps,237-126133-0000.flac,123
random_loss,0.03,adaptive_quantile_70,dynamic,2,300,106,0.35333333333333333,3.0,4.06,35.333333333333336,0.026666666666666616,2,0.25,6,0.02,2.3772037029266357,2.3772037029266357,2.864652156829834,0.9418469339927599,0.8947091411392561,-0.2268451575709221,0.02,6,1.0,1,6,HILCodec_3kbps,237-126133-0000.flac,42
random_loss,0.03,adaptive_quantile_70,dynamic,2,300,106,0.35333333333333333,3.0,4.06,35.333333333333336,0.033333333333333326,3,0.3,7,0.023333333333333334,2.651218891143799,2.651218891143799,3.088324785232544,0.9444204923870952,0.896855947863603,0.5440391163287405,0.023333333333333334,7,1.0,1,7,HILCodec_3kbps,237-126133-0000.flac,123
random_loss,0.03,all_duplicate,all_duplicate,1,300,300,1.0,3.0,6.0,100.0,0.026666666666666616,8,1.0,0,0.0,2.8273732662200928,2.8273732662200928,3.2132129669189453,0.9470591689108891,0.9048717019751025,0.8250308963082651,0.0,0,0.0,0,0,HILCodec_3kbps,237-126133-0000.flac,42
random_loss,0.03,all_duplicate,all_duplicate,1,300,300,1.0,3.0,6.0,100.0,0.033333333333333326,10,1.0,0,0.0,2.8273732662200928,2.8273732662200928,3.2132129669189453,0.9470591689108891,0.9048717019751025,0.8250308963082651,0.0,0,0.0,0,0,HILCodec_3kbps,237-126133-0000.flac,123
random_loss,0.03,all_duplicate,all_duplicate,2,300,300,1.0,3.0,6.0,100.0,0.026666666666666616,8,1.0,0,0.0,2.8273732662200928,2.8273732662200928,3.2132129669189453,0.9470591689108891,0.9048717019751025,0.8250308963082651,0.0,0,0.0,0,0,HILCodec_3kbps,237-126133-0000.flac,42
random_loss,0.03,all_duplicate,all_duplicate,2,300,300,1.0,3.0,6.0,100.0,0.033333333333333326,10,1.0,0,0.0,2.8273732662200928,2.8273732662200928,3.2132129669189453,0.9470591689108891,0.9048717019751025,0.8250308963082651,0.0,0,0.0,0,0,HILCodec_3kbps,237-126133-0000.flac,123
random_loss,0.05,no_duplicate,no_duplicate,1,300,0,0.0,3.0,3.0,0.0,0.050000000000000044,0,0.0,15,0.05,1.722459316253662,1.722459316253662,2.3361599445343018,0.9255630340418449,0.877207920636031,-1.2203680770760932,0.05,15,1.0,1,15,HILCodec_3kbps,237-126133-0000.flac,42
random_loss,0.05,no_duplicate,no_duplicate,1,300,0,0.0,3.0,3.0,0.0,0.050000000000000044,0,0.0,15,0.05,2.1594955921173096,2.1594955921173096,2.659658670425415,0.924998224917806,0.8747286856325666,0.07652414062604602,0.05,15,1.0714285714285714,2,14,HILCodec_3kbps,237-126133-0000.flac,123
random_loss,0.05,no_duplicate,no_duplicate,2,300,0,0.0,3.0,3.0,0.0,0.050000000000000044,0,0.0,15,0.05,1.722459316253662,1.722459316253662,2.3361599445343018,0.9255630340418449,0.877207920636031,-1.2203680770760932,0.05,15,1.0,1,15,HILCodec_3kbps,237-126133-0000.flac,42
random_loss,0.05,no_duplicate,no_duplicate,2,300,0,0.0,3.0,3.0,0.0,0.050000000000000044,0,0.0,15,0.05,2.1594955921173096,2.1594955921173096,2.659658670425415,0.924998224917806,0.8747286856325664,0.07652414062604602,0.05,15,1.0714285714285714,2,14,HILCodec_3kbps,237-126133-0000.flac,123
random_loss,0.05,fixed_0.3,0.3,1,300,45,0.15,3.0,3.4499999999999997,15.0,0.050000000000000044,3,0.2,12,0.04,1.8910512924194336,1.8910512924194336,2.513723134994507,0.9359393174841371,0.884191267501214,-0.9821224537427393,0.04,12,1.0,1,12,HILCodec_3kbps,237-126133-0000.flac,42
random_loss,0.05,fixed_0.3,0.3,1,300,45,0.15,3.0,3.4499999999999997,15.0,0.050000000000000044,3,0.2,12,0.04,2.556887626647949,2.556887626647949,3.0022759437561035,0.9425114674271787,0.8918397486423563,0.47968689285539573,0.04,12,1.0909090909090908,2,11,HILCodec_3kbps,237-126133-0000.flac,123
random_loss,0.05,fixed_0.3,0.3,2,300,45,0.15,3.0,3.4499999999999997,15.0,0.050000000000000044,3,0.2,12,0.04,1.8910512924194336,1.8910512924194336,2.513723134994507,0.9359393174841371,0.884191267501214,-0.9821224537427393,0.04,12,1.0,1,12,HILCodec_3kbps,237-126133-0000.flac,42
random_loss,0.05,fixed_0.3,0.3,2,300,45,0.15,3.0,3.4499999999999997,15.0,0.050000000000000044,2,0.13333333333333333,13,0.043333333333333335,2.229579210281372,2.229579210281372,2.742932081222534,0.9297206386525012,0.8818962399360362,0.29777858353398406,0.043333333333333335,13,1.0833333333333333,2,12,HILCodec_3kbps,237-126133-0000.flac,123
random_loss,0.05,fixed_0.5,0.5,1,300,20,0.06666666666666667,3.0,3.2,6.666666666666667,0.050000000000000044,1,0.06666666666666667,14,0.04666666666666667,1.805055856704712,1.805055856704712,2.424241065979004,0.9331737319896506,0.8811265425344174,-1.066183659544146,0.04666666666666667,14,1.0,1,14,HILCodec_3kbps,237-126133-0000.flac,42
random_loss,0.05,fixed_0.5,0.5,1,300,20,0.06666666666666667,3.0,3.2,6.666666666666667,0.050000000000000044,1,0.06666666666666667,14,0.04666666666666667,2.4695684909820557,2.4695684909820557,2.9092764854431152,0.9380485518078095,0.8847014118416346,0.25768514549747384,0.04666666666666667,14,1.0769230769230769,2,13,HILCodec_3kbps,237-126133-0000.flac,123
random_loss,0.05,fixed_0.5,0.5,2,300,20,0.06666666666666667,3.0,3.2,6.666666666666667,0.050000000000000044,1,0.06666666666666667,14,0.04666666666666667,1.805055856704712,1.805055856704712,2.424241065979004,0.9331737319896506,0.8811265425344174,-1.066183659544146,0.04666666666666667,14,1.0,1,14,HILCodec_3kbps,237-126133-0000.flac,42
random_loss,0.05,fixed_0.5,0.5,2,300,20,0.06666666666666667,3.0,3.2,6.666666666666667,0.050000000000000044,0,0.0,15,0.05,2.1594955921173096,2.1594955921173096,2.659658670425415,0.924998224917806,0.8747286856325664,0.07652414062604602,0.05,15,1.0714285714285714,2,14,HILCodec_3kbps,237-126133-0000.flac,123
random_loss,0.05,fixed_0.7,0.7,1,300,1,0.0033333333333333335,3.0,3.0100000000000002,0.33333333333333337,0.050000000000000044,0,0.0,15,0.05,1.722459316253662,1.722459316253662,2.3361599445343018,0.9255630340418449,0.877207920636031,-1.2203680770760932,0.05,15,1.0,1,15,HILCodec_3kbps,237-126133-0000.flac,42
random_loss,0.05,fixed_0.7,0.7,1,300,1,0.0033333333333333335,3.0,3.0100000000000002,0.33333333333333337,0.050000000000000044,0,0.0,15,0.05,2.1594955921173096,2.1594955921173096,2.659658670425415,0.924998224917806,0.8747286856325664,0.07652414062604602,0.05,15,1.0714285714285714,2,14,HILCodec_3kbps,237-126133-0000.flac,123
random_loss,0.05,fixed_0.7,0.7,2,300,1,0.0033333333333333335,3.0,3.0100000000000002,0.33333333333333337,0.050000000000000044,0,0.0,15,0.05,1.722459316253662,1.722459316253662,2.3361599445343018,0.9255630340418449,0.877207920636031,-1.2203680770760932,0.05,15,1.0,1,15,HILCodec_3kbps,237-126133-0000.flac,42
random_loss,0.05,fixed_0.7,0.7,2,300,1,0.0033333333333333335,3.0,3.0100000000000002,0.33333333333333337,0.050000000000000044,0,0.0,15,0.05,2.1594955921173096,2.1594955921173096,2.659658670425415,0.924998224917806,0.8747286856325664,0.07652414062604602,0.05,15,1.0714285714285714,2,14,HILCodec_3kbps,237-126133-0000.flac,123
random_loss,0.05,adaptive_mean_std,dynamic,1,300,51,0.17,3.0,3.51,17.0,0.050000000000000044,3,0.2,12,0.04,1.8910512924194336,1.8910512924194336,2.513723134994507,0.9359393174841371,0.884191267501214,-0.9821224537427393,0.04,12,1.0,1,12,HILCodec_3kbps,237-126133-0000.flac,42
random_loss,0.05,adaptive_mean_std,dynamic,1,300,51,0.17,3.0,3.51,17.0,0.050000000000000044,2,0.13333333333333333,13,0.043333333333333335,2.561929941177368,2.561929941177368,3.016857147216797,0.9407178626404701,0.8875890387930219,0.4121846982698007,0.043333333333333335,13,1.0833333333333333,2,12,HILCodec_3kbps,237-126133-0000.flac,123
random_loss,0.05,adaptive_mean_std,dynamic,2,300,51,0.17,3.0,3.51,17.0,0.050000000000000044,3,0.2,12,0.04,1.8910512924194336,1.8910512924194336,2.513723134994507,0.9359393174841371,0.884191267501214,-0.9821224537427393,0.04,12,1.0,1,12,HILCodec_3kbps,237-126133-0000.flac,42
random_loss,0.05,adaptive_mean_std,dynamic,2,300,51,0.17,3.0,3.51,17.0,0.050000000000000044,1,0.06666666666666667,14,0.04666666666666667,2.227771520614624,2.227771520614624,2.746511697769165,0.9276675357504667,0.8776163125839538,0.23054100336112182,0.04666666666666667,14,1.0769230769230769,2,13,HILCodec_3kbps,237-126133-0000.flac,123
random_loss,0.05,adaptive_quantile_70,dynamic,1,300,106,0.35333333333333333,3.0,4.06,35.333333333333336,0.050000000000000044,5,0.3333333333333333,10,0.03333333333333333,2.3457958698272705,2.3457958698272705,2.8513550758361816,0.9394410757902159,0.891324566896595,-0.23192664101339636,0.03333333333333333,10,1.0,1,10,HILCodec_3kbps,237-126133-0000.flac,42
random_loss,0.05,adaptive_quantile_70,dynamic,1,300,106,0.35333333333333333,3.0,4.06,35.333333333333336,0.050000000000000044,5,0.3333333333333333,10,0.03333333333333333,2.5745811462402344,2.5745811462402344,3.0250449180603027,0.9425362355033746,0.8920889398964047,0.47951202283907896,0.03333333333333333,10,1.0,1,10,HILCodec_3kbps,237-126133-0000.flac,123
random_loss,0.05,adaptive_quantile_70,dynamic,2,300,106,0.35333333333333333,3.0,4.06,35.333333333333336,0.050000000000000044,5,0.3333333333333333,10,0.03333333333333333,2.3457958698272705,2.3457958698272705,2.8513550758361816,0.9394410757902159,0.891324566896595,-0.23192664101339636,0.03333333333333333,10,1.0,1,10,HILCodec_3kbps,237-126133-0000.flac,42
random_loss,0.05,adaptive_quantile_70,dynamic,2,300,106,0.35333333333333333,3.0,4.06,35.333333333333336,0.050000000000000044,5,0.3333333333333333,10,0.03333333333333333,2.250609874725342,2.250609874725342,2.7659847736358643,0.9303212051065214,0.8826056015520914,0.3039477435423972,0.03333333333333333,10,1.0,1,10,HILCodec_3kbps,237-126133-0000.flac,123
random_loss,0.05,all_duplicate,all_duplicate,1,300,300,1.0,3.0,6.0,100.0,0.050000000000000044,15,1.0,0,0.0,2.8273732662200928,2.8273732662200928,3.2132129669189453,0.9470591689108891,0.9048717019751025,0.8250308963082651,0.0,0,0.0,0,0,HILCodec_3kbps,237-126133-0000.flac,42
random_loss,0.05,all_duplicate,all_duplicate,1,300,300,1.0,3.0,6.0,100.0,0.050000000000000044,14,0.9333333333333333,1,0.0033333333333333335,2.813641309738159,2.813641309738159,3.213010311126709,0.9465345512164971,0.9045546612351418,0.8157733875103822,0.0033333333333333335,1,1.0,1,1,HILCodec_3kbps,237-126133-0000.flac,123
random_loss,0.05,all_duplicate,all_duplicate,2,300,300,1.0,3.0,6.0,100.0,0.050000000000000044,15,1.0,0,0.0,2.8273732662200928,2.8273732662200928,3.2132129669189453,0.9470591689108891,0.9048717019751025,0.8250308963082651,0.0,0,0.0,0,0,HILCodec_3kbps,237-126133-0000.flac,42
random_loss,0.05,all_duplicate,all_duplicate,2,300,300,1.0,3.0,6.0,100.0,0.050000000000000044,13,0.8666666666666667,2,0.006666666666666667,2.4451706409454346,2.4451706409454346,2.915985107421875,0.9331280343589652,0.8925167254782704,0.557875359735746,0.006666666666666667,2,1.0,1,2,HILCodec_3kbps,237-126133-0000.flac,123
random_loss,0.1,no_duplicate,no_duplicate,1,300,0,0.0,3.0,3.0,0.0,0.09666666666666668,0,0.0,29,0.09666666666666666,1.5493707656860352,1.5493707656860352,2.095996141433716,0.9156572435207849,0.8564218070998044,-2.059244198014532,0.09666666666666666,29,1.0740740740740742,2,27,HILCodec_3kbps,237-126133-0000.flac,42
random_loss,0.1,no_duplicate,no_duplicate,1,300,0,0.0,3.0,3.0,0.0,0.09999999999999998,0,0.0,30,0.1,1.975907325744629,1.975907325744629,2.4793858528137207,0.918515865902819,0.8615913129235357,-0.3670656859221215,0.1,30,1.1111111111111112,2,27,HILCodec_3kbps,237-126133-0000.flac,123
random_loss,0.1,no_duplicate,no_duplicate,2,300,0,0.0,3.0,3.0,0.0,0.09666666666666668,0,0.0,29,0.09666666666666666,1.5493707656860352,1.5493707656860352,2.095996141433716,0.9156572435207849,0.8564218070998044,-2.059244198014532,0.09666666666666666,29,1.0740740740740742,2,27,HILCodec_3kbps,237-126133-0000.flac,42
random_loss,0.1,no_duplicate,no_duplicate,2,300,0,0.0,3.0,3.0,0.0,0.09999999999999998,0,0.0,30,0.1,1.975907325744629,1.975907325744629,2.4793858528137207,0.918515865902819,0.8615913129235357,-0.3670656859221215,0.1,30,1.1111111111111112,2,27,HILCodec_3kbps,237-126133-0000.flac,123
random_loss,0.1,fixed_0.3,0.3,1,300,45,0.15,3.0,3.4499999999999997,15.0,0.09666666666666668,4,0.13793103448275862,25,0.08333333333333333,1.6562519073486328,1.6562519073486328,2.224337577819824,0.9295170174110158,0.8660131595989908,-1.3895012589730327,0.08333333333333333,25,1.0869565217391304,2,23,HILCodec_3kbps,237-126133-0000.flac,42
random_loss,0.1,fixed_0.3,0.3,1,300,45,0.15,3.0,3.4499999999999997,15.0,0.09999999999999998,5,0.16666666666666666,25,0.08333333333333333,2.286600112915039,2.286600112915039,2.7237184047698975,0.9364272314204474,0.8813044535768577,0.03829934556397158,0.08333333333333333,25,1.1363636363636365,2,22,HILCodec_3kbps,237-126133-0000.flac,123
random_loss,0.1,fixed_0.3,0.3,2,300,45,0.15,3.0,3.4499999999999997,15.0,0.09666666666666668,3,0.10344827586206896,26,0.08666666666666667,1.6449949741363525,1.6449949741363525,2.2064051628112793,0.9270611350389505,0.8626465595974653,-1.8417798286564429,0.08666666666666667,26,1.0833333333333333,2,24,HILCodec_3kbps,237-126133-0000.flac,42
random_loss,0.1,fixed_0.3,0.3,2,300,45,0.15,3.0,3.4499999999999997,15.0,0.09999999999999998,4,0.13333333333333333,26,0.08666666666666667,2.027602195739746,2.027602195739746,2.507580041885376,0.9236419765693302,0.8711270915901813,-0.14270950863033102,0.08666666666666667,26,1.1304347826086956,2,23,HILCodec_3kbps,237-126133-0000.flac,123
random_loss,0.1,fixed_0.5,0.5,1,300,20,0.06666666666666667,3.0,3.2,6.666666666666667,0.09666666666666668,1,0.034482758620689655,28,0.09333333333333334,1.604733943939209,1.604733943939209,2.1600308418273926,0.9232826938727642,0.8602212112495488,-1.9192460440748387,0.09333333333333334,28,1.0769230769230769,2,26,HILCodec_3kbps,237-126133-0000.flac,42
random_loss,0.1,fixed_0.5,0.5,1,300,20,0.06666666666666667,3.0,3.2,6.666666666666667,0.09999999999999998,2,0.06666666666666667,28,0.09333333333333334,2.230271816253662,2.230271816253662,2.6962697505950928,0.9315741418650434,0.8717982077585059,-0.18739316390716676,0.09333333333333334,28,1.12,2,25,HILCodec_3kbps,237-126133-0000.flac,123
random_loss,0.1,fixed_0.5,0.5,2,300,20,0.06666666666666667,3.0,3.2,6.666666666666667,0.09666666666666668,1,0.034482758620689655,28,0.09333333333333334,1.604733943939209,1.604733943939209,2.1600308418273926,0.9232826938727642,0.8602212112495488,-1.9192460440748387,0.09333333333333334,28,1.0769230769230769,2,26,HILCodec_3kbps,237-126133-0000.flac,42
random_loss,0.1,fixed_0.5,0.5,2,300,20,0.06666666666666667,3.0,3.2,6.666666666666667,0.09999999999999998,1,0.03333333333333333,29,0.09666666666666666,1.9796807765960693,1.9796807765960693,2.47959303855896,0.9185369573601107,0.8616713978093522,-0.36796006107182305,0.09666666666666666,29,1.1153846153846154,2,26,HILCodec_3kbps,237-126133-0000.flac,123
random_loss,0.1,fixed_0.7,0.7,1,300,1,0.0033333333333333335,3.0,3.0100000000000002,0.33333333333333337,0.09666666666666668,0,0.0,29,0.09666666666666666,1.5493707656860352,1.5493707656860352,2.095996141433716,0.9156572435207849,0.8564218070998045,-2.059244198014532,0.09666666666666666,29,1.0740740740740742,2,27,HILCodec_3kbps,237-126133-0000.flac,42
random_loss,0.1,fixed_0.7,0.7,1,300,1,0.0033333333333333335,3.0,3.0100000000000002,0.33333333333333337,0.09999999999999998,0,0.0,30,0.1,1.975907325744629,1.975907325744629,2.4793858528137207,0.918515865902819,0.8615913129235357,-0.3670656859221215,0.1,30,1.1111111111111112,2,27,HILCodec_3kbps,237-126133-0000.flac,123
random_loss,0.1,fixed_0.7,0.7,2,300,1,0.0033333333333333335,3.0,3.0100000000000002,0.33333333333333337,0.09666666666666668,0,0.0,29,0.09666666666666666,1.5493707656860352,1.5493707656860352,2.095996141433716,0.9156572435207849,0.8564218070998044,-2.059244198014532,0.09666666666666666,29,1.0740740740740742,2,27,HILCodec_3kbps,237-126133-0000.flac,42
random_loss,0.1,fixed_0.7,0.7,2,300,1,0.0033333333333333335,3.0,3.0100000000000002,0.33333333333333337,0.09999999999999998,0,0.0,30,0.1,1.975907325744629,1.975907325744629,2.4793858528137207,0.918515865902819,0.8615913129235357,-0.3670656859221215,0.1,30,1.1111111111111112,2,27,HILCodec_3kbps,237-126133-0000.flac,123
random_loss,0.1,adaptive_mean_std,dynamic,1,300,51,0.17,3.0,3.51,17.0,0.09666666666666668,5,0.1724137931034483,24,0.08,1.6562466621398926,1.6562466621398926,2.224339008331299,0.9295163414046053,0.8659992579036188,-1.3895548985739135,0.08,24,1.0909090909090908,2,22,HILCodec_3kbps,237-126133-0000.flac,42
random_loss,0.1,adaptive_mean_std,dynamic,1,300,51,0.17,3.0,3.51,17.0,0.09999999999999998,5,0.16666666666666666,25,0.08333333333333333,2.293379068374634,2.293379068374634,2.7371292114257812,0.9345735207623724,0.8768486813417093,-0.02672638142703977,0.08333333333333333,25,1.1363636363636365,2,22,HILCodec_3kbps,237-126133-0000.flac,123
random_loss,0.1,adaptive_mean_std,dynamic,2,300,51,0.17,3.0,3.51,17.0,0.09666666666666668,4,0.13793103448275862,25,0.08333333333333333,1.645005226135254,1.645005226135254,2.206413745880127,0.92706045903254,0.8626326579020933,-1.8418360824557833,0.08333333333333333,25,1.0869565217391304,2,23,HILCodec_3kbps,237-126133-0000.flac,42
random_loss,0.1,adaptive_mean_std,dynamic,2,300,51,0.17,3.0,3.51,17.0,0.09999999999999998,4,0.13333333333333333,26,0.08666666666666667,2.0286648273468018,2.0286648273468018,2.512143135070801,0.9215363362574395,0.8667218713925555,-0.20757415821992792,0.08666666666666667,26,1.1304347826086956,2,23,HILCodec_3kbps,237-126133-0000.flac,123
random_loss,0.1,adaptive_quantile_70,dynamic,1,300,106,0.35333333333333333,3.0,4.06,35.333333333333336,0.09666666666666668,8,0.27586206896551724,21,0.07,2.0081799030303955,2.0081799030303955,2.518685817718506,0.9357161042937873,0.8801373062879772,-0.5937774283818374,0.07,21,1.105263157894737,2,19,HILCodec_3kbps,237-126133-0000.flac,42
random_loss,0.1,adaptive_quantile_70,dynamic,1,300,106,0.35333333333333333,3.0,4.06,35.333333333333336,0.09999999999999998,9,0.3,21,0.07,2.291766881942749,2.291766881942749,2.7371010780334473,0.9368157089675194,0.881661227885378,0.03903101310467471,0.07,21,1.105263157894737,2,19,HILCodec_3kbps,237-126133-0000.flac,123
random_loss,0.1,adaptive_quantile_70,dynamic,2,300,106,0.35333333333333333,3.0,4.06,35.333333333333336,0.09666666666666668,7,0.2413793103448276,22,0.07333333333333333,1.9505552053451538,1.9505552053451538,2.4582650661468506,0.9329947585921716,0.8771297318325972,-1.0351144300062858,0.07333333333333333,22,1.1,2,20,HILCodec_3kbps,237-126133-0000.flac,42
random_loss,0.1,adaptive_quantile_70,dynamic,2,300,106,0.35333333333333333,3.0,4.06,35.333333333333336,0.09999999999999998,9,0.3,21,0.07,2.0348236560821533,2.0348236560821533,2.5195186138153076,0.9246769008148841,0.8723603269354,-0.1355608930039654,0.07,21,1.105263157894737,2,19,HILCodec_3kbps,237-126133-0000.flac,123
random_loss,0.1,all_duplicate,all_duplicate,1,300,300,1.0,3.0,6.0,100.0,0.09666666666666668,27,0.9310344827586207,2,0.006666666666666667,2.690986156463623,2.690986156463623,3.0799951553344727,0.9454374771897072,0.9016774959059508,0.7190740100526504,0.006666666666666667,2,1.0,1,2,HILCodec_3kbps,237-126133-0000.flac,42
random_loss,0.1,all_duplicate,all_duplicate,1,300,300,1.0,3.0,6.0,100.0,0.09999999999999998,27,0.9,3,0.01,2.7663097381591797,2.7663097381591797,3.1488466262817383,0.9462762354273065,0.9038237825238111,0.7805378024364538,0.01,3,1.0,1,3,HILCodec_3kbps,237-126133-0000.flac,123
random_loss,0.1,all_duplicate,all_duplicate,2,300,300,1.0,3.0,6.0,100.0,0.09666666666666668,26,0.896551724137931,3,0.01,2.504162073135376,2.504162073135376,2.9046692848205566,0.9429703459036841,0.8996342991324479,0.18913508755164465,0.01,3,1.0,1,3,HILCodec_3kbps,237-126133-0000.flac,42
random_loss,0.1,all_duplicate,all_duplicate,2,300,300,1.0,3.0,6.0,100.0,0.09999999999999998,25,0.8333333333333334,5,0.016666666666666666,2.4059524536132812,2.4059524536132812,2.881657600402832,0.9321311808573357,0.8893622481045238,0.37434915573193184,0.016666666666666666,5,1.0,1,5,HILCodec_3kbps,237-126133-0000.flac,123
random_loss,0.2,no_duplicate,no_duplicate,1,300,0,0.0,3.0,3.0,0.0,0.24,0,0.0,72,0.24,1.1844624280929565,1.1844624280929565,1.5003522634506226,0.803633845775976,0.7025654683231837,-5.417329086475804,0.24,72,1.44,6,50,HILCodec_3kbps,237-126133-0000.flac,42
random_loss,0.2,no_duplicate,no_duplicate,1,300,0,0.0,3.0,3.0,0.0,0.20666666666666667,0,0.0,62,0.20666666666666667,1.4596620798110962,1.4596620798110962,1.9230537414550781,0.8754614524071641,0.7941474508718336,-3.1571770171847353,0.20666666666666667,62,1.3478260869565217,4,46,HILCodec_3kbps,237-126133-0000.flac,123
random_loss,0.2,no_duplicate,no_duplicate,2,300,0,0.0,3.0,3.0,0.0,0.24,0,0.0,72,0.24,1.1844624280929565,1.1844624280929565,1.5003522634506226,0.803633845775976,0.7025654683231837,-5.417329086475804,0.24,72,1.44,6,50,HILCodec_3kbps,237-126133-0000.flac,42
random_loss,0.2,no_duplicate,no_duplicate,2,300,0,0.0,3.0,3.0,0.0,0.20666666666666667,0,0.0,62,0.20666666666666667,1.4596620798110962,1.4596620798110962,1.9230537414550781,0.8754614524071641,0.7941474508718336,-3.1571770171847353,0.20666666666666667,62,1.3478260869565217,4,46,HILCodec_3kbps,237-126133-0000.flac,123
random_loss,0.2,fixed_0.3,0.3,1,300,45,0.15,3.0,3.4499999999999997,15.0,0.24,8,0.1111111111111111,64,0.21333333333333335,1.265382170677185,1.265382170677185,1.683546781539917,0.8496719274246733,0.738592654556223,-4.040058010099345,0.21333333333333335,64,1.4883720930232558,6,43,HILCodec_3kbps,237-126133-0000.flac,42
random_loss,0.2,fixed_0.3,0.3,1,300,45,0.15,3.0,3.4499999999999997,15.0,0.20666666666666667,7,0.11290322580645161,55,0.18333333333333332,1.6311182975769043,1.6311182975769043,2.133659839630127,0.9061573197223907,0.8295848858812154,-2.6028314295935893,0.18333333333333332,55,1.3095238095238095,3,42,HILCodec_3kbps,237-126133-0000.flac,123
random_loss,0.2,fixed_0.3,0.3,2,300,45,0.15,3.0,3.4499999999999997,15.0,0.24,3,0.041666666666666664,69,0.23,1.1909054517745972,1.1909054517745972,1.5059609413146973,0.807840215501251,0.7071403924919787,-5.30549614226763,0.23,69,1.4680851063829787,6,47,HILCodec_3kbps,237-126133-0000.flac,42
random_loss,0.2,fixed_0.3,0.3,2,300,45,0.15,3.0,3.4499999999999997,15.0,0.20666666666666667,8,0.12903225806451613,54,0.18,1.598775863647461,1.598775863647461,2.0962514877319336,0.9017637675398775,0.8284232996681341,-2.6569530906593424,0.18,54,1.2857142857142858,3,42,HILCodec_3kbps,237-126133-0000.flac,123
random_loss,0.2,fixed_0.5,0.5,1,300,20,0.06666666666666667,3.0,3.2,6.666666666666667,0.24,2,0.027777777777777776,70,0.23333333333333334,1.2262113094329834,1.2262113094329834,1.6256228685379028,0.8347115534985003,0.7215937035778435,-4.848943294212405,0.23333333333333334,70,1.4285714285714286,6,49,HILCodec_3kbps,237-126133-0000.flac,42
random_loss,0.2,fixed_0.5,0.5,1,300,20,0.06666666666666667,3.0,3.2,6.666666666666667,0.20666666666666667,3,0.04838709677419355,59,0.19666666666666666,1.557114839553833,1.557114839553833,2.024892568588257,0.89062498908222,0.8114020157734975,-2.857336379431927,0.19666666666666666,59,1.3409090909090908,4,44,HILCodec_3kbps,237-126133-0000.flac,123
random_loss,0.2,fixed_0.5,0.5,2,300,20,0.06666666666666667,3.0,3.2,6.666666666666667,0.24,0,0.0,72,0.24,1.1844624280929565,1.1844624280929565,1.5003522634506226,0.803633845775976,0.7025654683231837,-5.417329086475804,0.24,72,1.44,6,50,HILCodec_3kbps,237-126133-0000.flac,42
random_loss,0.2,fixed_0.5,0.5,2,300,20,0.06666666666666667,3.0,3.2,6.666666666666667,0.20666666666666667,3,0.04838709677419355,59,0.19666666666666666,1.4939476251602173,1.4939476251602173,1.958587408065796,0.879055951404092,0.8015691469984019,-3.0448997725155973,0.19666666666666666,59,1.2826086956521738,3,46,HILCodec_3kbps,237-126133-0000.flac,123
random_loss,0.2,fixed_0.7,0.7,1,300,1,0.0033333333333333335,3.0,3.0100000000000002,0.33333333333333337,0.24,0,0.0,72,0.24,1.1844624280929565,1.1844624280929565,1.5003522634506226,0.803633845775976,0.7025654683231837,-5.417329086475804,0.24,72,1.44,6,50,HILCodec_3kbps,237-126133-0000.flac,42
random_loss,0.2,fixed_0.7,0.7,1,300,1,0.0033333333333333335,3.0,3.0100000000000002,0.33333333333333337,0.20666666666666667,0,0.0,62,0.20666666666666667,1.4596620798110962,1.4596620798110962,1.9230537414550781,0.8754614524071641,0.7941474508718335,-3.1571770171847353,0.20666666666666667,62,1.3478260869565217,4,46,HILCodec_3kbps,237-126133-0000.flac,123
random_loss,0.2,fixed_0.7,0.7,2,300,1,0.0033333333333333335,3.0,3.0100000000000002,0.33333333333333337,0.24,0,0.0,72,0.24,1.1844624280929565,1.1844624280929565,1.5003522634506226,0.803633845775976,0.7025654683231838,-5.417329086475804,0.24,72,1.44,6,50,HILCodec_3kbps,237-126133-0000.flac,42
random_loss,0.2,fixed_0.7,0.7,2,300,1,0.0033333333333333335,3.0,3.0100000000000002,0.33333333333333337,0.20666666666666667,0,0.0,62,0.20666666666666667,1.4596620798110962,1.4596620798110962,1.9230537414550781,0.8754614524071641,0.7941474508718336,-3.1571770171847353,0.20666666666666667,62,1.3478260869565217,4,46,HILCodec_3kbps,237-126133-0000.flac,123
random_loss,0.2,adaptive_mean_std,dynamic,1,300,51,0.17,3.0,3.51,17.0,0.24,8,0.1111111111111111,64,0.21333333333333335,1.2580901384353638,1.2580901384353638,1.657930612564087,0.8426057291115535,0.7316185614888671,-4.093718277389924,0.21333333333333335,64,1.4883720930232558,6,43,HILCodec_3kbps,237-126133-0000.flac,42
random_loss,0.2,adaptive_mean_std,dynamic,1,300,51,0.17,3.0,3.51,17.0,0.20666666666666667,7,0.11290322580645161,55,0.18333333333333332,1.631732702255249,1.631732702255249,2.1415493488311768,0.904196840148511,0.8256482211326437,-2.659057122583584,0.18333333333333332,55,1.3095238095238095,3,42,HILCodec_3kbps,237-126133-0000.flac,123
random_loss,0.2,adaptive_mean_std,dynamic,2,300,51,0.17,3.0,3.51,17.0,0.24,4,0.05555555555555555,68,0.22666666666666666,1.1908968687057495,1.1908968687057495,1.5059771537780762,0.8078388552939991,0.7071217978116103,-5.305581301254804,0.22666666666666666,68,1.4782608695652173,6,46,HILCodec_3kbps,237-126133-0000.flac,42
random_loss,0.2,adaptive_mean_std,dynamic,2,300,51,0.17,3.0,3.51,17.0,0.20666666666666667,8,0.12903225806451613,54,0.18,1.5968295335769653,1.5968295335769653,2.099712610244751,0.8997084860565533,0.8244945169962666,-2.714419665638051,0.18,54,1.255813953488372,3,43,HILCodec_3kbps,237-126133-0000.flac,123
random_loss,0.2,adaptive_quantile_70,dynamic,1,300,106,0.35333333333333333,3.0,4.06,35.333333333333336,0.24,14,0.19444444444444445,58,0.19333333333333333,1.2977240085601807,1.2977240085601807,1.7489159107208252,0.8568544256820632,0.7529098549540574,-3.0512569771547216,0.19333333333333333,58,1.5263157894736843,6,38,HILCodec_3kbps,237-126133-0000.flac,42
random_loss,0.2,adaptive_quantile_70,dynamic,1,300,106,0.35333333333333333,3.0,4.06,35.333333333333336,0.20666666666666667,15,0.24193548387096775,47,0.15666666666666668,1.7915668487548828,1.7915668487548828,2.251157760620117,0.9176858468505598,0.8430314866327373,-1.8077517781611259,0.15666666666666668,47,1.2702702702702702,3,37,HILCodec_3kbps,237-126133-0000.flac,123
random_loss,0.2,adaptive_quantile_70,dynamic,2,300,106,0.35333333333333333,3.0,4.06,35.333333333333336,0.24,12,0.16666666666666666,60,0.2,1.2799972295761108,1.2799972295761108,1.665686845779419,0.8377850114102855,0.7472619137227559,-3.6274480563055467,0.2,60,1.3953488372093024,6,43,HILCodec_3kbps,237-126133-0000.flac,42
random_loss,0.2,adaptive_quantile_70,dynamic,2,300,106,0.35333333333333333,3.0,4.06,35.333333333333336,0.20666666666666667,17,0.27419354838709675,45,0.15,1.741729974746704,1.741729974746704,2.282973051071167,0.9128112164269678,0.840106670945053,-1.406518542841383,0.15,45,1.1842105263157894,3,38,HILCodec_3kbps,237-126133-0000.flac,123
random_loss,0.2,all_duplicate,all_duplicate,1,300,300,1.0,3.0,6.0,100.0,0.24,50,0.6944444444444444,22,0.07333333333333333,1.6089913845062256,1.6089913845062256,2.2530176639556885,0.9066359832535164,0.8349886387851945,-1.052920794044229,0.07333333333333333,22,1.375,5,16,HILCodec_3kbps,237-126133-0000.flac,42
random_loss,0.2,all_duplicate,all_duplicate,1,300,300,1.0,3.0,6.0,100.0,0.20666666666666667,46,0.7419354838709677,16,0.05333333333333334,2.2136025428771973,2.2136025428771973,2.75815749168396,0.9351188407625605,0.8846945963190535,-0.19001577006746265,0.05333333333333334,16,1.3333333333333333,3,12,HILCodec_3kbps,237-126133-0000.flac,123
random_loss,0.2,all_duplicate,all_duplicate,2,300,300,1.0,3.0,6.0,100.0,0.24,53,0.7361111111111112,19,0.06333333333333334,1.687795639038086,1.687795639038086,2.158907651901245,0.8911517217019472,0.8407045175026384,-1.2124665728262707,0.06333333333333334,19,1.1875,4,16,HILCodec_3kbps,237-126133-0000.flac,42
random_loss,0.2,all_duplicate,all_duplicate,2,300,300,1.0,3.0,6.0,100.0,0.20666666666666667,46,0.7419354838709677,16,0.05333333333333334,2.1703829765319824,2.1703829765319824,2.7545876502990723,0.9273335245591087,0.8765614838837023,0.339755206929857,0.05333333333333334,16,1.0666666666666667,2,15,HILCodec_3kbps,237-126133-0000.flac,123
random_loss,0.3,no_duplicate,no_duplicate,1,300,0,0.0,3.0,3.0,0.0,0.32333333333333336,0,0.0,97,0.3233333333333333,1.1693189144134521,1.1693189144134521,1.442330002784729,0.7644293838172899,0.663538607500189,-6.371800775466056,0.3233333333333333,97,1.564516129032258,8,62,HILCodec_3kbps,237-126133-0000.flac,42
random_loss,0.3,no_duplicate,no_duplicate,1,300,0,0.0,3.0,3.0,0.0,0.3433333333333334,0,0.0,103,0.3433333333333333,1.277474045753479,1.277474045753479,1.6305378675460815,0.844654503213245,0.7233065930479203,-5.098726355365754,0.3433333333333333,103,1.5846153846153845,6,65,HILCodec_3kbps,237-126133-0000.flac,123
random_loss,0.3,no_duplicate,no_duplicate,2,300,0,0.0,3.0,3.0,0.0,0.32333333333333336,0,0.0,97,0.3233333333333333,1.1693189144134521,1.1693189144134521,1.442330002784729,0.7644293838172899,0.663538607500189,-6.371800775466056,0.3233333333333333,97,1.564516129032258,8,62,HILCodec_3kbps,237-126133-0000.flac,42
random_loss,0.3,no_duplicate,no_duplicate,2,300,0,0.0,3.0,3.0,0.0,0.3433333333333334,0,0.0,103,0.3433333333333333,1.277474045753479,1.277474045753479,1.6305378675460815,0.844654503213245,0.7233065930479203,-5.098726355365754,0.3433333333333333,103,1.5846153846153845,6,65,HILCodec_3kbps,237-126133-0000.flac,123
random_loss,0.3,fixed_0.3,0.3,1,300,45,0.15,3.0,3.4499999999999997,15.0,0.32333333333333336,9,0.09278350515463918,88,0.29333333333333333,1.2039152383804321,1.2039152383804321,1.504042625427246,0.8132960167480089,0.698740766631831,-5.323754033889026,0.29333333333333333,88,1.6296296296296295,8,54,HILCodec_3kbps,237-126133-0000.flac,42
random_loss,0.3,fixed_0.3,0.3,1,300,45,0.15,3.0,3.4499999999999997,15.0,0.3433333333333334,8,0.07766990291262135,95,0.31666666666666665,1.357936143875122,1.357936143875122,1.7547492980957031,0.8740081569454581,0.7595774378399883,-4.188425379850466,0.31666666666666665,95,1.532258064516129,6,62,HILCodec_3kbps,237-126133-0000.flac,123
random_loss,0.3,fixed_0.3,0.3,2,300,45,0.15,3.0,3.4499999999999997,15.0,0.32333333333333336,6,0.061855670103092786,91,0.30333333333333334,1.1952953338623047,1.1952953338623047,1.471848726272583,0.7810226061146012,0.6753111766193894,-6.087706222430721,0.30333333333333334,91,1.5689655172413792,8,58,HILCodec_3kbps,237-126133-0000.flac,42
random_loss,0.3,fixed_0.3,0.3,2,300,45,0.15,3.0,3.4499999999999997,15.0,0.3433333333333334,11,0.10679611650485436,92,0.30666666666666664,1.3245092630386353,1.3245092630386353,1.7348036766052246,0.8657430156632132,0.7575715774507977,-4.305316228988221,0.30666666666666664,92,1.5081967213114753,5,61,HILCodec_3kbps,237-126133-0000.flac,123
random_loss,0.3,fixed_0.5,0.5,1,300,20,0.06666666666666667,3.0,3.2,6.666666666666667,0.32333333333333336,3,0.030927835051546393,94,0.31333333333333335,1.185624122619629,1.185624122619629,1.4693541526794434,0.8000040621926207,0.6859440433256953,-5.975838875848907,0.31333333333333335,94,1.5666666666666667,8,60,HILCodec_3kbps,237-126133-0000.flac,42
random_loss,0.3,fixed_0.5,0.5,1,300,20,0.06666666666666667,3.0,3.2,6.666666666666667,0.3433333333333334,5,0.04854368932038835,98,0.32666666666666666,1.31929349899292,1.31929349899292,1.7041826248168945,0.8620069357004729,0.742365591331007,-4.3509823587725265,0.32666666666666666,98,1.5555555555555556,6,63,HILCodec_3kbps,237-126133-0000.flac,123
random_loss,0.3,fixed_0.5,0.5,2,300,20,0.06666666666666667,3.0,3.2,6.666666666666667,0.32333333333333336,2,0.020618556701030927,95,0.31666666666666665,1.1890650987625122,1.1890650987625122,1.4663293361663818,0.7786927745423973,0.6725257983847632,-6.188779257616341,0.31666666666666665,95,1.532258064516129,8,62,HILCodec_3kbps,237-126133-0000.flac,42
random_loss,0.3,fixed_0.5,0.5,2,300,20,0.06666666666666667,3.0,3.2,6.666666666666667,0.3433333333333334,3,0.02912621359223301,100,0.3333333333333333,1.265772819519043,1.265772819519043,1.6578342914581299,0.8488512596223053,0.730631134070161,-4.6264560237020245,0.3333333333333333,100,1.5625,6,64,HILCodec_3kbps,237-126133-0000.flac,123
random_loss,0.3,fixed_0.7,0.7,1,300,1,0.0033333333333333335,3.0,3.0100000000000002,0.33333333333333337,0.32333333333333336,0,0.0,97,0.3233333333333333,1.1693189144134521,1.1693189144134521,1.442330002784729,0.7644293838172899,0.663538607500189,-6.371800775466056,0.3233333333333333,97,1.564516129032258,8,62,HILCodec_3kbps,237-126133-0000.flac,42
random_loss,0.3,fixed_0.7,0.7,1,300,1,0.0033333333333333335,3.0,3.0100000000000002,0.33333333333333337,0.3433333333333334,0,0.0,103,0.3433333333333333,1.277474045753479,1.277474045753479,1.6305378675460815,0.844654503213245,0.7233065930479203,-5.098726355365754,0.3433333333333333,103,1.5846153846153845,6,65,HILCodec_3kbps,237-126133-0000.flac,123
random_loss,0.3,fixed_0.7,0.7,2,300,1,0.0033333333333333335,3.0,3.0100000000000002,0.33333333333333337,0.32333333333333336,0,0.0,97,0.3233333333333333,1.1693189144134521,1.1693189144134521,1.442330002784729,0.7644293838172899,0.663538607500189,-6.371800775466056,0.3233333333333333,97,1.564516129032258,8,62,HILCodec_3kbps,237-126133-0000.flac,42
random_loss,0.3,fixed_0.7,0.7,2,300,1,0.0033333333333333335,3.0,3.0100000000000002,0.33333333333333337,0.3433333333333334,0,0.0,103,0.3433333333333333,1.277474045753479,1.277474045753479,1.6305378675460815,0.844654503213245,0.7233065930479203,-5.098726355365754,0.3433333333333333,103,1.5846153846153845,6,65,HILCodec_3kbps,237-126133-0000.flac,123
random_loss,0.3,adaptive_mean_std,dynamic,1,300,51,0.17,3.0,3.51,17.0,0.32333333333333336,9,0.09278350515463918,88,0.29333333333333333,1.1956626176834106,1.1956626176834106,1.4844703674316406,0.8056595508428848,0.6917904596144876,-5.379001696777016,0.29333333333333333,88,1.6296296296296295,8,54,HILCodec_3kbps,237-126133-0000.flac,42
random_loss,0.3,adaptive_mean_std,dynamic,1,300,51,0.17,3.0,3.51,17.0,0.3433333333333334,8,0.07766990291262135,95,0.31666666666666665,1.356544017791748,1.356544017791748,1.7559871673583984,0.8726096065787939,0.7562293378836833,-4.211633659310549,0.31666666666666665,95,1.532258064516129,6,62,HILCodec_3kbps,237-126133-0000.flac,123
random_loss,0.3,adaptive_mean_std,dynamic,2,300,51,0.17,3.0,3.51,17.0,0.32333333333333336,7,0.07216494845360824,90,0.3,1.1953121423721313,1.1953121423721313,1.4718537330627441,0.7810210660237014,0.675297295478046,-6.087794561112765,0.3,90,1.5789473684210527,8,57,HILCodec_3kbps,237-126133-0000.flac,42
random_loss,0.3,adaptive_mean_std,dynamic,2,300,51,0.17,3.0,3.51,17.0,0.3433333333333334,12,0.11650485436893204,91,0.30333333333333334,1.3238674402236938,1.3238674402236938,1.7355766296386719,0.8643308528177125,0.754513369847738,-4.32990189434541,0.30333333333333334,91,1.467741935483871,5,62,HILCodec_3kbps,237-126133-0000.flac,123
random_loss,0.3,adaptive_quantile_70,dynamic,1,300,106,0.35333333333333333,3.0,4.06,35.333333333333336,0.32333333333333336,17,0.17525773195876287,80,0.26666666666666666,1.241478443145752,1.241478443145752,1.5628342628479004,0.8267946827362358,0.7169326535180164,-4.326066019350265,0.26666666666666666,80,1.702127659574468,8,47,HILCodec_3kbps,237-126133-0000.flac,42
random_loss,0.3,adaptive_quantile_70,dynamic,1,300,106,0.35333333333333333,3.0,4.06,35.333333333333336,0.3433333333333334,20,0.1941747572815534,83,0.27666666666666667,1.4215221405029297,1.4215221405029297,1.836967945098877,0.8909077034447621,0.7890367572815353,-3.2525477423013105,0.27666666666666667,83,1.537037037037037,6,54,HILCodec_3kbps,237-126133-0000.flac,123
random_loss,0.3,adaptive_quantile_70,dynamic,2,300,106,0.35333333333333333,3.0,4.06,35.333333333333336,0.32333333333333336,14,0.14432989690721648,83,0.27666666666666667,1.2518502473831177,1.2518502473831177,1.52999746799469,0.7974118571641159,0.707443392212333,-5.071070080911062,0.27666666666666667,83,1.537037037037037,8,54,HILCodec_3kbps,237-126133-0000.flac,42
random_loss,0.3,adaptive_quantile_70,dynamic,2,300,106,0.35333333333333333,3.0,4.06,35.333333333333336,0.3433333333333334,25,0.24271844660194175,78,0.26,1.420918583869934,1.420918583869934,1.854987382888794,0.8822173597952164,0.780760249900561,-2.8654892463244197,0.26,78,1.4181818181818182,4,55,HILCodec_3kbps,237-126133-0000.flac,123
random_loss,0.3,all_duplicate,all_duplicate,1,300,300,1.0,3.0,6.0,100.0,0.32333333333333336,62,0.6391752577319587,35,0.11666666666666667,1.4418184757232666,1.4418184757232666,1.8931350708007812,0.8864128771000419,0.8151328379132321,-1.7795927010544044,0.11666666666666667,35,1.6666666666666667,7,21,HILCodec_3kbps,237-126133-0000.flac,42
random_loss,0.3,all_duplicate,all_duplicate,1,300,300,1.0,3.0,6.0,100.0,0.3433333333333334,65,0.6310679611650486,38,0.12666666666666668,1.6944983005523682,1.6944983005523682,2.3665804862976074,0.9205211448305879,0.8530547794482882,-1.246861202330341,0.12666666666666668,38,1.52,5,25,HILCodec_3kbps,237-126133-0000.flac,123
random_loss,0.3,all_duplicate,all_duplicate,2,300,300,1.0,3.0,6.0,100.0,0.32333333333333336,61,0.6288659793814433,36,0.12,1.5354843139648438,1.5354843139648438,1.8893078565597534,0.8484937110815362,0.8063719168926267,-2.4678400254211867,0.12,36,1.2857142857142858,6,28,HILCodec_3kbps,237-126133-0000.flac,42
random_loss,0.3,all_duplicate,all_duplicate,2,300,300,1.0,3.0,6.0,100.0,0.3433333333333334,65,0.6310679611650486,38,0.12666666666666668,1.8764445781707764,1.8764445781707764,2.470390796661377,0.913661134650311,0.8488534893866421,-0.17693881964480918,0.12666666666666668,38,1.1875,4,32,HILCodec_3kbps,237-126133-0000.flac,123
random_loss,0.4,no_duplicate,no_duplicate,1,300,0,0.0,3.0,3.0,0.0,0.41000000000000003,0,0.0,123,0.41,1.1548173427581787,1.1548173427581787,1.3797447681427002,0.7505517611235512,0.6330467589381886,-7.319862191268762,0.41,123,1.662162162162162,8,74,HILCodec_3kbps,237-126133-0000.flac,42
random_loss,0.4,no_duplicate,no_duplicate,1,300,0,0.0,3.0,3.0,0.0,0.42333333333333334,0,0.0,127,0.42333333333333334,1.209639549255371,1.209639549255371,1.4804426431655884,0.7930212153199523,0.6699120901608965,-6.792532400332606,0.42333333333333334,127,1.7887323943661972,6,71,HILCodec_3kbps,237-126133-0000.flac,123
random_loss,0.4,no_duplicate,no_duplicate,2,300,0,0.0,3.0,3.0,0.0,0.41000000000000003,0,0.0,123,0.41,1.1548173427581787,1.1548173427581787,1.3797447681427002,0.7505517611235512,0.6330467589381887,-7.319862191268762,0.41,123,1.662162162162162,8,74,HILCodec_3kbps,237-126133-0000.flac,42
random_loss,0.4,no_duplicate,no_duplicate,2,300,0,0.0,3.0,3.0,0.0,0.42333333333333334,0,0.0,127,0.42333333333333334,1.209639549255371,1.209639549255371,1.4804426431655884,0.7930212153199523,0.6699120901608965,-6.792532400332606,0.42333333333333334,127,1.7887323943661972,6,71,HILCodec_3kbps,237-126133-0000.flac,123
random_loss,0.4,fixed_0.3,0.3,1,300,45,0.15,3.0,3.4499999999999997,15.0,0.41000000000000003,11,0.08943089430894309,112,0.37333333333333335,1.1843633651733398,1.1843633651733398,1.4803954362869263,0.8017194197418203,0.6734876642981863,-5.99815247620989,0.37333333333333335,112,1.696969696969697,8,66,HILCodec_3kbps,237-126133-0000.flac,42
random_loss,0.4,fixed_0.3,0.3,1,300,45,0.15,3.0,3.4499999999999997,15.0,0.42333333333333334,6,0.047244094488188976,121,0.4033333333333333,1.2512530088424683,1.2512530088424683,1.530508279800415,0.8144627003780378,0.6907789703391403,-5.779386022010058,0.4033333333333333,121,1.7536231884057971,6,69,HILCodec_3kbps,237-126133-0000.flac,123
random_loss,0.4,fixed_0.3,0.3,2,300,45,0.15,3.0,3.4499999999999997,15.0,0.41000000000000003,8,0.06504065040650407,115,0.38333333333333336,1.1667311191558838,1.1667311191558838,1.4392422437667847,0.7781838624866401,0.6495535677055762,-6.830931957588399,0.38333333333333336,115,1.6428571428571428,8,70,HILCodec_3kbps,237-126133-0000.flac,42
random_loss,0.4,fixed_0.3,0.3,2,300,45,0.15,3.0,3.4499999999999997,15.0,0.42333333333333334,10,0.07874015748031496,117,0.39,1.2235406637191772,1.2235406637191772,1.537165641784668,0.8064802524210382,0.6949096242566986,-6.184558486274784,0.39,117,1.6027397260273972,5,73,HILCodec_3kbps,237-126133-0000.flac,123
random_loss,0.4,fixed_0.5,0.5,1,300,20,0.06666666666666667,3.0,3.2,6.666666666666667,0.41000000000000003,5,0.04065040650406504,118,0.3933333333333333,1.1672935485839844,1.1672935485839844,1.450309157371521,0.7894137098596462,0.6606753559196796,-6.650121772185279,0.3933333333333333,118,1.6388888888888888,8,72,HILCodec_3kbps,237-126133-0000.flac,42
random_loss,0.4,fixed_0.5,0.5,1,300,20,0.06666666666666667,3.0,3.2,6.666666666666667,0.42333333333333334,5,0.03937007874015748,122,0.4066666666666667,1.2423151731491089,1.2423151731491089,1.5188919305801392,0.8127233878673179,0.6909125692439387,-5.941491001027255,0.4066666666666667,122,1.7681159420289856,6,69,HILCodec_3kbps,237-126133-0000.flac,123
random_loss,0.4,fixed_0.5,0.5,2,300,20,0.06666666666666667,3.0,3.2,6.666666666666667,0.41000000000000003,4,0.032520325203252036,119,0.39666666666666667,1.1651511192321777,1.1651511192321777,1.4394196271896362,0.7765085763248745,0.6477034379318141,-6.91562266876784,0.39666666666666667,119,1.63013698630137,8,73,HILCodec_3kbps,237-126133-0000.flac,42
random_loss,0.4,fixed_0.5,0.5,2,300,20,0.06666666666666667,3.0,3.2,6.666666666666667,0.42333333333333334,3,0.023622047244094488,124,0.41333333333333333,1.2060388326644897,1.2060388326644897,1.4958817958831787,0.7963964764415791,0.6813435398724805,-6.314411812100008,0.41333333333333333,124,1.7714285714285714,6,70,HILCodec_3kbps,237-126133-0000.flac,123
random_loss,0.4,fixed_0.7,0.7,1,300,1,0.0033333333333333335,3.0,3.0100000000000002,0.33333333333333337,0.41000000000000003,0,0.0,123,0.41,1.1548173427581787,1.1548173427581787,1.3797447681427002,0.7505517611235512,0.6330467589381887,-7.319862191268762,0.41,123,1.662162162162162,8,74,HILCodec_3kbps,237-126133-0000.flac,42
random_loss,0.4,fixed_0.7,0.7,1,300,1,0.0033333333333333335,3.0,3.0100000000000002,0.33333333333333337,0.42333333333333334,0,0.0,127,0.42333333333333334,1.209639549255371,1.209639549255371,1.4804426431655884,0.7930212153199523,0.6699120901608965,-6.792532400332606,0.42333333333333334,127,1.7887323943661972,6,71,HILCodec_3kbps,237-126133-0000.flac,123
random_loss,0.4,fixed_0.7,0.7,2,300,1,0.0033333333333333335,3.0,3.0100000000000002,0.33333333333333337,0.41000000000000003,0,0.0,123,0.41,1.1548173427581787,1.1548173427581787,1.3797447681427002,0.7505517611235512,0.6330467589381886,-7.319862191268762,0.41,123,1.662162162162162,8,74,HILCodec_3kbps,237-126133-0000.flac,42
random_loss,0.4,fixed_0.7,0.7,2,300,1,0.0033333333333333335,3.0,3.0100000000000002,0.33333333333333337,0.42333333333333334,0,0.0,127,0.42333333333333334,1.209639549255371,1.209639549255371,1.4804426431655884,0.7930212153199523,0.6699120901608965,-6.792532400332606,0.42333333333333334,127,1.7887323943661972,6,71,HILCodec_3kbps,237-126133-0000.flac,123
random_loss,0.4,adaptive_mean_std,dynamic,1,300,51,0.17,3.0,3.51,17.0,0.41000000000000003,11,0.08943089430894309,112,0.37333333333333335,1.1757469177246094,1.1757469177246094,1.4584275484085083,0.7940088684601886,0.6669417234042608,-6.056601442065483,0.37333333333333335,112,1.696969696969697,8,66,HILCodec_3kbps,237-126133-0000.flac,42
random_loss,0.4,adaptive_mean_std,dynamic,1,300,51,0.17,3.0,3.51,17.0,0.42333333333333334,7,0.05511811023622047,120,0.4,1.2512257099151611,1.2512257099151611,1.5304980278015137,0.8144605459950409,0.6907578273226535,-5.779462217798761,0.4,120,1.7647058823529411,6,68,HILCodec_3kbps,237-126133-0000.flac,123
random_loss,0.4,adaptive_mean_std,dynamic,2,300,51,0.17,3.0,3.51,17.0,0.41000000000000003,9,0.07317073170731707,114,0.38,1.1667366027832031,1.1667366027832031,1.439247488975525,0.7781825022242242,0.6495448027203166,-6.8310291817394875,0.38,114,1.6521739130434783,8,69,HILCodec_3kbps,237-126133-0000.flac,42
random_loss,0.4,adaptive_mean_std,dynamic,2,300,51,0.17,3.0,3.51,17.0,0.42333333333333334,11,0.08661417322834646,116,0.38666666666666666,1.222536325454712,1.222536325454712,1.5375274419784546,0.8062810762271355,0.6907284481274057,-6.103611213876032,0.38666666666666666,116,1.6111111111111112,5,72,HILCodec_3kbps,237-126133-0000.flac,123
random_loss,0.4,adaptive_quantile_70,dynamic,1,300,106,0.35333333333333333,3.0,4.06,35.333333333333336,0.41000000000000003,20,0.16260162601626016,103,0.3433333333333333,1.195511817932129,1.195511817932129,1.5035232305526733,0.8141036804563625,0.6893556202940532,-5.00190533565579,0.3433333333333333,103,1.7457627118644068,8,59,HILCodec_3kbps,237-126133-0000.flac,42
random_loss,0.4,adaptive_quantile_70,dynamic,1,300,106,0.35333333333333333,3.0,4.06,35.333333333333336,0.42333333333333334,22,0.1732283464566929,105,0.35,1.3368427753448486,1.3368427753448486,1.6136326789855957,0.8516417550122157,0.7389539451690019,-4.281654628092958,0.35,105,1.7796610169491525,6,59,HILCodec_3kbps,237-126133-0000.flac,123
random_loss,0.4,adaptive_quantile_70,dynamic,2,300,106,0.35333333333333333,3.0,4.06,35.333333333333336,0.41000000000000003,19,0.15447154471544716,104,0.3466666666666667,1.1911747455596924,1.1911747455596924,1.4745564460754395,0.7848854742868392,0.6776374247542656,-6.327725568401041,0.3466666666666667,104,1.5757575757575757,8,66,HILCodec_3kbps,237-126133-0000.flac,42
random_loss,0.4,adaptive_quantile_70,dynamic,2,300,106,0.35333333333333333,3.0,4.06,35.333333333333336,0.42333333333333334,26,0.2047244094488189,101,0.33666666666666667,1.2821433544158936,1.2821433544158936,1.654780387878418,0.8405069004993084,0.7244931584384995,-4.4353279057549875,0.33666666666666667,101,1.507462686567164,5,67,HILCodec_3kbps,237-126133-0000.flac,123
random_loss,0.4,all_duplicate,all_duplicate,1,300,300,1.0,3.0,6.0,100.0,0.41000000000000003,74,0.6016260162601627,49,0.16333333333333333,1.3636088371276855,1.3636088371276855,1.8002026081085205,0.8797493724832247,0.8010598727209775,-2.0035062000104302,0.16333333333333333,49,1.4848484848484849,7,33,HILCodec_3kbps,237-126133-0000.flac,42
random_loss,0.4,all_duplicate,all_duplicate,1,300,300,1.0,3.0,6.0,100.0,0.42333333333333334,71,0.5590551181102362,56,0.18666666666666668,1.5091149806976318,1.5091149806976318,1.9514248371124268,0.8878360989481732,0.8113661554514993,-2.1523079475435503,0.18666666666666668,56,1.75,5,32,HILCodec_3kbps,237-126133-0000.flac,123
random_loss,0.4,all_duplicate,all_duplicate,2,300,300,1.0,3.0,6.0,100.0,0.41000000000000003,74,0.6016260162601627,49,0.16333333333333333,1.4352316856384277,1.4352316856384277,1.8120043277740479,0.84276249351237,0.7879205005311355,-3.4652023237664658,0.16333333333333333,49,1.1951219512195121,6,41,HILCodec_3kbps,237-126133-0000.flac,42
random_loss,0.4,all_duplicate,all_duplicate,2,300,300,1.0,3.0,6.0,100.0,0.42333333333333334,73,0.5748031496062992,54,0.18,1.5164523124694824,1.5164523124694824,2.064833641052246,0.8789178779469657,0.807175939723022,-1.6784915754543328,0.18,54,1.255813953488372,4,43,HILCodec_3kbps,237-126133-0000.flac,123
random_loss,0.0,no_duplicate,no_duplicate,1,300,0,0.0,3.0,3.0,0.0,0.0,0,0.0,0,0.0,1.7963945865631104,1.7963945865631104,3.498704433441162,0.9352278765431844,0.8371613146590602,3.7808423294777196,0.0,0,0.0,0,0,HILCodec_3kbps,260-123286-0000.flac,42
random_loss,0.0,no_duplicate,no_duplicate,1,300,0,0.0,3.0,3.0,0.0,0.0,0,0.0,0,0.0,1.7963945865631104,1.7963945865631104,3.498704433441162,0.9352278765431844,0.8371613146590602,3.7808423294777196,0.0,0,0.0,0,0,HILCodec_3kbps,260-123286-0000.flac,123
random_loss,0.0,no_duplicate,no_duplicate,2,300,0,0.0,3.0,3.0,0.0,0.0,0,0.0,0,0.0,1.7963945865631104,1.7963945865631104,3.498704433441162,0.9352278765431844,0.8371613146590602,3.7808423294777196,0.0,0,0.0,0,0,HILCodec_3kbps,260-123286-0000.flac,42
random_loss,0.0,no_duplicate,no_duplicate,2,300,0,0.0,3.0,3.0,0.0,0.0,0,0.0,0,0.0,1.7963945865631104,1.7963945865631104,3.498704433441162,0.9352278765431844,0.8371613146590602,3.7808423294777196,0.0,0,0.0,0,0,HILCodec_3kbps,260-123286-0000.flac,123
random_loss,0.0,fixed_0.3,0.3,1,300,27,0.09,3.0,3.2700000000000005,9.0,0.0,0,0.0,0,0.0,1.7963945865631104,1.7963945865631104,3.498704433441162,0.9352278765431844,0.8371613146590603,3.7808423294777196,0.0,0,0.0,0,0,HILCodec_3kbps,260-123286-0000.flac,42
random_loss,0.0,fixed_0.3,0.3,1,300,27,0.09,3.0,3.2700000000000005,9.0,0.0,0,0.0,0,0.0,1.7963945865631104,1.7963945865631104,3.498704433441162,0.9352278765431844,0.8371613146590603,3.7808423294777196,0.0,0,0.0,0,0,HILCodec_3kbps,260-123286-0000.flac,123
random_loss,0.0,fixed_0.3,0.3,2,300,27,0.09,3.0,3.2700000000000005,9.0,0.0,0,0.0,0,0.0,1.7963945865631104,1.7963945865631104,3.498704433441162,0.9352278765431844,0.8371613146590601,3.7808423294777196,0.0,0,0.0,0,0,HILCodec_3kbps,260-123286-0000.flac,42
random_loss,0.0,fixed_0.3,0.3,2,300,27,0.09,3.0,3.2700000000000005,9.0,0.0,0,0.0,0,0.0,1.7963945865631104,1.7963945865631104,3.498704433441162,0.9352278765431844,0.8371613146590602,3.7808423294777196,0.0,0,0.0,0,0,HILCodec_3kbps,260-123286-0000.flac,123
random_loss,0.0,fixed_0.5,0.5,1,300,12,0.04,3.0,3.12,4.0,0.0,0,0.0,0,0.0,1.7963945865631104,1.7963945865631104,3.498704433441162,0.9352278765431844,0.8371613146590602,3.7808423294777196,0.0,0,0.0,0,0,HILCodec_3kbps,260-123286-0000.flac,42
random_loss,0.0,fixed_0.5,0.5,1,300,12,0.04,3.0,3.12,4.0,0.0,0,0.0,0,0.0,1.7963945865631104,1.7963945865631104,3.498704433441162,0.9352278765431844,0.8371613146590602,3.7808423294777196,0.0,0,0.0,0,0,HILCodec_3kbps,260-123286-0000.flac,123
random_loss,0.0,fixed_0.5,0.5,2,300,12,0.04,3.0,3.12,4.0,0.0,0,0.0,0,0.0,1.7963945865631104,1.7963945865631104,3.498704433441162,0.9352278765431844,0.8371613146590602,3.7808423294777196,0.0,0,0.0,0,0,HILCodec_3kbps,260-123286-0000.flac,42
random_loss,0.0,fixed_0.5,0.5,2,300,12,0.04,3.0,3.12,4.0,0.0,0,0.0,0,0.0,1.7963945865631104,1.7963945865631104,3.498704433441162,0.9352278765431844,0.8371613146590601,3.7808423294777196,0.0,0,0.0,0,0,HILCodec_3kbps,260-123286-0000.flac,123
random_loss,0.0,fixed_0.7,0.7,1,300,0,0.0,3.0,3.0,0.0,0.0,0,0.0,0,0.0,1.7963945865631104,1.7963945865631104,3.498704433441162,0.9352278765431844,0.8371613146590601,3.7808423294777196,0.0,0,0.0,0,0,HILCodec_3kbps,260-123286-0000.flac,42
random_loss,0.0,fixed_0.7,0.7,1,300,0,0.0,3.0,3.0,0.0,0.0,0,0.0,0,0.0,1.7963945865631104,1.7963945865631104,3.498704433441162,0.9352278765431844,0.8371613146590602,3.7808423294777196,0.0,0,0.0,0,0,HILCodec_3kbps,260-123286-0000.flac,123
random_loss,0.0,fixed_0.7,0.7,2,300,0,0.0,3.0,3.0,0.0,0.0,0,0.0,0,0.0,1.7963945865631104,1.7963945865631104,3.498704433441162,0.9352278765431844,0.8371613146590602,3.7808423294777196,0.0,0,0.0,0,0,HILCodec_3kbps,260-123286-0000.flac,42
random_loss,0.0,fixed_0.7,0.7,2,300,0,0.0,3.0,3.0,0.0,0.0,0,0.0,0,0.0,1.7963945865631104,1.7963945865631104,3.498704433441162,0.9352278765431844,0.8371613146590601,3.7808423294777196,0.0,0,0.0,0,0,HILCodec_3kbps,260-123286-0000.flac,123
random_loss,0.0,adaptive_mean_std,dynamic,1,300,32,0.10666666666666667,3.0,3.3200000000000003,10.666666666666668,0.0,0,0.0,0,0.0,1.7963945865631104,1.7963945865631104,3.498704433441162,0.9352278765431844,0.8371613146590602,3.7808423294777196,0.0,0,0.0,0,0,HILCodec_3kbps,260-123286-0000.flac,42
random_loss,0.0,adaptive_mean_std,dynamic,1,300,32,0.10666666666666667,3.0,3.3200000000000003,10.666666666666668,0.0,0,0.0,0,0.0,1.7963945865631104,1.7963945865631104,3.498704433441162,0.9352278765431844,0.8371613146590603,3.7808423294777196,0.0,0,0.0,0,0,HILCodec_3kbps,260-123286-0000.flac,123
random_loss,0.0,adaptive_mean_std,dynamic,2,300,32,0.10666666666666667,3.0,3.3200000000000003,10.666666666666668,0.0,0,0.0,0,0.0,1.7963945865631104,1.7963945865631104,3.498704433441162,0.9352278765431844,0.8371613146590601,3.7808423294777196,0.0,0,0.0,0,0,HILCodec_3kbps,260-123286-0000.flac,42
random_loss,0.0,adaptive_mean_std,dynamic,2,300,32,0.10666666666666667,3.0,3.3200000000000003,10.666666666666668,0.0,0,0.0,0,0.0,1.7963945865631104,1.7963945865631104,3.498704433441162,0.9352278765431844,0.8371613146590602,3.7808423294777196,0.0,0,0.0,0,0,HILCodec_3kbps,260-123286-0000.flac,123
random_loss,0.0,adaptive_quantile_70,dynamic,1,300,89,0.2966666666666667,3.0,3.8899999999999997,29.666666666666668,0.0,0,0.0,0,0.0,1.7963945865631104,1.7963945865631104,3.498704433441162,0.9352278765431844,0.8371613146590603,3.7808423294777196,0.0,0,0.0,0,0,HILCodec_3kbps,260-123286-0000.flac,42
random_loss,0.0,adaptive_quantile_70,dynamic,1,300,89,0.2966666666666667,3.0,3.8899999999999997,29.666666666666668,0.0,0,0.0,0,0.0,1.7963945865631104,1.7963945865631104,3.498704433441162,0.9352278765431844,0.8371613146590602,3.7808423294777196,0.0,0,0.0,0,0,HILCodec_3kbps,260-123286-0000.flac,123
random_loss,0.0,adaptive_quantile_70,dynamic,2,300,89,0.2966666666666667,3.0,3.8899999999999997,29.666666666666668,0.0,0,0.0,0,0.0,1.7963945865631104,1.7963945865631104,3.498704433441162,0.9352278765431844,0.8371613146590602,3.7808423294777196,0.0,0,0.0,0,0,HILCodec_3kbps,260-123286-0000.flac,42
random_loss,0.0,adaptive_quantile_70,dynamic,2,300,89,0.2966666666666667,3.0,3.8899999999999997,29.666666666666668,0.0,0,0.0,0,0.0,1.7963945865631104,1.7963945865631104,3.498704433441162,0.9352278765431844,0.8371613146590602,3.7808423294777196,0.0,0,0.0,0,0,HILCodec_3kbps,260-123286-0000.flac,123
random_loss,0.0,all_duplicate,all_duplicate,1,300,300,1.0,3.0,6.0,100.0,0.0,0,0.0,0,0.0,1.7963945865631104,1.7963945865631104,3.498704433441162,0.9352278765431844,0.8371613146590602,3.7808423294777196,0.0,0,0.0,0,0,HILCodec_3kbps,260-123286-0000.flac,42
random_loss,0.0,all_duplicate,all_duplicate,1,300,300,1.0,3.0,6.0,100.0,0.0,0,0.0,0,0.0,1.7963945865631104,1.7963945865631104,3.498704433441162,0.9352278765431844,0.8371613146590602,3.7808423294777196,0.0,0,0.0,0,0,HILCodec_3kbps,260-123286-0000.flac,123
random_loss,0.0,all_duplicate,all_duplicate,2,300,300,1.0,3.0,6.0,100.0,0.0,0,0.0,0,0.0,1.7963945865631104,1.7963945865631104,3.498704433441162,0.9352278765431844,0.8371613146590602,3.7808423294777196,0.0,0,0.0,0,0,HILCodec_3kbps,260-123286-0000.flac,42
random_loss,0.0,all_duplicate,all_duplicate,2,300,300,1.0,3.0,6.0,100.0,0.0,0,0.0,0,0.0,1.7963945865631104,1.7963945865631104,3.498704433441162,0.9352278765431844,0.8371613146590602,3.7808423294777196,0.0,0,0.0,0,0,HILCodec_3kbps,260-123286-0000.flac,123
random_loss,0.01,no_duplicate,no_duplicate,1,300,0,0.0,3.0,3.0,0.0,0.0033333333333332993,0,0.0,1,0.0033333333333333335,1.7190124988555908,1.7190124988555908,3.151224374771118,0.9246389575553662,0.8320826219461559,2.702973924019658,0.0033333333333333335,1,1.0,1,1,HILCodec_3kbps,260-123286-0000.flac,42
random_loss,0.01,no_duplicate,no_duplicate,1,300,0,0.0,3.0,3.0,0.0,0.013333333333333308,0,0.0,4,0.013333333333333334,1.7002182006835938,1.7002182006835938,3.230325937271118,0.9282776030658808,0.8272450947500453,2.767663814097694,0.013333333333333334,4,1.0,1,4,HILCodec_3kbps,260-123286-0000.flac,123
random_loss,0.01,no_duplicate,no_duplicate,2,300,0,0.0,3.0,3.0,0.0,0.0033333333333332993,0,0.0,1,0.0033333333333333335,1.7190124988555908,1.7190124988555908,3.151224374771118,0.9246389575553662,0.832082621946156,2.702973924019658,0.0033333333333333335,1,1.0,1,1,HILCodec_3kbps,260-123286-0000.flac,42
random_loss,0.01,no_duplicate,no_duplicate,2,300,0,0.0,3.0,3.0,0.0,0.013333333333333308,0,0.0,4,0.013333333333333334,1.7002182006835938,1.7002182006835938,3.230325937271118,0.9282776030658808,0.8272450947500453,2.767663814097694,0.013333333333333334,4,1.0,1,4,HILCodec_3kbps,260-123286-0000.flac,123
random_loss,0.01,fixed_0.3,0.3,1,300,27,0.09,3.0,3.2700000000000005,9.0,0.0033333333333332993,0,0.0,1,0.0033333333333333335,1.7190124988555908,1.7190124988555908,3.151224374771118,0.9246389575553662,0.832082621946156,2.702973924019658,0.0033333333333333335,1,1.0,1,1,HILCodec_3kbps,260-123286-0000.flac,42
random_loss,0.01,fixed_0.3,0.3,1,300,27,0.09,3.0,3.2700000000000005,9.0,0.013333333333333308,2,0.5,2,0.006666666666666667,1.78352952003479,1.78352952003479,3.443218469619751,0.9347801958531096,0.8331159824175234,3.446672356795202,0.006666666666666667,2,1.0,1,2,HILCodec_3kbps,260-123286-0000.flac,123
random_loss,0.01,fixed_0.3,0.3,2,300,27,0.09,3.0,3.2700000000000005,9.0,0.0033333333333332993,0,0.0,1,0.0033333333333333335,1.7190124988555908,1.7190124988555908,3.151224374771118,0.9246389575553662,0.8320826219461559,2.702973924019658,0.0033333333333333335,1,1.0,1,1,HILCodec_3kbps,260-123286-0000.flac,42
random_loss,0.01,fixed_0.3,0.3,2,300,27,0.09,3.0,3.2700000000000005,9.0,0.013333333333333308,2,0.5,2,0.006666666666666667,1.78352952003479,1.78352952003479,3.443218469619751,0.9347801958531096,0.8331159824175232,3.446672356795202,0.006666666666666667,2,1.0,1,2,HILCodec_3kbps,260-123286-0000.flac,123
random_loss,0.01,fixed_0.5,0.5,1,300,12,0.04,3.0,3.12,4.0,0.0033333333333332993,0,0.0,1,0.0033333333333333335,1.7190124988555908,1.7190124988555908,3.151224374771118,0.9246389575553662,0.8320826219461559,2.702973924019658,0.0033333333333333335,1,1.0,1,1,HILCodec_3kbps,260-123286-0000.flac,42
random_loss,0.01,fixed_0.5,0.5,1,300,12,0.04,3.0,3.12,4.0,0.013333333333333308,1,0.25,3,0.01,1.7083756923675537,1.7083756923675537,3.260364055633545,0.9283861101985973,0.8277896291190037,2.768204943839291,0.01,3,1.0,1,3,HILCodec_3kbps,260-123286-0000.flac,123
random_loss,0.01,fixed_0.5,0.5,2,300,12,0.04,3.0,3.12,4.0,0.0033333333333332993,0,0.0,1,0.0033333333333333335,1.7190124988555908,1.7190124988555908,3.151224374771118,0.9246389575553662,0.832082621946156,2.702973924019658,0.0033333333333333335,1,1.0,1,1,HILCodec_3kbps,260-123286-0000.flac,42
random_loss,0.01,fixed_0.5,0.5,2,300,12,0.04,3.0,3.12,4.0,0.013333333333333308,1,0.25,3,0.01,1.7083756923675537,1.7083756923675537,3.260364055633545,0.9283861101985973,0.8277896291190037,2.768204943839291,0.01,3,1.0,1,3,HILCodec_3kbps,260-123286-0000.flac,123
random_loss,0.01,fixed_0.7,0.7,1,300,0,0.0,3.0,3.0,0.0,0.0033333333333332993,0,0.0,1,0.0033333333333333335,1.7190124988555908,1.7190124988555908,3.151224374771118,0.9246389575553662,0.832082621946156,2.702973924019658,0.0033333333333333335,1,1.0,1,1,HILCodec_3kbps,260-123286-0000.flac,42
random_loss,0.01,fixed_0.7,0.7,1,300,0,0.0,3.0,3.0,0.0,0.013333333333333308,0,0.0,4,0.013333333333333334,1.7002182006835938,1.7002182006835938,3.230325937271118,0.9282776030658808,0.8272450947500453,2.767663814097694,0.013333333333333334,4,1.0,1,4,HILCodec_3kbps,260-123286-0000.flac,123
random_loss,0.01,fixed_0.7,0.7,2,300,0,0.0,3.0,3.0,0.0,0.0033333333333332993,0,0.0,1,0.0033333333333333335,1.7190124988555908,1.7190124988555908,3.151224374771118,0.9246389575553662,0.8320826219461559,2.702973924019658,0.0033333333333333335,1,1.0,1,1,HILCodec_3kbps,260-123286-0000.flac,42
random_loss,0.01,fixed_0.7,0.7,2,300,0,0.0,3.0,3.0,0.0,0.013333333333333308,0,0.0,4,0.013333333333333334,1.7002182006835938,1.7002182006835938,3.230325937271118,0.9282776030658808,0.8272450947500453,2.767663814097694,0.013333333333333334,4,1.0,1,4,HILCodec_3kbps,260-123286-0000.flac,123
random_loss,0.01,adaptive_mean_std,dynamic,1,300,32,0.10666666666666667,3.0,3.3200000000000003,10.666666666666668,0.0033333333333332993,0,0.0,1,0.0033333333333333335,1.7190124988555908,1.7190124988555908,3.151224374771118,0.9246389575553662,0.8320826219461559,2.702973924019658,0.0033333333333333335,1,1.0,1,1,HILCodec_3kbps,260-123286-0000.flac,42
random_loss,0.01,adaptive_mean_std,dynamic,1,300,32,0.10666666666666667,3.0,3.3200000000000003,10.666666666666668,0.013333333333333308,2,0.5,2,0.006666666666666667,1.78352952003479,1.78352952003479,3.443218469619751,0.9347801958531096,0.8331159824175233,3.446672356795202,0.006666666666666667,2,1.0,1,2,HILCodec_3kbps,260-123286-0000.flac,123
random_loss,0.01,adaptive_mean_std,dynamic,2,300,32,0.10666666666666667,3.0,3.3200000000000003,10.666666666666668,0.0033333333333332993,0,0.0,1,0.0033333333333333335,1.7190124988555908,1.7190124988555908,3.151224374771118,0.9246389575553662,0.832082621946156,2.702973924019658,0.0033333333333333335,1,1.0,1,1,HILCodec_3kbps,260-123286-0000.flac,42
random_loss,0.01,adaptive_mean_std,dynamic,2,300,32,0.10666666666666667,3.0,3.3200000000000003,10.666666666666668,0.013333333333333308,2,0.5,2,0.006666666666666667,1.78352952003479,1.78352952003479,3.443218469619751,0.9347801958531096,0.8331159824175233,3.446672356795202,0.006666666666666667,2,1.0,1,2,HILCodec_3kbps,260-123286-0000.flac,123
random_loss,0.01,adaptive_quantile_70,dynamic,1,300,89,0.2966666666666667,3.0,3.8899999999999997,29.666666666666668,0.0033333333333332993,1,1.0,0,0.0,1.7963945865631104,1.7963945865631104,3.498704433441162,0.9352278765431844,0.8371613146590602,3.7808423294777196,0.0,0,0.0,0,0,HILCodec_3kbps,260-123286-0000.flac,42
random_loss,0.01,adaptive_quantile_70,dynamic,1,300,89,0.2966666666666667,3.0,3.8899999999999997,29.666666666666668,0.013333333333333308,3,0.75,1,0.0033333333333333335,1.7839951515197754,1.7839951515197754,3.43908429145813,0.9346244870301528,0.8363985778155922,3.4331988094897814,0.0033333333333333335,1,1.0,1,1,HILCodec_3kbps,260-123286-0000.flac,123
random_loss,0.01,adaptive_quantile_70,dynamic,2,300,89,0.2966666666666667,3.0,3.8899999999999997,29.666666666666668,0.0033333333333332993,1,1.0,0,0.0,1.7963945865631104,1.7963945865631104,3.498704433441162,0.9352278765431844,0.8371613146590601,3.7808423294777196,0.0,0,0.0,0,0,HILCodec_3kbps,260-123286-0000.flac,42
random_loss,0.01,adaptive_quantile_70,dynamic,2,300,89,0.2966666666666667,3.0,3.8899999999999997,29.666666666666668,0.013333333333333308,3,0.75,1,0.0033333333333333335,1.7839951515197754,1.7839951515197754,3.43908429145813,0.9346244870301528,0.8363985778155923,3.4331988094897814,0.0033333333333333335,1,1.0,1,1,HILCodec_3kbps,260-123286-0000.flac,123
random_loss,0.01,all_duplicate,all_duplicate,1,300,300,1.0,3.0,6.0,100.0,0.0033333333333332993,1,1.0,0,0.0,1.7963945865631104,1.7963945865631104,3.498704433441162,0.9352278765431844,0.8371613146590603,3.7808423294777196,0.0,0,0.0,0,0,HILCodec_3kbps,260-123286-0000.flac,42
random_loss,0.01,all_duplicate,all_duplicate,1,300,300,1.0,3.0,6.0,100.0,0.013333333333333308,4,1.0,0,0.0,1.7963945865631104,1.7963945865631104,3.498704433441162,0.9352278765431844,0.8371613146590601,3.7808423294777196,0.0,0,0.0,0,0,HILCodec_3kbps,260-123286-0000.flac,123
random_loss,0.01,all_duplicate,all_duplicate,2,300,300,1.0,3.0,6.0,100.0,0.0033333333333332993,1,1.0,0,0.0,1.7963945865631104,1.7963945865631104,3.498704433441162,0.9352278765431844,0.8371613146590602,3.7808423294777196,0.0,0,0.0,0,0,HILCodec_3kbps,260-123286-0000.flac,42
random_loss,0.01,all_duplicate,all_duplicate,2,300,300,1.0,3.0,6.0,100.0,0.013333333333333308,4,1.0,0,0.0,1.7963945865631104,1.7963945865631104,3.498704433441162,0.9352278765431844,0.8371613146590602,3.7808423294777196,0.0,0,0.0,0,0,HILCodec_3kbps,260-123286-0000.flac,123
random_loss,0.03,no_duplicate,no_duplicate,1,300,0,0.0,3.0,3.0,0.0,0.026666666666666616,0,0.0,8,0.02666666666666667,1.6943871974945068,1.6943871974945068,3.108330726623535,0.9210072834676923,0.8262892094848137,2.657788525472959,0.02666666666666667,8,1.0,1,8,HILCodec_3kbps,260-123286-0000.flac,42
random_loss,0.03,no_duplicate,no_duplicate,1,300,0,0.0,3.0,3.0,0.0,0.033333333333333326,0,0.0,10,0.03333333333333333,1.6833925247192383,1.6833925247192383,3.18349027633667,0.922245869856742,0.8224857187938672,2.630505824800569,0.03333333333333333,10,1.0,1,10,HILCodec_3kbps,260-123286-0000.flac,123
random_loss,0.03,no_duplicate,no_duplicate,2,300,0,0.0,3.0,3.0,0.0,0.026666666666666616,0,0.0,8,0.02666666666666667,1.6943871974945068,1.6943871974945068,3.108330726623535,0.9210072834676923,0.8262892094848138,2.657788525472959,0.02666666666666667,8,1.0,1,8,HILCodec_3kbps,260-123286-0000.flac,42
random_loss,0.03,no_duplicate,no_duplicate,2,300,0,0.0,3.0,3.0,0.0,0.033333333333333326,0,0.0,10,0.03333333333333333,1.6833925247192383,1.6833925247192383,3.18349027633667,0.922245869856742,0.8224857187938671,2.630505824800569,0.03333333333333333,10,1.0,1,10,HILCodec_3kbps,260-123286-0000.flac,123
random_loss,0.03,fixed_0.3,0.3,1,300,27,0.09,3.0,3.2700000000000005,9.0,0.026666666666666616,0,0.0,8,0.02666666666666667,1.6943871974945068,1.6943871974945068,3.108330726623535,0.9210072834676923,0.8262892094848137,2.657788525472959,0.02666666666666667,8,1.0,1,8,HILCodec_3kbps,260-123286-0000.flac,42
random_loss,0.03,fixed_0.3,0.3,1,300,27,0.09,3.0,3.2700000000000005,9.0,0.033333333333333326,2,0.2,8,0.02666666666666667,1.7550923824310303,1.7550923824310303,3.3787381649017334,0.928744379371632,0.8284216552809985,3.2935900368900524,0.02666666666666667,8,1.0,1,8,HILCodec_3kbps,260-123286-0000.flac,123
random_loss,0.03,fixed_0.3,0.3,2,300,27,0.09,3.0,3.2700000000000005,9.0,0.026666666666666616,0,0.0,8,0.02666666666666667,1.6943871974945068,1.6943871974945068,3.108330726623535,0.9210072834676923,0.8262892094848138,2.657788525472959,0.02666666666666667,8,1.0,1,8,HILCodec_3kbps,260-123286-0000.flac,42
random_loss,0.03,fixed_0.3,0.3,2,300,27,0.09,3.0,3.2700000000000005,9.0,0.033333333333333326,2,0.2,8,0.02666666666666667,1.7550923824310303,1.7550923824310303,3.3787381649017334,0.928744379371632,0.8284216552809985,3.2935900368900524,0.02666666666666667,8,1.0,1,8,HILCodec_3kbps,260-123286-0000.flac,123
random_loss,0.03,fixed_0.5,0.5,1,300,12,0.04,3.0,3.12,4.0,0.026666666666666616,0,0.0,8,0.02666666666666667,1.6943871974945068,1.6943871974945068,3.108330726623535,0.9210072834676923,0.8262892094848137,2.657788525472959,0.02666666666666667,8,1.0,1,8,HILCodec_3kbps,260-123286-0000.flac,42
random_loss,0.03,fixed_0.5,0.5,1,300,12,0.04,3.0,3.12,4.0,0.033333333333333326,1,0.1,9,0.03,1.691185712814331,1.691185712814331,3.213798761367798,0.9223416884641237,0.8230430293918057,2.6310418107713347,0.03,9,1.0,1,9,HILCodec_3kbps,260-123286-0000.flac,123
random_loss,0.03,fixed_0.5,0.5,2,300,12,0.04,3.0,3.12,4.0,0.026666666666666616,0,0.0,8,0.02666666666666667,1.6943871974945068,1.6943871974945068,3.108330726623535,0.9210072834676923,0.8262892094848137,2.657788525472959,0.02666666666666667,8,1.0,1,8,HILCodec_3kbps,260-123286-0000.flac,42
random_loss,0.03,fixed_0.5,0.5,2,300,12,0.04,3.0,3.12,4.0,0.033333333333333326,1,0.1,9,0.03,1.691185712814331,1.691185712814331,3.213798761367798,0.9223416884641237,0.8230430293918057,2.6310418107713347,0.03,9,1.0,1,9,HILCodec_3kbps,260-123286-0000.flac,123
random_loss,0.03,fixed_0.7,0.7,1,300,0,0.0,3.0,3.0,0.0,0.026666666666666616,0,0.0,8,0.02666666666666667,1.6943871974945068,1.6943871974945068,3.108330726623535,0.9210072834676923,0.8262892094848138,2.657788525472959,0.02666666666666667,8,1.0,1,8,HILCodec_3kbps,260-123286-0000.flac,42
random_loss,0.03,fixed_0.7,0.7,1,300,0,0.0,3.0,3.0,0.0,0.033333333333333326,0,0.0,10,0.03333333333333333,1.6833925247192383,1.6833925247192383,3.18349027633667,0.922245869856742,0.8224857187938672,2.630505824800569,0.03333333333333333,10,1.0,1,10,HILCodec_3kbps,260-123286-0000.flac,123
random_loss,0.03,fixed_0.7,0.7,2,300,0,0.0,3.0,3.0,0.0,0.026666666666666616,0,0.0,8,0.02666666666666667,1.6943871974945068,1.6943871974945068,3.108330726623535,0.9210072834676923,0.8262892094848137,2.657788525472959,0.02666666666666667,8,1.0,1,8,HILCodec_3kbps,260-123286-0000.flac,42
random_loss,0.03,fixed_0.7,0.7,2,300,0,0.0,3.0,3.0,0.0,0.033333333333333326,0,0.0,10,0.03333333333333333,1.6833925247192383,1.6833925247192383,3.18349027633667,0.922245869856742,0.8224857187938671,2.630505824800569,0.03333333333333333,10,1.0,1,10,HILCodec_3kbps,260-123286-0000.flac,123
random_loss,0.03,adaptive_mean_std,dynamic,1,300,32,0.10666666666666667,3.0,3.3200000000000003,10.666666666666668,0.026666666666666616,0,0.0,8,0.02666666666666667,1.6943871974945068,1.6943871974945068,3.108330726623535,0.9210072834676923,0.8262892094848138,2.657788525472959,0.02666666666666667,8,1.0,1,8,HILCodec_3kbps,260-123286-0000.flac,42
random_loss,0.03,adaptive_mean_std,dynamic,1,300,32,0.10666666666666667,3.0,3.3200000000000003,10.666666666666668,0.033333333333333326,2,0.2,8,0.02666666666666667,1.7550923824310303,1.7550923824310303,3.3787381649017334,0.928744379371632,0.8284216552809985,3.2935900368900524,0.02666666666666667,8,1.0,1,8,HILCodec_3kbps,260-123286-0000.flac,123
random_loss,0.03,adaptive_mean_std,dynamic,2,300,32,0.10666666666666667,3.0,3.3200000000000003,10.666666666666668,0.026666666666666616,0,0.0,8,0.02666666666666667,1.6943871974945068,1.6943871974945068,3.108330726623535,0.9210072834676923,0.8262892094848135,2.657788525472959,0.02666666666666667,8,1.0,1,8,HILCodec_3kbps,260-123286-0000.flac,42
random_loss,0.03,adaptive_mean_std,dynamic,2,300,32,0.10666666666666667,3.0,3.3200000000000003,10.666666666666668,0.033333333333333326,2,0.2,8,0.02666666666666667,1.7550923824310303,1.7550923824310303,3.3787381649017334,0.928744379371632,0.8284216552809984,3.2935900368900524,0.02666666666666667,8,1.0,1,8,HILCodec_3kbps,260-123286-0000.flac,123
random_loss,0.03,adaptive_quantile_70,dynamic,1,300,89,0.2966666666666667,3.0,3.8899999999999997,29.666666666666668,0.026666666666666616,2,0.25,6,0.02,1.7770367860794067,1.7770367860794067,3.478559732437134,0.9350369937316905,0.8355059811355398,3.768953751037195,0.02,6,1.0,1,6,HILCodec_3kbps,260-123286-0000.flac,42
random_loss,0.03,adaptive_quantile_70,dynamic,1,300,89,0.2966666666666667,3.0,3.8899999999999997,29.666666666666668,0.033333333333333326,5,0.5,5,0.016666666666666666,1.7802743911743164,1.7802743911743164,3.4286553859710693,0.9345549776073727,0.8361451942652314,3.431187140314897,0.016666666666666666,5,1.0,1,5,HILCodec_3kbps,260-123286-0000.flac,123
random_loss,0.03,adaptive_quantile_70,dynamic,2,300,89,0.2966666666666667,3.0,3.8899999999999997,29.666666666666668,0.026666666666666616,2,0.25,6,0.02,1.7770367860794067,1.7770367860794067,3.478559732437134,0.9350369937316905,0.8355059811355398,3.768953751037195,0.02,6,1.0,1,6,HILCodec_3kbps,260-123286-0000.flac,42
random_loss,0.03,adaptive_quantile_70,dynamic,2,300,89,0.2966666666666667,3.0,3.8899999999999997,29.666666666666668,0.033333333333333326,5,0.5,5,0.016666666666666666,1.7802743911743164,1.7802743911743164,3.4286553859710693,0.9345549776073727,0.8361451942652314,3.431187140314897,0.016666666666666666,5,1.0,1,5,HILCodec_3kbps,260-123286-0000.flac,123
random_loss,0.03,all_duplicate,all_duplicate,1,300,300,1.0,3.0,6.0,100.0,0.026666666666666616,8,1.0,0,0.0,1.7963945865631104,1.7963945865631104,3.498704433441162,0.9352278765431844,0.8371613146590601,3.7808423294777196,0.0,0,0.0,0,0,HILCodec_3kbps,260-123286-0000.flac,42
random_loss,0.03,all_duplicate,all_duplicate,1,300,300,1.0,3.0,6.0,100.0,0.033333333333333326,10,1.0,0,0.0,1.7963945865631104,1.7963945865631104,3.498704433441162,0.9352278765431844,0.8371613146590602,3.7808423294777196,0.0,0,0.0,0,0,HILCodec_3kbps,260-123286-0000.flac,123
random_loss,0.03,all_duplicate,all_duplicate,2,300,300,1.0,3.0,6.0,100.0,0.026666666666666616,8,1.0,0,0.0,1.7963945865631104,1.7963945865631104,3.498704433441162,0.9352278765431844,0.8371613146590602,3.7808423294777196,0.0,0,0.0,0,0,HILCodec_3kbps,260-123286-0000.flac,42
random_loss,0.03,all_duplicate,all_duplicate,2,300,300,1.0,3.0,6.0,100.0,0.033333333333333326,10,1.0,0,0.0,1.7963945865631104,1.7963945865631104,3.498704433441162,0.9352278765431844,0.8371613146590602,3.7808423294777196,0.0,0,0.0,0,0,HILCodec_3kbps,260-123286-0000.flac,123
random_loss,0.05,no_duplicate,no_duplicate,1,300,0,0.0,3.0,3.0,0.0,0.050000000000000044,0,0.0,15,0.05,1.5314675569534302,1.5314675569534302,2.703960657119751,0.8998853614485917,0.7997694345809258,1.2152020977190003,0.05,15,1.0,1,15,HILCodec_3kbps,260-123286-0000.flac,42
random_loss,0.05,no_duplicate,no_duplicate,1,300,0,0.0,3.0,3.0,0.0,0.050000000000000044,0,0.0,15,0.05,1.6801784038543701,1.6801784038543701,3.1701626777648926,0.9212018676455187,0.8188551525660213,2.6184522349119215,0.05,15,1.0714285714285714,2,14,HILCodec_3kbps,260-123286-0000.flac,123
random_loss,0.05,no_duplicate,no_duplicate,2,300,0,0.0,3.0,3.0,0.0,0.050000000000000044,0,0.0,15,0.05,1.5314675569534302,1.5314675569534302,2.703960657119751,0.8998853614485917,0.7997694345809258,1.2152020977190003,0.05,15,1.0,1,15,HILCodec_3kbps,260-123286-0000.flac,42
random_loss,0.05,no_duplicate,no_duplicate,2,300,0,0.0,3.0,3.0,0.0,0.050000000000000044,0,0.0,15,0.05,1.6801784038543701,1.6801784038543701,3.1701626777648926,0.9212018676455187,0.8188551525660211,2.6184522349119215,0.05,15,1.0714285714285714,2,14,HILCodec_3kbps,260-123286-0000.flac,123
random_loss,0.05,fixed_0.3,0.3,1,300,27,0.09,3.0,3.2700000000000005,9.0,0.050000000000000044,0,0.0,15,0.05,1.5314675569534302,1.5314675569534302,2.703960657119751,0.8998853614485917,0.7997694345809258,1.2152020977190003,0.05,15,1.0,1,15,HILCodec_3kbps,260-123286-0000.flac,42
random_loss,0.05,fixed_0.3,0.3,1,300,27,0.09,3.0,3.2700000000000005,9.0,0.050000000000000044,2,0.13333333333333333,13,0.043333333333333335,1.7536001205444336,1.7536001205444336,3.3710110187530518,0.9281559328632802,0.825153870500246,3.285289378073738,0.043333333333333335,13,1.0833333333333333,2,12,HILCodec_3kbps,260-123286-0000.flac,123
random_loss,0.05,fixed_0.3,0.3,2,300,27,0.09,3.0,3.2700000000000005,9.0,0.050000000000000044,0,0.0,15,0.05,1.5314675569534302,1.5314675569534302,2.703960657119751,0.8998853614485917,0.7997694345809258,1.2152020977190003,0.05,15,1.0,1,15,HILCodec_3kbps,260-123286-0000.flac,42
random_loss,0.05,fixed_0.3,0.3,2,300,27,0.09,3.0,3.2700000000000005,9.0,0.050000000000000044,2,0.13333333333333333,13,0.043333333333333335,1.7536001205444336,1.7536001205444336,3.3710110187530518,0.9281559328632802,0.8251538705002459,3.285289378073738,0.043333333333333335,13,1.0833333333333333,2,12,HILCodec_3kbps,260-123286-0000.flac,123
random_loss,0.05,fixed_0.5,0.5,1,300,12,0.04,3.0,3.12,4.0,0.050000000000000044,0,0.0,15,0.05,1.5314675569534302,1.5314675569534302,2.703960657119751,0.8998853614485917,0.7997694345809258,1.2152020977190003,0.05,15,1.0,1,15,HILCodec_3kbps,260-123286-0000.flac,42
random_loss,0.05,fixed_0.5,0.5,1,300,12,0.04,3.0,3.12,4.0,0.050000000000000044,1,0.06666666666666667,14,0.04666666666666667,1.6880195140838623,1.6880195140838623,3.2006375789642334,0.9212969856288282,0.8194046327369167,2.618987796797039,0.04666666666666667,14,1.0769230769230769,2,13,HILCodec_3kbps,260-123286-0000.flac,123
random_loss,0.05,fixed_0.5,0.5,2,300,12,0.04,3.0,3.12,4.0,0.050000000000000044,0,0.0,15,0.05,1.5314675569534302,1.5314675569534302,2.703960657119751,0.8998853614485917,0.7997694345809258,1.2152020977190003,0.05,15,1.0,1,15,HILCodec_3kbps,260-123286-0000.flac,42
random_loss,0.05,fixed_0.5,0.5,2,300,12,0.04,3.0,3.12,4.0,0.050000000000000044,1,0.06666666666666667,14,0.04666666666666667,1.6880195140838623,1.6880195140838623,3.2006375789642334,0.9212969856288282,0.8194046327369167,2.618987796797039,0.04666666666666667,14,1.0769230769230769,2,13,HILCodec_3kbps,260-123286-0000.flac,123
random_loss,0.05,fixed_0.7,0.7,1,300,0,0.0,3.0,3.0,0.0,0.050000000000000044,0,0.0,15,0.05,1.5314675569534302,1.5314675569534302,2.703960657119751,0.8998853614485917,0.7997694345809258,1.2152020977190003,0.05,15,1.0,1,15,HILCodec_3kbps,260-123286-0000.flac,42
random_loss,0.05,fixed_0.7,0.7,1,300,0,0.0,3.0,3.0,0.0,0.050000000000000044,0,0.0,15,0.05,1.6801784038543701,1.6801784038543701,3.1701626777648926,0.9212018676455187,0.8188551525660213,2.6184522349119215,0.05,15,1.0714285714285714,2,14,HILCodec_3kbps,260-123286-0000.flac,123
random_loss,0.05,fixed_0.7,0.7,2,300,0,0.0,3.0,3.0,0.0,0.050000000000000044,0,0.0,15,0.05,1.5314675569534302,1.5314675569534302,2.703960657119751,0.8998853614485917,0.7997694345809258,1.2152020977190003,0.05,15,1.0,1,15,HILCodec_3kbps,260-123286-0000.flac,42
random_loss,0.05,fixed_0.7,0.7,2,300,0,0.0,3.0,3.0,0.0,0.050000000000000044,0,0.0,15,0.05,1.6801784038543701,1.6801784038543701,3.1701626777648926,0.9212018676455187,0.8188551525660214,2.6184522349119215,0.05,15,1.0714285714285714,2,14,HILCodec_3kbps,260-123286-0000.flac,123
random_loss,0.05,adaptive_mean_std,dynamic,1,300,32,0.10666666666666667,3.0,3.3200000000000003,10.666666666666668,0.050000000000000044,0,0.0,15,0.05,1.5314675569534302,1.5314675569534302,2.703960657119751,0.8998853614485917,0.7997694345809258,1.2152020977190003,0.05,15,1.0,1,15,HILCodec_3kbps,260-123286-0000.flac,42
random_loss,0.05,adaptive_mean_std,dynamic,1,300,32,0.10666666666666667,3.0,3.3200000000000003,10.666666666666668,0.050000000000000044,2,0.13333333333333333,13,0.043333333333333335,1.7536001205444336,1.7536001205444336,3.3710110187530518,0.9281559328632802,0.8251538705002459,3.285289378073738,0.043333333333333335,13,1.0833333333333333,2,12,HILCodec_3kbps,260-123286-0000.flac,123
random_loss,0.05,adaptive_mean_std,dynamic,2,300,32,0.10666666666666667,3.0,3.3200000000000003,10.666666666666668,0.050000000000000044,0,0.0,15,0.05,1.5314675569534302,1.5314675569534302,2.703960657119751,0.8998853614485917,0.7997694345809258,1.2152020977190003,0.05,15,1.0,1,15,HILCodec_3kbps,260-123286-0000.flac,42
random_loss,0.05,adaptive_mean_std,dynamic,2,300,32,0.10666666666666667,3.0,3.3200000000000003,10.666666666666668,0.050000000000000044,2,0.13333333333333333,13,0.043333333333333335,1.7536001205444336,1.7536001205444336,3.3710110187530518,0.9281559328632802,0.8251538705002459,3.285289378073738,0.043333333333333335,13,1.0833333333333333,2,12,HILCodec_3kbps,260-123286-0000.flac,123
random_loss,0.05,adaptive_quantile_70,dynamic,1,300,89,0.2966666666666667,3.0,3.8899999999999997,29.666666666666668,0.050000000000000044,4,0.26666666666666666,11,0.03666666666666667,1.7219703197479248,1.7219703197479248,3.2952306270599365,0.9273270413426219,0.8230937944820799,2.5152760712106343,0.03666666666666667,11,1.0,1,11,HILCodec_3kbps,260-123286-0000.flac,42
random_loss,0.05,adaptive_quantile_70,dynamic,1,300,89,0.2966666666666667,3.0,3.8899999999999997,29.666666666666668,0.050000000000000044,5,0.3333333333333333,10,0.03333333333333333,1.7754956483840942,1.7754956483840942,3.4207253456115723,0.9338843678184741,0.8316124273524023,3.4162385590166684,0.03333333333333333,10,1.0,1,10,HILCodec_3kbps,260-123286-0000.flac,123
random_loss,0.05,adaptive_quantile_70,dynamic,2,300,89,0.2966666666666667,3.0,3.8899999999999997,29.666666666666668,0.050000000000000044,4,0.26666666666666666,11,0.03666666666666667,1.7219703197479248,1.7219703197479248,3.2952306270599365,0.9273270413426219,0.8230937944820799,2.5152760712106343,0.03666666666666667,11,1.0,1,11,HILCodec_3kbps,260-123286-0000.flac,42
random_loss,0.05,adaptive_quantile_70,dynamic,2,300,89,0.2966666666666667,3.0,3.8899999999999997,29.666666666666668,0.050000000000000044,6,0.4,9,0.03,1.7781574726104736,1.7781574726104736,3.421391725540161,0.933936982317926,0.8315600006294536,3.393018356113954,0.03,9,1.0,1,9,HILCodec_3kbps,260-123286-0000.flac,123
random_loss,0.05,all_duplicate,all_duplicate,1,300,300,1.0,3.0,6.0,100.0,0.050000000000000044,15,1.0,0,0.0,1.7963945865631104,1.7963945865631104,3.498704433441162,0.9352278765431844,0.8371613146590603,3.7808423294777196,0.0,0,0.0,0,0,HILCodec_3kbps,260-123286-0000.flac,42
random_loss,0.05,all_duplicate,all_duplicate,1,300,300,1.0,3.0,6.0,100.0,0.050000000000000044,14,0.9333333333333333,1,0.0033333333333333335,1.793574571609497,1.793574571609497,3.4978082180023193,0.9351752620437326,0.8372137413820088,3.8051524546138937,0.0033333333333333335,1,1.0,1,1,HILCodec_3kbps,260-123286-0000.flac,123
random_loss,0.05,all_duplicate,all_duplicate,2,300,300,1.0,3.0,6.0,100.0,0.050000000000000044,15,1.0,0,0.0,1.7963945865631104,1.7963945865631104,3.498704433441162,0.9352278765431844,0.8371613146590602,3.7808423294777196,0.0,0,0.0,0,0,HILCodec_3kbps,260-123286-0000.flac,42
random_loss,0.05,all_duplicate,all_duplicate,2,300,300,1.0,3.0,6.0,100.0,0.050000000000000044,13,0.8666666666666667,2,0.006666666666666667,1.7947558164596558,1.7947558164596558,3.4868762493133545,0.9349941456610602,0.8333032412003182,3.772807211134599,0.006666666666666667,2,1.0,1,2,HILCodec_3kbps,260-123286-0000.flac,123
random_loss,0.1,no_duplicate,no_duplicate,1,300,0,0.0,3.0,3.0,0.0,0.09666666666666668,0,0.0,29,0.09666666666666666,1.4275546073913574,1.4275546073913574,2.5254781246185303,0.8916152428091231,0.7878470899348672,1.0658226179559165,0.09666666666666666,29,1.0740740740740742,2,27,HILCodec_3kbps,260-123286-0000.flac,42
random_loss,0.1,no_duplicate,no_duplicate,1,300,0,0.0,3.0,3.0,0.0,0.09999999999999998,0,0.0,30,0.1,1.5772795677185059,1.5772795677185059,2.9889490604400635,0.9123316574319672,0.7938758178575603,1.1996915918911875,0.1,30,1.1111111111111112,2,27,HILCodec_3kbps,260-123286-0000.flac,123
random_loss,0.1,no_duplicate,no_duplicate,2,300,0,0.0,3.0,3.0,0.0,0.09666666666666668,0,0.0,29,0.09666666666666666,1.4275546073913574,1.4275546073913574,2.5254781246185303,0.8916152428091231,0.7878470899348672,1.0658226179559165,0.09666666666666666,29,1.0740740740740742,2,27,HILCodec_3kbps,260-123286-0000.flac,42
random_loss,0.1,no_duplicate,no_duplicate,2,300,0,0.0,3.0,3.0,0.0,0.09999999999999998,0,0.0,30,0.1,1.5772795677185059,1.5772795677185059,2.9889490604400635,0.9123316574319672,0.7938758178575605,1.1996915918911875,0.1,30,1.1111111111111112,2,27,HILCodec_3kbps,260-123286-0000.flac,123
random_loss,0.1,fixed_0.3,0.3,1,300,27,0.09,3.0,3.2700000000000005,9.0,0.09666666666666668,0,0.0,29,0.09666666666666666,1.4275546073913574,1.4275546073913574,2.5254781246185303,0.8916152428091231,0.7878470899348672,1.0658226179559165,0.09666666666666666,29,1.0740740740740742,2,27,HILCodec_3kbps,260-123286-0000.flac,42
random_loss,0.1,fixed_0.3,0.3,1,300,27,0.09,3.0,3.2700000000000005,9.0,0.09999999999999998,4,0.13333333333333333,26,0.08666666666666667,1.6975072622299194,1.6975072622299194,3.2430810928344727,0.9210399593261246,0.8149430225375239,1.8299839842783707,0.08666666666666667,26,1.1304347826086956,2,23,HILCodec_3kbps,260-123286-0000.flac,123
random_loss,0.1,fixed_0.3,0.3,2,300,27,0.09,3.0,3.2700000000000005,9.0,0.09666666666666668,0,0.0,29,0.09666666666666666,1.4275546073913574,1.4275546073913574,2.5254781246185303,0.8916152428091231,0.7878470899348673,1.0658226179559165,0.09666666666666666,29,1.0740740740740742,2,27,HILCodec_3kbps,260-123286-0000.flac,42
random_loss,0.1,fixed_0.3,0.3,2,300,27,0.09,3.0,3.2700000000000005,9.0,0.09999999999999998,3,0.1,27,0.09,1.6936556100845337,1.6936556100845337,3.232682466506958,0.9209550915633805,0.8145819633142242,1.8294546610444493,0.09,27,1.125,2,24,HILCodec_3kbps,260-123286-0000.flac,123
random_loss,0.1,fixed_0.5,0.5,1,300,12,0.04,3.0,3.12,4.0,0.09666666666666668,0,0.0,29,0.09666666666666666,1.4275546073913574,1.4275546073913574,2.5254781246185303,0.8916152428091231,0.7878470899348672,1.0658226179559165,0.09666666666666666,29,1.0740740740740742,2,27,HILCodec_3kbps,260-123286-0000.flac,42
random_loss,0.1,fixed_0.5,0.5,1,300,12,0.04,3.0,3.12,4.0,0.09999999999999998,2,0.06666666666666667,28,0.09333333333333334,1.5838208198547363,1.5838208198547363,3.0312507152557373,0.9125479342872479,0.7979475874052689,1.236950073468597,0.09333333333333334,28,1.12,2,25,HILCodec_3kbps,260-123286-0000.flac,123
random_loss,0.1,fixed_0.5,0.5,2,300,12,0.04,3.0,3.12,4.0,0.09666666666666668,0,0.0,29,0.09666666666666666,1.4275546073913574,1.4275546073913574,2.5254781246185303,0.8916152428091231,0.7878470899348672,1.0658226179559165,0.09666666666666666,29,1.0740740740740742,2,27,HILCodec_3kbps,260-123286-0000.flac,42
random_loss,0.1,fixed_0.5,0.5,2,300,12,0.04,3.0,3.12,4.0,0.09999999999999998,1,0.03333333333333333,29,0.09666666666666666,1.5802613496780396,1.5802613496780396,3.011375665664673,0.9124608706203773,0.7975326083807989,1.236436631557286,0.09666666666666666,29,1.1153846153846154,2,26,HILCodec_3kbps,260-123286-0000.flac,123
random_loss,0.1,fixed_0.7,0.7,1,300,0,0.0,3.0,3.0,0.0,0.09666666666666668,0,0.0,29,0.09666666666666666,1.4275546073913574,1.4275546073913574,2.5254781246185303,0.8916152428091231,0.7878470899348672,1.0658226179559165,0.09666666666666666,29,1.0740740740740742,2,27,HILCodec_3kbps,260-123286-0000.flac,42
random_loss,0.1,fixed_0.7,0.7,1,300,0,0.0,3.0,3.0,0.0,0.09999999999999998,0,0.0,30,0.1,1.5772795677185059,1.5772795677185059,2.9889490604400635,0.9123316574319672,0.7938758178575603,1.1996915918911875,0.1,30,1.1111111111111112,2,27,HILCodec_3kbps,260-123286-0000.flac,123
random_loss,0.1,fixed_0.7,0.7,2,300,0,0.0,3.0,3.0,0.0,0.09666666666666668,0,0.0,29,0.09666666666666666,1.4275546073913574,1.4275546073913574,2.5254781246185303,0.8916152428091231,0.7878470899348672,1.0658226179559165,0.09666666666666666,29,1.0740740740740742,2,27,HILCodec_3kbps,260-123286-0000.flac,42
random_loss,0.1,fixed_0.7,0.7,2,300,0,0.0,3.0,3.0,0.0,0.09999999999999998,0,0.0,30,0.1,1.5772795677185059,1.5772795677185059,2.9889490604400635,0.9123316574319672,0.7938758178575603,1.1996915918911875,0.1,30,1.1111111111111112,2,27,HILCodec_3kbps,260-123286-0000.flac,123
random_loss,0.1,adaptive_mean_std,dynamic,1,300,32,0.10666666666666667,3.0,3.3200000000000003,10.666666666666668,0.09666666666666668,0,0.0,29,0.09666666666666666,1.4275546073913574,1.4275546073913574,2.5254781246185303,0.8916152428091231,0.7878470899348672,1.0658226179559165,0.09666666666666666,29,1.0740740740740742,2,27,HILCodec_3kbps,260-123286-0000.flac,42
random_loss,0.1,adaptive_mean_std,dynamic,1,300,32,0.10666666666666667,3.0,3.3200000000000003,10.666666666666668,0.09999999999999998,6,0.2,24,0.08,1.6975072622299194,1.6975072622299194,3.2430810928344727,0.9210399593261246,0.8149430225375239,1.8299838681808338,0.08,24,1.1428571428571428,2,21,HILCodec_3kbps,260-123286-0000.flac,123
random_loss,0.1,adaptive_mean_std,dynamic,2,300,32,0.10666666666666667,3.0,3.3200000000000003,10.666666666666668,0.09666666666666668,0,0.0,29,0.09666666666666666,1.4275546073913574,1.4275546073913574,2.5254781246185303,0.8916152428091231,0.7878470899348672,1.0658226179559165,0.09666666666666666,29,1.0740740740740742,2,27,HILCodec_3kbps,260-123286-0000.flac,42
random_loss,0.1,adaptive_mean_std,dynamic,2,300,32,0.10666666666666667,3.0,3.3200000000000003,10.666666666666668,0.09999999999999998,5,0.16666666666666666,25,0.08333333333333333,1.6936559677124023,1.6936559677124023,3.232682466506958,0.9209550915633805,0.8145819633142242,1.8294545478735993,0.08333333333333333,25,1.1363636363636365,2,22,HILCodec_3kbps,260-123286-0000.flac,123
random_loss,0.1,adaptive_quantile_70,dynamic,1,300,89,0.2966666666666667,3.0,3.8899999999999997,29.666666666666668,0.09666666666666668,8,0.27586206896551724,21,0.07,1.6689565181732178,1.6689565181732178,3.130957841873169,0.9211647458837648,0.8142168937161796,2.433607272741938,0.07,21,1.05,2,20,HILCodec_3kbps,260-123286-0000.flac,42
random_loss,0.1,adaptive_quantile_70,dynamic,1,300,89,0.2966666666666667,3.0,3.8899999999999997,29.666666666666668,0.09999999999999998,11,0.36666666666666664,19,0.06333333333333334,1.7289299964904785,1.7289299964904785,3.3129396438598633,0.9291850705803951,0.8253792092753223,1.9060941452540376,0.06333333333333334,19,1.0555555555555556,2,18,HILCodec_3kbps,260-123286-0000.flac,123
random_loss,0.1,adaptive_quantile_70,dynamic,2,300,89,0.2966666666666667,3.0,3.8899999999999997,29.666666666666668,0.09666666666666668,8,0.27586206896551724,21,0.07,1.6722638607025146,1.6722638607025146,3.142657995223999,0.9242737139653224,0.8184431681521689,2.50840296421391,0.07,21,1.05,2,20,HILCodec_3kbps,260-123286-0000.flac,42
random_loss,0.1,adaptive_quantile_70,dynamic,2,300,89,0.2966666666666667,3.0,3.8899999999999997,29.666666666666668,0.09999999999999998,10,0.3333333333333333,20,0.06666666666666667,1.7212753295898438,1.7212753295898438,3.291386365890503,0.9274768293334821,0.8237904616098557,1.913448920720485,0.06666666666666667,20,1.1111111111111112,2,18,HILCodec_3kbps,260-123286-0000.flac,123
random_loss,0.1,all_duplicate,all_duplicate,1,300,300,1.0,3.0,6.0,100.0,0.09666666666666668,27,0.9310344827586207,2,0.006666666666666667,1.7815258502960205,1.7815258502960205,3.476773262023926,0.9317704449734281,0.8323409345879914,3.7461637117251123,0.006666666666666667,2,1.0,1,2,HILCodec_3kbps,260-123286-0000.flac,42
random_loss,0.1,all_duplicate,all_duplicate,1,300,300,1.0,3.0,6.0,100.0,0.09999999999999998,27,0.9,3,0.01,1.7927780151367188,1.7927780151367188,3.4964847564697266,0.9353677558882602,0.8371744068205154,3.793909000029795,0.01,3,1.0,1,3,HILCodec_3kbps,260-123286-0000.flac,123
random_loss,0.1,all_duplicate,all_duplicate,2,300,300,1.0,3.0,6.0,100.0,0.09666666666666668,26,0.896551724137931,3,0.01,1.7549326419830322,1.7549326419830322,3.2867772579193115,0.9328401965821669,0.8343335738856617,3.7581539763293357,0.01,3,1.0,1,3,HILCodec_3kbps,260-123286-0000.flac,42
random_loss,0.1,all_duplicate,all_duplicate,2,300,300,1.0,3.0,6.0,100.0,0.09999999999999998,25,0.8333333333333334,5,0.016666666666666666,1.7709343433380127,1.7709343433380127,3.402772903442383,0.932630998778875,0.8311290396764552,3.4446999582647386,0.016666666666666666,5,1.0,1,5,HILCodec_3kbps,260-123286-0000.flac,123
random_loss,0.2,no_duplicate,no_duplicate,1,300,0,0.0,3.0,3.0,0.0,0.24,0,0.0,72,0.24,1.3070814609527588,1.3070814609527588,2.261204242706299,0.86016298457552,0.7420955260580243,-1.0258740763785672,0.24,72,1.44,6,50,HILCodec_3kbps,260-123286-0000.flac,42
random_loss,0.2,no_duplicate,no_duplicate,1,300,0,0.0,3.0,3.0,0.0,0.20666666666666667,0,0.0,62,0.20666666666666667,1.3428757190704346,1.3428757190704346,2.025761365890503,0.819312388214438,0.7186776942118834,-1.3410031353301095,0.20666666666666667,62,1.3478260869565217,4,46,HILCodec_3kbps,260-123286-0000.flac,123
random_loss,0.2,no_duplicate,no_duplicate,2,300,0,0.0,3.0,3.0,0.0,0.24,0,0.0,72,0.24,1.3070814609527588,1.3070814609527588,2.261204242706299,0.86016298457552,0.7420955260580243,-1.0258740763785672,0.24,72,1.44,6,50,HILCodec_3kbps,260-123286-0000.flac,42
random_loss,0.2,no_duplicate,no_duplicate,2,300,0,0.0,3.0,3.0,0.0,0.20666666666666667,0,0.0,62,0.20666666666666667,1.3428757190704346,1.3428757190704346,2.025761365890503,0.819312388214438,0.7186776942118834,-1.3410031353301095,0.20666666666666667,62,1.3478260869565217,4,46,HILCodec_3kbps,260-123286-0000.flac,123
random_loss,0.2,fixed_0.3,0.3,1,300,27,0.09,3.0,3.2700000000000005,9.0,0.24,1,0.013888888888888888,71,0.23666666666666666,1.3066402673721313,1.3066402673721313,2.281534433364868,0.8763716904385188,0.7530672429366673,-0.917371039240536,0.23666666666666666,71,1.4489795918367347,6,49,HILCodec_3kbps,260-123286-0000.flac,42
random_loss,0.2,fixed_0.3,0.3,1,300,27,0.09,3.0,3.2700000000000005,9.0,0.20666666666666667,5,0.08064516129032258,57,0.19,1.3971896171569824,1.3971896171569824,2.130608558654785,0.8298021762677137,0.7399791685962517,-0.8702950868403061,0.19,57,1.3902439024390243,4,41,HILCodec_3kbps,260-123286-0000.flac,123
random_loss,0.2,fixed_0.3,0.3,2,300,27,0.09,3.0,3.2700000000000005,9.0,0.24,2,0.027777777777777776,70,0.23333333333333334,1.3190922737121582,1.3190922737121582,2.292962074279785,0.8779345493619005,0.7571291200628075,-0.8413884411778187,0.23333333333333334,70,1.4285714285714286,6,49,HILCodec_3kbps,260-123286-0000.flac,42
random_loss,0.2,fixed_0.3,0.3,2,300,27,0.09,3.0,3.2700000000000005,9.0,0.20666666666666667,3,0.04838709677419355,59,0.19666666666666666,1.4001154899597168,1.4001154899597168,2.4585819244384766,0.8660306345781943,0.739171333798754,-1.2925928403065587,0.19666666666666666,59,1.3409090909090908,4,44,HILCodec_3kbps,260-123286-0000.flac,123
random_loss,0.2,fixed_0.5,0.5,1,300,12,0.04,3.0,3.12,4.0,0.24,1,0.013888888888888888,71,0.23666666666666666,1.3066402673721313,1.3066402673721313,2.281534433364868,0.8763716904385188,0.7530672429366672,-0.917371039240536,0.23666666666666666,71,1.4489795918367347,6,49,HILCodec_3kbps,260-123286-0000.flac,42
random_loss,0.2,fixed_0.5,0.5,1,300,12,0.04,3.0,3.12,4.0,0.20666666666666667,2,0.03225806451612903,60,0.2,1.3505184650421143,1.3505184650421143,2.0416598320007324,0.8213702527337466,0.7237047398303469,-1.3292823094518147,0.2,60,1.3636363636363635,4,44,HILCodec_3kbps,260-123286-0000.flac,123
random_loss,0.2,fixed_0.5,0.5,2,300,12,0.04,3.0,3.12,4.0,0.24,1,0.013888888888888888,71,0.23666666666666666,1.3066402673721313,1.3066402673721313,2.281534433364868,0.8763716904385188,0.7530672429366673,-0.917371039240536,0.23666666666666666,71,1.4489795918367347,6,49,HILCodec_3kbps,260-123286-0000.flac,42
random_loss,0.2,fixed_0.5,0.5,2,300,12,0.04,3.0,3.12,4.0,0.20666666666666667,1,0.016129032258064516,61,0.20333333333333334,1.3495718240737915,1.3495718240737915,2.336902618408203,0.8575681720353093,0.7228657387638555,-1.7389997513168363,0.20333333333333334,61,1.326086956521739,4,46,HILCodec_3kbps,260-123286-0000.flac,123
random_loss,0.2,fixed_0.7,0.7,1,300,0,0.0,3.0,3.0,0.0,0.24,0,0.0,72,0.24,1.3070814609527588,1.3070814609527588,2.261204242706299,0.86016298457552,0.7420955260580243,-1.0258740763785672,0.24,72,1.44,6,50,HILCodec_3kbps,260-123286-0000.flac,42
random_loss,0.2,fixed_0.7,0.7,1,300,0,0.0,3.0,3.0,0.0,0.20666666666666667,0,0.0,62,0.20666666666666667,1.3428757190704346,1.3428757190704346,2.025761365890503,0.819312388214438,0.7186776942118834,-1.3410031353301095,0.20666666666666667,62,1.3478260869565217,4,46,HILCodec_3kbps,260-123286-0000.flac,123
random_loss,0.2,fixed_0.7,0.7,2,300,0,0.0,3.0,3.0,0.0,0.24,0,0.0,72,0.24,1.3070814609527588,1.3070814609527588,2.261204242706299,0.86016298457552,0.7420955260580243,-1.0258740763785672,0.24,72,1.44,6,50,HILCodec_3kbps,260-123286-0000.flac,42
random_loss,0.2,fixed_0.7,0.7,2,300,0,0.0,3.0,3.0,0.0,0.20666666666666667,0,0.0,62,0.20666666666666667,1.3428757190704346,1.3428757190704346,2.025761365890503,0.819312388214438,0.7186776942118834,-1.3410031353301095,0.20666666666666667,62,1.3478260869565217,4,46,HILCodec_3kbps,260-123286-0000.flac,123
random_loss,0.2,adaptive_mean_std,dynamic,1,300,32,0.10666666666666667,3.0,3.3200000000000003,10.666666666666668,0.24,1,0.013888888888888888,71,0.23666666666666666,1.3066402673721313,1.3066402673721313,2.281534433364868,0.8763716904385188,0.7530672429366673,-0.917371039240536,0.23666666666666666,71,1.4489795918367347,6,49,HILCodec_3kbps,260-123286-0000.flac,42
random_loss,0.2,adaptive_mean_std,dynamic,1,300,32,0.10666666666666667,3.0,3.3200000000000003,10.666666666666668,0.20666666666666667,7,0.11290322580645161,55,0.18333333333333332,1.3971896171569824,1.3971896171569824,2.130608320236206,0.8298021762677137,0.7399791685962517,-0.8702951994440367,0.18333333333333332,55,1.4102564102564104,4,39,HILCodec_3kbps,260-123286-0000.flac,123
random_loss,0.2,adaptive_mean_std,dynamic,2,300,32,0.10666666666666667,3.0,3.3200000000000003,10.666666666666668,0.24,2,0.027777777777777776,70,0.23333333333333334,1.3190922737121582,1.3190922737121582,2.292962074279785,0.8779345493619005,0.7571291200628073,-0.8413884411778187,0.23333333333333334,70,1.4285714285714286,6,49,HILCodec_3kbps,260-123286-0000.flac,42
random_loss,0.2,adaptive_mean_std,dynamic,2,300,32,0.10666666666666667,3.0,3.3200000000000003,10.666666666666668,0.20666666666666667,4,0.06451612903225806,58,0.19333333333333333,1.4001154899597168,1.4001154899597168,2.4585819244384766,0.8660306345781943,0.7391713337987541,-1.2925928403065587,0.19333333333333333,58,1.3488372093023255,4,43,HILCodec_3kbps,260-123286-0000.flac,123
random_loss,0.2,adaptive_quantile_70,dynamic,1,300,89,0.2966666666666667,3.0,3.8899999999999997,29.666666666666668,0.24,12,0.16666666666666666,60,0.2,1.5258746147155762,1.5258746147155762,2.882718563079834,0.9141652392209038,0.789197066006577,0.7686544336375133,0.2,60,1.3953488372093024,5,43,HILCodec_3kbps,260-123286-0000.flac,42
random_loss,0.2,adaptive_quantile_70,dynamic,1,300,89,0.2966666666666667,3.0,3.8899999999999997,29.666666666666668,0.20666666666666667,16,0.25806451612903225,46,0.15333333333333332,1.4561868906021118,1.4561868906021118,2.5793776512145996,0.8784747748972436,0.7794750639375891,0.08119279553745018,0.15333333333333332,46,1.3529411764705883,4,34,HILCodec_3kbps,260-123286-0000.flac,123
random_loss,0.2,adaptive_quantile_70,dynamic,2,300,89,0.2966666666666667,3.0,3.8899999999999997,29.666666666666668,0.24,12,0.16666666666666666,60,0.2,1.4575272798538208,1.4575272798538208,2.863227605819702,0.904620769846154,0.7833407225487996,0.7626471178607425,0.2,60,1.3953488372093024,5,43,HILCodec_3kbps,260-123286-0000.flac,42
random_loss,0.2,adaptive_quantile_70,dynamic,2,300,89,0.2966666666666667,3.0,3.8899999999999997,29.666666666666668,0.20666666666666667,13,0.20967741935483872,49,0.16333333333333333,1.5485408306121826,1.5485408306121826,2.81925368309021,0.9080101049429143,0.7885064845713355,0.5948228464584122,0.16333333333333333,49,1.3611111111111112,4,36,HILCodec_3kbps,260-123286-0000.flac,123
random_loss,0.2,all_duplicate,all_duplicate,1,300,300,1.0,3.0,6.0,100.0,0.24,50,0.6944444444444444,22,0.07333333333333333,1.7097887992858887,1.7097887992858887,3.373502016067505,0.9273186536261798,0.8189156386788213,3.3136216822442943,0.07333333333333333,22,1.375,5,16,HILCodec_3kbps,260-123286-0000.flac,42
random_loss,0.2,all_duplicate,all_duplicate,1,300,300,1.0,3.0,6.0,100.0,0.20666666666666667,46,0.7419354838709677,16,0.05333333333333334,1.5303995609283447,1.5303995609283447,2.6856319904327393,0.8901042200530294,0.8044929698786625,1.2955712080944393,0.05333333333333334,16,1.3333333333333333,3,12,HILCodec_3kbps,260-123286-0000.flac,123
random_loss,0.2,all_duplicate,all_duplicate,2,300,300,1.0,3.0,6.0,100.0,0.24,53,0.7361111111111112,19,0.06333333333333334,1.6024960279464722,1.6024960279464722,3.1668713092803955,0.9294137945719413,0.8234604708790442,3.462172586304355,0.06333333333333334,19,1.1875,4,16,HILCodec_3kbps,260-123286-0000.flac,42
random_loss,0.2,all_duplicate,all_duplicate,2,300,300,1.0,3.0,6.0,100.0,0.20666666666666667,46,0.7419354838709677,16,0.05333333333333334,1.6666368246078491,1.6666368246078491,3.108168840408325,0.9253907556578433,0.8184374759539289,2.1908520164319407,0.05333333333333334,16,1.0666666666666667,2,15,HILCodec_3kbps,260-123286-0000.flac,123
random_loss,0.3,no_duplicate,no_duplicate,1,300,0,0.0,3.0,3.0,0.0,0.32333333333333336,0,0.0,97,0.3233333333333333,1.2289379835128784,1.2289379835128784,1.824731707572937,0.7830200682083515,0.6426093840105209,-2.677138355496998,0.3233333333333333,97,1.564516129032258,8,62,HILCodec_3kbps,260-123286-0000.flac,42
random_loss,0.3,no_duplicate,no_duplicate,1,300,0,0.0,3.0,3.0,0.0,0.3433333333333334,0,0.0,103,0.3433333333333333,1.1832696199417114,1.1832696199417114,1.487064242362976,0.6571319077903676,0.5751107687027034,-6.209806479327212,0.3433333333333333,103,1.5846153846153845,6,65,HILCodec_3kbps,260-123286-0000.flac,123
random_loss,0.3,no_duplicate,no_duplicate,2,300,0,0.0,3.0,3.0,0.0,0.32333333333333336,0,0.0,97,0.3233333333333333,1.2289379835128784,1.2289379835128784,1.824731707572937,0.7830200682083515,0.6426093840105207,-2.677138355496998,0.3233333333333333,97,1.564516129032258,8,62,HILCodec_3kbps,260-123286-0000.flac,42
random_loss,0.3,no_duplicate,no_duplicate,2,300,0,0.0,3.0,3.0,0.0,0.3433333333333334,0,0.0,103,0.3433333333333333,1.1832696199417114,1.1832696199417114,1.487064242362976,0.6571319077903676,0.5751107687027034,-6.209806479327212,0.3433333333333333,103,1.5846153846153845,6,65,HILCodec_3kbps,260-123286-0000.flac,123
random_loss,0.3,fixed_0.3,0.3,1,300,27,0.09,3.0,3.2700000000000005,9.0,0.32333333333333336,4,0.041237113402061855,93,0.31,1.2550675868988037,1.2550675868988037,2.066366195678711,0.8392400900087654,0.6963044921248251,-2.5633676849397107,0.31,93,1.576271186440678,8,59,HILCodec_3kbps,260-123286-0000.flac,42
random_loss,0.3,fixed_0.3,0.3,1,300,27,0.09,3.0,3.2700000000000005,9.0,0.3433333333333334,8,0.07766990291262135,95,0.31666666666666665,1.2220333814620972,1.2220333814620972,1.5823025703430176,0.7118573150067822,0.6279713234078926,-4.54114190299646,0.31666666666666665,95,1.5833333333333333,6,60,HILCodec_3kbps,260-123286-0000.flac,123
random_loss,0.3,fixed_0.3,0.3,2,300,27,0.09,3.0,3.2700000000000005,9.0,0.32333333333333336,5,0.05154639175257732,92,0.30666666666666664,1.2650141716003418,1.2650141716003418,2.076521158218384,0.8409090912440186,0.7005128213105196,-2.4949788256903043,0.30666666666666664,92,1.5593220338983051,8,59,HILCodec_3kbps,260-123286-0000.flac,42
random_loss,0.3,fixed_0.3,0.3,2,300,27,0.09,3.0,3.2700000000000005,9.0,0.3433333333333334,9,0.08737864077669903,94,0.31333333333333335,1.2256393432617188,1.2256393432617188,1.8283075094223022,0.7958748722271809,0.6612438242899057,-3.2635734356536834,0.31333333333333335,94,1.492063492063492,6,63,HILCodec_3kbps,260-123286-0000.flac,123
random_loss,0.3,fixed_0.5,0.5,1,300,12,0.04,3.0,3.12,4.0,0.32333333333333336,4,0.041237113402061855,93,0.31,1.2550675868988037,1.2550675868988037,2.066366195678711,0.8392400900087654,0.6963044921248254,-2.5633676849397107,0.31,93,1.576271186440678,8,59,HILCodec_3kbps,260-123286-0000.flac,42
random_loss,0.3,fixed_0.5,0.5,1,300,12,0.04,3.0,3.12,4.0,0.3433333333333334,2,0.019417475728155338,101,0.33666666666666667,1.1938843727111816,1.1938843727111816,1.498866081237793,0.6595309405011975,0.5795808024060386,-6.191761492512045,0.33666666666666667,101,1.6031746031746033,6,63,HILCodec_3kbps,260-123286-0000.flac,123
random_loss,0.3,fixed_0.5,0.5,2,300,12,0.04,3.0,3.12,4.0,0.32333333333333336,4,0.041237113402061855,93,0.31,1.2550675868988037,1.2550675868988037,2.066366195678711,0.8392400900087654,0.6963044921248251,-2.5633676849397107,0.31,93,1.576271186440678,8,59,HILCodec_3kbps,260-123286-0000.flac,42
random_loss,0.3,fixed_0.5,0.5,2,300,12,0.04,3.0,3.12,4.0,0.3433333333333334,2,0.019417475728155338,101,0.33666666666666667,1.1736054420471191,1.1736054420471191,1.4985084533691406,0.7108308300957452,0.5899492607548101,-6.610234486934868,0.33666666666666667,101,1.5538461538461539,6,65,HILCodec_3kbps,260-123286-0000.flac,123
random_loss,0.3,fixed_0.7,0.7,1,300,0,0.0,3.0,3.0,0.0,0.32333333333333336,0,0.0,97,0.3233333333333333,1.2289379835128784,1.2289379835128784,1.824731707572937,0.7830200682083515,0.6426093840105207,-2.677138355496998,0.3233333333333333,97,1.564516129032258,8,62,HILCodec_3kbps,260-123286-0000.flac,42
random_loss,0.3,fixed_0.7,0.7,1,300,0,0.0,3.0,3.0,0.0,0.3433333333333334,0,0.0,103,0.3433333333333333,1.1832696199417114,1.1832696199417114,1.487064242362976,0.6571319077903676,0.5751107687027034,-6.209806479327212,0.3433333333333333,103,1.5846153846153845,6,65,HILCodec_3kbps,260-123286-0000.flac,123
random_loss,0.3,fixed_0.7,0.7,2,300,0,0.0,3.0,3.0,0.0,0.32333333333333336,0,0.0,97,0.3233333333333333,1.2289379835128784,1.2289379835128784,1.824731707572937,0.7830200682083515,0.6426093840105207,-2.677138355496998,0.3233333333333333,97,1.564516129032258,8,62,HILCodec_3kbps,260-123286-0000.flac,42
random_loss,0.3,fixed_0.7,0.7,2,300,0,0.0,3.0,3.0,0.0,0.3433333333333334,0,0.0,103,0.3433333333333333,1.1832696199417114,1.1832696199417114,1.487064242362976,0.6571319077903676,0.5751107687027034,-6.209806479327212,0.3433333333333333,103,1.5846153846153845,6,65,HILCodec_3kbps,260-123286-0000.flac,123
random_loss,0.3,adaptive_mean_std,dynamic,1,300,32,0.10666666666666667,3.0,3.3200000000000003,10.666666666666668,0.32333333333333336,4,0.041237113402061855,93,0.31,1.2550675868988037,1.2550675868988037,2.066366195678711,0.8392400900087654,0.6963044921248254,-2.5633676849397107,0.31,93,1.576271186440678,8,59,HILCodec_3kbps,260-123286-0000.flac,42
random_loss,0.3,adaptive_mean_std,dynamic,1,300,32,0.10666666666666667,3.0,3.3200000000000003,10.666666666666668,0.3433333333333334,10,0.0970873786407767,93,0.31,1.2226148843765259,1.2226148843765259,1.5823075771331787,0.7118907240593416,0.6279982616733895,-4.547997603170964,0.31,93,1.603448275862069,6,58,HILCodec_3kbps,260-123286-0000.flac,123
random_loss,0.3,adaptive_mean_std,dynamic,2,300,32,0.10666666666666667,3.0,3.3200000000000003,10.666666666666668,0.32333333333333336,5,0.05154639175257732,92,0.30666666666666664,1.2650141716003418,1.2650141716003418,2.076521158218384,0.8409090912440186,0.7005128213105196,-2.4949788256903043,0.30666666666666664,92,1.5593220338983051,8,59,HILCodec_3kbps,260-123286-0000.flac,42
random_loss,0.3,adaptive_mean_std,dynamic,2,300,32,0.10666666666666667,3.0,3.3200000000000003,10.666666666666668,0.3433333333333334,9,0.08737864077669903,94,0.31333333333333335,1.2256393432617188,1.2256393432617188,1.8283075094223022,0.7958748722271809,0.6612438242899058,-3.2635734356536834,0.31333333333333335,94,1.492063492063492,6,63,HILCodec_3kbps,260-123286-0000.flac,123
random_loss,0.3,adaptive_quantile_70,dynamic,1,300,89,0.2966666666666667,3.0,3.8899999999999997,29.666666666666668,0.32333333333333336,18,0.18556701030927836,79,0.2633333333333333,1.443773627281189,1.443773627281189,2.629507303237915,0.8863227206084141,0.7474264232716277,-0.19769321386745853,0.2633333333333333,79,1.58,7,50,HILCodec_3kbps,260-123286-0000.flac,42
random_loss,0.3,adaptive_quantile_70,dynamic,1,300,89,0.2966666666666667,3.0,3.8899999999999997,29.666666666666668,0.3433333333333334,23,0.22330097087378642,80,0.26666666666666666,1.2574549913406372,1.2574549913406372,1.7452781200408936,0.7992868293654807,0.6975860933832898,-3.164738828918212,0.26666666666666666,80,1.509433962264151,6,53,HILCodec_3kbps,260-123286-0000.flac,123
random_loss,0.3,adaptive_quantile_70,dynamic,2,300,89,0.2966666666666667,3.0,3.8899999999999997,29.666666666666668,0.32333333333333336,16,0.16494845360824742,81,0.27,1.373551368713379,1.373551368713379,2.571310520172119,0.8730421483918509,0.736657783603356,-0.22500318956179097,0.27,81,1.5576923076923077,7,52,HILCodec_3kbps,260-123286-0000.flac,42
random_loss,0.3,adaptive_quantile_70,dynamic,2,300,89,0.2966666666666667,3.0,3.8899999999999997,29.666666666666668,0.3433333333333334,23,0.22330097087378642,80,0.26666666666666666,1.3374472856521606,1.3374472856521606,2.146266222000122,0.8738721929432712,0.7319613891808576,0.031528593621073145,0.26666666666666666,80,1.4545454545454546,6,55,HILCodec_3kbps,260-123286-0000.flac,123
random_loss,0.3,all_duplicate,all_duplicate,1,300,300,1.0,3.0,6.0,100.0,0.32333333333333336,62,0.6391752577319587,35,0.11666666666666667,1.556893229484558,1.556893229484558,2.9945425987243652,0.9048032903890872,0.7761267158450532,1.1806456180694318,0.11666666666666667,35,1.6666666666666667,7,21,HILCodec_3kbps,260-123286-0000.flac,42
random_loss,0.3,all_duplicate,all_duplicate,1,300,300,1.0,3.0,6.0,100.0,0.3433333333333334,65,0.6310679611650486,38,0.12666666666666668,1.2825731039047241,1.2825731039047241,1.8060784339904785,0.8218043239937017,0.7374027319816957,-2.022857998821743,0.12666666666666668,38,1.52,5,25,HILCodec_3kbps,260-123286-0000.flac,123
random_loss,0.3,all_duplicate,all_duplicate,2,300,300,1.0,3.0,6.0,100.0,0.32333333333333336,61,0.6288659793814433,36,0.12,1.511040210723877,1.511040210723877,2.92897367477417,0.9202593345836642,0.797643845504462,1.9910053186168386,0.12,36,1.2857142857142858,6,28,HILCodec_3kbps,260-123286-0000.flac,42
random_loss,0.3,all_duplicate,all_duplicate,2,300,300,1.0,3.0,6.0,100.0,0.3433333333333334,65,0.6310679611650486,38,0.12666666666666668,1.3580236434936523,1.3580236434936523,2.2285120487213135,0.8889107837564284,0.7575419227422434,0.7108720204181713,0.12666666666666668,38,1.1875,4,32,HILCodec_3kbps,260-123286-0000.flac,123
random_loss,0.4,no_duplicate,no_duplicate,1,300,0,0.0,3.0,3.0,0.0,0.41000000000000003,0,0.0,123,0.41,1.184926986694336,1.184926986694336,1.6416435241699219,0.7428094150759849,0.5886923416361832,-4.92297339635341,0.41,123,1.662162162162162,8,74,HILCodec_3kbps,260-123286-0000.flac,42
random_loss,0.4,no_duplicate,no_duplicate,1,300,0,0.0,3.0,3.0,0.0,0.42333333333333334,0,0.0,127,0.42333333333333334,1.1166956424713135,1.1166956424713135,1.3274468183517456,0.5686103693273887,0.5208490707551965,-9.947614990213356,0.42333333333333334,127,1.7887323943661972,6,71,HILCodec_3kbps,260-123286-0000.flac,123
random_loss,0.4,no_duplicate,no_duplicate,2,300,0,0.0,3.0,3.0,0.0,0.41000000000000003,0,0.0,123,0.41,1.184926986694336,1.184926986694336,1.6416435241699219,0.7428094150759849,0.5886923416361833,-4.92297339635341,0.41,123,1.662162162162162,8,74,HILCodec_3kbps,260-123286-0000.flac,42
random_loss,0.4,no_duplicate,no_duplicate,2,300,0,0.0,3.0,3.0,0.0,0.42333333333333334,0,0.0,127,0.42333333333333334,1.1166956424713135,1.1166956424713135,1.3274468183517456,0.5686103693273887,0.5208490707551965,-9.947614990213356,0.42333333333333334,127,1.7887323943661972,6,71,HILCodec_3kbps,260-123286-0000.flac,123
random_loss,0.4,fixed_0.3,0.3,1,300,27,0.09,3.0,3.2700000000000005,9.0,0.41000000000000003,7,0.056910569105691054,116,0.38666666666666666,1.1953904628753662,1.1953904628753662,1.792052149772644,0.8033239401083241,0.6348519532315704,-4.168897733918271,0.38666666666666666,116,1.6571428571428573,8,70,HILCodec_3kbps,260-123286-0000.flac,42
random_loss,0.4,fixed_0.3,0.3,1,300,27,0.09,3.0,3.2700000000000005,9.0,0.42333333333333334,5,0.03937007874015748,122,0.4066666666666667,1.1259498596191406,1.1259498596191406,1.3069541454315186,0.5836053888345093,0.5512979087838125,-9.850174623823257,0.4066666666666667,122,1.7941176470588236,6,68,HILCodec_3kbps,260-123286-0000.flac,123
random_loss,0.4,fixed_0.3,0.3,2,300,27,0.09,3.0,3.2700000000000005,9.0,0.41000000000000003,7,0.056910569105691054,116,0.38666666666666666,1.2125722169876099,1.2125722169876099,1.9129821062088013,0.7934939465874317,0.6365794283829752,-4.201195756604794,0.38666666666666666,116,1.6338028169014085,8,71,HILCodec_3kbps,260-123286-0000.flac,42
random_loss,0.4,fixed_0.3,0.3,2,300,27,0.09,3.0,3.2700000000000005,9.0,0.42333333333333334,8,0.06299212598425197,119,0.39666666666666667,1.1704885959625244,1.1704885959625244,1.623596429824829,0.7101467084317379,0.607337241798794,-6.542571300826955,0.39666666666666667,119,1.7,6,70,HILCodec_3kbps,260-123286-0000.flac,123
random_loss,0.4,fixed_0.5,0.5,1,300,12,0.04,3.0,3.12,4.0,0.41000000000000003,5,0.04065040650406504,118,0.3933333333333333,1.1955755949020386,1.1955755949020386,1.7054744958877563,0.7936262343398813,0.6252593738385098,-4.794742653619011,0.3933333333333333,118,1.6857142857142857,8,70,HILCodec_3kbps,260-123286-0000.flac,42
random_loss,0.4,fixed_0.5,0.5,1,300,12,0.04,3.0,3.12,4.0,0.42333333333333334,2,0.015748031496062992,125,0.4166666666666667,1.117817759513855,1.117817759513855,1.3079259395599365,0.5698693946723257,0.5331189564869114,-9.920189531364159,0.4166666666666667,125,1.7857142857142858,6,70,HILCodec_3kbps,260-123286-0000.flac,123
random_loss,0.4,fixed_0.5,0.5,2,300,12,0.04,3.0,3.12,4.0,0.41000000000000003,5,0.04065040650406504,118,0.3933333333333333,1.209561824798584,1.209561824798584,1.8666913509368896,0.7851092370822806,0.6295126103342014,-4.952820007116177,0.3933333333333333,118,1.6619718309859155,8,71,HILCodec_3kbps,260-123286-0000.flac,42
random_loss,0.4,fixed_0.5,0.5,2,300,12,0.04,3.0,3.12,4.0,0.42333333333333334,3,0.023622047244094488,124,0.41333333333333333,1.123417854309082,1.123417854309082,1.4185147285461426,0.6201784653757537,0.5515541437021578,-10.288970022866264,0.41333333333333333,124,1.7464788732394365,6,71,HILCodec_3kbps,260-123286-0000.flac,123
random_loss,0.4,fixed_0.7,0.7,1,300,0,0.0,3.0,3.0,0.0,0.41000000000000003,0,0.0,123,0.41,1.184926986694336,1.184926986694336,1.6416435241699219,0.7428094150759849,0.5886923416361833,-4.92297339635341,0.41,123,1.662162162162162,8,74,HILCodec_3kbps,260-123286-0000.flac,42
random_loss,0.4,fixed_0.7,0.7,1,300,0,0.0,3.0,3.0,0.0,0.42333333333333334,0,0.0,127,0.42333333333333334,1.1166956424713135,1.1166956424713135,1.3274468183517456,0.5686103693273887,0.5208490707551965,-9.947614990213356,0.42333333333333334,127,1.7887323943661972,6,71,HILCodec_3kbps,260-123286-0000.flac,123
random_loss,0.4,fixed_0.7,0.7,2,300,0,0.0,3.0,3.0,0.0,0.41000000000000003,0,0.0,123,0.41,1.184926986694336,1.184926986694336,1.6416435241699219,0.7428094150759849,0.5886923416361833,-4.92297339635341,0.41,123,1.662162162162162,8,74,HILCodec_3kbps,260-123286-0000.flac,42
random_loss,0.4,fixed_0.7,0.7,2,300,0,0.0,3.0,3.0,0.0,0.42333333333333334,0,0.0,127,0.42333333333333334,1.1166956424713135,1.1166956424713135,1.3274468183517456,0.5686103693273887,0.5208490707551965,-9.947614990213356,0.42333333333333334,127,1.7887323943661972,6,71,HILCodec_3kbps,260-123286-0000.flac,123
random_loss,0.4,adaptive_mean_std,dynamic,1,300,32,0.10666666666666667,3.0,3.3200000000000003,10.666666666666668,0.41000000000000003,7,0.056910569105691054,116,0.38666666666666666,1.1953904628753662,1.1953904628753662,1.792052149772644,0.8033239401083241,0.6348519532315702,-4.168897733918271,0.38666666666666666,116,1.6571428571428573,8,70,HILCodec_3kbps,260-123286-0000.flac,42
random_loss,0.4,adaptive_mean_std,dynamic,1,300,32,0.10666666666666667,3.0,3.3200000000000003,10.666666666666668,0.42333333333333334,7,0.05511811023622047,120,0.4,1.1259490251541138,1.1259490251541138,1.3069531917572021,0.583589708873121,0.5512549024981844,-9.850992994927308,0.4,120,1.8181818181818181,6,66,HILCodec_3kbps,260-123286-0000.flac,123
random_loss,0.4,adaptive_mean_std,dynamic,2,300,32,0.10666666666666667,3.0,3.3200000000000003,10.666666666666668,0.41000000000000003,7,0.056910569105691054,116,0.38666666666666666,1.2125722169876099,1.2125722169876099,1.9129821062088013,0.7934939465874317,0.6365794283829752,-4.201195756604794,0.38666666666666666,116,1.6338028169014085,8,71,HILCodec_3kbps,260-123286-0000.flac,42
random_loss,0.4,adaptive_mean_std,dynamic,2,300,32,0.10666666666666667,3.0,3.3200000000000003,10.666666666666668,0.42333333333333334,8,0.06299212598425197,119,0.39666666666666667,1.1704885959625244,1.1704885959625244,1.623596429824829,0.7101467084317379,0.607337241798794,-6.542571300826955,0.39666666666666667,119,1.7,6,70,HILCodec_3kbps,260-123286-0000.flac,123
random_loss,0.4,adaptive_quantile_70,dynamic,1,300,89,0.2966666666666667,3.0,3.8899999999999997,29.666666666666668,0.41000000000000003,22,0.17886178861788618,101,0.33666666666666667,1.3066238164901733,1.3066238164901733,2.0326554775238037,0.8594079049911323,0.6959829981761017,-1.9243427357447715,0.33666666666666667,101,1.578125,7,64,HILCodec_3kbps,260-123286-0000.flac,42
random_loss,0.4,adaptive_quantile_70,dynamic,1,300,89,0.2966666666666667,3.0,3.8899999999999997,29.666666666666668,0.42333333333333334,23,0.18110236220472442,104,0.3466666666666667,1.1672465801239014,1.1672465801239014,1.5421817302703857,0.7354716384693417,0.6363781777103192,-5.410675661748465,0.3466666666666667,104,1.7049180327868851,6,61,HILCodec_3kbps,260-123286-0000.flac,123
random_loss,0.4,adaptive_quantile_70,dynamic,2,300,89,0.2966666666666667,3.0,3.8899999999999997,29.666666666666668,0.41000000000000003,22,0.17886178861788618,101,0.33666666666666667,1.299120545387268,1.299120545387268,2.344865560531616,0.8373473529258628,0.6900881220557973,-1.7231766593187414,0.33666666666666667,101,1.578125,7,64,HILCodec_3kbps,260-123286-0000.flac,42
random_loss,0.4,adaptive_quantile_70,dynamic,2,300,89,0.2966666666666667,3.0,3.8899999999999997,29.666666666666668,0.42333333333333334,24,0.1889763779527559,103,0.3433333333333333,1.2484431266784668,1.2484431266784668,1.7406681776046753,0.8387550538789323,0.6880909101803113,-1.8816525899616143,0.3433333333333333,103,1.6349206349206349,6,63,HILCodec_3kbps,260-123286-0000.flac,123
random_loss,0.4,all_duplicate,all_duplicate,1,300,300,1.0,3.0,6.0,100.0,0.41000000000000003,74,0.6016260162601627,49,0.16333333333333333,1.3824307918548584,1.3824307918548584,2.235111713409424,0.8824726829266858,0.7399887676467564,-1.068543840104543,0.16333333333333333,49,1.4848484848484849,7,33,HILCodec_3kbps,260-123286-0000.flac,42
random_loss,0.4,all_duplicate,all_duplicate,1,300,300,1.0,3.0,6.0,100.0,0.42333333333333334,71,0.5590551181102362,56,0.18666666666666668,1.1694387197494507,1.1694387197494507,1.5780086517333984,0.7565948571154438,0.6767466959562248,-4.111510258311551,0.18666666666666668,56,1.75,5,32,HILCodec_3kbps,260-123286-0000.flac,123
random_loss,0.4,all_duplicate,all_duplicate,2,300,300,1.0,3.0,6.0,100.0,0.41000000000000003,74,0.6016260162601627,49,0.16333333333333333,1.3975627422332764,1.3975627422332764,2.5417981147766113,0.8771685675795845,0.7540169236456385,0.4366778598356713,0.16333333333333333,49,1.1951219512195121,6,41,HILCodec_3kbps,260-123286-0000.flac,42
random_loss,0.4,all_duplicate,all_duplicate,2,300,300,1.0,3.0,6.0,100.0,0.42333333333333334,73,0.5748031496062992,54,0.18,1.2636733055114746,1.2636733055114746,1.781341791152954,0.8538358357775327,0.7153318959821192,-1.2994905829579986,0.18,54,1.255813953488372,4,43,HILCodec_3kbps,260-123286-0000.flac,123
