network_type,target_plr,protection_method,concealment,budget_frac,n_frames,n_protected,raw_loss_rate,post_repair_loss_rate,PESQ,PESQ_WB,PESQ_NB,STOI,ESTOI,SI-SDR,concealment_rate,n_lost_frames,mean_burst_len,max_burst_len,n_bursts,codec,file,seed
random_loss,0.0,none,zero_fill,0.1,300,0,0.0,0.0,3.234401226043701,3.234401226043701,3.6661603450775146,0.9497512405963333,0.8711391689646194,5.915631008687495,0.0,0,0.0,0,0,HILCodec_3kbps,1089-134686-0000.flac,42
random_loss,0.0,none,neighbor_copy,0.1,300,0,0.0,0.0,3.234401226043701,3.234401226043701,3.6661603450775146,0.9497512405963333,0.8711391689646194,5.915631008687495,0.0,0,0.0,0,0,HILCodec_3kbps,1089-134686-0000.flac,42
random_loss,0.0,none,zero_fill,0.1,300,0,0.0,0.0,3.234401226043701,3.234401226043701,3.6661603450775146,0.9497512405963333,0.8711391689646194,5.915631008687495,0.0,0,0.0,0,0,HILCodec_3kbps,1089-134686-0000.flac,123
random_loss,0.0,none,neighbor_copy,0.1,300,0,0.0,0.0,3.234401226043701,3.234401226043701,3.6661603450775146,0.9497512405963333,0.8711391689646194,5.915631008687495,0.0,0,0.0,0,0,HILCodec_3kbps,1089-134686-0000.flac,123
random_loss,0.0,random,zero_fill,0.1,300,30,0.0,0.0,3.234401226043701,3.234401226043701,3.6661603450775146,0.9497512405963333,0.8711391689646194,5.915631008687495,0.0,0,0.0,0,0,HILCodec_3kbps,1089-134686-0000.flac,42
random_loss,0.0,random,neighbor_copy,0.1,300,30,0.0,0.0,3.234401226043701,3.234401226043701,3.6661603450775146,0.9497512405963333,0.8711391689646194,5.915631008687495,0.0,0,0.0,0,0,HILCodec_3kbps,1089-134686-0000.flac,42
random_loss,0.0,random,zero_fill,0.1,300,30,0.0,0.0,3.234401226043701,3.234401226043701,3.6661603450775146,0.9497512405963333,0.8711391689646194,5.915631008687495,0.0,0,0.0,0,0,HILCodec_3kbps,1089-134686-0000.flac,123
random_loss,0.0,random,neighbor_copy,0.1,300,30,0.0,0.0,3.234401226043701,3.234401226043701,3.6661603450775146,0.9497512405963333,0.8711391689646194,5.915631008687495,0.0,0,0.0,0,0,HILCodec_3kbps,1089-134686-0000.flac,123
random_loss,0.0,heuristic,zero_fill,0.1,300,30,0.0,0.0,3.234401226043701,3.234401226043701,3.6661603450775146,0.9497512405963333,0.8711391689646194,5.915631008687495,0.0,0,0.0,0,0,HILCodec_3kbps,1089-134686-0000.flac,42
random_loss,0.0,heuristic,neighbor_copy,0.1,300,30,0.0,0.0,3.234401226043701,3.234401226043701,3.6661603450775146,0.9497512405963333,0.8711391689646194,5.915631008687495,0.0,0,0.0,0,0,HILCodec_3kbps,1089-134686-0000.flac,42
random_loss,0.0,heuristic,zero_fill,0.1,300,30,0.0,0.0,3.234401226043701,3.234401226043701,3.6661603450775146,0.9497512405963333,0.8711391689646194,5.915631008687495,0.0,0,0.0,0,0,HILCodec_3kbps,1089-134686-0000.flac,123
random_loss,0.0,heuristic,neighbor_copy,0.1,300,30,0.0,0.0,3.234401226043701,3.234401226043701,3.6661603450775146,0.9497512405963333,0.8711391689646195,5.915631008687495,0.0,0,0.0,0,0,HILCodec_3kbps,1089-134686-0000.flac,123
random_loss,0.0,importance_aware,zero_fill,0.1,300,30,0.0,0.0,3.234401226043701,3.234401226043701,3.6661603450775146,0.9497512405963333,0.8711391689646195,5.915631008687495,0.0,0,0.0,0,0,HILCodec_3kbps,1089-134686-0000.flac,42
random_loss,0.0,importance_aware,neighbor_copy,0.1,300,30,0.0,0.0,3.234401226043701,3.234401226043701,3.6661603450775146,0.9497512405963333,0.8711391689646194,5.915631008687495,0.0,0,0.0,0,0,HILCodec_3kbps,1089-134686-0000.flac,42
random_loss,0.0,importance_aware,zero_fill,0.1,300,30,0.0,0.0,3.234401226043701,3.234401226043701,3.6661603450775146,0.9497512405963333,0.8711391689646195,5.915631008687495,0.0,0,0.0,0,0,HILCodec_3kbps,1089-134686-0000.flac,123
random_loss,0.0,importance_aware,neighbor_copy,0.1,300,30,0.0,0.0,3.234401226043701,3.234401226043701,3.6661603450775146,0.9497512405963333,0.8711391689646194,5.915631008687495,0.0,0,0.0,0,0,HILCodec_3kbps,1089-134686-0000.flac,123
random_loss,0.0,importance_selective,zero_fill,0.1,300,30,0.0,0.0,3.234401226043701,3.234401226043701,3.6661603450775146,0.9497512405963333,0.8711391689646194,5.915631008687495,0.0,0,0.0,0,0,HILCodec_3kbps,1089-134686-0000.flac,42
random_loss,0.0,importance_selective,neighbor_copy,0.1,300,30,0.0,0.0,3.234401226043701,3.234401226043701,3.6661603450775146,0.9497512405963333,0.8711391689646194,5.915631008687495,0.0,0,0.0,0,0,HILCodec_3kbps,1089-134686-0000.flac,42
random_loss,0.0,importance_selective,zero_fill,0.1,300,30,0.0,0.0,3.234401226043701,3.234401226043701,3.6661603450775146,0.9497512405963333,0.8711391689646194,5.915631008687495,0.0,0,0.0,0,0,HILCodec_3kbps,1089-134686-0000.flac,123
random_loss,0.0,importance_selective,neighbor_copy,0.1,300,30,0.0,0.0,3.234401226043701,3.234401226043701,3.6661603450775146,0.9497512405963333,0.8711391689646195,5.915631008687495,0.0,0,0.0,0,0,HILCodec_3kbps,1089-134686-0000.flac,123
random_loss,0.01,none,zero_fill,0.1,300,0,0.0033333333333332993,0.0033333333333332993,2.9323558807373047,2.9323558807373047,3.578172445297241,0.9486101401713664,0.8693742406142526,5.786441049059537,0.0033333333333333335,1,1.0,1,1,HILCodec_3kbps,1089-134686-0000.flac,42
random_loss,0.01,none,neighbor_copy,0.1,300,0,0.0033333333333332993,0.0033333333333332993,2.9943759441375732,2.9943759441375732,3.5854315757751465,0.9492358083856686,0.8696911224007776,5.721502158326384,0.0033333333333333335,1,1.0,1,1,HILCodec_3kbps,1089-134686-0000.flac,42
random_loss,0.01,none,zero_fill,0.1,300,0,0.013333333333333308,0.013333333333333308,2.7195286750793457,2.7195286750793457,3.3365330696105957,0.9424954191175696,0.854641237366454,5.121502557157081,0.013333333333333334,4,1.0,1,4,HILCodec_3kbps,1089-134686-0000.flac,123
random_loss,0.01,none,neighbor_copy,0.1,300,0,0.013333333333333308,0.013333333333333308,3.0037448406219482,3.0037448406219482,3.543487310409546,0.9479177248872033,0.8679781737280844,5.524485937794975,0.013333333333333334,4,1.0,1,4,HILCodec_3kbps,1089-134686-0000.flac,123
random_loss,0.01,random,zero_fill,0.1,300,30,0.0033333333333332993,0.0033333333333332993,3.2262699604034424,3.2262699604034424,3.664578914642334,0.9497512405963333,0.8711391689646194,5.915617843786025,0.0033333333333333335,1,1.0,1,1,HILCodec_3kbps,1089-134686-0000.flac,42
random_loss,0.01,random,neighbor_copy,0.1,300,30,0.0033333333333332993,0.0033333333333332993,3.2317392826080322,3.2317392826080322,3.666046619415283,0.9497512405963333,0.8711391689646194,5.915608563043397,0.0033333333333333335,1,1.0,1,1,HILCodec_3kbps,1089-134686-0000.flac,42
random_loss,0.01,random,zero_fill,0.1,300,30,0.01666666666666672,0.01666666666666672,2.8731627464294434,2.8731627464294434,3.338658332824707,0.9468218980129743,0.8676876632271904,4.957720311767972,0.016666666666666666,5,1.0,1,5,HILCodec_3kbps,1089-134686-0000.flac,123
random_loss,0.01,random,neighbor_copy,0.1,300,30,0.01666666666666672,0.01666666666666672,2.723128080368042,2.723128080368042,3.3458375930786133,0.9460942701780797,0.8642965038166756,4.6759220938835355,0.016666666666666666,5,1.0,1,5,HILCodec_3kbps,1089-134686-0000.flac,123
random_loss,0.01,heuristic,zero_fill,0.1,300,30,0.0033333333333332993,0.0033333333333332993,2.9323558807373047,2.9323558807373047,3.578172445297241,0.9486101401713664,0.8693742406142527,5.786441049059537,0.0033333333333333335,1,1.0,1,1,HILCodec_3kbps,1089-134686-0000.flac,42
random_loss,0.01,heuristic,neighbor_copy,0.1,300,30,0.0033333333333332993,0.0033333333333332993,2.9943759441375732,2.9943759441375732,3.5854315757751465,0.9492358083856686,0.8696911224007775,5.721502158326384,0.0033333333333333335,1,1.0,1,1,HILCodec_3kbps,1089-134686-0000.flac,42
random_loss,0.01,heuristic,zero_fill,0.1,300,30,0.013333333333333308,0.013333333333333308,2.7195286750793457,2.7195286750793457,3.3365330696105957,0.9424954191175696,0.8546412373664541,5.121502557157081,0.013333333333333334,4,1.0,1,4,HILCodec_3kbps,1089-134686-0000.flac,123
random_loss,0.01,heuristic,neighbor_copy,0.1,300,30,0.013333333333333308,0.013333333333333308,3.0037448406219482,3.0037448406219482,3.543487310409546,0.9479177248872033,0.8679781737280844,5.524485937794975,0.013333333333333334,4,1.0,1,4,HILCodec_3kbps,1089-134686-0000.flac,123
random_loss,0.01,importance_aware,zero_fill,0.1,300,30,0.0033333333333332993,0.0033333333333332993,2.9323558807373047,2.9323558807373047,3.578172445297241,0.9486101401713664,0.8693742406142526,5.786441049059537,0.0033333333333333335,1,1.0,1,1,HILCodec_3kbps,1089-134686-0000.flac,42
random_loss,0.01,importance_aware,neighbor_copy,0.1,300,30,0.0033333333333332993,0.0033333333333332993,2.9943759441375732,2.9943759441375732,3.5854315757751465,0.9492358083856686,0.8696911224007774,5.721502158326384,0.0033333333333333335,1,1.0,1,1,HILCodec_3kbps,1089-134686-0000.flac,42
random_loss,0.01,importance_aware,zero_fill,0.1,300,30,0.013333333333333308,0.013333333333333308,2.7195286750793457,2.7195286750793457,3.3365330696105957,0.9424954191175696,0.8546412373664541,5.121502557157081,0.013333333333333334,4,1.0,1,4,HILCodec_3kbps,1089-134686-0000.flac,123
random_loss,0.01,importance_aware,neighbor_copy,0.1,300,30,0.013333333333333308,0.013333333333333308,3.0037448406219482,3.0037448406219482,3.543487310409546,0.9479177248872033,0.8679781737280844,5.524485937794975,0.013333333333333334,4,1.0,1,4,HILCodec_3kbps,1089-134686-0000.flac,123
random_loss,0.01,importance_selective,zero_fill,0.1,300,30,0.0033333333333332993,0.0033333333333332993,2.865025281906128,2.865025281906128,3.542482614517212,0.9469753516515558,0.864776919501212,5.118037406757424,0.0033333333333333335,1,1.0,1,1,HILCodec_3kbps,1089-134686-0000.flac,42
random_loss,0.01,importance_selective,neighbor_copy,0.1,300,30,0.0033333333333332993,0.0033333333333332993,3.0468640327453613,3.0468640327453613,3.6123363971710205,0.9493916322857198,0.869534989373219,5.507098672686793,0.0033333333333333335,1,1.0,1,1,HILCodec_3kbps,1089-134686-0000.flac,42
random_loss,0.01,importance_selective,zero_fill,0.1,300,30,0.010000000000000009,0.010000000000000009,2.8988654613494873,2.8988654613494873,3.4142301082611084,0.9428396682021666,0.8578280825381623,4.8734132033914825,0.01,3,1.0,1,3,HILCodec_3kbps,1089-134686-0000.flac,123
random_loss,0.01,importance_selective,neighbor_copy,0.1,300,30,0.010000000000000009,0.010000000000000009,2.6770107746124268,2.6770107746124268,3.5599522590637207,0.9472565704895892,0.8654775247867086,4.9813365422643425,0.01,3,1.0,1,3,HILCodec_3kbps,1089-134686-0000.flac,123
random_loss,0.03,none,zero_fill,0.1,300,0,0.026666666666666616,0.026666666666666616,2.6274566650390625,2.6274566650390625,3.285914659500122,0.9423344100977961,0.8459223867946765,5.467324538651159,0.02666666666666667,8,1.0,1,8,HILCodec_3kbps,1089-134686-0000.flac,42
random_loss,0.03,none,neighbor_copy,0.1,300,0,0.026666666666666616,0.026666666666666616,2.9264636039733887,2.9264636039733887,3.509246826171875,0.9455606785403301,0.8677854704408159,5.447891214155597,0.02666666666666667,8,1.0,1,8,HILCodec_3kbps,1089-134686-0000.flac,42
random_loss,0.03,none,zero_fill,0.1,300,0,0.033333333333333326,0.033333333333333326,2.5143730640411377,2.5143730640411377,3.1687376499176025,0.9423469445198007,0.8534219782181841,4.870348013811837,0.03333333333333333,10,1.0,1,10,HILCodec_3kbps,1089-134686-0000.flac,123
random_loss,0.03,none,neighbor_copy,0.1,300,0,0.033333333333333326,0.033333333333333326,2.8162448406219482,2.8162448406219482,3.439819097518921,0.9475884653931816,0.8671227559042236,4.953375691271599,0.03333333333333333,10,1.0,1,10,HILCodec_3kbps,1089-134686-0000.flac,123
random_loss,0.03,random,zero_fill,0.1,300,30,0.026666666666666616,0.020000000000000018,2.6602847576141357,2.6602847576141357,3.4170329570770264,0.9469027277943658,0.8627505188898467,5.061916823309389,0.02,6,1.0,1,6,HILCodec_3kbps,1089-134686-0000.flac,42
random_loss,0.03,random,neighbor_copy,0.1,300,30,0.026666666666666616,0.020000000000000018,2.9302756786346436,2.9302756786346436,3.5788841247558594,0.9483263881082746,0.8635021507594066,5.428760837506719,0.02,6,1.0,1,6,HILCodec_3kbps,1089-134686-0000.flac,42
random_loss,0.03,random,zero_fill,0.1,300,30,0.033333333333333326,0.033333333333333326,2.722639799118042,2.722639799118042,3.1692843437194824,0.9435429325870017,0.8651298242301129,4.850379185972178,0.03333333333333333,10,1.0,1,10,HILCodec_3kbps,1089-134686-0000.flac,123
random_loss,0.03,random,neighbor_copy,0.1,300,30,0.033333333333333326,0.033333333333333326,2.56172776222229,2.56172776222229,3.2521421909332275,0.9405938109824746,0.8604292369564243,4.540286591232509,0.03333333333333333,10,1.0,1,10,HILCodec_3kbps,1089-134686-0000.flac,123
random_loss,0.03,heuristic,zero_fill,0.1,300,30,0.026666666666666616,0.026666666666666616,2.6274566650390625,2.6274566650390625,3.285914659500122,0.9423344100977961,0.8459223867946765,5.467324538651159,0.02666666666666667,8,1.0,1,8,HILCodec_3kbps,1089-134686-0000.flac,42
random_loss,0.03,heuristic,neighbor_copy,0.1,300,30,0.026666666666666616,0.026666666666666616,2.9264636039733887,2.9264636039733887,3.509246826171875,0.9455606785403301,0.8677854704408159,5.447891214155597,0.02666666666666667,8,1.0,1,8,HILCodec_3kbps,1089-134686-0000.flac,42
random_loss,0.03,heuristic,zero_fill,0.1,300,30,0.033333333333333326,0.033333333333333326,2.5143730640411377,2.5143730640411377,3.1687376499176025,0.9423469445198007,0.8534219782181841,4.870348013811837,0.03333333333333333,10,1.0,1,10,HILCodec_3kbps,1089-134686-0000.flac,123
random_loss,0.03,heuristic,neighbor_copy,0.1,300,30,0.033333333333333326,0.033333333333333326,2.8162448406219482,2.8162448406219482,3.439819097518921,0.9475884653931816,0.8671227559042236,4.953375691271599,0.03333333333333333,10,1.0,1,10,HILCodec_3kbps,1089-134686-0000.flac,123
random_loss,0.03,importance_aware,zero_fill,0.1,300,30,0.026666666666666616,0.026666666666666616,2.6274566650390625,2.6274566650390625,3.285914659500122,0.9423344100977961,0.8459223867946765,5.467324538651159,0.02666666666666667,8,1.0,1,8,HILCodec_3kbps,1089-134686-0000.flac,42
random_loss,0.03,importance_aware,neighbor_copy,0.1,300,30,0.026666666666666616,0.026666666666666616,2.9264636039733887,2.9264636039733887,3.509246826171875,0.9455606785403301,0.8677854704408159,5.447891214155597,0.02666666666666667,8,1.0,1,8,HILCodec_3kbps,1089-134686-0000.flac,42
random_loss,0.03,importance_aware,zero_fill,0.1,300,30,0.033333333333333326,0.033333333333333326,2.5143730640411377,2.5143730640411377,3.1687376499176025,0.9423469445198007,0.8534219782181841,4.870348013811837,0.03333333333333333,10,1.0,1,10,HILCodec_3kbps,1089-134686-0000.flac,123
random_loss,0.03,importance_aware,neighbor_copy,0.1,300,30,0.033333333333333326,0.033333333333333326,2.8162448406219482,2.8162448406219482,3.439819097518921,0.9475884653931816,0.8671227559042236,4.953375691271599,0.03333333333333333,10,1.0,1,10,HILCodec_3kbps,1089-134686-0000.flac,123
random_loss,0.03,importance_selective,zero_fill,0.1,300,30,0.030000000000000027,0.030000000000000027,2.2727274894714355,2.2727274894714355,3.0425498485565186,0.933163520213047,0.8407581398972318,3.969837342311149,0.03,9,1.0,1,9,HILCodec_3kbps,1089-134686-0000.flac,42
random_loss,0.03,importance_selective,neighbor_copy,0.1,300,30,0.030000000000000027,0.030000000000000027,2.696526050567627,2.696526050567627,3.355581045150757,0.9374648367533309,0.8563436254386118,4.097895821897183,0.03,9,1.0,1,9,HILCodec_3kbps,1089-134686-0000.flac,42
random_loss,0.03,importance_selective,zero_fill,0.1,300,30,0.036666666666666625,0.036666666666666625,2.403677463531494,2.403677463531494,3.0236222743988037,0.9331129769469242,0.844743453478619,4.177635715742724,0.03666666666666667,11,1.1,2,10,HILCodec_3kbps,1089-134686-0000.flac,123
random_loss,0.03,importance_selective,neighbor_copy,0.1,300,30,0.036666666666666625,0.036666666666666625,2.5529792308807373,2.5529792308807373,3.40190052986145,0.9410661318904087,0.8537076466815094,4.359646512305915,0.03666666666666667,11,1.1,2,10,HILCodec_3kbps,1089-134686-0000.flac,123
random_loss,0.05,none,zero_fill,0.1,300,0,0.050000000000000044,0.050000000000000044,2.263216018676758,2.263216018676758,2.9911909103393555,0.9249006371396284,0.8243268779631735,4.891583643495247,0.05,15,1.0,1,15,HILCodec_3kbps,1089-134686-0000.flac,42
random_loss,0.05,none,neighbor_copy,0.1,300,0,0.050000000000000044,0.050000000000000044,2.5367510318756104,2.5367510318756104,3.1579396724700928,0.9398222220613804,0.8588468913676734,5.056571247403991,0.05,15,1.0,1,15,HILCodec_3kbps,1089-134686-0000.flac,42
random_loss,0.05,none,zero_fill,0.1,300,0,0.050000000000000044,0.050000000000000044,2.101062297821045,2.101062297821045,2.8028206825256348,0.920017628266748,0.8252917122804744,4.250489631860861,0.05,15,1.0714285714285714,2,14,HILCodec_3kbps,1089-134686-0000.flac,123
random_loss,0.05,none,neighbor_copy,0.1,300,0,0.050000000000000044,0.050000000000000044,2.590620756149292,2.590620756149292,3.344510793685913,0.9384523651758877,0.8529463086926847,4.129200460934099,0.05,15,1.0714285714285714,2,14,HILCodec_3kbps,1089-134686-0000.flac,123
random_loss,0.05,random,zero_fill,0.1,300,30,0.046666666666666634,0.033333333333333326,2.4564321041107178,2.4564321041107178,3.228849172592163,0.9432103573926757,0.8552261885767225,4.1931403227587545,0.03333333333333333,10,1.0,1,10,HILCodec_3kbps,1089-134686-0000.flac,42
random_loss,0.05,random,neighbor_copy,0.1,300,30,0.046666666666666634,0.033333333333333326,2.4966044425964355,2.4966044425964355,3.2837581634521484,0.9343743632210446,0.8514284829074661,4.8746600042358805,0.03333333333333333,10,1.0,1,10,HILCodec_3kbps,1089-134686-0000.flac,42
random_loss,0.05,random,zero_fill,0.1,300,30,0.053333333333333344,0.050000000000000044,2.5076425075531006,2.5076425075531006,3.0017457008361816,0.9349701250171026,0.8516298795141279,4.744314893200694,0.05,15,1.0714285714285714,2,14,HILCodec_3kbps,1089-134686-0000.flac,123
random_loss,0.05,random,neighbor_copy,0.1,300,30,0.053333333333333344,0.050000000000000044,2.529472589492798,2.529472589492798,3.2008113861083984,0.9397824717846405,0.8581782265524919,4.3803158505395325,0.05,15,1.0714285714285714,2,14,HILCodec_3kbps,1089-134686-0000.flac,123
random_loss,0.05,heuristic,zero_fill,0.1,300,30,0.050000000000000044,0.050000000000000044,2.263216018676758,2.263216018676758,2.9911909103393555,0.9249006371396284,0.8243268779631734,4.891583643495247,0.05,15,1.0,1,15,HILCodec_3kbps,1089-134686-0000.flac,42
random_loss,0.05,heuristic,neighbor_copy,0.1,300,30,0.050000000000000044,0.050000000000000044,2.5367510318756104,2.5367510318756104,3.1579396724700928,0.9398222220613804,0.8588468913676737,5.056571247403991,0.05,15,1.0,1,15,HILCodec_3kbps,1089-134686-0000.flac,42
random_loss,0.05,heuristic,zero_fill,0.1,300,30,0.050000000000000044,0.050000000000000044,2.101062297821045,2.101062297821045,2.8028206825256348,0.920017628266748,0.8252917122804744,4.250489631860861,0.05,15,1.0714285714285714,2,14,HILCodec_3kbps,1089-134686-0000.flac,123
random_loss,0.05,heuristic,neighbor_copy,0.1,300,30,0.050000000000000044,0.050000000000000044,2.590620756149292,2.590620756149292,3.344510793685913,0.9384523651758877,0.8529463086926847,4.129200460934099,0.05,15,1.0714285714285714,2,14,HILCodec_3kbps,1089-134686-0000.flac,123
random_loss,0.05,importance_aware,zero_fill,0.1,300,30,0.050000000000000044,0.046666666666666634,2.2714908123016357,2.2714908123016357,3.023942232131958,0.9251216773722288,0.8251975757642868,4.889876445250551,0.04666666666666667,14,1.0,1,14,HILCodec_3kbps,1089-134686-0000.flac,42
random_loss,0.05,importance_aware,neighbor_copy,0.1,300,30,0.050000000000000044,0.046666666666666634,2.6315855979919434,2.6315855979919434,3.299720287322998,0.939839955483515,0.8592117826532837,5.051931904931291,0.04666666666666667,14,1.0,1,14,HILCodec_3kbps,1089-134686-0000.flac,42
random_loss,0.05,importance_aware,zero_fill,0.1,300,30,0.050000000000000044,0.050000000000000044,2.101062297821045,2.101062297821045,2.8028206825256348,0.920017628266748,0.8252917122804744,4.250489631860861,0.05,15,1.0714285714285714,2,14,HILCodec_3kbps,1089-134686-0000.flac,123
random_loss,0.05,importance_aware,neighbor_copy,0.1,300,30,0.050000000000000044,0.050000000000000044,2.590620756149292,2.590620756149292,3.344510793685913,0.9384523651758877,0.8529463086926847,4.129200460934099,0.05,15,1.0714285714285714,2,14,HILCodec_3kbps,1089-134686-0000.flac,123
random_loss,0.05,importance_selective,zero_fill,0.1,300,30,0.043333333333333335,0.043333333333333335,2.0542314052581787,2.0542314052581787,2.825723171234131,0.924740078758227,0.8292717644051004,3.8595041290720884,0.043333333333333335,13,1.0,1,13,HILCodec_3kbps,1089-134686-0000.flac,42
random_loss,0.05,importance_selective,neighbor_copy,0.1,300,30,0.043333333333333335,0.043333333333333335,2.619900703430176,2.619900703430176,3.2663025856018066,0.9335650754715741,0.8611297150228304,4.051854087134855,0.043333333333333335,13,1.0,1,13,HILCodec_3kbps,1089-134686-0000.flac,42
random_loss,0.05,importance_selective,zero_fill,0.1,300,30,0.050000000000000044,0.050000000000000044,2.27713680267334,2.27713680267334,2.9268434047698975,0.9258348557816022,0.8275739070773166,4.077556116631466,0.05,15,1.0714285714285714,2,14,HILCodec_3kbps,1089-134686-0000.flac,123
random_loss,0.05,importance_selective,neighbor_copy,0.1,300,30,0.050000000000000044,0.050000000000000044,2.5045197010040283,2.5045197010040283,3.3382112979888916,0.9364272204345856,0.8480335287485988,4.280712833241318,0.05,15,1.0714285714285714,2,14,HILCodec_3kbps,1089-134686-0000.flac,123
random_loss,0.1,none,zero_fill,0.1,300,0,0.09666666666666668,0.09666666666666668,1.7490646839141846,1.7490646839141846,2.3485350608825684,0.8979786693181854,0.7799784953166711,4.019264353778346,0.09666666666666666,29,1.0740740740740742,2,27,HILCodec_3kbps,1089-134686-0000.flac,42
random_loss,0.1,none,neighbor_copy,0.1,300,0,0.09666666666666668,0.09666666666666668,2.14370059967041,2.14370059967041,2.9314773082733154,0.9330851531836039,0.8488897948190405,4.337138659094942,0.09666666666666666,29,1.0740740740740742,2,27,HILCodec_3kbps,1089-134686-0000.flac,42
random_loss,0.1,none,zero_fill,0.1,300,0,0.09999999999999998,0.09999999999999998,1.76963210105896,1.76963210105896,2.3036906719207764,0.8986945097575776,0.7792737895186868,3.5981764683655326,0.1,30,1.1111111111111112,2,27,HILCodec_3kbps,1089-134686-0000.flac,123
random_loss,0.1,none,neighbor_copy,0.1,300,0,0.09999999999999998,0.09999999999999998,2.07023286819458,2.07023286819458,2.809462070465088,0.9189475240512859,0.8195704732935467,3.5109672836599715,0.1,30,1.1111111111111112,2,27,HILCodec_3kbps,1089-134686-0000.flac,123
random_loss,0.1,random,zero_fill,0.1,300,30,0.08666666666666667,0.06999999999999995,1.890472412109375,1.890472412109375,2.6489620208740234,0.9143141558398771,0.8018304603907417,1.6831580045890666,0.07,21,1.105263157894737,2,19,HILCodec_3kbps,1089-134686-0000.flac,42
random_loss,0.1,random,neighbor_copy,0.1,300,30,0.08666666666666667,0.06999999999999995,2.0654165744781494,2.0654165744781494,2.8153560161590576,0.9230496288717867,0.8262838446016272,2.756891809910088,0.07,21,1.105263157894737,2,19,HILCodec_3kbps,1089-134686-0000.flac,42
random_loss,0.1,random,zero_fill,0.1,300,30,0.10666666666666669,0.10333333333333339,1.8693170547485352,1.8693170547485352,2.49460768699646,0.8996994907982354,0.7872854141974263,1.821821625203065,0.10333333333333333,31,1.1481481481481481,2,27,HILCodec_3kbps,1089-134686-0000.flac,123
random_loss,0.1,random,neighbor_copy,0.1,300,30,0.10666666666666669,0.10333333333333339,2.139381170272827,2.139381170272827,2.768524646759033,0.930609497732827,0.8379501841884199,2.0769479416270773,0.10333333333333333,31,1.1481481481481481,2,27,HILCodec_3kbps,1089-134686-0000.flac,123
random_loss,0.1,heuristic,zero_fill,0.1,300,30,0.09666666666666668,0.09333333333333338,1.8133881092071533,1.8133881092071533,2.438950777053833,0.9162346084366656,0.796421703908121,4.343930915715357,0.09333333333333334,28,1.0769230769230769,2,26,HILCodec_3kbps,1089-134686-0000.flac,42
random_loss,0.1,heuristic,neighbor_copy,0.1,300,30,0.09666666666666668,0.09333333333333338,2.2517619132995605,2.2517619132995605,2.969205379486084,0.9360163895901357,0.850592762476056,4.412920145526229,0.09333333333333334,28,1.0769230769230769,2,26,HILCodec_3kbps,1089-134686-0000.flac,42
random_loss,0.1,heuristic,zero_fill,0.1,300,30,0.09999999999999998,0.08999999999999997,1.8202135562896729,1.8202135562896729,2.3874406814575195,0.9060881397304322,0.7892442505183576,3.719958556767526,0.09,27,1.125,2,24,HILCodec_3kbps,1089-134686-0000.flac,123
random_loss,0.1,heuristic,neighbor_copy,0.1,300,30,0.09999999999999998,0.08999999999999997,2.1344377994537354,2.1344377994537354,2.900097608566284,0.9240425794024048,0.8255652838714208,3.622761221963522,0.09,27,1.125,2,24,HILCodec_3kbps,1089-134686-0000.flac,123
random_loss,0.1,importance_aware,zero_fill,0.1,300,30,0.09666666666666668,0.08999999999999997,1.8182939291000366,1.8182939291000366,2.52362322807312,0.9169162232411417,0.800289685645359,4.370441049381998,0.09,27,1.08,2,25,HILCodec_3kbps,1089-134686-0000.flac,42
random_loss,0.1,importance_aware,neighbor_copy,0.1,300,30,0.09666666666666668,0.08999999999999997,2.290520191192627,2.290520191192627,3.0885555744171143,0.9360583912941929,0.8510725299213974,4.40868739455623,0.09,27,1.08,2,25,HILCodec_3kbps,1089-134686-0000.flac,42
random_loss,0.1,importance_aware,zero_fill,0.1,300,30,0.09999999999999998,0.08999999999999997,1.8284270763397217,1.8284270763397217,2.3766367435455322,0.9091323133979502,0.7980008128728987,3.596901483229031,0.09,27,1.08,2,25,HILCodec_3kbps,1089-134686-0000.flac,123
random_loss,0.1,importance_aware,neighbor_copy,0.1,300,30,0.09999999999999998,0.08999999999999997,2.3908939361572266,2.3908939361572266,3.1539320945739746,0.9320089100137753,0.8372992516101124,3.5528078715371225,0.09,27,1.08,2,25,HILCodec_3kbps,1089-134686-0000.flac,123
random_loss,0.1,importance_selective,zero_fill,0.1,300,30,0.09666666666666668,0.09666666666666668,1.741166114807129,1.741166114807129,2.4452526569366455,0.8900381482045207,0.7754130181148012,1.6491004170023587,0.09666666666666666,29,1.1153846153846154,2,26,HILCodec_3kbps,1089-134686-0000.flac,42
random_loss,0.1,importance_selective,neighbor_copy,0.1,300,30,0.09666666666666668,0.09666666666666668,2.21581768989563,2.21581768989563,2.942426919937134,0.923628809678762,0.83809257035891,2.818885889414628,0.09666666666666666,29,1.1153846153846154,2,26,HILCodec_3kbps,1089-134686-0000.flac,42
random_loss,0.1,importance_selective,zero_fill,0.1,300,30,0.08666666666666667,0.08666666666666667,2.037165403366089,2.037165403366089,2.7005486488342285,0.9135005726517753,0.7961291659155991,2.892292158786296,0.08666666666666667,26,1.1304347826086956,2,23,HILCodec_3kbps,1089-134686-0000.flac,123
random_loss,0.1,importance_selective,neighbor_copy,0.1,300,30,0.08666666666666667,0.08666666666666667,2.398700475692749,2.398700475692749,3.2820279598236084,0.9313952504220464,0.837210702660261,3.4982001820963466,0.08666666666666667,26,1.1304347826086956,2,23,HILCodec_3kbps,1089-134686-0000.flac,123
random_loss,0.2,none,zero_fill,0.1,300,0,0.24,0.24,1.2810791730880737,1.2810791730880737,1.7255077362060547,0.7753021756637051,0.586293090248416,-3.3427925643348297,0.24,72,1.44,6,50,HILCodec_3kbps,1089-134686-0000.flac,42
random_loss,0.2,none,neighbor_copy,0.1,300,0,0.24,0.24,1.4770327806472778,1.4770327806472778,2.183333158493042,0.8672621265246994,0.7475148191795304,-1.8292643738929846,0.24,72,1.44,6,50,HILCodec_3kbps,1089-134686-0000.flac,42
random_loss,0.2,none,zero_fill,0.1,300,0,0.20666666666666667,0.20666666666666667,1.3043321371078491,1.3043321371078491,1.8381879329681396,0.8237328160589258,0.678989578099052,-0.4209330163467726,0.20666666666666667,62,1.3478260869565217,4,46,HILCodec_3kbps,1089-134686-0000.flac,123
random_loss,0.2,none,neighbor_copy,0.1,300,0,0.20666666666666667,0.20666666666666667,1.5597748756408691,1.5597748756408691,2.0776278972625732,0.8651736267570301,0.7520399777789913,0.8368447519751214,0.20666666666666667,62,1.3478260869565217,4,46,HILCodec_3kbps,1089-134686-0000.flac,123
random_loss,0.2,random,zero_fill,0.1,300,30,0.22666666666666668,0.19666666666666666,1.375963568687439,1.375963568687439,1.996757984161377,0.8019998123401891,0.6711703007346219,-2.2706121756205926,0.19666666666666666,59,1.4047619047619047,5,42,HILCodec_3kbps,1089-134686-0000.flac,42
random_loss,0.2,random,neighbor_copy,0.1,300,30,0.22666666666666668,0.19666666666666666,1.5886645317077637,1.5886645317077637,2.3136496543884277,0.882923412678856,0.7613661476763972,-0.2249627009242958,0.19666666666666666,59,1.4047619047619047,5,42,HILCodec_3kbps,1089-134686-0000.flac,42
random_loss,0.2,random,zero_fill,0.1,300,30,0.20333333333333337,0.19333333333333336,1.343193769454956,1.343193769454956,1.8748226165771484,0.8299451363883754,0.6855631584486526,-0.45429428810462047,0.19333333333333333,58,1.3181818181818181,4,44,HILCodec_3kbps,1089-134686-0000.flac,123
random_loss,0.2,random,neighbor_copy,0.1,300,30,0.20333333333333337,0.19333333333333336,1.6278009414672852,1.6278009414672852,2.2022030353546143,0.8920379742480038,0.7827512228073555,1.2709415026054138,0.19333333333333333,58,1.3181818181818181,4,44,HILCodec_3kbps,1089-134686-0000.flac,123
random_loss,0.2,heuristic,zero_fill,0.1,300,30,0.24,0.22999999999999998,1.3030500411987305,1.3030500411987305,1.76791512966156,0.7838061020548132,0.5973141876131853,-3.1871326611050455,0.23,69,1.4680851063829787,6,47,HILCodec_3kbps,1089-134686-0000.flac,42
random_loss,0.2,heuristic,neighbor_copy,0.1,300,30,0.24,0.22999999999999998,1.475806713104248,1.475806713104248,2.2156927585601807,0.8778630976294076,0.7563435859722806,-1.7391763814071128,0.23,69,1.4680851063829787,6,47,HILCodec_3kbps,1089-134686-0000.flac,42
random_loss,0.2,heuristic,zero_fill,0.1,300,30,0.20666666666666667,0.18333333333333335,1.3642170429229736,1.3642170429229736,1.984093427658081,0.8258638759906065,0.6939874004767752,0.4448013224413627,0.18333333333333332,55,1.3095238095238095,3,42,HILCodec_3kbps,1089-134686-0000.flac,123
random_loss,0.2,heuristic,neighbor_copy,0.1,300,30,0.20666666666666667,0.18333333333333335,1.6703461408615112,1.6703461408615112,2.3204104900360107,0.875584710622073,0.7631998354569006,1.2704518335453183,0.18333333333333332,55,1.3095238095238095,3,42,HILCodec_3kbps,1089-134686-0000.flac,123
random_loss,0.2,importance_aware,zero_fill,0.1,300,30,0.24,0.22666666666666668,1.3043657541275024,1.3043657541275024,1.8039774894714355,0.7844961496515571,0.5988303577035381,-3.17969131687586,0.22666666666666666,68,1.4782608695652173,6,46,HILCodec_3kbps,1089-134686-0000.flac,42
random_loss,0.2,importance_aware,neighbor_copy,0.1,300,30,0.24,0.22666666666666668,1.4873501062393188,1.4873501062393188,2.236453056335449,0.8778230673021915,0.7568973046758255,-1.7414600498038295,0.22666666666666666,68,1.4782608695652173,6,46,HILCodec_3kbps,1089-134686-0000.flac,42
random_loss,0.2,importance_aware,zero_fill,0.1,300,30,0.20666666666666667,0.18999999999999995,1.366051197052002,1.366051197052002,1.945172905921936,0.8267800113143241,0.7061642247522276,0.20392121050433365,0.19,57,1.2666666666666666,3,45,HILCodec_3kbps,1089-134686-0000.flac,123
random_loss,0.2,importance_aware,neighbor_copy,0.1,300,30,0.20666666666666667,0.18999999999999995,1.7956030368804932,1.7956030368804932,2.514726161956787,0.8924757232192092,0.7810272898677326,1.218227179033562,0.19,57,1.2666666666666666,3,45,HILCodec_3kbps,1089-134686-0000.flac,123
random_loss,0.2,importance_selective,zero_fill,0.1,300,30,0.21666666666666667,0.21666666666666667,1.327826738357544,1.327826738357544,1.9419646263122559,0.8064507752707221,0.673031523382777,-2.1342014228786157,0.21666666666666667,65,1.3541666666666667,3,48,HILCodec_3kbps,1089-134686-0000.flac,42
random_loss,0.2,importance_selective,neighbor_copy,0.1,300,30,0.21666666666666667,0.21666666666666667,1.5781052112579346,1.5781052112579346,2.2750837802886963,0.8902977546688899,0.7643242784190916,0.04411018995407141,0.21666666666666667,65,1.3541666666666667,3,48,HILCodec_3kbps,1089-134686-0000.flac,42
random_loss,0.2,importance_selective,zero_fill,0.1,300,30,0.20666666666666667,0.20666666666666667,1.4714207649230957,1.4714207649230957,2.194774627685547,0.8626381181322987,0.694217403971695,0.4577922992082379,0.20666666666666667,62,1.3478260869565217,4,46,HILCodec_3kbps,1089-134686-0000.flac,123
random_loss,0.2,importance_selective,neighbor_copy,0.1,300,30,0.20666666666666667,0.20666666666666667,1.6072900295257568,1.6072900295257568,2.552130937576294,0.8989150013078231,0.7817855375721164,0.39034560634656706,0.20666666666666667,62,1.3478260869565217,4,46,HILCodec_3kbps,1089-134686-0000.flac,123
random_loss,0.3,none,zero_fill,0.1,300,0,0.32333333333333336,0.32333333333333336,1.2366509437561035,1.2366509437561035,1.6501703262329102,0.7264473153699467,0.5077216211263432,-5.730120895416231,0.3233333333333333,97,1.564516129032258,8,62,HILCodec_3kbps,1089-134686-0000.flac,42
random_loss,0.3,none,neighbor_copy,0.1,300,0,0.32333333333333336,0.32333333333333336,1.3532211780548096,1.3532211780548096,1.9800989627838135,0.8415623554535671,0.7063557060171517,-3.726297001990286,0.3233333333333333,97,1.564516129032258,8,62,HILCodec_3kbps,1089-134686-0000.flac,42
random_loss,0.3,none,zero_fill,0.1,300,0,0.3433333333333334,0.3433333333333334,1.209201693534851,1.209201693534851,1.665321707725525,0.69101325726711,0.5248930127912408,-4.723932980907144,0.3433333333333333,103,1.5846153846153845,6,65,HILCodec_3kbps,1089-134686-0000.flac,123
random_loss,0.3,none,neighbor_copy,0.1,300,0,0.3433333333333334,0.3433333333333334,1.3200709819793701,1.3200709819793701,1.7354340553283691,0.801350723048451,0.6723118648177723,-0.7826214272144685,0.3433333333333333,103,1.5846153846153845,6,65,HILCodec_3kbps,1089-134686-0000.flac,123
random_loss,0.3,random,zero_fill,0.1,300,30,0.31999999999999995,0.2833333333333333,1.2877600193023682,1.2877600193023682,1.7200185060501099,0.7859421978746035,0.6227819202022655,-4.608753344169989,0.2833333333333333,85,1.4655172413793103,5,58,HILCodec_3kbps,1089-134686-0000.flac,42
random_loss,0.3,random,neighbor_copy,0.1,300,30,0.31999999999999995,0.2833333333333333,1.3381301164627075,1.3381301164627075,1.72365403175354,0.8063945828372385,0.6814858946800502,-2.831558969058661,0.2833333333333333,85,1.4655172413793103,5,58,HILCodec_3kbps,1089-134686-0000.flac,42
random_loss,0.3,random,zero_fill,0.1,300,30,0.32666666666666666,0.31000000000000005,1.2194790840148926,1.2194790840148926,1.6894595623016357,0.72059623609782,0.5464259797308495,-2.849532050882468,0.31,93,1.5245901639344261,6,61,HILCodec_3kbps,1089-134686-0000.flac,123
random_loss,0.3,random,neighbor_copy,0.1,300,30,0.32666666666666666,0.31000000000000005,1.2851064205169678,1.2851064205169678,1.7305794954299927,0.7816542000790544,0.6515426741763858,-0.6235207871547337,0.31,93,1.5245901639344261,6,61,HILCodec_3kbps,1089-134686-0000.flac,123
random_loss,0.3,heuristic,zero_fill,0.1,300,30,0.32333333333333336,0.30333333333333334,1.2581123113632202,1.2581123113632202,1.7292511463165283,0.7430147140896218,0.5467517511123717,-5.382957358210662,0.30333333333333334,91,1.5964912280701755,8,57,HILCodec_3kbps,1089-134686-0000.flac,42
random_loss,0.3,heuristic,neighbor_copy,0.1,300,30,0.32333333333333336,0.30333333333333334,1.328891634941101,1.328891634941101,2.1009185314178467,0.8554829770243787,0.7190919453642471,-3.566035148409525,0.30333333333333334,91,1.5964912280701755,8,57,HILCodec_3kbps,1089-134686-0000.flac,42
random_loss,0.3,heuristic,zero_fill,0.1,300,30,0.3433333333333334,0.30333333333333334,1.256954312324524,1.256954312324524,1.7485647201538086,0.7090027189330944,0.5621001615581147,-3.6776190833720546,0.30333333333333334,91,1.5423728813559323,5,59,HILCodec_3kbps,1089-134686-0000.flac,123
random_loss,0.3,heuristic,neighbor_copy,0.1,300,30,0.3433333333333334,0.30333333333333334,1.4637409448623657,1.4637409448623657,1.89554762840271,0.8209566041562907,0.6958103593268439,-0.3608676368090312,0.30333333333333334,91,1.5423728813559323,5,59,HILCodec_3kbps,1089-134686-0000.flac,123
random_loss,0.3,importance_aware,zero_fill,0.1,300,30,0.32333333333333336,0.30000000000000004,1.261481523513794,1.261481523513794,1.754448652267456,0.7447523222186333,0.5493089511796242,-5.340639934236613,0.3,90,1.6071428571428572,8,56,HILCodec_3kbps,1089-134686-0000.flac,42
random_loss,0.3,importance_aware,neighbor_copy,0.1,300,30,0.32333333333333336,0.30000000000000004,1.3328375816345215,1.3328375816345215,2.1141064167022705,0.8554482193563578,0.7208297810002018,-3.5649075975842957,0.3,90,1.6071428571428572,8,56,HILCodec_3kbps,1089-134686-0000.flac,42
random_loss,0.3,importance_aware,zero_fill,0.1,300,30,0.3433333333333334,0.31333333333333335,1.2375835180282593,1.2375835180282593,1.7044202089309692,0.7059057961656252,0.5717275002848765,-3.9033403375775144,0.31333333333333335,94,1.5161290322580645,4,62,HILCodec_3kbps,1089-134686-0000.flac,123
random_loss,0.3,importance_aware,neighbor_copy,0.1,300,30,0.3433333333333334,0.31333333333333335,1.5449215173721313,1.5449215173721313,2.1385321617126465,0.8547807641287448,0.735478062451904,-0.42649583732275265,0.31333333333333335,94,1.5161290322580645,4,62,HILCodec_3kbps,1089-134686-0000.flac,123
random_loss,0.3,importance_selective,zero_fill,0.1,300,30,0.32666666666666666,0.32666666666666666,1.2069522142410278,1.2069522142410278,1.7052600383758545,0.7501829519841903,0.5765749147738827,-4.48697675207227,0.32666666666666666,98,1.4848484848484849,5,66,HILCodec_3kbps,1089-134686-0000.flac,42
random_loss,0.3,importance_selective,neighbor_copy,0.1,300,30,0.32666666666666666,0.32666666666666666,1.331269383430481,1.331269383430481,1.9605878591537476,0.822973466156543,0.6806974947444,-2.41523375265907,0.32666666666666666,98,1.4848484848484849,5,66,HILCodec_3kbps,1089-134686-0000.flac,42
random_loss,0.3,importance_selective,zero_fill,0.1,300,30,0.33333333333333337,0.33333333333333337,1.2166067361831665,1.2166067361831665,1.7341290712356567,0.7692807670076258,0.5662861185985617,-3.9247064868623056,0.3333333333333333,100,1.6129032258064515,5,62,HILCodec_3kbps,1089-134686-0000.flac,123
random_loss,0.3,importance_selective,neighbor_copy,0.1,300,30,0.33333333333333337,0.33333333333333337,1.3594000339508057,1.3594000339508057,2.103389024734497,0.8549161637613548,0.7210902576009761,-3.175349651106196,0.3333333333333333,100,1.6129032258064515,5,62,HILCodec_3kbps,1089-134686-0000.flac,123
random_loss,0.4,none,zero_fill,0.1,300,0,0.41000000000000003,0.41000000000000003,1.1538021564483643,1.1538021564483643,1.506441354751587,0.6782631827850258,0.4541082759168531,-7.831557780160104,0.41,123,1.662162162162162,8,74,HILCodec_3kbps,1089-134686-0000.flac,42
random_loss,0.4,none,neighbor_copy,0.1,300,0,0.41000000000000003,0.41000000000000003,1.2929304838180542,1.2929304838180542,1.6904687881469727,0.8042388594567978,0.6715834771319064,-5.006760466965412,0.41,123,1.662162162162162,8,74,HILCodec_3kbps,1089-134686-0000.flac,42
random_loss,0.4,none,zero_fill,0.1,300,0,0.42333333333333334,0.42333333333333334,1.1837434768676758,1.1837434768676758,1.5834312438964844,0.6482977810205568,0.4434639151203727,-7.1566798646021015,0.42333333333333334,127,1.7887323943661972,6,71,HILCodec_3kbps,1089-134686-0000.flac,123
random_loss,0.4,none,neighbor_copy,0.1,300,0,0.42333333333333334,0.42333333333333334,1.2279047966003418,1.2279047966003418,1.7249096632003784,0.7491226333548958,0.6079065841594774,-3.61440632639912,0.42333333333333334,127,1.7887323943661972,6,71,HILCodec_3kbps,1089-134686-0000.flac,123
random_loss,0.4,random,zero_fill,0.1,300,30,0.42000000000000004,0.3733333333333333,1.190908432006836,1.190908432006836,1.5553100109100342,0.7177757905410995,0.5447289160059526,-6.616545082795837,0.37333333333333335,112,1.6,5,70,HILCodec_3kbps,1089-134686-0000.flac,42
random_loss,0.4,random,neighbor_copy,0.1,300,30,0.42000000000000004,0.3733333333333333,1.2867374420166016,1.2867374420166016,1.6033406257629395,0.7736133155346787,0.6306742807685349,-4.3168966117053404,0.37333333333333335,112,1.6,5,70,HILCodec_3kbps,1089-134686-0000.flac,42
random_loss,0.4,random,zero_fill,0.1,300,30,0.42333333333333334,0.3966666666666666,1.1578373908996582,1.1578373908996582,1.5531463623046875,0.6838460421573874,0.5044784728834096,-6.190296972212868,0.39666666666666667,119,1.6527777777777777,6,72,HILCodec_3kbps,1089-134686-0000.flac,123
random_loss,0.4,random,neighbor_copy,0.1,300,30,0.42333333333333334,0.3966666666666666,1.17533278465271,1.17533278465271,1.4740619659423828,0.7376100913884651,0.5975021922709417,-4.376681127829541,0.39666666666666667,119,1.6527777777777777,6,72,HILCodec_3kbps,1089-134686-0000.flac,123
random_loss,0.4,heuristic,zero_fill,0.1,300,30,0.41000000000000003,0.3766666666666667,1.148262858390808,1.148262858390808,1.5213764905929565,0.6965809343365542,0.49868245064023564,-6.896042810687955,0.37666666666666665,113,1.7121212121212122,8,66,HILCodec_3kbps,1089-134686-0000.flac,42
random_loss,0.4,heuristic,neighbor_copy,0.1,300,30,0.41000000000000003,0.3766666666666667,1.2914011478424072,1.2914011478424072,1.9185054302215576,0.817535296661601,0.6831184233293384,-4.695406319788894,0.37666666666666665,113,1.7121212121212122,8,66,HILCodec_3kbps,1089-134686-0000.flac,42
random_loss,0.4,heuristic,zero_fill,0.1,300,30,0.42333333333333334,0.38,1.2100247144699097,1.2100247144699097,1.6362550258636475,0.6714647744505371,0.4972608423519553,-5.722372114235572,0.38,114,1.7014925373134329,5,67,HILCodec_3kbps,1089-134686-0000.flac,123
random_loss,0.4,heuristic,neighbor_copy,0.1,300,30,0.42333333333333334,0.38,1.3803801536560059,1.3803801536560059,1.893554925918579,0.7735652907721651,0.6351476440397453,-2.810455856984296,0.38,114,1.7014925373134329,5,67,HILCodec_3kbps,1089-134686-0000.flac,123
random_loss,0.4,importance_aware,zero_fill,0.1,300,30,0.41000000000000003,0.3766666666666667,1.1626499891281128,1.1626499891281128,1.4251909255981445,0.6967108996164662,0.49923294881598096,-6.850722943203181,0.37666666666666665,113,1.6865671641791045,8,67,HILCodec_3kbps,1089-134686-0000.flac,42
random_loss,0.4,importance_aware,neighbor_copy,0.1,300,30,0.41000000000000003,0.3766666666666667,1.3019495010375977,1.3019495010375977,1.9400336742401123,0.818477020067222,0.6862781349457131,-4.706249898868101,0.37666666666666665,113,1.6865671641791045,8,67,HILCodec_3kbps,1089-134686-0000.flac,42
random_loss,0.4,importance_aware,zero_fill,0.1,300,30,0.42333333333333334,0.39,1.1967835426330566,1.1967835426330566,1.6102569103240967,0.6682640676252586,0.4995603167530671,-5.923166385249578,0.39,117,1.6956521739130435,5,69,HILCodec_3kbps,1089-134686-0000.flac,123
random_loss,0.4,importance_aware,neighbor_copy,0.1,300,30,0.42333333333333334,0.39,1.3699374198913574,1.3699374198913574,1.907966136932373,0.7999173690919622,0.6793529128715203,-2.88674423651294,0.39,117,1.6956521739130435,5,69,HILCodec_3kbps,1089-134686-0000.flac,123
random_loss,0.4,importance_selective,zero_fill,0.1,300,30,0.4066666666666666,0.4066666666666666,1.1512664556503296,1.1512664556503296,1.6103062629699707,0.6840586768778745,0.4724796695088995,-5.692066529079209,0.4066666666666667,122,1.6486486486486487,5,74,HILCodec_3kbps,1089-134686-0000.flac,42
random_loss,0.4,importance_selective,neighbor_copy,0.1,300,30,0.4066666666666666,0.4066666666666666,1.2974319458007812,1.2974319458007812,1.9164661169052124,0.8048024159552961,0.6506958806639161,-3.1763908996429935,0.4066666666666667,122,1.6486486486486487,5,74,HILCodec_3kbps,1089-134686-0000.flac,42
random_loss,0.4,importance_selective,zero_fill,0.1,300,30,0.43000000000000005,0.43000000000000005,1.1468651294708252,1.1468651294708252,1.6206326484680176,0.699342759761509,0.4590931154733833,-7.752278833543745,0.43,129,1.7916666666666667,5,72,HILCodec_3kbps,1089-134686-0000.flac,123
random_loss,0.4,importance_selective,neighbor_copy,0.1,300,30,0.43000000000000005,0.43000000000000005,1.2429918050765991,1.2429918050765991,1.8220223188400269,0.8058152934969948,0.653265910428445,-6.813944783444098,0.43,129,1.7916666666666667,5,72,HILCodec_3kbps,1089-134686-0000.flac,123
random_loss,0.0,none,zero_fill,0.1,300,0,0.0,0.0,2.531886339187622,2.531886339187622,3.3490564823150635,0.858452564825691,0.7823969073770315,6.208059224966915,0.0,0,0.0,0,0,HILCodec_3kbps,1188-133604-0000.flac,42
random_loss,0.0,none,neighbor_copy,0.1,300,0,0.0,0.0,2.531886339187622,2.531886339187622,3.3490564823150635,0.858452564825691,0.7823969073770316,6.208059224966915,0.0,0,0.0,0,0,HILCodec_3kbps,1188-133604-0000.flac,42
random_loss,0.0,none,zero_fill,0.1,300,0,0.0,0.0,2.531886339187622,2.531886339187622,3.3490564823150635,0.858452564825691,0.7823969073770316,6.208059224966915,0.0,0,0.0,0,0,HILCodec_3kbps,1188-133604-0000.flac,123
random_loss,0.0,none,neighbor_copy,0.1,300,0,0.0,0.0,2.531886339187622,2.531886339187622,3.3490564823150635,0.858452564825691,0.7823969073770315,6.208059224966915,0.0,0,0.0,0,0,HILCodec_3kbps,1188-133604-0000.flac,123
random_loss,0.0,random,zero_fill,0.1,300,30,0.0,0.0,2.531886339187622,2.531886339187622,3.3490564823150635,0.858452564825691,0.7823969073770316,6.208059224966915,0.0,0,0.0,0,0,HILCodec_3kbps,1188-133604-0000.flac,42
random_loss,0.0,random,neighbor_copy,0.1,300,30,0.0,0.0,2.531886339187622,2.531886339187622,3.3490564823150635,0.858452564825691,0.7823969073770316,6.208059224966915,0.0,0,0.0,0,0,HILCodec_3kbps,1188-133604-0000.flac,42
random_loss,0.0,random,zero_fill,0.1,300,30,0.0,0.0,2.531886339187622,2.531886339187622,3.3490564823150635,0.858452564825691,0.7823969073770316,6.208059224966915,0.0,0,0.0,0,0,HILCodec_3kbps,1188-133604-0000.flac,123
random_loss,0.0,random,neighbor_copy,0.1,300,30,0.0,0.0,2.531886339187622,2.531886339187622,3.3490564823150635,0.858452564825691,0.7823969073770316,6.208059224966915,0.0,0,0.0,0,0,HILCodec_3kbps,1188-133604-0000.flac,123
random_loss,0.0,heuristic,zero_fill,0.1,300,30,0.0,0.0,2.531886339187622,2.531886339187622,3.3490564823150635,0.858452564825691,0.7823969073770315,6.208059224966915,0.0,0,0.0,0,0,HILCodec_3kbps,1188-133604-0000.flac,42
random_loss,0.0,heuristic,neighbor_copy,0.1,300,30,0.0,0.0,2.531886339187622,2.531886339187622,3.3490564823150635,0.858452564825691,0.7823969073770316,6.208059224966915,0.0,0,0.0,0,0,HILCodec_3kbps,1188-133604-0000.flac,42
random_loss,0.0,heuristic,zero_fill,0.1,300,30,0.0,0.0,2.531886339187622,2.531886339187622,3.3490564823150635,0.858452564825691,0.7823969073770315,6.208059224966915,0.0,0,0.0,0,0,HILCodec_3kbps,1188-133604-0000.flac,123
random_loss,0.0,heuristic,neighbor_copy,0.1,300,30,0.0,0.0,2.531886339187622,2.531886339187622,3.3490564823150635,0.858452564825691,0.7823969073770316,6.208059224966915,0.0,0,0.0,0,0,HILCodec_3kbps,1188-133604-0000.flac,123
random_loss,0.0,importance_aware,zero_fill,0.1,300,30,0.0,0.0,2.531886339187622,2.531886339187622,3.3490564823150635,0.858452564825691,0.7823969073770315,6.208059224966915,0.0,0,0.0,0,0,HILCodec_3kbps,1188-133604-0000.flac,42
random_loss,0.0,importance_aware,neighbor_copy,0.1,300,30,0.0,0.0,2.531886339187622,2.531886339187622,3.3490564823150635,0.858452564825691,0.7823969073770315,6.208059224966915,0.0,0,0.0,0,0,HILCodec_3kbps,1188-133604-0000.flac,42
random_loss,0.0,importance_aware,zero_fill,0.1,300,30,0.0,0.0,2.531886339187622,2.531886339187622,3.3490564823150635,0.858452564825691,0.7823969073770316,6.208059224966915,0.0,0,0.0,0,0,HILCodec_3kbps,1188-133604-0000.flac,123
random_loss,0.0,importance_aware,neighbor_copy,0.1,300,30,0.0,0.0,2.531886339187622,2.531886339187622,3.3490564823150635,0.858452564825691,0.7823969073770316,6.208059224966915,0.0,0,0.0,0,0,HILCodec_3kbps,1188-133604-0000.flac,123
random_loss,0.0,importance_selective,zero_fill,0.1,300,30,0.0,0.0,2.531886339187622,2.531886339187622,3.3490564823150635,0.858452564825691,0.7823969073770316,6.208059224966915,0.0,0,0.0,0,0,HILCodec_3kbps,1188-133604-0000.flac,42
random_loss,0.0,importance_selective,neighbor_copy,0.1,300,30,0.0,0.0,2.531886339187622,2.531886339187622,3.3490564823150635,0.858452564825691,0.7823969073770316,6.208059224966915,0.0,0,0.0,0,0,HILCodec_3kbps,1188-133604-0000.flac,42
random_loss,0.0,importance_selective,zero_fill,0.1,300,30,0.0,0.0,2.531886339187622,2.531886339187622,3.3490564823150635,0.858452564825691,0.7823969073770316,6.208059224966915,0.0,0,0.0,0,0,HILCodec_3kbps,1188-133604-0000.flac,123
random_loss,0.0,importance_selective,neighbor_copy,0.1,300,30,0.0,0.0,2.531886339187622,2.531886339187622,3.3490564823150635,0.858452564825691,0.7823969073770316,6.208059224966915,0.0,0,0.0,0,0,HILCodec_3kbps,1188-133604-0000.flac,123
random_loss,0.01,none,zero_fill,0.1,300,0,0.0033333333333332993,0.0033333333333332993,2.493082284927368,2.493082284927368,3.2846615314483643,0.8574372881393363,0.7798419883392402,6.062392291389296,0.0033333333333333335,1,1.0,1,1,HILCodec_3kbps,1188-133604-0000.flac,42
random_loss,0.01,none,neighbor_copy,0.1,300,0,0.0033333333333332993,0.0033333333333332993,2.503607749938965,2.503607749938965,3.312246322631836,0.8577538594129459,0.7815513979490205,6.03459069970294,0.0033333333333333335,1,1.0,1,1,HILCodec_3kbps,1188-133604-0000.flac,42
random_loss,0.01,none,zero_fill,0.1,300,0,0.013333333333333308,0.013333333333333308,2.092963933944702,2.092963933944702,3.001990795135498,0.8486036240035417,0.767589705138272,5.107625916645406,0.013333333333333334,4,1.0,1,4,HILCodec_3kbps,1188-133604-0000.flac,123
random_loss,0.01,none,neighbor_copy,0.1,300,0,0.013333333333333308,0.013333333333333308,2.3322560787200928,2.3322560787200928,3.2161309719085693,0.855170028345289,0.7741884155771607,5.673347534163584,0.013333333333333334,4,1.0,1,4,HILCodec_3kbps,1188-133604-0000.flac,123
random_loss,0.01,random,zero_fill,0.1,300,30,0.0033333333333332993,0.0033333333333332993,2.5212016105651855,2.5212016105651855,3.3480091094970703,0.8541881933454535,0.7785755790382901,6.207740124596404,0.0033333333333333335,1,1.0,1,1,HILCodec_3kbps,1188-133604-0000.flac,42
random_loss,0.01,random,neighbor_copy,0.1,300,30,0.0033333333333332993,0.0033333333333332993,2.533682107925415,2.533682107925415,3.34875226020813,0.8580824849809565,0.7817801888533513,6.207674874167795,0.0033333333333333335,1,1.0,1,1,HILCodec_3kbps,1188-133604-0000.flac,42
random_loss,0.01,random,zero_fill,0.1,300,30,0.01666666666666672,0.01666666666666672,1.9338876008987427,1.9338876008987427,2.8801751136779785,0.8402640586047823,0.7697310684081334,5.261047437329537,0.016666666666666666,5,1.0,1,5,HILCodec_3kbps,1188-133604-0000.flac,123
random_loss,0.01,random,neighbor_copy,0.1,300,30,0.01666666666666672,0.01666666666666672,1.9867846965789795,1.9867846965789795,2.9179000854492188,0.8510735310227877,0.7732026974541965,5.414913272581101,0.016666666666666666,5,1.0,1,5,HILCodec_3kbps,1188-133604-0000.flac,123
random_loss,0.01,heuristic,zero_fill,0.1,300,30,0.0033333333333332993,0.0033333333333332993,2.493082284927368,2.493082284927368,3.2846615314483643,0.8574372881393363,0.7798419883392402,6.062392291389296,0.0033333333333333335,1,1.0,1,1,HILCodec_3kbps,1188-133604-0000.flac,42
random_loss,0.01,heuristic,neighbor_copy,0.1,300,30,0.0033333333333332993,0.0033333333333332993,2.503607749938965,2.503607749938965,3.312246322631836,0.8577538594129459,0.7815513979490205,6.03459069970294,0.0033333333333333335,1,1.0,1,1,HILCodec_3kbps,1188-133604-0000.flac,42
random_loss,0.01,heuristic,zero_fill,0.1,300,30,0.013333333333333308,0.013333333333333308,2.092963933944702,2.092963933944702,3.001990795135498,0.8486036240035417,0.767589705138272,5.107625916645406,0.013333333333333334,4,1.0,1,4,HILCodec_3kbps,1188-133604-0000.flac,123
random_loss,0.01,heuristic,neighbor_copy,0.1,300,30,0.013333333333333308,0.013333333333333308,2.3322560787200928,2.3322560787200928,3.2161309719085693,0.855170028345289,0.7741884155771607,5.673347534163584,0.013333333333333334,4,1.0,1,4,HILCodec_3kbps,1188-133604-0000.flac,123
random_loss,0.01,importance_aware,zero_fill,0.1,300,30,0.0033333333333332993,0.0033333333333332993,2.493082284927368,2.493082284927368,3.2846615314483643,0.8574372881393363,0.7798419883392403,6.062392291389296,0.0033333333333333335,1,1.0,1,1,HILCodec_3kbps,1188-133604-0000.flac,42
random_loss,0.01,importance_aware,neighbor_copy,0.1,300,30,0.0033333333333332993,0.0033333333333332993,2.503607749938965,2.503607749938965,3.312246322631836,0.8577538594129459,0.7815513979490205,6.03459069970294,0.0033333333333333335,1,1.0,1,1,HILCodec_3kbps,1188-133604-0000.flac,42
random_loss,0.01,importance_aware,zero_fill,0.1,300,30,0.013333333333333308,0.013333333333333308,2.092963933944702,2.092963933944702,3.001990795135498,0.8486036240035417,0.7675897051382718,5.107625916645406,0.013333333333333334,4,1.0,1,4,HILCodec_3kbps,1188-133604-0000.flac,123
random_loss,0.01,importance_aware,neighbor_copy,0.1,300,30,0.013333333333333308,0.013333333333333308,2.3322560787200928,2.3322560787200928,3.2161309719085693,0.855170028345289,0.7741884155771607,5.673347534163584,0.013333333333333334,4,1.0,1,4,HILCodec_3kbps,1188-133604-0000.flac,123
random_loss,0.01,importance_selective,zero_fill,0.1,300,30,0.0033333333333332993,0.0033333333333332993,2.4741251468658447,2.4741251468658447,3.3071815967559814,0.8570787252484388,0.781441972560974,6.073517184289566,0.0033333333333333335,1,1.0,1,1,HILCodec_3kbps,1188-133604-0000.flac,42
random_loss,0.01,importance_selective,neighbor_copy,0.1,300,30,0.0033333333333332993,0.0033333333333332993,2.5174734592437744,2.5174734592437744,3.3287360668182373,0.85790674578453,0.7812811738449692,6.118816788342151,0.0033333333333333335,1,1.0,1,1,HILCodec_3kbps,1188-133604-0000.flac,42
random_loss,0.01,importance_selective,zero_fill,0.1,300,30,0.010000000000000009,0.010000000000000009,2.2842328548431396,2.2842328548431396,3.206413507461548,0.8572881036478461,0.7760370372252604,6.188385693853214,0.01,3,1.0,1,3,HILCodec_3kbps,1188-133604-0000.flac,123
random_loss,0.01,importance_selective,neighbor_copy,0.1,300,30,0.010000000000000009,0.010000000000000009,2.286893844604492,2.286893844604492,3.2374041080474854,0.8559515915257624,0.7768200902568131,6.1730195914848975,0.01,3,1.0,1,3,HILCodec_3kbps,1188-133604-0000.flac,123
random_loss,0.03,none,zero_fill,0.1,300,0,0.026666666666666616,0.026666666666666616,2.1869163513183594,2.1869163513183594,3.056575059890747,0.8110362571531117,0.7536961211391624,5.241620460734261,0.02666666666666667,8,1.0,1,8,HILCodec_3kbps,1188-133604-0000.flac,42
random_loss,0.03,none,neighbor_copy,0.1,300,0,0.026666666666666616,0.026666666666666616,2.353069543838501,2.353069543838501,3.254539966583252,0.8481162745217493,0.772109224872579,5.403278670092479,0.02666666666666667,8,1.0,1,8,HILCodec_3kbps,1188-133604-0000.flac,42
random_loss,0.03,none,zero_fill,0.1,300,0,0.033333333333333326,0.033333333333333326,1.798245906829834,1.798245906829834,2.7407116889953613,0.808093298786574,0.7490834341771451,4.9923811845166055,0.03333333333333333,10,1.0,1,10,HILCodec_3kbps,1188-133604-0000.flac,123
random_loss,0.03,none,neighbor_copy,0.1,300,0,0.033333333333333326,0.033333333333333326,2.1317453384399414,2.1317453384399414,3.1165244579315186,0.8496975714695234,0.7649756753314709,5.495917664832071,0.03333333333333333,10,1.0,1,10,HILCodec_3kbps,1188-133604-0000.flac,123
random_loss,0.03,random,zero_fill,0.1,300,30,0.026666666666666616,0.020000000000000018,1.949350357055664,1.949350357055664,2.7943356037139893,0.8069102156287045,0.7606310265367672,5.472226942025494,0.02,6,1.0,1,6,HILCodec_3kbps,1188-133604-0000.flac,42
random_loss,0.03,random,neighbor_copy,0.1,300,30,0.026666666666666616,0.020000000000000018,2.189457893371582,2.189457893371582,3.0969579219818115,0.8504171151249399,0.775333938756755,5.4473405148710174,0.02,6,1.0,1,6,HILCodec_3kbps,1188-133604-0000.flac,42
random_loss,0.03,random,zero_fill,0.1,300,30,0.033333333333333326,0.033333333333333326,1.8422726392745972,1.8422726392745972,2.7748923301696777,0.8342975447991893,0.7616960264369574,4.751190596756717,0.03333333333333333,10,1.0,1,10,HILCodec_3kbps,1188-133604-0000.flac,123
random_loss,0.03,random,neighbor_copy,0.1,300,30,0.033333333333333326,0.033333333333333326,1.949587106704712,1.949587106704712,2.8355727195739746,0.8474257345708616,0.7676978992110085,4.953673440181524,0.03333333333333333,10,1.0,1,10,HILCodec_3kbps,1188-133604-0000.flac,123
random_loss,0.03,heuristic,zero_fill,0.1,300,30,0.026666666666666616,0.023333333333333317,2.245154619216919,2.245154619216919,3.1317265033721924,0.8402348853308118,0.7593998084673946,5.244889312575571,0.023333333333333334,7,1.0,1,7,HILCodec_3kbps,1188-133604-0000.flac,42
random_loss,0.03,heuristic,neighbor_copy,0.1,300,30,0.026666666666666616,0.023333333333333317,2.3657920360565186,2.3657920360565186,3.261472225189209,0.8534707230053497,0.7731338103563858,5.404909882006283,0.023333333333333334,7,1.0,1,7,HILCodec_3kbps,1188-133604-0000.flac,42
random_loss,0.03,heuristic,zero_fill,0.1,300,30,0.033333333333333326,0.033333333333333326,1.798245906829834,1.798245906829834,2.7407116889953613,0.808093298786574,0.7490834341771451,4.9923811845166055,0.03333333333333333,10,1.0,1,10,HILCodec_3kbps,1188-133604-0000.flac,123
random_loss,0.03,heuristic,neighbor_copy,0.1,300,30,0.033333333333333326,0.033333333333333326,2.1317453384399414,2.1317453384399414,3.1165244579315186,0.8496975714695234,0.7649756753314709,5.495917664832071,0.03333333333333333,10,1.0,1,10,HILCodec_3kbps,1188-133604-0000.flac,123
random_loss,0.03,importance_aware,zero_fill,0.1,300,30,0.026666666666666616,0.023333333333333317,2.245154619216919,2.245154619216919,3.1317265033721924,0.8402348853308118,0.7593998084673946,5.244889312575571,0.023333333333333334,7,1.0,1,7,HILCodec_3kbps,1188-133604-0000.flac,42
random_loss,0.03,importance_aware,neighbor_copy,0.1,300,30,0.026666666666666616,0.023333333333333317,2.3657920360565186,2.3657920360565186,3.261472225189209,0.8534707230053497,0.773133810356386,5.404909882006283,0.023333333333333334,7,1.0,1,7,HILCodec_3kbps,1188-133604-0000.flac,42
random_loss,0.03,importance_aware,zero_fill,0.1,300,30,0.033333333333333326,0.033333333333333326,1.798245906829834,1.798245906829834,2.7407116889953613,0.808093298786574,0.7490834341771451,4.9923811845166055,0.03333333333333333,10,1.0,1,10,HILCodec_3kbps,1188-133604-0000.flac,123
random_loss,0.03,importance_aware,neighbor_copy,0.1,300,30,0.033333333333333326,0.033333333333333326,2.1317453384399414,2.1317453384399414,3.1165244579315186,0.8496975714695234,0.7649756753314708,5.495917664832071,0.03333333333333333,10,1.0,1,10,HILCodec_3kbps,1188-133604-0000.flac,123
random_loss,0.03,importance_selective,zero_fill,0.1,300,30,0.030000000000000027,0.030000000000000027,1.8711916208267212,1.8711916208267212,2.7531158924102783,0.798592124986558,0.7487036277354355,5.6474382318298915,0.03,9,1.0,1,9,HILCodec_3kbps,1188-133604-0000.flac,42
random_loss,0.03,importance_selective,neighbor_copy,0.1,300,30,0.030000000000000027,0.030000000000000027,2.0740268230438232,2.0740268230438232,3.0730161666870117,0.8505886231739241,0.7708757645190482,5.625520861722416,0.03,9,1.0,1,9,HILCodec_3kbps,1188-133604-0000.flac,42
random_loss,0.03,importance_selective,zero_fill,0.1,300,30,0.036666666666666625,0.036666666666666625,1.8301210403442383,1.8301210403442383,2.6018571853637695,0.8018851435560146,0.7378224887124396,3.542947361860099,0.03666666666666667,11,1.1,2,10,HILCodec_3kbps,1188-133604-0000.flac,123
random_loss,0.03,importance_selective,neighbor_copy,0.1,300,30,0.036666666666666625,0.036666666666666625,2.016091823577881,2.016091823577881,3.014777421951294,0.8486632027207865,0.7606329213118036,4.49840434143571,0.03666666666666667,11,1.1,2,10,HILCodec_3kbps,1188-133604-0000.flac,123
random_loss,0.05,none,zero_fill,0.1,300,0,0.050000000000000044,0.050000000000000044,1.7829651832580566,1.7829651832580566,2.5750396251678467,0.7619753967479067,0.7293846648727278,3.7999455099771398,0.05,15,1.0,1,15,HILCodec_3kbps,1188-133604-0000.flac,42
random_loss,0.05,none,neighbor_copy,0.1,300,0,0.050000000000000044,0.050000000000000044,2.0118296146392822,2.0118296146392822,2.941169023513794,0.8425047230473994,0.7634331827066788,4.2974425527845685,0.05,15,1.0,1,15,HILCodec_3kbps,1188-133604-0000.flac,42
random_loss,0.05,none,zero_fill,0.1,300,0,0.050000000000000044,0.050000000000000044,1.6467289924621582,1.6467289924621582,2.251479148864746,0.7768694364425273,0.7223080774700887,4.065657564730195,0.05,15,1.0714285714285714,2,14,HILCodec_3kbps,1188-133604-0000.flac,123
random_loss,0.05,none,neighbor_copy,0.1,300,0,0.050000000000000044,0.050000000000000044,2.1626570224761963,2.1626570224761963,3.088702440261841,0.8436518776342025,0.7516212921423011,5.180305631372852,0.05,15,1.0714285714285714,2,14,HILCodec_3kbps,1188-133604-0000.flac,123
random_loss,0.05,random,zero_fill,0.1,300,30,0.046666666666666634,0.033333333333333326,1.8271896839141846,1.8271896839141846,2.645695447921753,0.7947566985414333,0.7466128293247563,5.249329763122919,0.03333333333333333,10,1.0,1,10,HILCodec_3kbps,1188-133604-0000.flac,42
random_loss,0.05,random,neighbor_copy,0.1,300,30,0.046666666666666634,0.033333333333333326,2.1121461391448975,2.1121461391448975,3.0502798557281494,0.8421075426108855,0.7714530751119127,5.305319758573399,0.03333333333333333,10,1.0,1,10,HILCodec_3kbps,1188-133604-0000.flac,42
random_loss,0.05,random,zero_fill,0.1,300,30,0.053333333333333344,0.050000000000000044,1.8018403053283691,1.8018403053283691,2.5795581340789795,0.8155457739620088,0.7462985583851317,3.771677266909987,0.05,15,1.0714285714285714,2,14,HILCodec_3kbps,1188-133604-0000.flac,123
random_loss,0.05,random,neighbor_copy,0.1,300,30,0.053333333333333344,0.050000000000000044,1.9444811344146729,1.9444811344146729,2.821258306503296,0.8431719718645033,0.7613697363094859,4.631469557178397,0.05,15,1.0714285714285714,2,14,HILCodec_3kbps,1188-133604-0000.flac,123
random_loss,0.05,heuristic,zero_fill,0.1,300,30,0.050000000000000044,0.046666666666666634,1.8160631656646729,1.8160631656646729,2.630531072616577,0.7911740249256066,0.7350883522009602,3.8025465660225684,0.04666666666666667,14,1.0,1,14,HILCodec_3kbps,1188-133604-0000.flac,42
random_loss,0.05,heuristic,neighbor_copy,0.1,300,30,0.050000000000000044,0.046666666666666634,2.0215163230895996,2.0215163230895996,2.9455039501190186,0.8478591715309995,0.7644577681904854,4.298867909134564,0.04666666666666667,14,1.0,1,14,HILCodec_3kbps,1188-133604-0000.flac,42
random_loss,0.05,heuristic,zero_fill,0.1,300,30,0.050000000000000044,0.046666666666666634,1.6541709899902344,1.6541709899902344,2.2661468982696533,0.7780443096380001,0.723114687121114,4.0661606617617245,0.04666666666666667,14,1.0769230769230769,2,13,HILCodec_3kbps,1188-133604-0000.flac,123
random_loss,0.05,heuristic,neighbor_copy,0.1,300,30,0.050000000000000044,0.046666666666666634,2.1579291820526123,2.1579291820526123,3.08538818359375,0.844124062054457,0.751479820959291,5.180691341213919,0.04666666666666667,14,1.0769230769230769,2,13,HILCodec_3kbps,1188-133604-0000.flac,123
random_loss,0.05,importance_aware,zero_fill,0.1,300,30,0.050000000000000044,0.040000000000000036,2.0326781272888184,2.0326781272888184,2.9161157608032227,0.8274338419786822,0.7541906963525412,4.741555658413357,0.04,12,1.0,1,12,HILCodec_3kbps,1188-133604-0000.flac,42
random_loss,0.05,importance_aware,neighbor_copy,0.1,300,30,0.050000000000000044,0.040000000000000036,2.26361346244812,2.26361346244812,3.169545888900757,0.8511361997409338,0.7676408339199584,5.192148531958232,0.04,12,1.0,1,12,HILCodec_3kbps,1188-133604-0000.flac,42
random_loss,0.05,importance_aware,zero_fill,0.1,300,30,0.050000000000000044,0.050000000000000044,1.6467289924621582,1.6467289924621582,2.251479148864746,0.7768694364425273,0.7223080774700888,4.065657564730195,0.05,15,1.0714285714285714,2,14,HILCodec_3kbps,1188-133604-0000.flac,123
random_loss,0.05,importance_aware,neighbor_copy,0.1,300,30,0.050000000000000044,0.050000000000000044,2.1626570224761963,2.1626570224761963,3.088702440261841,0.8436518776342025,0.7516212921423012,5.180305631372852,0.05,15,1.0714285714285714,2,14,HILCodec_3kbps,1188-133604-0000.flac,123
random_loss,0.05,importance_selective,zero_fill,0.1,300,30,0.043333333333333335,0.043333333333333335,1.755861520767212,1.755861520767212,2.6420199871063232,0.7874310106178809,0.7365740248642852,4.998291433832795,0.043333333333333335,13,1.0,1,13,HILCodec_3kbps,1188-133604-0000.flac,42
random_loss,0.05,importance_selective,neighbor_copy,0.1,300,30,0.043333333333333335,0.043333333333333335,1.9599531888961792,1.9599531888961792,2.9995641708374023,0.8463237504444869,0.7638691123137481,5.128356916440026,0.043333333333333335,13,1.0,1,13,HILCodec_3kbps,1188-133604-0000.flac,42
random_loss,0.05,importance_selective,zero_fill,0.1,300,30,0.050000000000000044,0.050000000000000044,1.8100746870040894,1.8100746870040894,2.619976043701172,0.8001601073315783,0.7347821828617128,3.5347897386864346,0.05,15,1.0714285714285714,2,14,HILCodec_3kbps,1188-133604-0000.flac,123
random_loss,0.05,importance_selective,neighbor_copy,0.1,300,30,0.050000000000000044,0.050000000000000044,2.0086562633514404,2.0086562633514404,2.9971566200256348,0.8482895508422797,0.7583325802045041,4.50899406438203,0.05,15,1.0714285714285714,2,14,HILCodec_3kbps,1188-133604-0000.flac,123
random_loss,0.1,none,zero_fill,0.1,300,0,0.09666666666666668,0.09666666666666668,1.5334804058074951,1.5334804058074951,2.255472183227539,0.7130886724833877,0.685575193848227,2.581559691034165,0.09666666666666666,29,1.0740740740740742,2,27,HILCodec_3kbps,1188-133604-0000.flac,42
random_loss,0.1,none,neighbor_copy,0.1,300,0,0.09666666666666668,0.09666666666666668,1.805984616279602,1.805984616279602,2.7953832149505615,0.8185218181815527,0.7339214667768441,3.572201117304019,0.09666666666666666,29,1.0740740740740742,2,27,HILCodec_3kbps,1188-133604-0000.flac,42
random_loss,0.1,none,zero_fill,0.1,300,0,0.09999999999999998,0.09999999999999998,1.4791678190231323,1.4791678190231323,2.033416509628296,0.7334794109664602,0.6878432662563513,3.041250133191151,0.1,30,1.1111111111111112,2,27,HILCodec_3kbps,1188-133604-0000.flac,123
random_loss,0.1,none,neighbor_copy,0.1,300,0,0.09999999999999998,0.09999999999999998,1.8856992721557617,1.8856992721557617,2.8869447708129883,0.8228497580592222,0.7290254766685662,4.0956907273559775,0.1,30,1.1111111111111112,2,27,HILCodec_3kbps,1188-133604-0000.flac,123
random_loss,0.1,random,zero_fill,0.1,300,30,0.08666666666666667,0.06999999999999995,1.550405740737915,1.550405740737915,2.2319259643554688,0.7352574212175047,0.6977379635899637,2.9281289321383874,0.07,21,1.105263157894737,2,19,HILCodec_3kbps,1188-133604-0000.flac,42
random_loss,0.1,random,neighbor_copy,0.1,300,30,0.08666666666666667,0.06999999999999995,1.7061982154846191,1.7061982154846191,2.7061386108398438,0.8193364986230757,0.7470047344369733,3.241445355499128,0.07,21,1.105263157894737,2,19,HILCodec_3kbps,1188-133604-0000.flac,42
random_loss,0.1,random,zero_fill,0.1,300,30,0.10666666666666669,0.10333333333333339,1.4620356559753418,1.4620356559753418,2.0749857425689697,0.6923042671980667,0.6690196527574993,1.729804732008953,0.10333333333333333,31,1.1481481481481481,2,27,HILCodec_3kbps,1188-133604-0000.flac,123
random_loss,0.1,random,neighbor_copy,0.1,300,30,0.10666666666666669,0.10333333333333339,1.8340730667114258,1.8340730667114258,2.6322829723358154,0.8253898443924718,0.7357289271912354,3.1463387673753704,0.10333333333333333,31,1.1481481481481481,2,27,HILCodec_3kbps,1188-133604-0000.flac,123
random_loss,0.1,heuristic,zero_fill,0.1,300,30,0.09666666666666668,0.08666666666666667,1.5564913749694824,1.5564913749694824,2.298509120941162,0.7419840054676279,0.6923131056481929,2.584013623887062,0.08666666666666667,26,1.0833333333333333,2,24,HILCodec_3kbps,1188-133604-0000.flac,42
random_loss,0.1,heuristic,neighbor_copy,0.1,300,30,0.09666666666666668,0.08666666666666667,1.8158236742019653,1.8158236742019653,2.79823637008667,0.8264688360557793,0.7364750945826445,3.5736387599502244,0.08666666666666667,26,1.0833333333333333,2,24,HILCodec_3kbps,1188-133604-0000.flac,42
random_loss,0.1,heuristic,zero_fill,0.1,300,30,0.09999999999999998,0.08999999999999997,1.487338662147522,1.487338662147522,2.0506179332733154,0.7334077029633652,0.6906298509659021,3.0343867120601518,0.09,27,1.125,2,24,HILCodec_3kbps,1188-133604-0000.flac,123
random_loss,0.1,heuristic,neighbor_copy,0.1,300,30,0.09999999999999998,0.08999999999999997,1.890387773513794,1.890387773513794,2.899120330810547,0.823949776644779,0.7286377384398666,4.0965669444765815,0.09,27,1.125,2,24,HILCodec_3kbps,1188-133604-0000.flac,123
random_loss,0.1,importance_aware,zero_fill,0.1,300,30,0.09666666666666668,0.07999999999999996,1.7128760814666748,1.7128760814666748,2.5274314880371094,0.7836395060163661,0.7125993062069463,3.5546763150038037,0.08,24,1.0909090909090908,2,22,HILCodec_3kbps,1188-133604-0000.flac,42
random_loss,0.1,importance_aware,neighbor_copy,0.1,300,30,0.09666666666666668,0.07999999999999996,2.01418137550354,2.01418137550354,3.000190258026123,0.8290853183306522,0.739534732600697,4.409368477219148,0.08,24,1.0909090909090908,2,22,HILCodec_3kbps,1188-133604-0000.flac,42
random_loss,0.1,importance_aware,zero_fill,0.1,300,30,0.09999999999999998,0.09333333333333338,1.484013557434082,1.484013557434082,2.0451300144195557,0.7351594022771217,0.6902859299700087,3.033943347560575,0.09333333333333334,28,1.12,2,25,HILCodec_3kbps,1188-133604-0000.flac,123
random_loss,0.1,importance_aware,neighbor_copy,0.1,300,30,0.09999999999999998,0.09333333333333338,1.892382025718689,1.892382025718689,2.900942802429199,0.823332221137879,0.7287151764413429,4.096238686592587,0.09333333333333334,28,1.12,2,25,HILCodec_3kbps,1188-133604-0000.flac,123
random_loss,0.1,importance_selective,zero_fill,0.1,300,30,0.09666666666666668,0.09666666666666668,1.434138536453247,1.434138536453247,2.22164249420166,0.7260413831581171,0.6880189286456142,3.243697611417452,0.09666666666666666,29,1.1153846153846154,2,26,HILCodec_3kbps,1188-133604-0000.flac,42
random_loss,0.1,importance_selective,neighbor_copy,0.1,300,30,0.09666666666666668,0.09666666666666668,1.688241720199585,1.688241720199585,2.7491161823272705,0.827335512306331,0.7390329646402906,3.6268961348369935,0.09666666666666666,29,1.1153846153846154,2,26,HILCodec_3kbps,1188-133604-0000.flac,42
random_loss,0.1,importance_selective,zero_fill,0.1,300,30,0.08666666666666667,0.08666666666666667,1.4275840520858765,1.4275840520858765,2.2177300453186035,0.7607222160552422,0.6739228545835485,2.5387826924805177,0.08666666666666667,26,1.1304347826086956,2,23,HILCodec_3kbps,1188-133604-0000.flac,123
random_loss,0.1,importance_selective,neighbor_copy,0.1,300,30,0.08666666666666667,0.08666666666666667,1.6005135774612427,1.6005135774612427,2.6219112873077393,0.8201325240314158,0.7276189820401565,3.5041870672172912,0.08666666666666667,26,1.1304347826086956,2,23,HILCodec_3kbps,1188-133604-0000.flac,123
random_loss,0.2,none,zero_fill,0.1,300,0,0.24,0.24,1.2182730436325073,1.2182730436325073,1.624190330505371,0.5937479536962704,0.5522872788055757,-2.1799290488693757,0.24,72,1.44,6,50,HILCodec_3kbps,1188-133604-0000.flac,42
random_loss,0.2,none,neighbor_copy,0.1,300,0,0.24,0.24,1.3432915210723877,1.3432915210723877,2.12402606010437,0.7521235354972835,0.6472061581830778,-0.4999458353616184,0.24,72,1.44,6,50,HILCodec_3kbps,1188-133604-0000.flac,42
random_loss,0.2,none,zero_fill,0.1,300,0,0.20666666666666667,0.20666666666666667,1.2542707920074463,1.2542707920074463,1.7360119819641113,0.5970579497214736,0.5581594584680486,0.010785477345363276,0.20666666666666667,62,1.3478260869565217,4,46,HILCodec_3kbps,1188-133604-0000.flac,123
random_loss,0.2,none,neighbor_copy,0.1,300,0,0.20666666666666667,0.20666666666666667,1.4179847240447998,1.4179847240447998,2.3161368370056152,0.7728917495570113,0.6569057916803004,1.1607070789054454,0.20666666666666667,62,1.3478260869565217,4,46,HILCodec_3kbps,1188-133604-0000.flac,123
random_loss,0.2,random,zero_fill,0.1,300,30,0.22666666666666668,0.19666666666666666,1.2631187438964844,1.2631187438964844,1.8955025672912598,0.6069281526831575,0.5715814656263407,0.07131326820063852,0.19666666666666666,59,1.4047619047619047,5,42,HILCodec_3kbps,1188-133604-0000.flac,42
random_loss,0.2,random,neighbor_copy,0.1,300,30,0.22666666666666668,0.19666666666666666,1.3500189781188965,1.3500189781188965,2.235457181930542,0.767791927020324,0.6647475028948975,1.8394995230926563,0.19666666666666666,59,1.4047619047619047,5,42,HILCodec_3kbps,1188-133604-0000.flac,42
random_loss,0.2,random,zero_fill,0.1,300,30,0.20333333333333337,0.19333333333333336,1.2262310981750488,1.2262310981750488,1.708648443222046,0.6149852822940519,0.5368977653206102,-1.1221896747771634,0.19333333333333333,58,1.3181818181818181,4,44,HILCodec_3kbps,1188-133604-0000.flac,123
random_loss,0.2,random,neighbor_copy,0.1,300,30,0.20333333333333337,0.19333333333333336,1.4542299509048462,1.4542299509048462,2.246206760406494,0.7943693859341716,0.6868559677835396,0.303655376183499,0.19333333333333333,58,1.3181818181818181,4,44,HILCodec_3kbps,1188-133604-0000.flac,123
random_loss,0.2,heuristic,zero_fill,0.1,300,30,0.24,0.20999999999999996,1.2440513372421265,1.2440513372421265,1.651183843612671,0.6284732678718516,0.5563767349836912,-2.097303503507294,0.21,63,1.4318181818181819,6,44,HILCodec_3kbps,1188-133604-0000.flac,42
random_loss,0.2,heuristic,neighbor_copy,0.1,300,30,0.24,0.20999999999999996,1.3634092807769775,1.3634092807769775,2.1570487022399902,0.779358620063071,0.6595512347233897,-0.4844106994678037,0.21,63,1.4318181818181819,6,44,HILCodec_3kbps,1188-133604-0000.flac,42
random_loss,0.2,heuristic,zero_fill,0.1,300,30,0.20666666666666667,0.18333333333333335,1.2643344402313232,1.2643344402313232,1.6818211078643799,0.5992945891220975,0.5654972437654392,0.006338674460816854,0.18333333333333332,55,1.3414634146341464,4,41,HILCodec_3kbps,1188-133604-0000.flac,123
random_loss,0.2,heuristic,neighbor_copy,0.1,300,30,0.20666666666666667,0.18333333333333335,1.4258538484573364,1.4258538484573364,2.329641342163086,0.7844940324912623,0.6667686417308202,1.1698004181093986,0.18333333333333332,55,1.3414634146341464,4,41,HILCodec_3kbps,1188-133604-0000.flac,123
random_loss,0.2,importance_aware,zero_fill,0.1,300,30,0.24,0.21333333333333337,1.271979808807373,1.271979808807373,1.7765247821807861,0.6589856603821986,0.5867608270792904,-1.4732874686641182,0.21333333333333335,64,1.4545454545454546,6,44,HILCodec_3kbps,1188-133604-0000.flac,42
random_loss,0.2,importance_aware,neighbor_copy,0.1,300,30,0.24,0.21333333333333337,1.4515736103057861,1.4515736103057861,2.3189280033111572,0.7744641962911029,0.662164591143973,0.15299877571004278,0.21333333333333335,64,1.4545454545454546,6,44,HILCodec_3kbps,1188-133604-0000.flac,42
random_loss,0.2,importance_aware,zero_fill,0.1,300,30,0.20666666666666667,0.18999999999999995,1.2512562274932861,1.2512562274932861,1.6748127937316895,0.6110551682173986,0.5682025265540446,0.09022399784630808,0.19,57,1.3255813953488371,4,43,HILCodec_3kbps,1188-133604-0000.flac,123
random_loss,0.2,importance_aware,neighbor_copy,0.1,300,30,0.20666666666666667,0.18999999999999995,1.4132702350616455,1.4132702350616455,2.3361103534698486,0.7783153860303951,0.6649150038885898,1.1911146876758252,0.19,57,1.3255813953488371,4,43,HILCodec_3kbps,1188-133604-0000.flac,123
random_loss,0.2,importance_selective,zero_fill,0.1,300,30,0.21666666666666667,0.21666666666666667,1.2329328060150146,1.2329328060150146,1.8399168252944946,0.6432678725019096,0.5428010391583316,0.07846075505999933,0.21666666666666667,65,1.3265306122448979,3,49,HILCodec_3kbps,1188-133604-0000.flac,42
random_loss,0.2,importance_selective,neighbor_copy,0.1,300,30,0.21666666666666667,0.21666666666666667,1.4205548763275146,1.4205548763275146,2.3339383602142334,0.7871651102214702,0.6759072662693976,1.2272632778518653,0.21666666666666667,65,1.3265306122448979,3,49,HILCodec_3kbps,1188-133604-0000.flac,42
random_loss,0.2,importance_selective,zero_fill,0.1,300,30,0.20666666666666667,0.20666666666666667,1.2913703918457031,1.2913703918457031,1.9081804752349854,0.6822124498251919,0.5887461541236462,0.02935395102298622,0.20666666666666667,62,1.24,4,50,HILCodec_3kbps,1188-133604-0000.flac,123
random_loss,0.2,importance_selective,neighbor_copy,0.1,300,30,0.20666666666666667,0.20666666666666667,1.4492896795272827,1.4492896795272827,2.3533811569213867,0.7872376890411775,0.6733824647790435,1.3504361174505897,0.20666666666666667,62,1.24,4,50,HILCodec_3kbps,1188-133604-0000.flac,123
random_loss,0.3,none,zero_fill,0.1,300,0,0.32333333333333336,0.32333333333333336,1.156843900680542,1.156843900680542,1.542802333831787,0.5438546015378586,0.44669948648866614,-6.143607043457557,0.3233333333333333,97,1.564516129032258,8,62,HILCodec_3kbps,1188-133604-0000.flac,42
random_loss,0.3,none,neighbor_copy,0.1,300,0,0.32333333333333336,0.32333333333333336,1.2269108295440674,1.2269108295440674,1.8768665790557861,0.7054995581034135,0.5943650954040507,-5.196385009860736,0.3233333333333333,97,1.564516129032258,8,62,HILCodec_3kbps,1188-133604-0000.flac,42
random_loss,0.3,none,zero_fill,0.1,300,0,0.3433333333333334,0.3433333333333334,1.1323773860931396,1.1323773860931396,1.6876585483551025,0.49927555387153655,0.39806172355921265,-4.162944963457927,0.3433333333333333,103,1.5846153846153845,6,65,HILCodec_3kbps,1188-133604-0000.flac,123
random_loss,0.3,none,neighbor_copy,0.1,300,0,0.3433333333333334,0.3433333333333334,1.2404311895370483,1.2404311895370483,1.9251863956451416,0.6937792401268645,0.561797615713395,-2.2661118958381725,0.3433333333333333,103,1.5846153846153845,6,65,HILCodec_3kbps,1188-133604-0000.flac,123
random_loss,0.3,random,zero_fill,0.1,300,30,0.31999999999999995,0.2833333333333333,1.2013301849365234,1.2013301849365234,1.6576447486877441,0.5551433923352289,0.49822635479821137,-3.1133053433535025,0.2833333333333333,85,1.4655172413793103,5,58,HILCodec_3kbps,1188-133604-0000.flac,42
random_loss,0.3,random,neighbor_copy,0.1,300,30,0.31999999999999995,0.2833333333333333,1.2389353513717651,1.2389353513717651,1.926682949066162,0.7137510667765379,0.6058756519285012,-0.5026233080598517,0.2833333333333333,85,1.4655172413793103,5,58,HILCodec_3kbps,1188-133604-0000.flac,42
random_loss,0.3,random,zero_fill,0.1,300,30,0.32666666666666666,0.31000000000000005,1.1651585102081299,1.1651585102081299,1.536383867263794,0.5499430299487967,0.4143458936565354,-3.796031287205629,0.31,93,1.5245901639344261,6,61,HILCodec_3kbps,1188-133604-0000.flac,123
random_loss,0.3,random,neighbor_copy,0.1,300,30,0.32666666666666666,0.31000000000000005,1.2482985258102417,1.2482985258102417,1.8598878383636475,0.7226346827120663,0.5986452248710102,-2.0448352601216886,0.31,93,1.5245901639344261,6,61,HILCodec_3kbps,1188-133604-0000.flac,123
random_loss,0.3,heuristic,zero_fill,0.1,300,30,0.32333333333333336,0.2866666666666666,1.1662439107894897,1.1662439107894897,1.5602211952209473,0.5706114692654611,0.45474164021489377,-6.06189140575002,0.2866666666666667,86,1.5357142857142858,7,56,HILCodec_3kbps,1188-133604-0000.flac,42
random_loss,0.3,heuristic,neighbor_copy,0.1,300,30,0.32333333333333336,0.2866666666666666,1.235652208328247,1.235652208328247,1.8675646781921387,0.7239263440979001,0.5956981908479207,-5.18205533261418,0.2866666666666667,86,1.5357142857142858,7,56,HILCodec_3kbps,1188-133604-0000.flac,42
random_loss,0.3,heuristic,zero_fill,0.1,300,30,0.3433333333333334,0.31000000000000005,1.1610920429229736,1.1610920429229736,1.543092966079712,0.5125441025087097,0.4330745534344585,-3.911624396323794,0.31,93,1.5245901639344261,6,61,HILCodec_3kbps,1188-133604-0000.flac,123
random_loss,0.3,heuristic,neighbor_copy,0.1,300,30,0.3433333333333334,0.31000000000000005,1.2792091369628906,1.2792091369628906,2.0015437602996826,0.7135165721691066,0.5804116797678815,-2.3072019309282745,0.31,93,1.5245901639344261,6,61,HILCodec_3kbps,1188-133604-0000.flac,123
random_loss,0.3,importance_aware,zero_fill,0.1,300,30,0.32333333333333336,0.29000000000000004,1.2074931859970093,1.2074931859970093,1.6939306259155273,0.609696809786699,0.49960289053045576,-5.230923982272707,0.29,87,1.5535714285714286,8,56,HILCodec_3kbps,1188-133604-0000.flac,42
random_loss,0.3,importance_aware,neighbor_copy,0.1,300,30,0.32333333333333336,0.29000000000000004,1.2989343404769897,1.2989343404769897,1.9953994750976562,0.7300267584118453,0.6181196365563574,-4.139561422663846,0.29,87,1.5535714285714286,8,56,HILCodec_3kbps,1188-133604-0000.flac,42
random_loss,0.3,importance_aware,zero_fill,0.1,300,30,0.3433333333333334,0.31000000000000005,1.15403151512146,1.15403151512146,1.513898491859436,0.5172582295046666,0.427751976538955,-3.7814555190464367,0.31,93,1.5,6,62,HILCodec_3kbps,1188-133604-0000.flac,123
random_loss,0.3,importance_aware,neighbor_copy,0.1,300,30,0.3433333333333334,0.31000000000000005,1.2694674730300903,1.2694674730300903,2.0964207649230957,0.7123822455941017,0.5839069748415499,-2.1432859727980778,0.31,93,1.5,6,62,HILCodec_3kbps,1188-133604-0000.flac,123
random_loss,0.3,importance_selective,zero_fill,0.1,300,30,0.32666666666666666,0.32666666666666666,1.157071590423584,1.157071590423584,1.648768424987793,0.5565558844178002,0.44341318283902026,-3.3965573087691405,0.32666666666666666,98,1.5076923076923077,4,65,HILCodec_3kbps,1188-133604-0000.flac,42
random_loss,0.3,importance_selective,neighbor_copy,0.1,300,30,0.32666666666666666,0.32666666666666666,1.2668683528900146,1.2668683528900146,2.0262537002563477,0.7228565507658912,0.595675267251198,-2.6765312025887846,0.32666666666666666,98,1.5076923076923077,4,65,HILCodec_3kbps,1188-133604-0000.flac,42
random_loss,0.3,importance_selective,zero_fill,0.1,300,30,0.33333333333333337,0.33333333333333337,1.193530559539795,1.193530559539795,1.6768053770065308,0.5862713241631194,0.4559665167330228,-2.8098406024471334,0.3333333333333333,100,1.5151515151515151,5,66,HILCodec_3kbps,1188-133604-0000.flac,123
random_loss,0.3,importance_selective,neighbor_copy,0.1,300,30,0.33333333333333337,0.33333333333333337,1.212005615234375,1.212005615234375,1.8612604141235352,0.7287993610490423,0.5802348774175143,-1.6949303128750357,0.3333333333333333,100,1.5151515151515151,5,66,HILCodec_3kbps,1188-133604-0000.flac,123
random_loss,0.4,none,zero_fill,0.1,300,0,0.41000000000000003,0.41000000000000003,1.1402140855789185,1.1402140855789185,1.4976773262023926,0.4975438409976243,0.3415828232556862,-8.89377780189795,0.41,123,1.662162162162162,8,74,HILCodec_3kbps,1188-133604-0000.flac,42
random_loss,0.4,none,neighbor_copy,0.1,300,0,0.41000000000000003,0.41000000000000003,1.1946098804473877,1.1946098804473877,1.786508321762085,0.682184433750074,0.5527172305205941,-6.50768103783199,0.41,123,1.662162162162162,8,74,HILCodec_3kbps,1188-133604-0000.flac,42
random_loss,0.4,none,zero_fill,0.1,300,0,0.42333333333333334,0.42333333333333334,1.1005553007125854,1.1005553007125854,1.326890468597412,0.4714818759691944,0.30377199700436386,-6.611225826653212,0.42333333333333334,127,1.7887323943661972,6,71,HILCodec_3kbps,1188-133604-0000.flac,123
random_loss,0.4,none,neighbor_copy,0.1,300,0,0.42333333333333334,0.42333333333333334,1.1770732402801514,1.1770732402801514,1.6792255640029907,0.631263738934531,0.49942461446322234,-5.425428334071709,0.42333333333333334,127,1.7887323943661972,6,71,HILCodec_3kbps,1188-133604-0000.flac,123
random_loss,0.4,random,zero_fill,0.1,300,30,0.42000000000000004,0.3733333333333333,1.1506179571151733,1.1506179571151733,1.5405848026275635,0.49521281288136326,0.4269637002320545,-4.616273258513177,0.37333333333333335,112,1.6,5,70,HILCodec_3kbps,1188-133604-0000.flac,42
random_loss,0.4,random,neighbor_copy,0.1,300,30,0.42000000000000004,0.3733333333333333,1.2281368970870972,1.2281368970870972,1.8058778047561646,0.6666078391013772,0.5546003262258541,-2.702357956055798,0.37333333333333335,112,1.6,5,70,HILCodec_3kbps,1188-133604-0000.flac,42
random_loss,0.4,random,zero_fill,0.1,300,30,0.42333333333333334,0.3966666666666666,1.1325682401657104,1.1325682401657104,1.4787476062774658,0.4969900585348704,0.36449253419519473,-5.3978156361154355,0.39666666666666667,119,1.6527777777777777,6,72,HILCodec_3kbps,1188-133604-0000.flac,123
random_loss,0.4,random,neighbor_copy,0.1,300,30,0.42333333333333334,0.3966666666666666,1.1921980381011963,1.1921980381011963,1.6351041793823242,0.6743109026445708,0.5408721113813283,-3.74101887751055,0.39666666666666667,119,1.6527777777777777,6,72,HILCodec_3kbps,1188-133604-0000.flac,123
random_loss,0.4,heuristic,zero_fill,0.1,300,30,0.41000000000000003,0.3733333333333333,1.143182635307312,1.143182635307312,1.5034375190734863,0.5236834946427598,0.35771656650524375,-8.755009316694213,0.37333333333333335,112,1.6231884057971016,7,69,HILCodec_3kbps,1188-133604-0000.flac,42
random_loss,0.4,heuristic,neighbor_copy,0.1,300,30,0.41000000000000003,0.3733333333333333,1.201363444328308,1.201363444328308,1.778090238571167,0.6990102500559078,0.5545464703876859,-6.483500034558737,0.37333333333333335,112,1.6231884057971016,7,69,HILCodec_3kbps,1188-133604-0000.flac,42
random_loss,0.4,heuristic,zero_fill,0.1,300,30,0.42333333333333334,0.38,1.12375009059906,1.12375009059906,1.4660208225250244,0.47880913355103705,0.3466348233792783,-6.424483056030114,0.38,114,1.7272727272727273,6,66,HILCodec_3kbps,1188-133604-0000.flac,123
random_loss,0.4,heuristic,neighbor_copy,0.1,300,30,0.42333333333333334,0.38,1.2152669429779053,1.2152669429779053,1.7798895835876465,0.6651911276449636,0.5285218941807361,-5.4913922922450205,0.38,114,1.7272727272727273,6,66,HILCodec_3kbps,1188-133604-0000.flac,123
random_loss,0.4,importance_aware,zero_fill,0.1,300,30,0.41000000000000003,0.3733333333333333,1.1590019464492798,1.1590019464492798,1.617533802986145,0.5581648041237447,0.40481554176370466,-7.477624111612702,0.37333333333333335,112,1.6,8,70,HILCodec_3kbps,1188-133604-0000.flac,42
random_loss,0.4,importance_aware,neighbor_copy,0.1,300,30,0.41000000000000003,0.3733333333333333,1.233657717704773,1.233657717704773,1.8819632530212402,0.7021026919734201,0.574263577844646,-6.502133606113489,0.37333333333333335,112,1.6,8,70,HILCodec_3kbps,1188-133604-0000.flac,42
random_loss,0.4,importance_aware,zero_fill,0.1,300,30,0.42333333333333334,0.3766666666666667,1.1129603385925293,1.1129603385925293,1.4344134330749512,0.49282151900820625,0.3467824761770637,-5.854951667614799,0.37666666666666665,113,1.6865671641791045,6,67,HILCodec_3kbps,1188-133604-0000.flac,123
random_loss,0.4,importance_aware,neighbor_copy,0.1,300,30,0.42333333333333334,0.3766666666666667,1.2030314207077026,1.2030314207077026,1.8005061149597168,0.6686478287014094,0.5343999026787405,-5.269166265308103,0.37666666666666665,113,1.6865671641791045,6,67,HILCodec_3kbps,1188-133604-0000.flac,123
random_loss,0.4,importance_selective,zero_fill,0.1,300,30,0.4066666666666666,0.4066666666666666,1.1654257774353027,1.1654257774353027,1.607611894607544,0.5168515338728178,0.3942392136813202,-5.84779445807754,0.4066666666666667,122,1.6712328767123288,5,73,HILCodec_3kbps,1188-133604-0000.flac,42
random_loss,0.4,importance_selective,neighbor_copy,0.1,300,30,0.4066666666666666,0.4066666666666666,1.2118070125579834,1.2118070125579834,1.6904430389404297,0.6279486687241888,0.5091519188890091,-5.256358456700586,0.4066666666666667,122,1.6712328767123288,5,73,HILCodec_3kbps,1188-133604-0000.flac,42
random_loss,0.4,importance_selective,zero_fill,0.1,300,30,0.43000000000000005,0.43000000000000005,1.157617449760437,1.157617449760437,1.6089084148406982,0.4913545789043174,0.3546008582762933,-6.095043554618033,0.43,129,1.6538461538461537,5,78,HILCodec_3kbps,1188-133604-0000.flac,123
random_loss,0.4,importance_selective,neighbor_copy,0.1,300,30,0.43000000000000005,0.43000000000000005,1.1668028831481934,1.1668028831481934,1.6114342212677002,0.6633419880942085,0.4995668106451191,-5.36541535522338,0.43,129,1.6538461538461537,5,78,HILCodec_3kbps,1188-133604-0000.flac,123
random_loss,0.0,none,zero_fill,0.1,300,0,0.0,0.0,3.137563467025757,3.137563467025757,3.6158576011657715,0.9358706166202369,0.8994951942423252,1.8119962527441305,0.0,0,0.0,0,0,HILCodec_3kbps,121-121726-0000.flac,42
random_loss,0.0,none,neighbor_copy,0.1,300,0,0.0,0.0,3.137563467025757,3.137563467025757,3.6158576011657715,0.9358706166202369,0.8994951942423253,1.8119962527441305,0.0,0,0.0,0,0,HILCodec_3kbps,121-121726-0000.flac,42
random_loss,0.0,none,zero_fill,0.1,300,0,0.0,0.0,3.137563467025757,3.137563467025757,3.6158576011657715,0.9358706166202369,0.8994951942423254,1.8119962527441305,0.0,0,0.0,0,0,HILCodec_3kbps,121-121726-0000.flac,123
random_loss,0.0,none,neighbor_copy,0.1,300,0,0.0,0.0,3.137563467025757,3.137563467025757,3.6158576011657715,0.9358706166202369,0.8994951942423253,1.8119962527441305,0.0,0,0.0,0,0,HILCodec_3kbps,121-121726-0000.flac,123
random_loss,0.0,random,zero_fill,0.1,300,30,0.0,0.0,3.137563467025757,3.137563467025757,3.6158576011657715,0.9358706166202369,0.8994951942423252,1.8119962527441305,0.0,0,0.0,0,0,HILCodec_3kbps,121-121726-0000.flac,42
random_loss,0.0,random,neighbor_copy,0.1,300,30,0.0,0.0,3.137563467025757,3.137563467025757,3.6158576011657715,0.9358706166202369,0.8994951942423252,1.8119962527441305,0.0,0,0.0,0,0,HILCodec_3kbps,121-121726-0000.flac,42
random_loss,0.0,random,zero_fill,0.1,300,30,0.0,0.0,3.137563467025757,3.137563467025757,3.6158576011657715,0.9358706166202369,0.8994951942423252,1.8119962527441305,0.0,0,0.0,0,0,HILCodec_3kbps,121-121726-0000.flac,123
random_loss,0.0,random,neighbor_copy,0.1,300,30,0.0,0.0,3.137563467025757,3.137563467025757,3.6158576011657715,0.9358706166202369,0.8994951942423252,1.8119962527441305,0.0,0,0.0,0,0,HILCodec_3kbps,121-121726-0000.flac,123
random_loss,0.0,heuristic,zero_fill,0.1,300,30,0.0,0.0,3.137563467025757,3.137563467025757,3.6158576011657715,0.9358706166202369,0.8994951942423253,1.8119962527441305,0.0,0,0.0,0,0,HILCodec_3kbps,121-121726-0000.flac,42
random_loss,0.0,heuristic,neighbor_copy,0.1,300,30,0.0,0.0,3.137563467025757,3.137563467025757,3.6158576011657715,0.9358706166202369,0.8994951942423253,1.8119962527441305,0.0,0,0.0,0,0,HILCodec_3kbps,121-121726-0000.flac,42
random_loss,0.0,heuristic,zero_fill,0.1,300,30,0.0,0.0,3.137563467025757,3.137563467025757,3.6158576011657715,0.9358706166202369,0.8994951942423252,1.8119962527441305,0.0,0,0.0,0,0,HILCodec_3kbps,121-121726-0000.flac,123
random_loss,0.0,heuristic,neighbor_copy,0.1,300,30,0.0,0.0,3.137563467025757,3.137563467025757,3.6158576011657715,0.9358706166202369,0.8994951942423252,1.8119962527441305,0.0,0,0.0,0,0,HILCodec_3kbps,121-121726-0000.flac,123
random_loss,0.0,importance_aware,zero_fill,0.1,300,30,0.0,0.0,3.137563467025757,3.137563467025757,3.6158576011657715,0.9358706166202369,0.8994951942423254,1.8119962527441305,0.0,0,0.0,0,0,HILCodec_3kbps,121-121726-0000.flac,42
random_loss,0.0,importance_aware,neighbor_copy,0.1,300,30,0.0,0.0,3.137563467025757,3.137563467025757,3.6158576011657715,0.9358706166202369,0.8994951942423253,1.8119962527441305,0.0,0,0.0,0,0,HILCodec_3kbps,121-121726-0000.flac,42
random_loss,0.0,importance_aware,zero_fill,0.1,300,30,0.0,0.0,3.137563467025757,3.137563467025757,3.6158576011657715,0.9358706166202369,0.8994951942423253,1.8119962527441305,0.0,0,0.0,0,0,HILCodec_3kbps,121-121726-0000.flac,123
random_loss,0.0,importance_aware,neighbor_copy,0.1,300,30,0.0,0.0,3.137563467025757,3.137563467025757,3.6158576011657715,0.9358706166202369,0.8994951942423253,1.8119962527441305,0.0,0,0.0,0,0,HILCodec_3kbps,121-121726-0000.flac,123
random_loss,0.0,importance_selective,zero_fill,0.1,300,30,0.0,0.0,3.137563467025757,3.137563467025757,3.6158576011657715,0.9358706166202369,0.8994951942423253,1.8119962527441305,0.0,0,0.0,0,0,HILCodec_3kbps,121-121726-0000.flac,42
random_loss,0.0,importance_selective,neighbor_copy,0.1,300,30,0.0,0.0,3.137563467025757,3.137563467025757,3.6158576011657715,0.9358706166202369,0.8994951942423252,1.8119962527441305,0.0,0,0.0,0,0,HILCodec_3kbps,121-121726-0000.flac,42
random_loss,0.0,importance_selective,zero_fill,0.1,300,30,0.0,0.0,3.137563467025757,3.137563467025757,3.6158576011657715,0.9358706166202369,0.8994951942423252,1.8119962527441305,0.0,0,0.0,0,0,HILCodec_3kbps,121-121726-0000.flac,123
random_loss,0.0,importance_selective,neighbor_copy,0.1,300,30,0.0,0.0,3.137563467025757,3.137563467025757,3.6158576011657715,0.9358706166202369,0.8994951942423253,1.8119962527441305,0.0,0,0.0,0,0,HILCodec_3kbps,121-121726-0000.flac,123
random_loss,0.01,none,zero_fill,0.1,300,0,0.0033333333333332993,0.0033333333333332993,2.7580318450927734,2.7580318450927734,3.3562588691711426,0.9273439575551068,0.892024181222133,1.6382341736723949,0.0033333333333333335,1,1.0,1,1,HILCodec_3kbps,121-121726-0000.flac,42
random_loss,0.01,none,neighbor_copy,0.1,300,0,0.0033333333333332993,0.0033333333333332993,3.1100645065307617,3.1100645065307617,3.5790488719940186,0.9348004404112832,0.8980987317824153,1.663284928825337,0.0033333333333333335,1,1.0,1,1,HILCodec_3kbps,121-121726-0000.flac,42
random_loss,0.01,none,zero_fill,0.1,300,0,0.013333333333333308,0.013333333333333308,2.3494410514831543,2.3494410514831543,2.9649665355682373,0.9196437293224361,0.8829395063678321,1.6352075633404082,0.013333333333333334,4,1.0,1,4,HILCodec_3kbps,121-121726-0000.flac,123
random_loss,0.01,none,neighbor_copy,0.1,300,0,0.013333333333333308,0.013333333333333308,2.9316799640655518,2.9316799640655518,3.5101449489593506,0.9330618496759168,0.8937706270438257,1.648723423025983,0.013333333333333334,4,1.0,1,4,HILCodec_3kbps,121-121726-0000.flac,123
random_loss,0.01,random,zero_fill,0.1,300,30,0.0033333333333332993,0.0033333333333332993,2.9400877952575684,2.9400877952575684,3.4855854511260986,0.9351543561304693,0.8987244617316603,1.5043337843834244,0.0033333333333333335,1,1.0,1,1,HILCodec_3kbps,121-121726-0000.flac,42
random_loss,0.01,random,neighbor_copy,0.1,300,30,0.0033333333333332993,0.0033333333333332993,3.108780860900879,3.108780860900879,3.5767266750335693,0.9358089018001092,0.8994600144636677,1.511224948292317,0.0033333333333333335,1,1.0,1,1,HILCodec_3kbps,121-121726-0000.flac,42
random_loss,0.01,random,zero_fill,0.1,300,30,0.01666666666666672,0.01666666666666672,2.115067720413208,2.115067720413208,2.7236905097961426,0.9214900506587935,0.8836493526615451,0.9840784108367864,0.016666666666666666,5,1.0,1,5,HILCodec_3kbps,121-121726-0000.flac,123
random_loss,0.01,random,neighbor_copy,0.1,300,30,0.01666666666666672,0.01666666666666672,2.7298824787139893,2.7298824787139893,3.246945858001709,0.9349909295689528,0.8968991890869034,1.367199830295658,0.016666666666666666,5,1.0,1,5,HILCodec_3kbps,121-121726-0000.flac,123
random_loss,0.01,heuristic,zero_fill,0.1,300,30,0.0033333333333332993,0.0033333333333332993,2.7580318450927734,2.7580318450927734,3.3562588691711426,0.9273439575551068,0.892024181222133,1.6382341736723949,0.0033333333333333335,1,1.0,1,1,HILCodec_3kbps,121-121726-0000.flac,42
random_loss,0.01,heuristic,neighbor_copy,0.1,300,30,0.0033333333333332993,0.0033333333333332993,3.1100645065307617,3.1100645065307617,3.5790488719940186,0.9348004404112832,0.8980987317824152,1.663284928825337,0.0033333333333333335,1,1.0,1,1,HILCodec_3kbps,121-121726-0000.flac,42
random_loss,0.01,heuristic,zero_fill,0.1,300,30,0.013333333333333308,0.013333333333333308,2.3494410514831543,2.3494410514831543,2.9649665355682373,0.9196437293224361,0.8829395063678321,1.6352075633404082,0.013333333333333334,4,1.0,1,4,HILCodec_3kbps,121-121726-0000.flac,123
random_loss,0.01,heuristic,neighbor_copy,0.1,300,30,0.013333333333333308,0.013333333333333308,2.9316799640655518,2.9316799640655518,3.5101449489593506,0.9330618496759168,0.8937706270438257,1.648723423025983,0.013333333333333334,4,1.0,1,4,HILCodec_3kbps,121-121726-0000.flac,123
random_loss,0.01,importance_aware,zero_fill,0.1,300,30,0.0033333333333332993,0.0033333333333332993,2.7580318450927734,2.7580318450927734,3.3562588691711426,0.9273439575551068,0.892024181222133,1.6382341736723949,0.0033333333333333335,1,1.0,1,1,HILCodec_3kbps,121-121726-0000.flac,42
random_loss,0.01,importance_aware,neighbor_copy,0.1,300,30,0.0033333333333332993,0.0033333333333332993,3.1100645065307617,3.1100645065307617,3.5790488719940186,0.9348004404112832,0.8980987317824152,1.663284928825337,0.0033333333333333335,1,1.0,1,1,HILCodec_3kbps,121-121726-0000.flac,42
random_loss,0.01,importance_aware,zero_fill,0.1,300,30,0.013333333333333308,0.013333333333333308,2.3494410514831543,2.3494410514831543,2.9649665355682373,0.9196437293224361,0.8829395063678321,1.6352075633404082,0.013333333333333334,4,1.0,1,4,HILCodec_3kbps,121-121726-0000.flac,123
random_loss,0.01,importance_aware,neighbor_copy,0.1,300,30,0.013333333333333308,0.013333333333333308,2.9316799640655518,2.9316799640655518,3.5101449489593506,0.9330618496759168,0.8937706270438258,1.648723423025983,0.013333333333333334,4,1.0,1,4,HILCodec_3kbps,121-121726-0000.flac,123
random_loss,0.01,importance_selective,zero_fill,0.1,300,30,0.0033333333333332993,0.0033333333333332993,2.948045015335083,2.948045015335083,3.444326400756836,0.9297541245035577,0.8961593937320598,1.6953078982358927,0.0033333333333333335,1,1.0,1,1,HILCodec_3kbps,121-121726-0000.flac,42
random_loss,0.01,importance_selective,neighbor_copy,0.1,300,30,0.0033333333333332993,0.0033333333333332993,3.134997844696045,3.134997844696045,3.615549087524414,0.9349223672464898,0.8989316649556613,1.8107977229646222,0.0033333333333333335,1,1.0,1,1,HILCodec_3kbps,121-121726-0000.flac,42
random_loss,0.01,importance_selective,zero_fill,0.1,300,30,0.010000000000000009,0.010000000000000009,2.7538347244262695,2.7538347244262695,3.3568334579467773,0.9234914717992955,0.8859835512429938,1.6030648928427003,0.01,3,1.0,1,3,HILCodec_3kbps,121-121726-0000.flac,123
random_loss,0.01,importance_selective,neighbor_copy,0.1,300,30,0.010000000000000009,0.010000000000000009,3.0507211685180664,3.0507211685180664,3.5620803833007812,0.9332159104858169,0.8932817398804302,1.6999185379317303,0.01,3,1.0,1,3,HILCodec_3kbps,121-121726-0000.flac,123
random_loss,0.03,none,zero_fill,0.1,300,0,0.026666666666666616,0.026666666666666616,1.8504819869995117,1.8504819869995117,2.407595634460449,0.9055277653126782,0.8613911190338381,1.0659126586968468,0.02666666666666667,8,1.0,1,8,HILCodec_3kbps,121-121726-0000.flac,42
random_loss,0.03,none,neighbor_copy,0.1,300,0,0.026666666666666616,0.026666666666666616,2.2552711963653564,2.2552711963653564,2.788792610168457,0.9215521302473804,0.8812784312187412,1.1614944147371915,0.02666666666666667,8,1.0,1,8,HILCodec_3kbps,121-121726-0000.flac,42
random_loss,0.03,none,zero_fill,0.1,300,0,0.033333333333333326,0.033333333333333326,1.9012478590011597,1.9012478590011597,2.6172561645507812,0.9131182243912979,0.8688047559588135,0.7877364426671412,0.03333333333333333,10,1.0,1,10,HILCodec_3kbps,121-121726-0000.flac,123
random_loss,0.03,none,neighbor_copy,0.1,300,0,0.033333333333333326,0.033333333333333326,2.3780179023742676,2.3780179023742676,3.0067758560180664,0.9205098920592579,0.8768788162379143,0.4777500906374546,0.03333333333333333,10,1.0,1,10,HILCodec_3kbps,121-121726-0000.flac,123
random_loss,0.03,random,zero_fill,0.1,300,30,0.026666666666666616,0.020000000000000018,2.334768533706665,2.334768533706665,2.8985347747802734,0.9242152100911879,0.8862651581404778,1.229843623700811,0.02,6,1.0,1,6,HILCodec_3kbps,121-121726-0000.flac,42
random_loss,0.03,random,neighbor_copy,0.1,300,30,0.026666666666666616,0.020000000000000018,2.465245485305786,2.465245485305786,3.152815818786621,0.9227938288548306,0.8835678872780599,1.2511875912924921,0.02,6,1.0,1,6,HILCodec_3kbps,121-121726-0000.flac,42
random_loss,0.03,random,zero_fill,0.1,300,30,0.033333333333333326,0.033333333333333326,1.9241480827331543,1.9241480827331543,2.499192237854004,0.9183747595440315,0.874096646863191,0.9068881608621921,0.03333333333333333,10,1.0,1,10,HILCodec_3kbps,121-121726-0000.flac,123
random_loss,0.03,random,neighbor_copy,0.1,300,30,0.033333333333333326,0.033333333333333326,2.353905200958252,2.353905200958252,2.9877097606658936,0.9250936826469004,0.8802892920003274,1.3000259820850775,0.03333333333333333,10,1.0,1,10,HILCodec_3kbps,121-121726-0000.flac,123
random_loss,0.03,heuristic,zero_fill,0.1,300,30,0.026666666666666616,0.026666666666666616,1.8504819869995117,1.8504819869995117,2.407595634460449,0.9055277653126782,0.8613911190338379,1.0659126586968468,0.02666666666666667,8,1.0,1,8,HILCodec_3kbps,121-121726-0000.flac,42
random_loss,0.03,heuristic,neighbor_copy,0.1,300,30,0.026666666666666616,0.026666666666666616,2.2552711963653564,2.2552711963653564,2.788792610168457,0.9215521302473804,0.8812784312187412,1.1614944147371915,0.02666666666666667,8,1.0,1,8,HILCodec_3kbps,121-121726-0000.flac,42
random_loss,0.03,heuristic,zero_fill,0.1,300,30,0.033333333333333326,0.033333333333333326,1.9012478590011597,1.9012478590011597,2.6172561645507812,0.9131182243912979,0.8688047559588135,0.7877364426671412,0.03333333333333333,10,1.0,1,10,HILCodec_3kbps,121-121726-0000.flac,123
random_loss,0.03,heuristic,neighbor_copy,0.1,300,30,0.033333333333333326,0.033333333333333326,2.3780179023742676,2.3780179023742676,3.0067758560180664,0.9205098920592579,0.8768788162379143,0.4777500906374546,0.03333333333333333,10,1.0,1,10,HILCodec_3kbps,121-121726-0000.flac,123
random_loss,0.03,importance_aware,zero_fill,0.1,300,30,0.026666666666666616,0.026666666666666616,1.8504819869995117,1.8504819869995117,2.407595634460449,0.9055277653126782,0.8613911190338379,1.0659126586968468,0.02666666666666667,8,1.0,1,8,HILCodec_3kbps,121-121726-0000.flac,42
random_loss,0.03,importance_aware,neighbor_copy,0.1,300,30,0.026666666666666616,0.026666666666666616,2.2552711963653564,2.2552711963653564,2.788792610168457,0.9215521302473804,0.8812784312187412,1.1614944147371915,0.02666666666666667,8,1.0,1,8,HILCodec_3kbps,121-121726-0000.flac,42
random_loss,0.03,importance_aware,zero_fill,0.1,300,30,0.033333333333333326,0.030000000000000027,1.930071234703064,1.930071234703064,2.669300079345703,0.913162222367675,0.8696002697628269,0.8686774987833319,0.03,9,1.0,1,9,HILCodec_3kbps,121-121726-0000.flac,123
random_loss,0.03,importance_aware,neighbor_copy,0.1,300,30,0.033333333333333326,0.030000000000000027,2.4890267848968506,2.4890267848968506,3.0706708431243896,0.9247449245415318,0.8813131618909984,0.7596044976009496,0.03,9,1.0,1,9,HILCodec_3kbps,121-121726-0000.flac,123
random_loss,0.03,importance_selective,zero_fill,0.1,300,30,0.030000000000000027,0.030000000000000027,1.6851543188095093,1.6851543188095093,2.348402738571167,0.898657943718073,0.8523470193447006,0.7367883406392328,0.03,9,1.0,1,9,HILCodec_3kbps,121-121726-0000.flac,42
random_loss,0.03,importance_selective,neighbor_copy,0.1,300,30,0.030000000000000027,0.030000000000000027,2.4367358684539795,2.4367358684539795,3.012769937515259,0.9234156209505664,0.8822452700658845,1.0922571598009343,0.03,9,1.0,1,9,HILCodec_3kbps,121-121726-0000.flac,42
random_loss,0.03,importance_selective,zero_fill,0.1,300,30,0.036666666666666625,0.036666666666666625,1.7236242294311523,1.7236242294311523,2.367504835128784,0.8960926004131783,0.8424033985847857,0.42953692643829067,0.03666666666666667,11,1.1,2,10,HILCodec_3kbps,121-121726-0000.flac,123
random_loss,0.03,importance_selective,neighbor_copy,0.1,300,30,0.036666666666666625,0.036666666666666625,2.216413736343384,2.216413736343384,2.795431137084961,0.9239239094166901,0.8815625842243904,0.44985034813096625,0.03666666666666667,11,1.1,2,10,HILCodec_3kbps,121-121726-0000.flac,123
random_loss,0.05,none,zero_fill,0.1,300,0,0.050000000000000044,0.050000000000000044,1.610649824142456,1.610649824142456,2.0866196155548096,0.8905691097905449,0.8397855092601376,0.32002791806903413,0.05,15,1.0,1,15,HILCodec_3kbps,121-121726-0000.flac,42
random_loss,0.05,none,neighbor_copy,0.1,300,0,0.050000000000000044,0.050000000000000044,2.170685052871704,2.170685052871704,2.703131914138794,0.9198995095712594,0.8766492792679639,0.8778404019726925,0.05,15,1.0,1,15,HILCodec_3kbps,121-121726-0000.flac,42
random_loss,0.05,none,zero_fill,0.1,300,0,0.050000000000000044,0.050000000000000044,1.533700942993164,1.533700942993164,2.1310954093933105,0.8952851150754708,0.8353780446502722,0.01994345682350249,0.05,15,1.0714285714285714,2,14,HILCodec_3kbps,121-121726-0000.flac,123
random_loss,0.05,none,neighbor_copy,0.1,300,0,0.050000000000000044,0.050000000000000044,2.09407377243042,2.09407377243042,2.735774278640747,0.9100278999959748,0.8564085768611268,-0.1856723423178721,0.05,15,1.0714285714285714,2,14,HILCodec_3kbps,121-121726-0000.flac,123
random_loss,0.05,random,zero_fill,0.1,300,30,0.046666666666666634,0.033333333333333326,1.9845620393753052,1.9845620393753052,2.592813730239868,0.9183661498635055,0.8793945331811691,1.008130660326878,0.03333333333333333,10,1.0,1,10,HILCodec_3kbps,121-121726-0000.flac,42
random_loss,0.05,random,neighbor_copy,0.1,300,30,0.046666666666666634,0.033333333333333326,2.3243932723999023,2.3243932723999023,2.998812198638916,0.9197003235326006,0.8791241774832118,1.0079417268125317,0.03333333333333333,10,1.0,1,10,HILCodec_3kbps,121-121726-0000.flac,42
random_loss,0.05,random,zero_fill,0.1,300,30,0.053333333333333344,0.050000000000000044,1.6094497442245483,1.6094497442245483,2.168537139892578,0.8930766535857819,0.8390509118422117,0.28926262896414984,0.05,15,1.0714285714285714,2,14,HILCodec_3kbps,121-121726-0000.flac,123
random_loss,0.05,random,neighbor_copy,0.1,300,30,0.053333333333333344,0.050000000000000044,2.1464996337890625,2.1464996337890625,2.7361950874328613,0.9199116905930773,0.8745518965891291,0.7971611897555765,0.05,15,1.0714285714285714,2,14,HILCodec_3kbps,121-121726-0000.flac,123
random_loss,0.05,heuristic,zero_fill,0.1,300,30,0.050000000000000044,0.043333333333333335,1.626638650894165,1.626638650894165,2.117141008377075,0.8949392245062149,0.8418464332189494,0.3618950109219139,0.043333333333333335,13,1.0,1,13,HILCodec_3kbps,121-121726-0000.flac,42
random_loss,0.05,heuristic,neighbor_copy,0.1,300,30,0.050000000000000044,0.043333333333333335,2.2048721313476562,2.2048721313476562,2.725957155227661,0.9219180489366571,0.8803456035051777,0.9175649149438542,0.043333333333333335,13,1.0,1,13,HILCodec_3kbps,121-121726-0000.flac,42
random_loss,0.05,heuristic,zero_fill,0.1,300,30,0.050000000000000044,0.050000000000000044,1.533700942993164,1.533700942993164,2.1310954093933105,0.8952851150754708,0.8353780446502725,0.01994345682350249,0.05,15,1.0714285714285714,2,14,HILCodec_3kbps,121-121726-0000.flac,123
random_loss,0.05,heuristic,neighbor_copy,0.1,300,30,0.050000000000000044,0.050000000000000044,2.09407377243042,2.09407377243042,2.735774278640747,0.9100278999959748,0.8564085768611268,-0.1856723423178721,0.05,15,1.0714285714285714,2,14,HILCodec_3kbps,121-121726-0000.flac,123
random_loss,0.05,importance_aware,zero_fill,0.1,300,30,0.050000000000000044,0.043333333333333335,1.626638650894165,1.626638650894165,2.117141008377075,0.8949392245062149,0.8418464332189495,0.3618950109219139,0.043333333333333335,13,1.0,1,13,HILCodec_3kbps,121-121726-0000.flac,42
random_loss,0.05,importance_aware,neighbor_copy,0.1,300,30,0.050000000000000044,0.043333333333333335,2.2048721313476562,2.2048721313476562,2.725957155227661,0.9219180489366571,0.8803456035051779,0.9175649149438542,0.043333333333333335,13,1.0,1,13,HILCodec_3kbps,121-121726-0000.flac,42
random_loss,0.05,importance_aware,zero_fill,0.1,300,30,0.050000000000000044,0.043333333333333335,1.592134714126587,1.592134714126587,2.214195728302002,0.8977882541621877,0.8408399986998871,0.13067874566527,0.043333333333333335,13,1.0833333333333333,2,12,HILCodec_3kbps,121-121726-0000.flac,123
random_loss,0.05,importance_aware,neighbor_copy,0.1,300,30,0.050000000000000044,0.043333333333333335,2.205507516860962,2.205507516860962,2.8081018924713135,0.9162868393359672,0.8668987259116779,0.09794530943732402,0.043333333333333335,13,1.0833333333333333,2,12,HILCodec_3kbps,121-121726-0000.flac,123
random_loss,0.05,importance_selective,zero_fill,0.1,300,30,0.043333333333333335,0.043333333333333335,1.6050726175308228,1.6050726175308228,2.173845052719116,0.8977634059708067,0.8510234605477265,0.4338302379814828,0.043333333333333335,13,1.0,1,13,HILCodec_3kbps,121-121726-0000.flac,42
random_loss,0.05,importance_selective,neighbor_copy,0.1,300,30,0.043333333333333335,0.043333333333333335,2.201176166534424,2.201176166534424,2.7846248149871826,0.919435992172045,0.8764433985134585,0.831748781914028,0.043333333333333335,13,1.0,1,13,HILCodec_3kbps,121-121726-0000.flac,42
random_loss,0.05,importance_selective,zero_fill,0.1,300,30,0.050000000000000044,0.050000000000000044,1.649512529373169,1.649512529373169,2.29251766204834,0.8935314438615015,0.8342348985605644,0.35382077481480206,0.05,15,1.0714285714285714,2,14,HILCodec_3kbps,121-121726-0000.flac,123
random_loss,0.05,importance_selective,neighbor_copy,0.1,300,30,0.050000000000000044,0.050000000000000044,2.0637404918670654,2.0637404918670654,2.673862934112549,0.921952408304432,0.8796728786110781,0.3382496063052601,0.05,15,1.0714285714285714,2,14,HILCodec_3kbps,121-121726-0000.flac,123
random_loss,0.1,none,zero_fill,0.1,300,0,0.09666666666666668,0.09666666666666668,1.3631044626235962,1.3631044626235962,1.777127742767334,0.860865146911566,0.7953806994918342,-0.46661672599327686,0.09666666666666666,29,1.0740740740740742,2,27,HILCodec_3kbps,121-121726-0000.flac,42
random_loss,0.1,none,neighbor_copy,0.1,300,0,0.09666666666666668,0.09666666666666668,1.848299264907837,1.848299264907837,2.4401679039001465,0.9121192752333664,0.8625397822057393,0.31989860437979645,0.09666666666666666,29,1.0740740740740742,2,27,HILCodec_3kbps,121-121726-0000.flac,42
random_loss,0.1,none,zero_fill,0.1,300,0,0.09999999999999998,0.09999999999999998,1.367335557937622,1.367335557937622,1.8428319692611694,0.8721282897098185,0.7980777420335914,-0.6813814498077184,0.1,30,1.1111111111111112,2,27,HILCodec_3kbps,121-121726-0000.flac,123
random_loss,0.1,none,neighbor_copy,0.1,300,0,0.09999999999999998,0.09999999999999998,1.8937880992889404,1.8937880992889404,2.492489814758301,0.9006318547103239,0.8429922463527539,-0.6149700046478467,0.1,30,1.1111111111111112,2,27,HILCodec_3kbps,121-121726-0000.flac,123
random_loss,0.1,random,zero_fill,0.1,300,30,0.08666666666666667,0.06999999999999995,1.50067138671875,1.50067138671875,2.082118034362793,0.8790480267596417,0.8181312578692358,-0.2095263722038403,0.07,21,1.105263157894737,2,19,HILCodec_3kbps,121-121726-0000.flac,42
random_loss,0.1,random,neighbor_copy,0.1,300,30,0.08666666666666667,0.06999999999999995,1.8084640502929688,1.8084640502929688,2.547990083694458,0.8809665849091617,0.8433044513654009,0.2684842913104351,0.07,21,1.105263157894737,2,19,HILCodec_3kbps,121-121726-0000.flac,42
random_loss,0.1,random,zero_fill,0.1,300,30,0.10666666666666669,0.10333333333333339,1.3413174152374268,1.3413174152374268,1.7677158117294312,0.8595665498934139,0.781160249203512,-1.2429573609493607,0.10333333333333333,31,1.1481481481481481,2,27,HILCodec_3kbps,121-121726-0000.flac,123
random_loss,0.1,random,neighbor_copy,0.1,300,30,0.10666666666666669,0.10333333333333339,1.8097712993621826,1.8097712993621826,2.404127359390259,0.9074590739692805,0.852002505137273,0.09097034517814089,0.10333333333333333,31,1.1481481481481481,2,27,HILCodec_3kbps,121-121726-0000.flac,123
random_loss,0.1,heuristic,zero_fill,0.1,300,30,0.09666666666666668,0.08666666666666667,1.3749361038208008,1.3749361038208008,1.7909173965454102,0.8634126453071772,0.7970520852311194,-0.386882444029929,0.08666666666666667,26,1.0833333333333333,2,24,HILCodec_3kbps,121-121726-0000.flac,42
random_loss,0.1,heuristic,neighbor_copy,0.1,300,30,0.09666666666666668,0.08666666666666667,1.9204332828521729,1.9204332828521729,2.4991743564605713,0.9158470264992223,0.8674429987708389,0.5186131162745932,0.08666666666666667,26,1.0833333333333333,2,24,HILCodec_3kbps,121-121726-0000.flac,42
random_loss,0.1,heuristic,zero_fill,0.1,300,30,0.09999999999999998,0.09999999999999998,1.367335557937622,1.367335557937622,1.8428319692611694,0.8721282897098185,0.7980777420335914,-0.6813814498077184,0.1,30,1.1111111111111112,2,27,HILCodec_3kbps,121-121726-0000.flac,123
random_loss,0.1,heuristic,neighbor_copy,0.1,300,30,0.09999999999999998,0.09999999999999998,1.8937880992889404,1.8937880992889404,2.492489814758301,0.9006318547103239,0.8429922463527539,-0.6149700046478467,0.1,30,1.1111111111111112,2,27,HILCodec_3kbps,121-121726-0000.flac,123
random_loss,0.1,importance_aware,zero_fill,0.1,300,30,0.09666666666666668,0.08666666666666667,1.3749361038208008,1.3749361038208008,1.7909173965454102,0.8634126453071772,0.7970520852311194,-0.386882444029929,0.08666666666666667,26,1.0833333333333333,2,24,HILCodec_3kbps,121-121726-0000.flac,42
random_loss,0.1,importance_aware,neighbor_copy,0.1,300,30,0.09666666666666668,0.08666666666666667,1.9204332828521729,1.9204332828521729,2.4991743564605713,0.9158470264992223,0.8674429987708389,0.5186131162745932,0.08666666666666667,26,1.0833333333333333,2,24,HILCodec_3kbps,121-121726-0000.flac,42
random_loss,0.1,importance_aware,zero_fill,0.1,300,30,0.09999999999999998,0.09333333333333338,1.3988417387008667,1.3988417387008667,1.884125828742981,0.8733521317172825,0.8019713560046274,-0.5726567380887739,0.09333333333333334,28,1.12,2,25,HILCodec_3kbps,121-121726-0000.flac,123
random_loss,0.1,importance_aware,neighbor_copy,0.1,300,30,0.09999999999999998,0.09333333333333338,1.9711737632751465,1.9711737632751465,2.5254082679748535,0.907665345922218,0.8546995304635024,-0.3404963426259295,0.09333333333333334,28,1.12,2,25,HILCodec_3kbps,121-121726-0000.flac,123
random_loss,0.1,importance_selective,zero_fill,0.1,300,30,0.09666666666666668,0.09666666666666668,1.3387104272842407,1.3387104272842407,1.823392629623413,0.870130361885359,0.8150306475830675,-0.8684686844385602,0.09666666666666666,29,1.1153846153846154,2,26,HILCodec_3kbps,121-121726-0000.flac,42
random_loss,0.1,importance_selective,neighbor_copy,0.1,300,30,0.09666666666666668,0.09666666666666668,1.8162294626235962,1.8162294626235962,2.3732388019561768,0.887066857256746,0.8488597975614226,-0.13149691785984458,0.09666666666666666,29,1.1153846153846154,2,26,HILCodec_3kbps,121-121726-0000.flac,42
random_loss,0.1,importance_selective,zero_fill,0.1,300,30,0.08666666666666667,0.08666666666666667,1.4135510921478271,1.4135510921478271,2.0089080333709717,0.8683904291266368,0.793336258356277,-0.3648739968884962,0.08666666666666667,26,1.1304347826086956,2,23,HILCodec_3kbps,121-121726-0000.flac,123
random_loss,0.1,importance_selective,neighbor_copy,0.1,300,30,0.08666666666666667,0.08666666666666667,1.7378647327423096,1.7378647327423096,2.3425590991973877,0.8985344652775893,0.8469774293687038,-0.24866065576743757,0.08666666666666667,26,1.1304347826086956,2,23,HILCodec_3kbps,121-121726-0000.flac,123
random_loss,0.2,none,zero_fill,0.1,300,0,0.24,0.24,1.1544044017791748,1.1544044017791748,1.4694221019744873,0.7900306628812378,0.6708821295039268,-4.189182287883825,0.24,72,1.44,6,50,HILCodec_3kbps,121-121726-0000.flac,42
random_loss,0.2,none,neighbor_copy,0.1,300,0,0.24,0.24,1.3559622764587402,1.3559622764587402,1.8127827644348145,0.8442522207368988,0.7660757201752789,-3.6096877692069747,0.24,72,1.44,6,50,HILCodec_3kbps,121-121726-0000.flac,42
random_loss,0.2,none,zero_fill,0.1,300,0,0.20666666666666667,0.20666666666666667,1.1654795408248901,1.1654795408248901,1.4957138299942017,0.8014939257100645,0.6831531848817711,-3.724870843875623,0.20666666666666667,62,1.3478260869565217,4,46,HILCodec_3kbps,121-121726-0000.flac,123
random_loss,0.2,none,neighbor_copy,0.1,300,0,0.20666666666666667,0.20666666666666667,1.3656102418899536,1.3656102418899536,1.698781132698059,0.8406745544727499,0.7659231860955499,-2.9409774157901314,0.20666666666666667,62,1.3478260869565217,4,46,HILCodec_3kbps,121-121726-0000.flac,123
random_loss,0.2,random,zero_fill,0.1,300,30,0.22666666666666668,0.19666666666666666,1.206490397453308,1.206490397453308,1.5842909812927246,0.8236786910225876,0.7231589557810592,-2.7565207161426475,0.19666666666666666,59,1.4047619047619047,5,42,HILCodec_3kbps,121-121726-0000.flac,42
random_loss,0.2,random,neighbor_copy,0.1,300,30,0.22666666666666668,0.19666666666666666,1.4483532905578613,1.4483532905578613,2.050354242324829,0.8551784195419118,0.8073920097027195,-1.8977337220937196,0.19666666666666666,59,1.4047619047619047,5,42,HILCodec_3kbps,121-121726-0000.flac,42
random_loss,0.2,random,zero_fill,0.1,300,30,0.20333333333333337,0.19333333333333336,1.1582376956939697,1.1582376956939697,1.5317163467407227,0.8035306003488636,0.6832363394406892,-3.488952047726511,0.19333333333333333,58,1.3181818181818181,4,44,HILCodec_3kbps,121-121726-0000.flac,123
random_loss,0.2,random,neighbor_copy,0.1,300,30,0.20333333333333337,0.19333333333333336,1.3418406248092651,1.3418406248092651,1.8630266189575195,0.8650789495839448,0.7756761022875311,-1.5067206775051167,0.19333333333333333,58,1.3181818181818181,4,44,HILCodec_3kbps,121-121726-0000.flac,123
random_loss,0.2,heuristic,zero_fill,0.1,300,30,0.24,0.21333333333333337,1.1512866020202637,1.1512866020202637,1.483452558517456,0.7982198968205743,0.6904388469023549,-3.648012267269363,0.21333333333333335,64,1.391304347826087,4,46,HILCodec_3kbps,121-121726-0000.flac,42
random_loss,0.2,heuristic,neighbor_copy,0.1,300,30,0.24,0.21333333333333337,1.3869855403900146,1.3869855403900146,1.8928356170654297,0.8610066439945193,0.7971718797866701,-2.753856557331455,0.21333333333333335,64,1.391304347826087,4,46,HILCodec_3kbps,121-121726-0000.flac,42
random_loss,0.2,heuristic,zero_fill,0.1,300,30,0.20666666666666667,0.19999999999999996,1.1623637676239014,1.1623637676239014,1.4947407245635986,0.8031784991205797,0.6861003309509381,-3.7220989852991404,0.2,60,1.3333333333333333,4,45,HILCodec_3kbps,121-121726-0000.flac,123
random_loss,0.2,heuristic,neighbor_copy,0.1,300,30,0.20666666666666667,0.19999999999999996,1.4392577409744263,1.4392577409744263,1.8263051509857178,0.8505515108030305,0.7784137976328281,-2.869035948709321,0.2,60,1.3333333333333333,4,45,HILCodec_3kbps,121-121726-0000.flac,123
random_loss,0.2,importance_aware,zero_fill,0.1,300,30,0.24,0.21666666666666667,1.1540447473526,1.1540447473526,1.4768401384353638,0.793701880372767,0.6833841849282792,-3.8170458971478833,0.21666666666666667,65,1.4772727272727273,6,44,HILCodec_3kbps,121-121726-0000.flac,42
random_loss,0.2,importance_aware,neighbor_copy,0.1,300,30,0.24,0.21666666666666667,1.3950109481811523,1.3950109481811523,1.9124515056610107,0.8620408172500346,0.7919174737531997,-3.1411191875951467,0.21666666666666667,65,1.4772727272727273,6,44,HILCodec_3kbps,121-121726-0000.flac,42
random_loss,0.2,importance_aware,zero_fill,0.1,300,30,0.20666666666666667,0.18999999999999995,1.1670646667480469,1.1670646667480469,1.5016670227050781,0.8089226498789154,0.6967429771187669,-3.4884775188455617,0.19,57,1.3255813953488371,4,43,HILCodec_3kbps,121-121726-0000.flac,123
random_loss,0.2,importance_aware,neighbor_copy,0.1,300,30,0.20666666666666667,0.18999999999999995,1.4805866479873657,1.4805866479873657,1.8572100400924683,0.8648340715256939,0.7991239295031508,-2.497595039801003,0.19,57,1.3255813953488371,4,43,HILCodec_3kbps,121-121726-0000.flac,123
random_loss,0.2,importance_selective,zero_fill,0.1,300,30,0.21666666666666667,0.21666666666666667,1.131041169166565,1.131041169166565,1.4218592643737793,0.8122091620426092,0.7241665980448885,-3.863420654008161,0.21666666666666667,65,1.3829787234042554,3,47,HILCodec_3kbps,121-121726-0000.flac,42
random_loss,0.2,importance_selective,neighbor_copy,0.1,300,30,0.21666666666666667,0.21666666666666667,1.3573781251907349,1.3573781251907349,1.851059913635254,0.8405519539255139,0.7823812045120101,-2.9775088358573627,0.21666666666666667,65,1.3829787234042554,3,47,HILCodec_3kbps,121-121726-0000.flac,42
random_loss,0.2,importance_selective,zero_fill,0.1,300,30,0.20666666666666667,0.20666666666666667,1.2151585817337036,1.2151585817337036,1.5906658172607422,0.8229663977100972,0.7083297935946178,-2.862383823616188,0.20666666666666667,62,1.3478260869565217,4,46,HILCodec_3kbps,121-121726-0000.flac,123
random_loss,0.2,importance_selective,neighbor_copy,0.1,300,30,0.20666666666666667,0.20666666666666667,1.373582363128662,1.373582363128662,1.7835546731948853,0.8672028169507529,0.7848237634500668,-2.7983266109331795,0.20666666666666667,62,1.3478260869565217,4,46,HILCodec_3kbps,121-121726-0000.flac,123
random_loss,0.3,none,zero_fill,0.1,300,0,0.32333333333333336,0.32333333333333336,1.1067681312561035,1.1067681312561035,1.3599038124084473,0.7524180726107222,0.5861008517701127,-5.733353203231215,0.3233333333333333,97,1.564516129032258,8,62,HILCodec_3kbps,121-121726-0000.flac,42
random_loss,0.3,none,neighbor_copy,0.1,300,0,0.32333333333333336,0.32333333333333336,1.248749852180481,1.248749852180481,1.660354495048523,0.8229097528382302,0.7222534510607123,-4.937699754211628,0.3233333333333333,97,1.564516129032258,8,62,HILCodec_3kbps,121-121726-0000.flac,42
random_loss,0.3,none,zero_fill,0.1,300,0,0.3433333333333334,0.3433333333333334,1.102225661277771,1.102225661277771,1.3952233791351318,0.7411879509118326,0.5815046936021645,-6.347672648309024,0.3433333333333333,103,1.5846153846153845,6,65,HILCodec_3kbps,121-121726-0000.flac,123
random_loss,0.3,none,neighbor_copy,0.1,300,0,0.3433333333333334,0.3433333333333334,1.2403775453567505,1.2403775453567505,1.505871295928955,0.7651585774073082,0.6742040349710103,-5.749453747494233,0.3433333333333333,103,1.5846153846153845,6,65,HILCodec_3kbps,121-121726-0000.flac,123
random_loss,0.3,random,zero_fill,0.1,300,30,0.31999999999999995,0.2833333333333333,1.1394977569580078,1.1394977569580078,1.4204685688018799,0.764073178793331,0.6316477756486716,-4.668227922433552,0.2833333333333333,85,1.4655172413793103,5,58,HILCodec_3kbps,121-121726-0000.flac,42
random_loss,0.3,random,neighbor_copy,0.1,300,30,0.31999999999999995,0.2833333333333333,1.2931972742080688,1.2931972742080688,1.7457103729248047,0.8189485136814726,0.7414200163994389,-2.906822519356295,0.2833333333333333,85,1.4655172413793103,5,58,HILCodec_3kbps,121-121726-0000.flac,42
random_loss,0.3,random,zero_fill,0.1,300,30,0.32666666666666666,0.31000000000000005,1.1132135391235352,1.1132135391235352,1.393978238105774,0.7631397569965733,0.6024103545299789,-5.573296106538153,0.31,93,1.5245901639344261,6,61,HILCodec_3kbps,121-121726-0000.flac,123
random_loss,0.3,random,neighbor_copy,0.1,300,30,0.32666666666666666,0.31000000000000005,1.2210662364959717,1.2210662364959717,1.6454622745513916,0.8137443698058809,0.7072252717626991,-3.8761389526544603,0.31,93,1.5245901639344261,6,61,HILCodec_3kbps,121-121726-0000.flac,123
random_loss,0.3,heuristic,zero_fill,0.1,300,30,0.32333333333333336,0.29000000000000004,1.1078630685806274,1.1078630685806274,1.3854948282241821,0.7636909350113975,0.6121213532024627,-5.189553056924183,0.29,87,1.5263157894736843,4,57,HILCodec_3kbps,121-121726-0000.flac,42
random_loss,0.3,heuristic,neighbor_copy,0.1,300,30,0.32333333333333336,0.29000000000000004,1.3253870010375977,1.3253870010375977,1.7611687183380127,0.8520619328531153,0.7709064633908078,-3.913779008429581,0.29,87,1.5263157894736843,4,57,HILCodec_3kbps,121-121726-0000.flac,42
random_loss,0.3,heuristic,zero_fill,0.1,300,30,0.3433333333333334,0.31333333333333335,1.115164875984192,1.115164875984192,1.413663387298584,0.7557992257485568,0.6080052479237877,-5.979063238863311,0.31333333333333335,94,1.6206896551724137,6,58,HILCodec_3kbps,121-121726-0000.flac,123
random_loss,0.3,heuristic,neighbor_copy,0.1,300,30,0.3433333333333334,0.31333333333333335,1.2711843252182007,1.2711843252182007,1.6026997566223145,0.791203234540082,0.7108229504287477,-5.18094430887146,0.31333333333333335,94,1.6206896551724137,6,58,HILCodec_3kbps,121-121726-0000.flac,123
random_loss,0.3,importance_aware,zero_fill,0.1,300,30,0.32333333333333336,0.29666666666666663,1.1123361587524414,1.1123361587524414,1.3805413246154785,0.7624814837963583,0.6081174951569386,-5.3038159334385115,0.2966666666666667,89,1.5892857142857142,8,56,HILCodec_3kbps,121-121726-0000.flac,42
random_loss,0.3,importance_aware,neighbor_copy,0.1,300,30,0.32333333333333336,0.29666666666666663,1.326680064201355,1.326680064201355,1.769751787185669,0.8466555572326984,0.759388942487287,-4.200883836616897,0.2966666666666667,89,1.5892857142857142,8,56,HILCodec_3kbps,121-121726-0000.flac,42
random_loss,0.3,importance_aware,zero_fill,0.1,300,30,0.3433333333333334,0.31000000000000005,1.110816240310669,1.110816240310669,1.4112135171890259,0.7558679966059026,0.6118624079139693,-5.821139813902838,0.31,93,1.603448275862069,6,58,HILCodec_3kbps,121-121726-0000.flac,123
random_loss,0.3,importance_aware,neighbor_copy,0.1,300,30,0.3433333333333334,0.31000000000000005,1.2865546941757202,1.2865546941757202,1.6175153255462646,0.7991395697223728,0.7289989268963922,-4.926506693239345,0.31,93,1.603448275862069,6,58,HILCodec_3kbps,121-121726-0000.flac,123
random_loss,0.3,importance_selective,zero_fill,0.1,300,30,0.32666666666666666,0.32666666666666666,1.092507004737854,1.092507004737854,1.3541488647460938,0.7590885999735728,0.6320608750077413,-6.3493615710393225,0.32666666666666666,98,1.5555555555555556,5,63,HILCodec_3kbps,121-121726-0000.flac,42
random_loss,0.3,importance_selective,neighbor_copy,0.1,300,30,0.32666666666666666,0.32666666666666666,1.2309138774871826,1.2309138774871826,1.6520328521728516,0.8123388105087254,0.7419630031506347,-4.560223351028711,0.32666666666666666,98,1.5555555555555556,5,63,HILCodec_3kbps,121-121726-0000.flac,42
random_loss,0.3,importance_selective,zero_fill,0.1,300,30,0.33333333333333337,0.33333333333333337,1.1135717630386353,1.1135717630386353,1.4155220985412598,0.7454379145299267,0.5986611667957648,-6.0278756545493195,0.3333333333333333,100,1.6129032258064515,5,62,HILCodec_3kbps,121-121726-0000.flac,123
random_loss,0.3,importance_selective,neighbor_copy,0.1,300,30,0.33333333333333337,0.33333333333333337,1.1903364658355713,1.1903364658355713,1.5589375495910645,0.78609977196543,0.684997175235879,-5.335904518043886,0.3333333333333333,100,1.6129032258064515,5,62,HILCodec_3kbps,121-121726-0000.flac,123
random_loss,0.4,none,zero_fill,0.1,300,0,0.41000000000000003,0.41000000000000003,1.0832561254501343,1.0832561254501343,1.3263072967529297,0.7039900352533636,0.4749567592812963,-8.02625414423417,0.41,123,1.662162162162162,8,74,HILCodec_3kbps,121-121726-0000.flac,42
random_loss,0.4,none,neighbor_copy,0.1,300,0,0.41000000000000003,0.41000000000000003,1.1931241750717163,1.1931241750717163,1.4870496988296509,0.7731990071978803,0.6481173706472403,-6.88564630227395,0.41,123,1.662162162162162,8,74,HILCodec_3kbps,121-121726-0000.flac,42
random_loss,0.4,none,zero_fill,0.1,300,0,0.42333333333333334,0.42333333333333334,1.0835747718811035,1.0835747718811035,1.3224470615386963,0.6953618143630301,0.4966416592567853,-9.189682051230186,0.42333333333333334,127,1.7887323943661972,6,71,HILCodec_3kbps,121-121726-0000.flac,123
random_loss,0.4,none,neighbor_copy,0.1,300,0,0.42333333333333334,0.42333333333333334,1.1790872812271118,1.1790872812271118,1.4295406341552734,0.7277533295953669,0.6299071396741242,-7.883725704063736,0.42333333333333334,127,1.7887323943661972,6,71,HILCodec_3kbps,121-121726-0000.flac,123
random_loss,0.4,random,zero_fill,0.1,300,30,0.42000000000000004,0.3733333333333333,1.1112651824951172,1.1112651824951172,1.31052827835083,0.6913054180995702,0.5594154431600737,-6.252902048857346,0.37333333333333335,112,1.6,5,70,HILCodec_3kbps,121-121726-0000.flac,42
random_loss,0.4,random,neighbor_copy,0.1,300,30,0.42000000000000004,0.3733333333333333,1.2112433910369873,1.2112433910369873,1.6162309646606445,0.7609312504826177,0.6877935755926124,-4.123536596990317,0.37333333333333335,112,1.6,5,70,HILCodec_3kbps,121-121726-0000.flac,42
random_loss,0.4,random,zero_fill,0.1,300,30,0.42333333333333334,0.3966666666666666,1.1057868003845215,1.1057868003845215,1.3296537399291992,0.7169332816347684,0.5329669790034283,-7.488858183014551,0.39666666666666667,119,1.6527777777777777,6,72,HILCodec_3kbps,121-121726-0000.flac,123
random_loss,0.4,random,neighbor_copy,0.1,300,30,0.42333333333333334,0.3966666666666666,1.186681866645813,1.186681866645813,1.541152834892273,0.767027297502234,0.6494934388316128,-5.484485399735362,0.39666666666666667,119,1.6527777777777777,6,72,HILCodec_3kbps,121-121726-0000.flac,123
random_loss,0.4,heuristic,zero_fill,0.1,300,30,0.41000000000000003,0.3633333333333333,1.0918304920196533,1.0918304920196533,1.348454475402832,0.7292322485580155,0.5456733748188878,-7.051469960879376,0.36333333333333334,109,1.6029411764705883,4,68,HILCodec_3kbps,121-121726-0000.flac,42
random_loss,0.4,heuristic,neighbor_copy,0.1,300,30,0.41000000000000003,0.3633333333333333,1.2975553274154663,1.2975553274154663,1.6743310689926147,0.8268461654726422,0.7315010147781554,-5.708984275571067,0.36333333333333334,109,1.6029411764705883,4,68,HILCodec_3kbps,121-121726-0000.flac,42
random_loss,0.4,heuristic,zero_fill,0.1,300,30,0.42333333333333334,0.3866666666666667,1.0918583869934082,1.0918583869934082,1.333708643913269,0.7133106220628287,0.5356979321822125,-8.727770573944156,0.38666666666666666,116,1.8709677419354838,6,62,HILCodec_3kbps,121-121726-0000.flac,123
random_loss,0.4,heuristic,neighbor_copy,0.1,300,30,0.42333333333333334,0.3866666666666667,1.193688154220581,1.193688154220581,1.477165699005127,0.7525745547426901,0.6625851733576563,-7.295220253360945,0.38666666666666666,116,1.8709677419354838,6,62,HILCodec_3kbps,121-121726-0000.flac,123
random_loss,0.4,importance_aware,zero_fill,0.1,300,30,0.41000000000000003,0.3766666666666667,1.0867382287979126,1.0867382287979126,1.3460758924484253,0.7173195690008954,0.5164960141963163,-7.519779437452199,0.37666666666666665,113,1.661764705882353,8,68,HILCodec_3kbps,121-121726-0000.flac,42
random_loss,0.4,importance_aware,neighbor_copy,0.1,300,30,0.41000000000000003,0.3766666666666667,1.2536460161209106,1.2536460161209106,1.663267970085144,0.8099328819192526,0.6999690588918007,-6.111951176540712,0.37666666666666665,113,1.661764705882353,8,68,HILCodec_3kbps,121-121726-0000.flac,42
random_loss,0.4,importance_aware,zero_fill,0.1,300,30,0.42333333333333334,0.3766666666666667,1.098542332649231,1.098542332649231,1.3416194915771484,0.7238382804069649,0.5511249311407315,-8.246072201413382,0.37666666666666665,113,1.8225806451612903,6,62,HILCodec_3kbps,121-121726-0000.flac,123
random_loss,0.4,importance_aware,neighbor_copy,0.1,300,30,0.42333333333333334,0.3766666666666667,1.2108010053634644,1.2108010053634644,1.4957832098007202,0.769465619715336,0.6861278792494317,-6.9886450199776124,0.37666666666666665,113,1.8225806451612903,6,62,HILCodec_3kbps,121-121726-0000.flac,123
random_loss,0.4,importance_selective,zero_fill,0.1,300,30,0.4066666666666666,0.4066666666666666,1.0799404382705688,1.0799404382705688,1.3376004695892334,0.7298523135200641,0.5723308125221243,-7.948233036464791,0.4066666666666667,122,1.7183098591549295,5,71,HILCodec_3kbps,121-121726-0000.flac,42
random_loss,0.4,importance_selective,neighbor_copy,0.1,300,30,0.4066666666666666,0.4066666666666666,1.1770803928375244,1.1770803928375244,1.557398796081543,0.7864394744326976,0.712913497747788,-6.296310660065462,0.4066666666666667,122,1.7183098591549295,5,71,HILCodec_3kbps,121-121726-0000.flac,42
random_loss,0.4,importance_selective,zero_fill,0.1,300,30,0.43000000000000005,0.43000000000000005,1.0919069051742554,1.0919069051742554,1.3406147956848145,0.6702770420507611,0.48910518718222473,-9.104431510404607,0.43,129,1.7916666666666667,5,72,HILCodec_3kbps,121-121726-0000.flac,123
random_loss,0.4,importance_selective,neighbor_copy,0.1,300,30,0.43000000000000005,0.43000000000000005,1.159651517868042,1.159651517868042,1.4283348321914673,0.7553208888834876,0.6208390413041978,-6.935044384973259,0.43,129,1.7916666666666667,5,72,HILCodec_3kbps,121-121726-0000.flac,123
random_loss,0.0,none,zero_fill,0.1,300,0,0.0,0.0,2.5609242916107178,2.5609242916107178,3.1601884365081787,0.929707833959024,0.8524344756376215,-4.224167607580874,0.0,0,0.0,0,0,HILCodec_3kbps,1221-135766-0000.flac,42
random_loss,0.0,none,neighbor_copy,0.1,300,0,0.0,0.0,2.5609242916107178,2.5609242916107178,3.1601884365081787,0.929707833959024,0.8524344756376215,-4.224167607580874,0.0,0,0.0,0,0,HILCodec_3kbps,1221-135766-0000.flac,42
random_loss,0.0,none,zero_fill,0.1,300,0,0.0,0.0,2.5609242916107178,2.5609242916107178,3.1601884365081787,0.929707833959024,0.8524344756376215,-4.224167607580874,0.0,0,0.0,0,0,HILCodec_3kbps,1221-135766-0000.flac,123
random_loss,0.0,none,neighbor_copy,0.1,300,0,0.0,0.0,2.5609242916107178,2.5609242916107178,3.1601884365081787,0.929707833959024,0.8524344756376215,-4.224167607580874,0.0,0,0.0,0,0,HILCodec_3kbps,1221-135766-0000.flac,123
random_loss,0.0,random,zero_fill,0.1,300,30,0.0,0.0,2.5609242916107178,2.5609242916107178,3.1601884365081787,0.929707833959024,0.8524344756376215,-4.224167607580874,0.0,0,0.0,0,0,HILCodec_3kbps,1221-135766-0000.flac,42
random_loss,0.0,random,neighbor_copy,0.1,300,30,0.0,0.0,2.5609242916107178,2.5609242916107178,3.1601884365081787,0.929707833959024,0.8524344756376215,-4.224167607580874,0.0,0,0.0,0,0,HILCodec_3kbps,1221-135766-0000.flac,42
random_loss,0.0,random,zero_fill,0.1,300,30,0.0,0.0,2.5609242916107178,2.5609242916107178,3.1601884365081787,0.929707833959024,0.8524344756376215,-4.224167607580874,0.0,0,0.0,0,0,HILCodec_3kbps,1221-135766-0000.flac,123
random_loss,0.0,random,neighbor_copy,0.1,300,30,0.0,0.0,2.5609242916107178,2.5609242916107178,3.1601884365081787,0.929707833959024,0.8524344756376215,-4.224167607580874,0.0,0,0.0,0,0,HILCodec_3kbps,1221-135766-0000.flac,123
random_loss,0.0,heuristic,zero_fill,0.1,300,30,0.0,0.0,2.5609242916107178,2.5609242916107178,3.1601884365081787,0.929707833959024,0.8524344756376215,-4.224167607580874,0.0,0,0.0,0,0,HILCodec_3kbps,1221-135766-0000.flac,42
random_loss,0.0,heuristic,neighbor_copy,0.1,300,30,0.0,0.0,2.5609242916107178,2.5609242916107178,3.1601884365081787,0.929707833959024,0.8524344756376215,-4.224167607580874,0.0,0,0.0,0,0,HILCodec_3kbps,1221-135766-0000.flac,42
random_loss,0.0,heuristic,zero_fill,0.1,300,30,0.0,0.0,2.5609242916107178,2.5609242916107178,3.1601884365081787,0.929707833959024,0.8524344756376215,-4.224167607580874,0.0,0,0.0,0,0,HILCodec_3kbps,1221-135766-0000.flac,123
random_loss,0.0,heuristic,neighbor_copy,0.1,300,30,0.0,0.0,2.5609242916107178,2.5609242916107178,3.1601884365081787,0.929707833959024,0.8524344756376215,-4.224167607580874,0.0,0,0.0,0,0,HILCodec_3kbps,1221-135766-0000.flac,123
random_loss,0.0,importance_aware,zero_fill,0.1,300,30,0.0,0.0,2.5609242916107178,2.5609242916107178,3.1601884365081787,0.929707833959024,0.8524344756376215,-4.224167607580874,0.0,0,0.0,0,0,HILCodec_3kbps,1221-135766-0000.flac,42
random_loss,0.0,importance_aware,neighbor_copy,0.1,300,30,0.0,0.0,2.5609242916107178,2.5609242916107178,3.1601884365081787,0.929707833959024,0.8524344756376215,-4.224167607580874,0.0,0,0.0,0,0,HILCodec_3kbps,1221-135766-0000.flac,42
random_loss,0.0,importance_aware,zero_fill,0.1,300,30,0.0,0.0,2.5609242916107178,2.5609242916107178,3.1601884365081787,0.929707833959024,0.8524344756376215,-4.224167607580874,0.0,0,0.0,0,0,HILCodec_3kbps,1221-135766-0000.flac,123
random_loss,0.0,importance_aware,neighbor_copy,0.1,300,30,0.0,0.0,2.5609242916107178,2.5609242916107178,3.1601884365081787,0.929707833959024,0.8524344756376215,-4.224167607580874,0.0,0,0.0,0,0,HILCodec_3kbps,1221-135766-0000.flac,123
random_loss,0.0,importance_selective,zero_fill,0.1,300,30,0.0,0.0,2.5609242916107178,2.5609242916107178,3.1601884365081787,0.929707833959024,0.8524344756376215,-4.224167607580874,0.0,0,0.0,0,0,HILCodec_3kbps,1221-135766-0000.flac,42
random_loss,0.0,importance_selective,neighbor_copy,0.1,300,30,0.0,0.0,2.5609242916107178,2.5609242916107178,3.1601884365081787,0.929707833959024,0.8524344756376215,-4.224167607580874,0.0,0,0.0,0,0,HILCodec_3kbps,1221-135766-0000.flac,42
random_loss,0.0,importance_selective,zero_fill,0.1,300,30,0.0,0.0,2.5609242916107178,2.5609242916107178,3.1601884365081787,0.929707833959024,0.8524344756376215,-4.224167607580874,0.0,0,0.0,0,0,HILCodec_3kbps,1221-135766-0000.flac,123
random_loss,0.0,importance_selective,neighbor_copy,0.1,300,30,0.0,0.0,2.5609242916107178,2.5609242916107178,3.1601884365081787,0.929707833959024,0.8524344756376215,-4.224167607580874,0.0,0,0.0,0,0,HILCodec_3kbps,1221-135766-0000.flac,123
random_loss,0.01,none,zero_fill,0.1,300,0,0.0033333333333332993,0.0033333333333332993,2.2562918663024902,2.2562918663024902,2.7610702514648438,0.9237277838287226,0.8475444232321324,-4.608440768126929,0.0033333333333333335,1,1.0,1,1,HILCodec_3kbps,1221-135766-0000.flac,42
random_loss,0.01,none,neighbor_copy,0.1,300,0,0.0033333333333332993,0.0033333333333332993,2.5193049907684326,2.5193049907684326,3.0977108478546143,0.9294176424785358,0.8517224601507479,-4.835080786705702,0.0033333333333333335,1,1.0,1,1,HILCodec_3kbps,1221-135766-0000.flac,42
random_loss,0.01,none,zero_fill,0.1,300,0,0.013333333333333308,0.013333333333333308,1.9425452947616577,1.9425452947616577,2.523263454437256,0.91106749488037,0.8313135304299546,-4.620795943254752,0.013333333333333334,4,1.0,1,4,HILCodec_3kbps,1221-135766-0000.flac,123
random_loss,0.01,none,neighbor_copy,0.1,300,0,0.013333333333333308,0.013333333333333308,2.0758283138275146,2.0758283138275146,2.869858980178833,0.9254831583503187,0.8432597467436176,-4.726902122842435,0.013333333333333334,4,1.0,1,4,HILCodec_3kbps,1221-135766-0000.flac,123
random_loss,0.01,random,zero_fill,0.1,300,30,0.0033333333333332993,0.0033333333333332993,2.5606048107147217,2.5606048107147217,3.1657936573028564,0.9296163982796796,0.8516634642643878,-4.223804768929046,0.0033333333333333335,1,1.0,1,1,HILCodec_3kbps,1221-135766-0000.flac,42
random_loss,0.01,random,neighbor_copy,0.1,300,30,0.0033333333333332993,0.0033333333333332993,2.5635879039764404,2.5635879039764404,3.1630091667175293,0.9296684765645297,0.8502631194615774,-4.221617901348954,0.0033333333333333335,1,1.0,1,1,HILCodec_3kbps,1221-135766-0000.flac,42
random_loss,0.01,random,zero_fill,0.1,300,30,0.01666666666666672,0.01666666666666672,1.8736310005187988,1.8736310005187988,2.5791187286376953,0.9196255376174829,0.840765839796297,-4.70830047869692,0.016666666666666666,5,1.0,1,5,HILCodec_3kbps,1221-135766-0000.flac,123
random_loss,0.01,random,neighbor_copy,0.1,300,30,0.01666666666666672,0.01666666666666672,2.011887311935425,2.011887311935425,2.743459701538086,0.9222732993529271,0.8427138025316424,-5.154596039728161,0.016666666666666666,5,1.0,1,5,HILCodec_3kbps,1221-135766-0000.flac,123
random_loss,0.01,heuristic,zero_fill,0.1,300,30,0.0033333333333332993,0.0033333333333332993,2.2562918663024902,2.2562918663024902,2.7610702514648438,0.9237277838287226,0.8475444232321324,-4.608440768126929,0.0033333333333333335,1,1.0,1,1,HILCodec_3kbps,1221-135766-0000.flac,42
random_loss,0.01,heuristic,neighbor_copy,0.1,300,30,0.0033333333333332993,0.0033333333333332993,2.5193049907684326,2.5193049907684326,3.0977108478546143,0.9294176424785358,0.8517224601507479,-4.835080786705702,0.0033333333333333335,1,1.0,1,1,HILCodec_3kbps,1221-135766-0000.flac,42
random_loss,0.01,heuristic,zero_fill,0.1,300,30,0.013333333333333308,0.013333333333333308,1.9425452947616577,1.9425452947616577,2.523263454437256,0.91106749488037,0.8313135304299546,-4.620795943254752,0.013333333333333334,4,1.0,1,4,HILCodec_3kbps,1221-135766-0000.flac,123
random_loss,0.01,heuristic,neighbor_copy,0.1,300,30,0.013333333333333308,0.013333333333333308,2.0758283138275146,2.0758283138275146,2.869858980178833,0.9254831583503187,0.8432597467436174,-4.726902122842435,0.013333333333333334,4,1.0,1,4,HILCodec_3kbps,1221-135766-0000.flac,123
random_loss,0.01,importance_aware,zero_fill,0.1,300,30,0.0033333333333332993,0.0033333333333332993,2.2562918663024902,2.2562918663024902,2.7610702514648438,0.9237277838287226,0.8475444232321324,-4.608440768126929,0.0033333333333333335,1,1.0,1,1,HILCodec_3kbps,1221-135766-0000.flac,42
random_loss,0.01,importance_aware,neighbor_copy,0.1,300,30,0.0033333333333332993,0.0033333333333332993,2.5193049907684326,2.5193049907684326,3.0977108478546143,0.9294176424785358,0.8517224601507478,-4.835080786705702,0.0033333333333333335,1,1.0,1,1,HILCodec_3kbps,1221-135766-0000.flac,42
random_loss,0.01,importance_aware,zero_fill,0.1,300,30,0.013333333333333308,0.013333333333333308,1.9425452947616577,1.9425452947616577,2.523263454437256,0.91106749488037,0.8313135304299546,-4.620795943254752,0.013333333333333334,4,1.0,1,4,HILCodec_3kbps,1221-135766-0000.flac,123
random_loss,0.01,importance_aware,neighbor_copy,0.1,300,30,0.013333333333333308,0.013333333333333308,2.0758283138275146,2.0758283138275146,2.869858980178833,0.9254831583503187,0.8432597467436176,-4.726902122842435,0.013333333333333334,4,1.0,1,4,HILCodec_3kbps,1221-135766-0000.flac,123
random_loss,0.01,importance_selective,zero_fill,0.1,300,30,0.0033333333333332993,0.0033333333333332993,2.5435352325439453,2.5435352325439453,3.1501476764678955,0.9282377014957051,0.851394420204046,-4.168326011179143,0.0033333333333333335,1,1.0,1,1,HILCodec_3kbps,1221-135766-0000.flac,42
random_loss,0.01,importance_selective,neighbor_copy,0.1,300,30,0.0033333333333332993,0.0033333333333332993,2.5414834022521973,2.5414834022521973,3.1593403816223145,0.9290970285162491,0.8519911908651743,-4.293032613303696,0.0033333333333333335,1,1.0,1,1,HILCodec_3kbps,1221-135766-0000.flac,42
random_loss,0.01,importance_selective,zero_fill,0.1,300,30,0.010000000000000009,0.010000000000000009,2.2599000930786133,2.2599000930786133,2.9207100868225098,0.912525235353104,0.8436098101958935,-4.317271011906873,0.01,3,1.0,1,3,HILCodec_3kbps,1221-135766-0000.flac,123
random_loss,0.01,importance_selective,neighbor_copy,0.1,300,30,0.010000000000000009,0.010000000000000009,2.391585350036621,2.391585350036621,3.0376148223876953,0.9263872362710386,0.8440579472937049,-4.321319331648496,0.01,3,1.0,1,3,HILCodec_3kbps,1221-135766-0000.flac,123
random_loss,0.03,none,zero_fill,0.1,300,0,0.026666666666666616,0.026666666666666616,1.62528657913208,1.62528657913208,2.2439827919006348,0.8908519977597389,0.8198038566229696,-4.904970085111944,0.02666666666666667,8,1.0,1,8,HILCodec_3kbps,1221-135766-0000.flac,42
random_loss,0.03,none,neighbor_copy,0.1,300,0,0.026666666666666616,0.026666666666666616,1.8259727954864502,1.8259727954864502,2.493043899536133,0.9129845629856397,0.8246869882574824,-5.316060541766154,0.02666666666666667,8,1.0,1,8,HILCodec_3kbps,1221-135766-0000.flac,42
random_loss,0.03,none,zero_fill,0.1,300,0,0.033333333333333326,0.033333333333333326,1.7005040645599365,1.7005040645599365,2.339280128479004,0.897984962246791,0.8196204918525494,-4.500554139757549,0.03333333333333333,10,1.0,1,10,HILCodec_3kbps,1221-135766-0000.flac,123
random_loss,0.03,none,neighbor_copy,0.1,300,0,0.033333333333333326,0.033333333333333326,1.8407683372497559,1.8407683372497559,2.57513427734375,0.9077295859455974,0.829792697139801,-4.8359044117107555,0.03333333333333333,10,1.0,1,10,HILCodec_3kbps,1221-135766-0000.flac,123
random_loss,0.03,random,zero_fill,0.1,300,30,0.026666666666666616,0.020000000000000018,1.8312418460845947,1.8312418460845947,2.5443308353424072,0.8840582968551755,0.8245509603066757,-4.612766706973524,0.02,6,1.0,1,6,HILCodec_3kbps,1221-135766-0000.flac,42
random_loss,0.03,random,neighbor_copy,0.1,300,30,0.026666666666666616,0.020000000000000018,2.1628780364990234,2.1628780364990234,2.841731548309326,0.9217693100926905,0.838385570512804,-4.547169730373035,0.02,6,1.0,1,6,HILCodec_3kbps,1221-135766-0000.flac,42
random_loss,0.03,random,zero_fill,0.1,300,30,0.033333333333333326,0.033333333333333326,1.6995699405670166,1.6995699405670166,2.4532363414764404,0.8978401972973687,0.825655603502949,-4.6863580338962105,0.03333333333333333,10,1.0,1,10,HILCodec_3kbps,1221-135766-0000.flac,123
random_loss,0.03,random,neighbor_copy,0.1,300,30,0.033333333333333326,0.033333333333333326,1.9859302043914795,1.9859302043914795,2.7295422554016113,0.9183412756831101,0.83732308818434,-5.118131713995156,0.03333333333333333,10,1.0,1,10,HILCodec_3kbps,1221-135766-0000.flac,123
random_loss,0.03,heuristic,zero_fill,0.1,300,30,0.026666666666666616,0.026666666666666616,1.62528657913208,1.62528657913208,2.2439827919006348,0.8908519977597389,0.8198038566229696,-4.904970085111944,0.02666666666666667,8,1.0,1,8,HILCodec_3kbps,1221-135766-0000.flac,42
random_loss,0.03,heuristic,neighbor_copy,0.1,300,30,0.026666666666666616,0.026666666666666616,1.8259727954864502,1.8259727954864502,2.493043899536133,0.9129845629856397,0.8246869882574825,-5.316060541766154,0.02666666666666667,8,1.0,1,8,HILCodec_3kbps,1221-135766-0000.flac,42
random_loss,0.03,heuristic,zero_fill,0.1,300,30,0.033333333333333326,0.030000000000000027,1.7027990818023682,1.7027990818023682,2.3482725620269775,0.8981396256264398,0.8219360985213612,-4.49092197361436,0.03,9,1.0,1,9,HILCodec_3kbps,1221-135766-0000.flac,123
random_loss,0.03,heuristic,neighbor_copy,0.1,300,30,0.033333333333333326,0.030000000000000027,1.8419088125228882,1.8419088125228882,2.57788348197937,0.907880203510508,0.8313204350944653,-4.824070685595469,0.03,9,1.0,1,9,HILCodec_3kbps,1221-135766-0000.flac,123
random_loss,0.03,importance_aware,zero_fill,0.1,300,30,0.026666666666666616,0.026666666666666616,1.62528657913208,1.62528657913208,2.2439827919006348,0.8908519977597389,0.8198038566229696,-4.904970085111944,0.02666666666666667,8,1.0,1,8,HILCodec_3kbps,1221-135766-0000.flac,42
random_loss,0.03,importance_aware,neighbor_copy,0.1,300,30,0.026666666666666616,0.026666666666666616,1.8259727954864502,1.8259727954864502,2.493043899536133,0.9129845629856397,0.8246869882574827,-5.316060541766154,0.02666666666666667,8,1.0,1,8,HILCodec_3kbps,1221-135766-0000.flac,42
random_loss,0.03,importance_aware,zero_fill,0.1,300,30,0.033333333333333326,0.030000000000000027,1.7027990818023682,1.7027990818023682,2.3482725620269775,0.8981396256264398,0.8219360985213611,-4.49092197361436,0.03,9,1.0,1,9,HILCodec_3kbps,1221-135766-0000.flac,123
random_loss,0.03,importance_aware,neighbor_copy,0.1,300,30,0.033333333333333326,0.030000000000000027,1.8419088125228882,1.8419088125228882,2.57788348197937,0.907880203510508,0.8313204350944653,-4.824070685595469,0.03,9,1.0,1,9,HILCodec_3kbps,1221-135766-0000.flac,123
random_loss,0.03,importance_selective,zero_fill,0.1,300,30,0.030000000000000027,0.030000000000000027,2.069687843322754,2.069687843322754,2.6785483360290527,0.8903520164714859,0.8304809072012023,-4.669429620041427,0.03,9,1.0,1,9,HILCodec_3kbps,1221-135766-0000.flac,42
random_loss,0.03,importance_selective,neighbor_copy,0.1,300,30,0.030000000000000027,0.030000000000000027,2.0296976566314697,2.0296976566314697,2.742262363433838,0.9137285838104258,0.8321434453932205,-4.824931147897989,0.03,9,1.0,1,9,HILCodec_3kbps,1221-135766-0000.flac,42
random_loss,0.03,importance_selective,zero_fill,0.1,300,30,0.036666666666666625,0.036666666666666625,1.6339691877365112,1.6339691877365112,2.1952626705169678,0.882780621959659,0.8151123838301849,-5.234801901705732,0.03666666666666667,11,1.1,2,10,HILCodec_3kbps,1221-135766-0000.flac,123
random_loss,0.03,importance_selective,neighbor_copy,0.1,300,30,0.036666666666666625,0.036666666666666625,1.968483805656433,1.968483805656433,2.6512112617492676,0.9170729093476396,0.8311622826583317,-5.3854008373645215,0.03666666666666667,11,1.1,2,10,HILCodec_3kbps,1221-135766-0000.flac,123
random_loss,0.05,none,zero_fill,0.1,300,0,0.050000000000000044,0.050000000000000044,1.4907766580581665,1.4907766580581665,2.065859079360962,0.8732542936980568,0.7944169080642833,-4.958240469969537,0.05,15,1.0,1,15,HILCodec_3kbps,1221-135766-0000.flac,42
random_loss,0.05,none,neighbor_copy,0.1,300,0,0.050000000000000044,0.050000000000000044,1.547480583190918,1.547480583190918,2.2909164428710938,0.8916008771280819,0.7952915719469736,-5.419968625384842,0.05,15,1.0,1,15,HILCodec_3kbps,1221-135766-0000.flac,42
random_loss,0.05,none,zero_fill,0.1,300,0,0.050000000000000044,0.050000000000000044,1.4885408878326416,1.4885408878326416,2.064255714416504,0.8574485103654051,0.7911165518474842,-5.002303582486901,0.05,15,1.0714285714285714,2,14,HILCodec_3kbps,1221-135766-0000.flac,123
random_loss,0.05,none,neighbor_copy,0.1,300,0,0.050000000000000044,0.050000000000000044,1.692312240600586,1.692312240600586,2.282261371612549,0.9000497708085511,0.8177973598604613,-5.220671107032304,0.05,15,1.0714285714285714,2,14,HILCodec_3kbps,1221-135766-0000.flac,123
random_loss,0.05,random,zero_fill,0.1,300,30,0.046666666666666634,0.033333333333333326,1.7600080966949463,1.7600080966949463,2.4620699882507324,0.8777140751685145,0.8173493822546971,-4.913219202728108,0.03333333333333333,10,1.0,1,10,HILCodec_3kbps,1221-135766-0000.flac,42
random_loss,0.05,random,neighbor_copy,0.1,300,30,0.046666666666666634,0.033333333333333326,2.031524896621704,2.031524896621704,2.736934185028076,0.9170721768142197,0.8301965154652265,-5.070512447901427,0.03333333333333333,10,1.0,1,10,HILCodec_3kbps,1221-135766-0000.flac,42
random_loss,0.05,random,zero_fill,0.1,300,30,0.053333333333333344,0.050000000000000044,1.554648995399475,1.554648995399475,2.2923202514648438,0.8671060134182607,0.808043544899327,-4.879536097285807,0.05,15,1.0714285714285714,2,14,HILCodec_3kbps,1221-135766-0000.flac,123
random_loss,0.05,random,neighbor_copy,0.1,300,30,0.053333333333333344,0.050000000000000044,1.86513352394104,1.86513352394104,2.623089075088501,0.9129446738226856,0.8278673899273815,-5.539963363625016,0.05,15,1.0714285714285714,2,14,HILCodec_3kbps,1221-135766-0000.flac,123
random_loss,0.05,heuristic,zero_fill,0.1,300,30,0.050000000000000044,0.043333333333333335,1.5265486240386963,1.5265486240386963,2.1007323265075684,0.8783097977899439,0.8032181083533766,-5.043822427901477,0.043333333333333335,13,1.0,1,13,HILCodec_3kbps,1221-135766-0000.flac,42
random_loss,0.05,heuristic,neighbor_copy,0.1,300,30,0.050000000000000044,0.043333333333333335,1.6079089641571045,1.6079089641571045,2.3385908603668213,0.9032380193710784,0.8090822165136884,-5.499464869039583,0.043333333333333335,13,1.0,1,13,HILCodec_3kbps,1221-135766-0000.flac,42
random_loss,0.05,heuristic,zero_fill,0.1,300,30,0.050000000000000044,0.046666666666666634,1.4897973537445068,1.4897973537445068,2.071199893951416,0.8575969138994655,0.7934052860864597,-4.9926954294253525,0.04666666666666667,14,1.0769230769230769,2,13,HILCodec_3kbps,1221-135766-0000.flac,123
random_loss,0.05,heuristic,neighbor_copy,0.1,300,30,0.050000000000000044,0.046666666666666634,1.693081021308899,1.693081021308899,2.2853636741638184,0.9001575909165186,0.8192546168926292,-5.208479519240687,0.04666666666666667,14,1.0769230769230769,2,13,HILCodec_3kbps,1221-135766-0000.flac,123
random_loss,0.05,importance_aware,zero_fill,0.1,300,30,0.050000000000000044,0.043333333333333335,1.5265486240386963,1.5265486240386963,2.1007323265075684,0.8783097977899439,0.8032181083533766,-5.043822427901477,0.043333333333333335,13,1.0,1,13,HILCodec_3kbps,1221-135766-0000.flac,42
random_loss,0.05,importance_aware,neighbor_copy,0.1,300,30,0.050000000000000044,0.043333333333333335,1.6079089641571045,1.6079089641571045,2.3385908603668213,0.9032380193710784,0.8090822165136884,-5.499464869039583,0.043333333333333335,13,1.0,1,13,HILCodec_3kbps,1221-135766-0000.flac,42
random_loss,0.05,importance_aware,zero_fill,0.1,300,30,0.050000000000000044,0.046666666666666634,1.4897973537445068,1.4897973537445068,2.071199893951416,0.8575969138994655,0.7934052860864597,-4.9926954294253525,0.04666666666666667,14,1.0769230769230769,2,13,HILCodec_3kbps,1221-135766-0000.flac,123
random_loss,0.05,importance_aware,neighbor_copy,0.1,300,30,0.050000000000000044,0.046666666666666634,1.693081021308899,1.693081021308899,2.2853636741638184,0.9001575909165186,0.8192546168926292,-5.208479519240687,0.04666666666666667,14,1.0769230769230769,2,13,HILCodec_3kbps,1221-135766-0000.flac,123
random_loss,0.05,importance_selective,zero_fill,0.1,300,30,0.043333333333333335,0.043333333333333335,2.013225555419922,2.013225555419922,2.621060609817505,0.8859469974841615,0.8207106606864926,-4.750203096385832,0.043333333333333335,13,1.0,1,13,HILCodec_3kbps,1221-135766-0000.flac,42
random_loss,0.05,importance_selective,neighbor_copy,0.1,300,30,0.043333333333333335,0.043333333333333335,2.0146188735961914,2.0146188735961914,2.733750581741333,0.9110563075769479,0.8290030386053298,-4.93960912205757,0.043333333333333335,13,1.0,1,13,HILCodec_3kbps,1221-135766-0000.flac,42
random_loss,0.05,importance_selective,zero_fill,0.1,300,30,0.050000000000000044,0.050000000000000044,1.5680869817733765,1.5680869817733765,2.113298177719116,0.8778117583365781,0.8081386224075328,-5.588213561215342,0.05,15,1.0714285714285714,2,14,HILCodec_3kbps,1221-135766-0000.flac,123
random_loss,0.05,importance_selective,neighbor_copy,0.1,300,30,0.050000000000000044,0.050000000000000044,1.823248267173767,1.823248267173767,2.528921127319336,0.9130577483686166,0.8245334513242741,-5.6350503632982365,0.05,15,1.0714285714285714,2,14,HILCodec_3kbps,1221-135766-0000.flac,123
random_loss,0.1,none,zero_fill,0.1,300,0,0.09666666666666668,0.09666666666666668,1.2841877937316895,1.2841877937316895,1.724104881286621,0.8406366581634929,0.7562086290470743,-5.347748490878288,0.09666666666666666,29,1.0740740740740742,2,27,HILCodec_3kbps,1221-135766-0000.flac,42
random_loss,0.1,none,neighbor_copy,0.1,300,0,0.09666666666666668,0.09666666666666668,1.3992809057235718,1.3992809057235718,2.058732509613037,0.8800247226807059,0.7697453513634439,-5.716744130468721,0.09666666666666666,29,1.0740740740740742,2,27,HILCodec_3kbps,1221-135766-0000.flac,42
random_loss,0.1,none,zero_fill,0.1,300,0,0.09999999999999998,0.09999999999999998,1.3215501308441162,1.3215501308441162,1.880000352859497,0.8137979436150161,0.739407587780224,-5.9461976021457685,0.1,30,1.1111111111111112,2,27,HILCodec_3kbps,1221-135766-0000.flac,123
random_loss,0.1,none,neighbor_copy,0.1,300,0,0.09999999999999998,0.09999999999999998,1.5633431673049927,1.5633431673049927,2.121751308441162,0.8887625281475141,0.8014955486647625,-5.957512666764675,0.1,30,1.1111111111111112,2,27,HILCodec_3kbps,1221-135766-0000.flac,123
random_loss,0.1,random,zero_fill,0.1,300,30,0.08666666666666667,0.06999999999999995,1.5340152978897095,1.5340152978897095,2.215477705001831,0.8482765648404919,0.778453891176957,-5.192624257527827,0.07,21,1.105263157894737,2,19,HILCodec_3kbps,1221-135766-0000.flac,42
random_loss,0.1,random,neighbor_copy,0.1,300,30,0.08666666666666667,0.06999999999999995,1.6634738445281982,1.6634738445281982,2.449126720428467,0.9046284575288027,0.8132028005453208,-5.5595370209849015,0.07,21,1.105263157894737,2,19,HILCodec_3kbps,1221-135766-0000.flac,42
random_loss,0.1,random,zero_fill,0.1,300,30,0.10666666666666669,0.10333333333333339,1.3755388259887695,1.3755388259887695,1.8765761852264404,0.8312832782856364,0.7684874864383426,-6.516691287835492,0.10333333333333333,31,1.1481481481481481,2,27,HILCodec_3kbps,1221-135766-0000.flac,123
random_loss,0.1,random,neighbor_copy,0.1,300,30,0.10666666666666669,0.10333333333333339,1.5877938270568848,1.5877938270568848,2.370483636856079,0.8947422773397768,0.7992092766308594,-6.451142243113061,0.10333333333333333,31,1.1481481481481481,2,27,HILCodec_3kbps,1221-135766-0000.flac,123
random_loss,0.1,heuristic,zero_fill,0.1,300,30,0.09666666666666668,0.08333333333333337,1.3323538303375244,1.3323538303375244,1.7534137964248657,0.8470366752401072,0.7705715323986988,-5.436030423999404,0.08333333333333333,25,1.0869565217391304,2,23,HILCodec_3kbps,1221-135766-0000.flac,42
random_loss,0.1,heuristic,neighbor_copy,0.1,300,30,0.09666666666666668,0.08333333333333337,1.4339134693145752,1.4339134693145752,2.0968570709228516,0.8924087295050946,0.7843326918781516,-5.795994987861719,0.08333333333333333,25,1.0869565217391304,2,23,HILCodec_3kbps,1221-135766-0000.flac,42
random_loss,0.1,heuristic,zero_fill,0.1,300,30,0.09999999999999998,0.08999999999999997,1.323227882385254,1.323227882385254,1.8995226621627808,0.818562523806883,0.7463341116504787,-5.933858018529726,0.09,27,1.08,2,25,HILCodec_3kbps,1221-135766-0000.flac,123
random_loss,0.1,heuristic,neighbor_copy,0.1,300,30,0.09999999999999998,0.08999999999999997,1.5661457777023315,1.5661457777023315,2.112745523452759,0.8892817081757979,0.8043236175360339,-5.942477345013475,0.09,27,1.08,2,25,HILCodec_3kbps,1221-135766-0000.flac,123
random_loss,0.1,importance_aware,zero_fill,0.1,300,30,0.09666666666666668,0.08333333333333337,1.3323538303375244,1.3323538303375244,1.7534137964248657,0.8470366752401072,0.7705715323986988,-5.436030423999404,0.08333333333333333,25,1.0869565217391304,2,23,HILCodec_3kbps,1221-135766-0000.flac,42
random_loss,0.1,importance_aware,neighbor_copy,0.1,300,30,0.09666666666666668,0.08333333333333337,1.4339134693145752,1.4339134693145752,2.0968570709228516,0.8924087295050946,0.7843326918781516,-5.795994987861719,0.08333333333333333,25,1.0869565217391304,2,23,HILCodec_3kbps,1221-135766-0000.flac,42
random_loss,0.1,importance_aware,zero_fill,0.1,300,30,0.09999999999999998,0.08999999999999997,1.323227882385254,1.323227882385254,1.8995226621627808,0.818562523806883,0.7463341116504787,-5.933858018529726,0.09,27,1.08,2,25,HILCodec_3kbps,1221-135766-0000.flac,123
random_loss,0.1,importance_aware,neighbor_copy,0.1,300,30,0.09999999999999998,0.08999999999999997,1.5661457777023315,1.5661457777023315,2.112745523452759,0.8892817081757979,0.8043236175360339,-5.942477345013475,0.09,27,1.08,2,25,HILCodec_3kbps,1221-135766-0000.flac,123
random_loss,0.1,importance_selective,zero_fill,0.1,300,30,0.09666666666666668,0.09666666666666668,1.3761718273162842,1.3761718273162842,1.93808913230896,0.8352465999903056,0.7637705043207,-5.602356930830532,0.09666666666666666,29,1.1153846153846154,2,26,HILCodec_3kbps,1221-135766-0000.flac,42
random_loss,0.1,importance_selective,neighbor_copy,0.1,300,30,0.09666666666666668,0.09666666666666668,1.6324498653411865,1.6324498653411865,2.4011270999908447,0.8782149259048199,0.7967791866541144,-5.528018452263401,0.09666666666666666,29,1.1153846153846154,2,26,HILCodec_3kbps,1221-135766-0000.flac,42
random_loss,0.1,importance_selective,zero_fill,0.1,300,30,0.08666666666666667,0.08666666666666667,1.3122659921646118,1.3122659921646118,1.7467429637908936,0.8189037751844344,0.7463508204742234,-6.018400243132551,0.08666666666666667,26,1.1304347826086956,2,23,HILCodec_3kbps,1221-135766-0000.flac,123
random_loss,0.1,importance_selective,neighbor_copy,0.1,300,30,0.08666666666666667,0.08666666666666667,1.5347635746002197,1.5347635746002197,2.1915974617004395,0.8956179253083812,0.7934626564658311,-5.945837748622567,0.08666666666666667,26,1.1304347826086956,2,23,HILCodec_3kbps,1221-135766-0000.flac,123
random_loss,0.2,none,zero_fill,0.1,300,0,0.24,0.24,1.107865571975708,1.107865571975708,1.4566214084625244,0.7002926720236679,0.5749953779843833,-7.800064765493168,0.24,72,1.44,6,50,HILCodec_3kbps,1221-135766-0000.flac,42
random_loss,0.2,none,neighbor_copy,0.1,300,0,0.24,0.24,1.1778779029846191,1.1778779029846191,1.5866570472717285,0.7806554050275762,0.6413519804958017,-8.616414935543926,0.24,72,1.44,6,50,HILCodec_3kbps,1221-135766-0000.flac,42
random_loss,0.2,none,zero_fill,0.1,300,0,0.20666666666666667,0.20666666666666667,1.1838966608047485,1.1838966608047485,1.593778133392334,0.7148672933320905,0.6349700406679294,-7.609111662507246,0.20666666666666667,62,1.3478260869565217,4,46,HILCodec_3kbps,1221-135766-0000.flac,123
random_loss,0.2,none,neighbor_copy,0.1,300,0,0.20666666666666667,0.20666666666666667,1.3115779161453247,1.3115779161453247,1.7695871591567993,0.8291279827579833,0.7149490819724047,-7.183891536923452,0.20666666666666667,62,1.3478260869565217,4,46,HILCodec_3kbps,1221-135766-0000.flac,123
random_loss,0.2,random,zero_fill,0.1,300,30,0.22666666666666668,0.19666666666666666,1.178027868270874,1.178027868270874,1.5664113759994507,0.7480353742375047,0.6335653542192649,-6.8525058893439805,0.19666666666666666,59,1.4047619047619047,5,42,HILCodec_3kbps,1221-135766-0000.flac,42
random_loss,0.2,random,neighbor_copy,0.1,300,30,0.22666666666666668,0.19666666666666666,1.3218512535095215,1.3218512535095215,1.7883427143096924,0.8415520852917033,0.7269172951969008,-7.061320367349851,0.19666666666666666,59,1.4047619047619047,5,42,HILCodec_3kbps,1221-135766-0000.flac,42
random_loss,0.2,random,zero_fill,0.1,300,30,0.20333333333333337,0.19333333333333336,1.2097028493881226,1.2097028493881226,1.6484968662261963,0.7909776242556807,0.6982049467958674,-6.987041457445678,0.19333333333333333,58,1.3181818181818181,4,44,HILCodec_3kbps,1221-135766-0000.flac,123
random_loss,0.2,random,neighbor_copy,0.1,300,30,0.20333333333333337,0.19333333333333336,1.3196802139282227,1.3196802139282227,1.8656280040740967,0.8504500903426738,0.7335078584319441,-7.044955263637852,0.19333333333333333,58,1.3181818181818181,4,44,HILCodec_3kbps,1221-135766-0000.flac,123
random_loss,0.2,heuristic,zero_fill,0.1,300,30,0.24,0.21666666666666667,1.1137884855270386,1.1137884855270386,1.4743314981460571,0.7195368538280715,0.5952898119584595,-7.807640712033362,0.21666666666666667,65,1.4444444444444444,6,45,HILCodec_3kbps,1221-135766-0000.flac,42
random_loss,0.2,heuristic,neighbor_copy,0.1,300,30,0.24,0.21666666666666667,1.1873749494552612,1.1873749494552612,1.6008490324020386,0.7975456671668774,0.6637550176977186,-8.643771150475795,0.21666666666666667,65,1.4444444444444444,6,45,HILCodec_3kbps,1221-135766-0000.flac,42
random_loss,0.2,heuristic,zero_fill,0.1,300,30,0.20666666666666667,0.18333333333333335,1.2036221027374268,1.2036221027374268,1.6212986707687378,0.7542319008770414,0.6671259882967803,-7.652769210803267,0.18333333333333332,55,1.25,4,44,HILCodec_3kbps,1221-135766-0000.flac,123
random_loss,0.2,heuristic,neighbor_copy,0.1,300,30,0.20666666666666667,0.18333333333333335,1.36369788646698,1.36369788646698,1.8945801258087158,0.8535663216519442,0.7492946951433976,-7.236280542376274,0.18333333333333332,55,1.25,4,44,HILCodec_3kbps,1221-135766-0000.flac,123
random_loss,0.2,importance_aware,zero_fill,0.1,300,30,0.24,0.21666666666666667,1.1137884855270386,1.1137884855270386,1.4743314981460571,0.7195368538280715,0.5952898119584595,-7.807640712033362,0.21666666666666667,65,1.4444444444444444,6,45,HILCodec_3kbps,1221-135766-0000.flac,42
random_loss,0.2,importance_aware,neighbor_copy,0.1,300,30,0.24,0.21666666666666667,1.1873749494552612,1.1873749494552612,1.6008490324020386,0.7975456671668774,0.6637550176977186,-8.643771150475795,0.21666666666666667,65,1.4444444444444444,6,45,HILCodec_3kbps,1221-135766-0000.flac,42
random_loss,0.2,importance_aware,zero_fill,0.1,300,30,0.20666666666666667,0.18333333333333335,1.2036221027374268,1.2036221027374268,1.6212986707687378,0.7542319008770414,0.6671259882967803,-7.652769210803267,0.18333333333333332,55,1.25,4,44,HILCodec_3kbps,1221-135766-0000.flac,123
random_loss,0.2,importance_aware,neighbor_copy,0.1,300,30,0.20666666666666667,0.18333333333333335,1.36369788646698,1.36369788646698,1.8945801258087158,0.8535663216519442,0.7492946951433976,-7.236280542376274,0.18333333333333332,55,1.25,4,44,HILCodec_3kbps,1221-135766-0000.flac,123
random_loss,0.2,importance_selective,zero_fill,0.1,300,30,0.21666666666666667,0.21666666666666667,1.1524577140808105,1.1524577140808105,1.5233502388000488,0.7508262949686141,0.6645790081979767,-7.770918519776602,0.21666666666666667,65,1.3541666666666667,3,48,HILCodec_3kbps,1221-135766-0000.flac,42
random_loss,0.2,importance_selective,neighbor_copy,0.1,300,30,0.21666666666666667,0.21666666666666667,1.261263370513916,1.261263370513916,1.7737278938293457,0.808444732208402,0.7354760188902172,-7.877448172375965,0.21666666666666667,65,1.3541666666666667,3,48,HILCodec_3kbps,1221-135766-0000.flac,42
random_loss,0.2,importance_selective,zero_fill,0.1,300,30,0.20666666666666667,0.20666666666666667,1.1838459968566895,1.1838459968566895,1.5454151630401611,0.7482543200785864,0.6544663392464705,-7.9075421264457555,0.20666666666666667,62,1.3191489361702127,4,47,HILCodec_3kbps,1221-135766-0000.flac,123
random_loss,0.2,importance_selective,neighbor_copy,0.1,300,30,0.20666666666666667,0.20666666666666667,1.2802282571792603,1.2802282571792603,1.7636597156524658,0.8360401905948528,0.711852859009004,-8.00456118175539,0.20666666666666667,62,1.3191489361702127,4,47,HILCodec_3kbps,1221-135766-0000.flac,123
random_loss,0.3,none,zero_fill,0.1,300,0,0.32333333333333336,0.32333333333333336,1.0843753814697266,1.0843753814697266,1.3617912530899048,0.6244918727739571,0.4895217269533188,-9.147107749061371,0.3233333333333333,97,1.564516129032258,8,62,HILCodec_3kbps,1221-135766-0000.flac,42
random_loss,0.3,none,neighbor_copy,0.1,300,0,0.32333333333333336,0.32333333333333336,1.1407454013824463,1.1407454013824463,1.4811142683029175,0.7408724052017032,0.5814384816223755,-10.133793239381134,0.3233333333333333,97,1.564516129032258,8,62,HILCodec_3kbps,1221-135766-0000.flac,42
random_loss,0.3,none,zero_fill,0.1,300,0,0.3433333333333334,0.3433333333333334,1.095493197441101,1.095493197441101,1.400179386138916,0.6540768111990145,0.5249394114090838,-10.094280731236825,0.3433333333333333,103,1.5846153846153845,6,65,HILCodec_3kbps,1221-135766-0000.flac,123
random_loss,0.3,none,neighbor_copy,0.1,300,0,0.3433333333333334,0.3433333333333334,1.1826450824737549,1.1826450824737549,1.5993030071258545,0.7640364509243406,0.6507349536770509,-9.940265966273882,0.3433333333333333,103,1.5846153846153845,6,65,HILCodec_3kbps,1221-135766-0000.flac,123
random_loss,0.3,random,zero_fill,0.1,300,30,0.31999999999999995,0.2833333333333333,1.1503403186798096,1.1503403186798096,1.561239242553711,0.7063594145541672,0.5628313473657158,-8.028392110251845,0.2833333333333333,85,1.4655172413793103,5,58,HILCodec_3kbps,1221-135766-0000.flac,42
random_loss,0.3,random,neighbor_copy,0.1,300,30,0.31999999999999995,0.2833333333333333,1.2098873853683472,1.2098873853683472,1.548513650894165,0.7995148928433249,0.6734584626324848,-7.893897131316199,0.2833333333333333,85,1.4655172413793103,5,58,HILCodec_3kbps,1221-135766-0000.flac,42
random_loss,0.3,random,zero_fill,0.1,300,30,0.32666666666666666,0.31000000000000005,1.1212421655654907,1.1212421655654907,1.4769790172576904,0.706088620851148,0.5532440702825172,-9.641657929086112,0.31,93,1.5245901639344261,6,61,HILCodec_3kbps,1221-135766-0000.flac,123
random_loss,0.3,random,neighbor_copy,0.1,300,30,0.32666666666666666,0.31000000000000005,1.209509015083313,1.209509015083313,1.7006388902664185,0.8033477701775055,0.6591966393301966,-9.888944386996945,0.31,93,1.5245901639344261,6,61,HILCodec_3kbps,1221-135766-0000.flac,123
random_loss,0.3,heuristic,zero_fill,0.1,300,30,0.32333333333333336,0.29666666666666663,1.0870660543441772,1.0870660543441772,1.4093258380889893,0.6394301441061898,0.5092314579740759,-9.119176681166689,0.2966666666666667,89,1.5892857142857142,8,56,HILCodec_3kbps,1221-135766-0000.flac,42
random_loss,0.3,heuristic,neighbor_copy,0.1,300,30,0.32333333333333336,0.29666666666666663,1.1471787691116333,1.1471787691116333,1.4669101238250732,0.758333014667081,0.6061003932134108,-10.149606316146567,0.2966666666666667,89,1.5892857142857142,8,56,HILCodec_3kbps,1221-135766-0000.flac,42
random_loss,0.3,heuristic,zero_fill,0.1,300,30,0.3433333333333334,0.30333333333333334,1.1127499341964722,1.1127499341964722,1.4753769636154175,0.7089864665514185,0.575236540119805,-9.919270430332062,0.30333333333333334,91,1.467741935483871,6,62,HILCodec_3kbps,1221-135766-0000.flac,123
random_loss,0.3,heuristic,neighbor_copy,0.1,300,30,0.3433333333333334,0.30333333333333334,1.2152146100997925,1.2152146100997925,1.701457142829895,0.8202730702993913,0.701385550375226,-9.95747661292002,0.30333333333333334,91,1.467741935483871,6,62,HILCodec_3kbps,1221-135766-0000.flac,123
random_loss,0.3,importance_aware,zero_fill,0.1,300,30,0.32333333333333336,0.29666666666666663,1.0870660543441772,1.0870660543441772,1.4093258380889893,0.6394301441061898,0.5092314579740759,-9.119176681166689,0.2966666666666667,89,1.5892857142857142,8,56,HILCodec_3kbps,1221-135766-0000.flac,42
random_loss,0.3,importance_aware,neighbor_copy,0.1,300,30,0.32333333333333336,0.29666666666666663,1.1471787691116333,1.1471787691116333,1.4669101238250732,0.758333014667081,0.6061003932134109,-10.149606316146567,0.2966666666666667,89,1.5892857142857142,8,56,HILCodec_3kbps,1221-135766-0000.flac,42
random_loss,0.3,importance_aware,zero_fill,0.1,300,30,0.3433333333333334,0.30333333333333334,1.1127499341964722,1.1127499341964722,1.4753769636154175,0.7089864665514185,0.575236540119805,-9.919270430332062,0.30333333333333334,91,1.467741935483871,6,62,HILCodec_3kbps,1221-135766-0000.flac,123
random_loss,0.3,importance_aware,neighbor_copy,0.1,300,30,0.3433333333333334,0.30333333333333334,1.2152146100997925,1.2152146100997925,1.701457142829895,0.8202730702993913,0.701385550375226,-9.95747661292002,0.30333333333333334,91,1.467741935483871,6,62,HILCodec_3kbps,1221-135766-0000.flac,123
random_loss,0.3,importance_selective,zero_fill,0.1,300,30,0.32666666666666666,0.32666666666666666,1.101485013961792,1.101485013961792,1.400783658027649,0.6880909557111149,0.5905256409973971,-10.772987447167012,0.32666666666666666,98,1.462686567164179,5,67,HILCodec_3kbps,1221-135766-0000.flac,42
random_loss,0.3,importance_selective,neighbor_copy,0.1,300,30,0.32666666666666666,0.32666666666666666,1.1773298978805542,1.1773298978805542,1.5792858600616455,0.760049093928721,0.6766112113423818,-10.715515992379947,0.32666666666666666,98,1.462686567164179,5,67,HILCodec_3kbps,1221-135766-0000.flac,42
random_loss,0.3,importance_selective,zero_fill,0.1,300,30,0.33333333333333337,0.33333333333333337,1.0876915454864502,1.0876915454864502,1.3595364093780518,0.6399171318302984,0.48588930927278,-10.954272579090622,0.3333333333333333,100,1.5873015873015872,5,63,HILCodec_3kbps,1221-135766-0000.flac,123
random_loss,0.3,importance_selective,neighbor_copy,0.1,300,30,0.33333333333333337,0.33333333333333337,1.1995222568511963,1.1995222568511963,1.6437077522277832,0.7771054685631463,0.6118617386206059,-10.530965031476283,0.3333333333333333,100,1.5873015873015872,5,63,HILCodec_3kbps,1221-135766-0000.flac,123
random_loss,0.4,none,zero_fill,0.1,300,0,0.41000000000000003,0.41000000000000003,1.073033094406128,1.073033094406128,1.2935006618499756,0.6161765377710793,0.4275086503259362,-10.337789090432858,0.41,123,1.662162162162162,8,74,HILCodec_3kbps,1221-135766-0000.flac,42
random_loss,0.4,none,neighbor_copy,0.1,300,0,0.41000000000000003,0.41000000000000003,1.1284791231155396,1.1284791231155396,1.4696611166000366,0.7191193557093123,0.5435789974862134,-11.60732023382559,0.41,123,1.662162162162162,8,74,HILCodec_3kbps,1221-135766-0000.flac,42
random_loss,0.4,none,zero_fill,0.1,300,0,0.42333333333333334,0.42333333333333334,1.0739659070968628,1.0739659070968628,1.3769155740737915,0.5757532366237725,0.4418656308850241,-12.643069169490563,0.42333333333333334,127,1.7887323943661972,6,71,HILCodec_3kbps,1221-135766-0000.flac,123
random_loss,0.4,none,neighbor_copy,0.1,300,0,0.42333333333333334,0.42333333333333334,1.1430389881134033,1.1430389881134033,1.5004743337631226,0.7140407296929251,0.5784908668083163,-11.597569094451742,0.42333333333333334,127,1.7887323943661972,6,71,HILCodec_3kbps,1221-135766-0000.flac,123
random_loss,0.4,random,zero_fill,0.1,300,30,0.42000000000000004,0.3733333333333333,1.0849286317825317,1.0849286317825317,1.3948255777359009,0.6212410846634321,0.4369493537858664,-10.511844750139325,0.37333333333333335,112,1.6,5,70,HILCodec_3kbps,1221-135766-0000.flac,42
random_loss,0.4,random,neighbor_copy,0.1,300,30,0.42000000000000004,0.3733333333333333,1.1376478672027588,1.1376478672027588,1.451927661895752,0.7565856133023274,0.6062678612756135,-9.562026282014264,0.37333333333333335,112,1.6,5,70,HILCodec_3kbps,1221-135766-0000.flac,42
random_loss,0.4,random,zero_fill,0.1,300,30,0.42333333333333334,0.3966666666666666,1.0803738832473755,1.0803738832473755,1.425022840499878,0.638315143078146,0.45309561559166034,-11.721059071097027,0.39666666666666667,119,1.6527777777777777,6,72,HILCodec_3kbps,1221-135766-0000.flac,123
random_loss,0.4,random,neighbor_copy,0.1,300,30,0.42333333333333334,0.3966666666666666,1.1532968282699585,1.1532968282699585,1.5264939069747925,0.7632310795790608,0.59784994827876,-11.091673717287097,0.39666666666666667,119,1.6527777777777777,6,72,HILCodec_3kbps,1221-135766-0000.flac,123
random_loss,0.4,heuristic,zero_fill,0.1,300,30,0.41000000000000003,0.3633333333333333,1.075703740119934,1.075703740119934,1.3750728368759155,0.6232184327412346,0.46523288987328854,-10.216735299033974,0.36333333333333334,109,1.676923076923077,8,65,HILCodec_3kbps,1221-135766-0000.flac,42
random_loss,0.4,heuristic,neighbor_copy,0.1,300,30,0.41000000000000003,0.3633333333333333,1.1354780197143555,1.1354780197143555,1.4583544731140137,0.7430644104401435,0.5782903446014381,-11.496596761787858,0.36333333333333334,109,1.676923076923077,8,65,HILCodec_3kbps,1221-135766-0000.flac,42
random_loss,0.4,heuristic,zero_fill,0.1,300,30,0.42333333333333334,0.3833333333333333,1.0800034999847412,1.0800034999847412,1.3984071016311646,0.6228736719919625,0.49076377348615563,-12.412781320900763,0.38333333333333336,115,1.6911764705882353,6,68,HILCodec_3kbps,1221-135766-0000.flac,123
random_loss,0.4,heuristic,neighbor_copy,0.1,300,30,0.42333333333333334,0.3833333333333333,1.1699886322021484,1.1699886322021484,1.5183720588684082,0.7680223220712532,0.6240817531382821,-11.605769566475988,0.38333333333333336,115,1.6911764705882353,6,68,HILCodec_3kbps,1221-135766-0000.flac,123
random_loss,0.4,importance_aware,zero_fill,0.1,300,30,0.41000000000000003,0.3666666666666667,1.0742214918136597,1.0742214918136597,1.3679356575012207,0.6234452080238084,0.4624042222182075,-10.213669493205078,0.36666666666666664,110,1.6666666666666667,8,66,HILCodec_3kbps,1221-135766-0000.flac,42
random_loss,0.4,importance_aware,neighbor_copy,0.1,300,30,0.41000000000000003,0.3666666666666667,1.1351845264434814,1.1351845264434814,1.4592351913452148,0.7430389567545622,0.5781915036747228,-11.49831049815405,0.36666666666666664,110,1.6666666666666667,8,66,HILCodec_3kbps,1221-135766-0000.flac,42
random_loss,0.4,importance_aware,zero_fill,0.1,300,30,0.42333333333333334,0.3833333333333333,1.0800034999847412,1.0800034999847412,1.3984071016311646,0.6228736719919625,0.49076377348615563,-12.412781320900763,0.38333333333333336,115,1.6911764705882353,6,68,HILCodec_3kbps,1221-135766-0000.flac,123
random_loss,0.4,importance_aware,neighbor_copy,0.1,300,30,0.42333333333333334,0.3833333333333333,1.1699886322021484,1.1699886322021484,1.5183720588684082,0.7680223220712532,0.6240817531382821,-11.605769566475988,0.38333333333333336,115,1.6911764705882353,6,68,HILCodec_3kbps,1221-135766-0000.flac,123
random_loss,0.4,importance_selective,zero_fill,0.1,300,30,0.4066666666666666,0.4066666666666666,1.0805786848068237,1.0805786848068237,1.379455804824829,0.6476190182575129,0.5188206125067247,-13.780083194018555,0.4066666666666667,122,1.6486486486486487,5,74,HILCodec_3kbps,1221-135766-0000.flac,42
random_loss,0.4,importance_selective,neighbor_copy,0.1,300,30,0.4066666666666666,0.4066666666666666,1.1219253540039062,1.1219253540039062,1.3698805570602417,0.7336304083221166,0.6275535219016029,-13.453678531387006,0.4066666666666667,122,1.6486486486486487,5,74,HILCodec_3kbps,1221-135766-0000.flac,42
random_loss,0.4,importance_selective,zero_fill,0.1,300,30,0.43000000000000005,0.43000000000000005,1.073192834854126,1.073192834854126,1.3531979322433472,0.5591674927079412,0.3640542917762003,-13.975308053907527,0.43,129,1.8169014084507042,5,71,HILCodec_3kbps,1221-135766-0000.flac,123
random_loss,0.4,importance_selective,neighbor_copy,0.1,300,30,0.43000000000000005,0.43000000000000005,1.1382986307144165,1.1382986307144165,1.5427813529968262,0.7304434471719021,0.5502682217220198,-12.507041071423497,0.43,129,1.8169014084507042,5,71,HILCodec_3kbps,1221-135766-0000.flac,123
random_loss,0.0,none,zero_fill,0.1,300,0,0.0,0.0,2.8575499057769775,2.8575499057769775,3.337811231613159,0.9285128043501167,0.8821438186579883,5.999578453283982,0.0,0,0.0,0,0,HILCodec_3kbps,1284-1180-0000.flac,42
random_loss,0.0,none,neighbor_copy,0.1,300,0,0.0,0.0,2.8575499057769775,2.8575499057769775,3.337811231613159,0.9285128043501167,0.8821438186579884,5.999578453283982,0.0,0,0.0,0,0,HILCodec_3kbps,1284-1180-0000.flac,42
random_loss,0.0,none,zero_fill,0.1,300,0,0.0,0.0,2.8575499057769775,2.8575499057769775,3.337811231613159,0.9285128043501167,0.8821438186579884,5.999578453283982,0.0,0,0.0,0,0,HILCodec_3kbps,1284-1180-0000.flac,123
random_loss,0.0,none,neighbor_copy,0.1,300,0,0.0,0.0,2.8575499057769775,2.8575499057769775,3.337811231613159,0.9285128043501167,0.8821438186579883,5.999578453283982,0.0,0,0.0,0,0,HILCodec_3kbps,1284-1180-0000.flac,123
random_loss,0.0,random,zero_fill,0.1,300,30,0.0,0.0,2.8575499057769775,2.8575499057769775,3.337811231613159,0.9285128043501167,0.8821438186579883,5.999578453283982,0.0,0,0.0,0,0,HILCodec_3kbps,1284-1180-0000.flac,42
random_loss,0.0,random,neighbor_copy,0.1,300,30,0.0,0.0,2.8575499057769775,2.8575499057769775,3.337811231613159,0.9285128043501167,0.8821438186579883,5.999578453283982,0.0,0,0.0,0,0,HILCodec_3kbps,1284-1180-0000.flac,42
random_loss,0.0,random,zero_fill,0.1,300,30,0.0,0.0,2.8575499057769775,2.8575499057769775,3.337811231613159,0.9285128043501167,0.8821438186579884,5.999578453283982,0.0,0,0.0,0,0,HILCodec_3kbps,1284-1180-0000.flac,123
random_loss,0.0,random,neighbor_copy,0.1,300,30,0.0,0.0,2.8575499057769775,2.8575499057769775,3.337811231613159,0.9285128043501167,0.8821438186579883,5.999578453283982,0.0,0,0.0,0,0,HILCodec_3kbps,1284-1180-0000.flac,123
random_loss,0.0,heuristic,zero_fill,0.1,300,30,0.0,0.0,2.8575499057769775,2.8575499057769775,3.337811231613159,0.9285128043501167,0.8821438186579884,5.999578453283982,0.0,0,0.0,0,0,HILCodec_3kbps,1284-1180-0000.flac,42
random_loss,0.0,heuristic,neighbor_copy,0.1,300,30,0.0,0.0,2.8575499057769775,2.8575499057769775,3.337811231613159,0.9285128043501167,0.8821438186579884,5.999578453283982,0.0,0,0.0,0,0,HILCodec_3kbps,1284-1180-0000.flac,42
random_loss,0.0,heuristic,zero_fill,0.1,300,30,0.0,0.0,2.8575499057769775,2.8575499057769775,3.337811231613159,0.9285128043501167,0.8821438186579883,5.999578453283982,0.0,0,0.0,0,0,HILCodec_3kbps,1284-1180-0000.flac,123
random_loss,0.0,heuristic,neighbor_copy,0.1,300,30,0.0,0.0,2.8575499057769775,2.8575499057769775,3.337811231613159,0.9285128043501167,0.8821438186579884,5.999578453283982,0.0,0,0.0,0,0,HILCodec_3kbps,1284-1180-0000.flac,123
random_loss,0.0,importance_aware,zero_fill,0.1,300,30,0.0,0.0,2.8575499057769775,2.8575499057769775,3.337811231613159,0.9285128043501167,0.8821438186579882,5.999578453283982,0.0,0,0.0,0,0,HILCodec_3kbps,1284-1180-0000.flac,42
random_loss,0.0,importance_aware,neighbor_copy,0.1,300,30,0.0,0.0,2.8575499057769775,2.8575499057769775,3.337811231613159,0.9285128043501167,0.8821438186579884,5.999578453283982,0.0,0,0.0,0,0,HILCodec_3kbps,1284-1180-0000.flac,42
random_loss,0.0,importance_aware,zero_fill,0.1,300,30,0.0,0.0,2.8575499057769775,2.8575499057769775,3.337811231613159,0.9285128043501167,0.8821438186579883,5.999578453283982,0.0,0,0.0,0,0,HILCodec_3kbps,1284-1180-0000.flac,123
random_loss,0.0,importance_aware,neighbor_copy,0.1,300,30,0.0,0.0,2.8575499057769775,2.8575499057769775,3.337811231613159,0.9285128043501167,0.8821438186579883,5.999578453283982,0.0,0,0.0,0,0,HILCodec_3kbps,1284-1180-0000.flac,123
random_loss,0.0,importance_selective,zero_fill,0.1,300,30,0.0,0.0,2.8575499057769775,2.8575499057769775,3.337811231613159,0.9285128043501167,0.8821438186579883,5.999578453283982,0.0,0,0.0,0,0,HILCodec_3kbps,1284-1180-0000.flac,42
random_loss,0.0,importance_selective,neighbor_copy,0.1,300,30,0.0,0.0,2.8575499057769775,2.8575499057769775,3.337811231613159,0.9285128043501167,0.8821438186579883,5.999578453283982,0.0,0,0.0,0,0,HILCodec_3kbps,1284-1180-0000.flac,42
random_loss,0.0,importance_selective,zero_fill,0.1,300,30,0.0,0.0,2.8575499057769775,2.8575499057769775,3.337811231613159,0.9285128043501167,0.8821438186579884,5.999578453283982,0.0,0,0.0,0,0,HILCodec_3kbps,1284-1180-0000.flac,123
random_loss,0.0,importance_selective,neighbor_copy,0.1,300,30,0.0,0.0,2.8575499057769775,2.8575499057769775,3.337811231613159,0.9285128043501167,0.8821438186579883,5.999578453283982,0.0,0,0.0,0,0,HILCodec_3kbps,1284-1180-0000.flac,123
random_loss,0.01,none,zero_fill,0.1,300,0,0.0033333333333332993,0.0033333333333332993,2.764500617980957,2.764500617980957,3.266805648803711,0.926484492166478,0.877454163123362,5.950799549932642,0.0033333333333333335,1,1.0,1,1,HILCodec_3kbps,1284-1180-0000.flac,42
random_loss,0.01,none,neighbor_copy,0.1,300,0,0.0033333333333332993,0.0033333333333332993,2.6748552322387695,2.6748552322387695,3.2270634174346924,0.925233915278344,0.8765075318585063,5.95732422427496,0.0033333333333333335,1,1.0,1,1,HILCodec_3kbps,1284-1180-0000.flac,42
random_loss,0.01,none,zero_fill,0.1,300,0,0.013333333333333308,0.013333333333333308,2.3771817684173584,2.3771817684173584,2.9776833057403564,0.9200008687053001,0.8701379815403738,5.64816516660952,0.013333333333333334,4,1.0,1,4,HILCodec_3kbps,1284-1180-0000.flac,123
random_loss,0.01,none,neighbor_copy,0.1,300,0,0.013333333333333308,0.013333333333333308,2.63295578956604,2.63295578956604,3.207726240158081,0.9244216713690039,0.8742883251889324,5.717232113455589,0.013333333333333334,4,1.0,1,4,HILCodec_3kbps,1284-1180-0000.flac,123
random_loss,0.01,random,zero_fill,0.1,300,30,0.0033333333333332993,0.0033333333333332993,2.83052659034729,2.83052659034729,3.336653709411621,0.9284489436188802,0.8820129986459413,6.007026311423836,0.0033333333333333335,1,1.0,1,1,HILCodec_3kbps,1284-1180-0000.flac,42
random_loss,0.01,random,neighbor_copy,0.1,300,30,0.0033333333333332993,0.0033333333333332993,2.829806089401245,2.829806089401245,3.3371238708496094,0.928462444571479,0.8820815226698338,5.983227137686235,0.0033333333333333335,1,1.0,1,1,HILCodec_3kbps,1284-1180-0000.flac,42
random_loss,0.01,random,zero_fill,0.1,300,30,0.01666666666666672,0.01666666666666672,2.3929402828216553,2.3929402828216553,3.1271681785583496,0.9242440082042879,0.8752448658734837,5.627866934549955,0.016666666666666666,5,1.0,1,5,HILCodec_3kbps,1284-1180-0000.flac,123
random_loss,0.01,random,neighbor_copy,0.1,300,30,0.01666666666666672,0.01666666666666672,2.4522969722747803,2.4522969722747803,3.1903769969940186,0.9255960552281126,0.877279959646568,5.757331756484325,0.016666666666666666,5,1.0,1,5,HILCodec_3kbps,1284-1180-0000.flac,123
random_loss,0.01,heuristic,zero_fill,0.1,300,30,0.0033333333333332993,0.0033333333333332993,2.764500617980957,2.764500617980957,3.266805648803711,0.926484492166478,0.8774541631233621,5.950799549932642,0.0033333333333333335,1,1.0,1,1,HILCodec_3kbps,1284-1180-0000.flac,42
random_loss,0.01,heuristic,neighbor_copy,0.1,300,30,0.0033333333333332993,0.0033333333333332993,2.6748552322387695,2.6748552322387695,3.2270634174346924,0.925233915278344,0.8765075318585062,5.95732422427496,0.0033333333333333335,1,1.0,1,1,HILCodec_3kbps,1284-1180-0000.flac,42
random_loss,0.01,heuristic,zero_fill,0.1,300,30,0.013333333333333308,0.010000000000000009,2.3878555297851562,2.3878555297851562,2.9831557273864746,0.9204653203812619,0.871349213771071,5.703809891701399,0.01,3,1.0,1,3,HILCodec_3kbps,1284-1180-0000.flac,123
random_loss,0.01,heuristic,neighbor_copy,0.1,300,30,0.013333333333333308,0.010000000000000009,2.6501734256744385,2.6501734256744385,3.2167797088623047,0.925070434948251,0.8762303958013525,5.77229142998867,0.01,3,1.0,1,3,HILCodec_3kbps,1284-1180-0000.flac,123
random_loss,0.01,importance_aware,zero_fill,0.1,300,30,0.0033333333333332993,0.0033333333333332993,2.764500617980957,2.764500617980957,3.266805648803711,0.926484492166478,0.8774541631233621,5.950799549932642,0.0033333333333333335,1,1.0,1,1,HILCodec_3kbps,1284-1180-0000.flac,42
random_loss,0.01,importance_aware,neighbor_copy,0.1,300,30,0.0033333333333332993,0.0033333333333332993,2.6748552322387695,2.6748552322387695,3.2270634174346924,0.925233915278344,0.8765075318585063,5.95732422427496,0.0033333333333333335,1,1.0,1,1,HILCodec_3kbps,1284-1180-0000.flac,42
random_loss,0.01,importance_aware,zero_fill,0.1,300,30,0.013333333333333308,0.013333333333333308,2.3771817684173584,2.3771817684173584,2.9776833057403564,0.9200008687053001,0.8701379815403738,5.64816516660952,0.013333333333333334,4,1.0,1,4,HILCodec_3kbps,1284-1180-0000.flac,123
random_loss,0.01,importance_aware,neighbor_copy,0.1,300,30,0.013333333333333308,0.013333333333333308,2.63295578956604,2.63295578956604,3.207726240158081,0.9244216713690039,0.8742883251889323,5.717232113455589,0.013333333333333334,4,1.0,1,4,HILCodec_3kbps,1284-1180-0000.flac,123
random_loss,0.01,importance_selective,zero_fill,0.1,300,30,0.0033333333333332993,0.0033333333333332993,2.6394362449645996,2.6394362449645996,3.1845614910125732,0.9204553730118084,0.8740101804017724,5.740365462645923,0.0033333333333333335,1,1.0,1,1,HILCodec_3kbps,1284-1180-0000.flac,42
random_loss,0.01,importance_selective,neighbor_copy,0.1,300,30,0.0033333333333332993,0.0033333333333332993,2.6456987857818604,2.6456987857818604,3.1792659759521484,0.9266934293922633,0.8797245806178198,5.737271769742691,0.0033333333333333335,1,1.0,1,1,HILCodec_3kbps,1284-1180-0000.flac,42
random_loss,0.01,importance_selective,zero_fill,0.1,300,30,0.010000000000000009,0.010000000000000009,2.7468998432159424,2.7468998432159424,3.2376809120178223,0.9231079930954744,0.8771050581316531,5.573069136580323,0.01,3,1.0,1,3,HILCodec_3kbps,1284-1180-0000.flac,123
random_loss,0.01,importance_selective,neighbor_copy,0.1,300,30,0.010000000000000009,0.010000000000000009,2.8226394653320312,2.8226394653320312,3.2990355491638184,0.9262286250890294,0.8794271499161342,5.48937269631114,0.01,3,1.0,1,3,HILCodec_3kbps,1284-1180-0000.flac,123
random_loss,0.03,none,zero_fill,0.1,300,0,0.026666666666666616,0.026666666666666616,2.4489381313323975,2.4489381313323975,2.952989101409912,0.9129481209065834,0.8564801480872075,5.790773361259607,0.02666666666666667,8,1.0,1,8,HILCodec_3kbps,1284-1180-0000.flac,42
random_loss,0.03,none,neighbor_copy,0.1,300,0,0.026666666666666616,0.026666666666666616,2.5586671829223633,2.5586671829223633,3.133218288421631,0.9224982873940568,0.8703184526664015,5.871175205392846,0.02666666666666667,8,1.0,1,8,HILCodec_3kbps,1284-1180-0000.flac,42
random_loss,0.03,none,zero_fill,0.1,300,0,0.033333333333333326,0.033333333333333326,2.0675973892211914,2.0675973892211914,2.7249114513397217,0.9054808248961532,0.8543261844837157,5.052430291641066,0.03333333333333333,10,1.0,1,10,HILCodec_3kbps,1284-1180-0000.flac,123
random_loss,0.03,none,neighbor_copy,0.1,300,0,0.033333333333333326,0.033333333333333326,2.336639404296875,2.336639404296875,3.0523788928985596,0.9183778238786245,0.86838415304165,4.2733358690790375,0.03333333333333333,10,1.0,1,10,HILCodec_3kbps,1284-1180-0000.flac,123
random_loss,0.03,random,zero_fill,0.1,300,30,0.026666666666666616,0.020000000000000018,2.2939016819000244,2.2939016819000244,2.792357921600342,0.9072839156490463,0.8576072486828308,5.204957934397044,0.02,6,1.0,1,6,HILCodec_3kbps,1284-1180-0000.flac,42
random_loss,0.03,random,neighbor_copy,0.1,300,30,0.026666666666666616,0.020000000000000018,2.2461297512054443,2.2461297512054443,2.806013584136963,0.9186073179923172,0.8678192372854611,4.939819513405696,0.02,6,1.0,1,6,HILCodec_3kbps,1284-1180-0000.flac,42
random_loss,0.03,random,zero_fill,0.1,300,30,0.033333333333333326,0.033333333333333326,2.2037198543548584,2.2037198543548584,2.8485655784606934,0.9178645652348192,0.8679052914534586,4.810692202343498,0.03333333333333333,10,1.0,1,10,HILCodec_3kbps,1284-1180-0000.flac,123
random_loss,0.03,random,neighbor_copy,0.1,300,30,0.033333333333333326,0.033333333333333326,2.1772379875183105,2.1772379875183105,2.9332263469696045,0.9207776023984274,0.8714141126623389,5.314155111513568,0.03333333333333333,10,1.0,1,10,HILCodec_3kbps,1284-1180-0000.flac,123
random_loss,0.03,heuristic,zero_fill,0.1,300,30,0.026666666666666616,0.023333333333333317,2.4555251598358154,2.4555251598358154,2.97015118598938,0.9129936494739713,0.8577970115823533,5.7899165757851465,0.023333333333333334,7,1.0,1,7,HILCodec_3kbps,1284-1180-0000.flac,42
random_loss,0.03,heuristic,neighbor_copy,0.1,300,30,0.026666666666666616,0.023333333333333317,2.565139055252075,2.565139055252075,3.1369054317474365,0.92252070650811,0.8714256887333128,5.870447495175259,0.023333333333333334,7,1.0,1,7,HILCodec_3kbps,1284-1180-0000.flac,42
random_loss,0.03,heuristic,zero_fill,0.1,300,30,0.033333333333333326,0.030000000000000027,2.075380802154541,2.075380802154541,2.729059934616089,0.9059452765347286,0.8555374166071575,5.103777351884753,0.03,9,1.0,1,9,HILCodec_3kbps,1284-1180-0000.flac,123
random_loss,0.03,heuristic,neighbor_copy,0.1,300,30,0.033333333333333326,0.030000000000000027,2.34960675239563,2.34960675239563,3.059997320175171,0.9190265874422947,0.8703262236169461,4.319151940792555,0.03,9,1.0,1,9,HILCodec_3kbps,1284-1180-0000.flac,123
random_loss,0.03,importance_aware,zero_fill,0.1,300,30,0.026666666666666616,0.023333333333333317,2.4555251598358154,2.4555251598358154,2.97015118598938,0.9129936494739713,0.8577970115823533,5.7899165757851465,0.023333333333333334,7,1.0,1,7,HILCodec_3kbps,1284-1180-0000.flac,42
random_loss,0.03,importance_aware,neighbor_copy,0.1,300,30,0.026666666666666616,0.023333333333333317,2.565139055252075,2.565139055252075,3.1369054317474365,0.92252070650811,0.8714256887333128,5.870447495175259,0.023333333333333334,7,1.0,1,7,HILCodec_3kbps,1284-1180-0000.flac,42
random_loss,0.03,importance_aware,zero_fill,0.1,300,30,0.033333333333333326,0.033333333333333326,2.0675973892211914,2.0675973892211914,2.7249114513397217,0.9054808248961532,0.8543261844837157,5.052430291641066,0.03333333333333333,10,1.0,1,10,HILCodec_3kbps,1284-1180-0000.flac,123
random_loss,0.03,importance_aware,neighbor_copy,0.1,300,30,0.033333333333333326,0.033333333333333326,2.336639404296875,2.336639404296875,3.0523788928985596,0.9183778238786245,0.86838415304165,4.2733358690790375,0.03333333333333333,10,1.0,1,10,HILCodec_3kbps,1284-1180-0000.flac,123
random_loss,0.03,importance_selective,zero_fill,0.1,300,30,0.030000000000000027,0.030000000000000027,2.176684856414795,2.176684856414795,2.7556262016296387,0.8970920675375249,0.8487570543338853,4.2626178330957405,0.03,9,1.0,1,9,HILCodec_3kbps,1284-1180-0000.flac,42
random_loss,0.03,importance_selective,neighbor_copy,0.1,300,30,0.030000000000000027,0.030000000000000027,2.1570937633514404,2.1570937633514404,2.774369239807129,0.9124819944176268,0.8647897333745524,5.14247996906108,0.03,9,1.0,1,9,HILCodec_3kbps,1284-1180-0000.flac,42
random_loss,0.03,importance_selective,zero_fill,0.1,300,30,0.036666666666666625,0.036666666666666625,2.0969150066375732,2.0969150066375732,2.692157506942749,0.8818627894829235,0.8410430628658465,4.556747067942161,0.03666666666666667,11,1.1,2,10,HILCodec_3kbps,1284-1180-0000.flac,123
random_loss,0.03,importance_selective,neighbor_copy,0.1,300,30,0.036666666666666625,0.036666666666666625,2.3105292320251465,2.3105292320251465,2.9392359256744385,0.9090141332996086,0.8585010157566456,4.770825132233528,0.03666666666666667,11,1.1,2,10,HILCodec_3kbps,1284-1180-0000.flac,123
random_loss,0.05,none,zero_fill,0.1,300,0,0.050000000000000044,0.050000000000000044,2.031688928604126,2.031688928604126,2.6147234439849854,0.8906032136019542,0.8404366215867546,5.358182233887998,0.05,15,1.0,1,15,HILCodec_3kbps,1284-1180-0000.flac,42
random_loss,0.05,none,neighbor_copy,0.1,300,0,0.050000000000000044,0.050000000000000044,2.2072246074676514,2.2072246074676514,2.8681139945983887,0.9168665646321377,0.8627863786356007,4.96586140145188,0.05,15,1.0,1,15,HILCodec_3kbps,1284-1180-0000.flac,42
random_loss,0.05,none,zero_fill,0.1,300,0,0.050000000000000044,0.050000000000000044,1.8402539491653442,1.8402539491653442,2.49440336227417,0.8908411221861343,0.8277021644163501,3.799262810429609,0.05,15,1.0714285714285714,2,14,HILCodec_3kbps,1284-1180-0000.flac,123
random_loss,0.05,none,neighbor_copy,0.1,300,0,0.050000000000000044,0.050000000000000044,2.2651147842407227,2.2651147842407227,2.922424793243408,0.9128879088418203,0.8610186633174476,3.5653016669302677,0.05,15,1.0714285714285714,2,14,HILCodec_3kbps,1284-1180-0000.flac,123
random_loss,0.05,random,zero_fill,0.1,300,30,0.046666666666666634,0.033333333333333326,2.152390956878662,2.152390956878662,2.6332054138183594,0.8982676370235213,0.8447719895535681,4.325735518943136,0.03333333333333333,10,1.0,1,10,HILCodec_3kbps,1284-1180-0000.flac,42
random_loss,0.05,random,neighbor_copy,0.1,300,30,0.046666666666666634,0.033333333333333326,2.0312111377716064,2.0312111377716064,2.6740903854370117,0.9083964268833461,0.8568018382255775,4.726083189279278,0.03333333333333333,10,1.0,1,10,HILCodec_3kbps,1284-1180-0000.flac,42
random_loss,0.05,random,zero_fill,0.1,300,30,0.053333333333333344,0.050000000000000044,2.123961925506592,2.123961925506592,2.8001160621643066,0.9109370582646263,0.8566711250744637,4.699337977515155,0.05,15,1.0714285714285714,2,14,HILCodec_3kbps,1284-1180-0000.flac,123
random_loss,0.05,random,neighbor_copy,0.1,300,30,0.053333333333333344,0.050000000000000044,2.1533236503601074,2.1533236503601074,2.9067161083221436,0.9192194594437298,0.8692196733788432,5.197044103810519,0.05,15,1.0714285714285714,2,14,HILCodec_3kbps,1284-1180-0000.flac,123
random_loss,0.05,heuristic,zero_fill,0.1,300,30,0.050000000000000044,0.043333333333333335,2.04659366607666,2.04659366607666,2.6528406143188477,0.8909415907658174,0.8427383747145227,5.394773553872309,0.043333333333333335,13,1.0,1,13,HILCodec_3kbps,1284-1180-0000.flac,42
random_loss,0.05,heuristic,neighbor_copy,0.1,300,30,0.050000000000000044,0.043333333333333335,2.2107491493225098,2.2107491493225098,2.8564109802246094,0.9169404619255469,0.864180471045419,4.989941613307666,0.043333333333333335,13,1.0,1,13,HILCodec_3kbps,1284-1180-0000.flac,42
random_loss,0.05,heuristic,zero_fill,0.1,300,30,0.050000000000000044,0.046666666666666634,1.8445026874542236,1.8445026874542236,2.4968011379241943,0.8912953023986967,0.8288786898133846,3.8429095660347508,0.04666666666666667,14,1.0769230769230769,2,13,HILCodec_3kbps,1284-1180-0000.flac,123
random_loss,0.05,heuristic,neighbor_copy,0.1,300,30,0.050000000000000044,0.046666666666666634,2.275113344192505,2.275113344192505,2.9287564754486084,0.9134889542130865,0.862822385213385,3.607342409387181,0.04666666666666667,14,1.0769230769230769,2,13,HILCodec_3kbps,1284-1180-0000.flac,123
random_loss,0.05,importance_aware,zero_fill,0.1,300,30,0.050000000000000044,0.043333333333333335,2.0504820346832275,2.0504820346832275,2.6280524730682373,0.8930183184920514,0.8417315845851941,5.383373172247897,0.043333333333333335,13,1.0,1,13,HILCodec_3kbps,1284-1180-0000.flac,42
random_loss,0.05,importance_aware,neighbor_copy,0.1,300,30,0.050000000000000044,0.043333333333333335,2.242863893508911,2.242863893508911,2.870854139328003,0.9177914466486613,0.8647566479445293,5.059409634898225,0.043333333333333335,13,1.0,1,13,HILCodec_3kbps,1284-1180-0000.flac,42
random_loss,0.05,importance_aware,zero_fill,0.1,300,30,0.050000000000000044,0.046666666666666634,1.9208073616027832,1.9208073616027832,2.5799715518951416,0.895424574411968,0.8325546989887822,4.525790012664684,0.04666666666666667,14,1.0769230769230769,2,13,HILCodec_3kbps,1284-1180-0000.flac,123
random_loss,0.05,importance_aware,neighbor_copy,0.1,300,30,0.050000000000000044,0.046666666666666634,2.3037357330322266,2.3037357330322266,3.0000991821289062,0.9147331411214262,0.8632651110661667,4.144014540210025,0.04666666666666667,14,1.0769230769230769,2,13,HILCodec_3kbps,1284-1180-0000.flac,123
random_loss,0.05,importance_selective,zero_fill,0.1,300,30,0.043333333333333335,0.043333333333333335,1.9963552951812744,1.9963552951812744,2.635190725326538,0.888350648059903,0.8383640562426542,4.047556661925741,0.043333333333333335,13,1.0,1,13,HILCodec_3kbps,1284-1180-0000.flac,42
random_loss,0.05,importance_selective,neighbor_copy,0.1,300,30,0.043333333333333335,0.043333333333333335,2.1288254261016846,2.1288254261016846,2.769252061843872,0.9116374099166493,0.8611075354609976,5.0876179030671675,0.043333333333333335,13,1.0,1,13,HILCodec_3kbps,1284-1180-0000.flac,42
random_loss,0.05,importance_selective,zero_fill,0.1,300,30,0.050000000000000044,0.050000000000000044,2.0348143577575684,2.0348143577575684,2.620789051055908,0.877644302742617,0.8308446011802231,4.383980668127347,0.05,15,1.0714285714285714,2,14,HILCodec_3kbps,1284-1180-0000.flac,123
random_loss,0.05,importance_selective,neighbor_copy,0.1,300,30,0.050000000000000044,0.050000000000000044,2.2527778148651123,2.2527778148651123,2.8652610778808594,0.9056706560695778,0.8541378307131074,4.49759187823524,0.05,15,1.0714285714285714,2,14,HILCodec_3kbps,1284-1180-0000.flac,123
random_loss,0.1,none,zero_fill,0.1,300,0,0.09666666666666668,0.09666666666666668,1.635408639907837,1.635408639907837,2.2118115425109863,0.8557769068988703,0.7961669170616293,3.169444551083178,0.09666666666666666,29,1.0740740740740742,2,27,HILCodec_3kbps,1284-1180-0000.flac,42
random_loss,0.1,none,neighbor_copy,0.1,300,0,0.09666666666666668,0.09666666666666668,1.884481430053711,1.884481430053711,2.5399975776672363,0.9043264187440737,0.83704892237858,3.139984963722621,0.09666666666666666,29,1.0740740740740742,2,27,HILCodec_3kbps,1284-1180-0000.flac,42
random_loss,0.1,none,zero_fill,0.1,300,0,0.09999999999999998,0.09999999999999998,1.5470309257507324,1.5470309257507324,2.101226568222046,0.8599632880303308,0.7947030094318732,2.372786014646186,0.1,30,1.1111111111111112,2,27,HILCodec_3kbps,1284-1180-0000.flac,123
random_loss,0.1,none,neighbor_copy,0.1,300,0,0.09999999999999998,0.09999999999999998,1.9873242378234863,1.9873242378234863,2.581852912902832,0.9015477416182835,0.8423714091962912,2.8101000903015727,0.1,30,1.1111111111111112,2,27,HILCodec_3kbps,1284-1180-0000.flac,123
random_loss,0.1,random,zero_fill,0.1,300,30,0.08666666666666667,0.06999999999999995,1.6986100673675537,1.6986100673675537,2.1689817905426025,0.8617192610094487,0.8110475313609046,2.4252558684310435,0.07,21,1.105263157894737,2,19,HILCodec_3kbps,1284-1180-0000.flac,42
random_loss,0.1,random,neighbor_copy,0.1,300,30,0.08666666666666667,0.06999999999999995,1.6020374298095703,1.6020374298095703,2.206573486328125,0.8438312922615497,0.8187063780874679,2.633374302763183,0.07,21,1.105263157894737,2,19,HILCodec_3kbps,1284-1180-0000.flac,42
random_loss,0.1,random,zero_fill,0.1,300,30,0.10666666666666669,0.10333333333333339,1.5207659006118774,1.5207659006118774,2.067800760269165,0.8435992594383112,0.782876571829452,2.6001770701212945,0.10333333333333333,31,1.1481481481481481,2,27,HILCodec_3kbps,1284-1180-0000.flac,123
random_loss,0.1,random,neighbor_copy,0.1,300,30,0.10666666666666669,0.10333333333333339,1.794759750366211,1.794759750366211,2.5292534828186035,0.8949539482891861,0.8338462332835481,3.4218616356288303,0.10333333333333333,31,1.1481481481481481,2,27,HILCodec_3kbps,1284-1180-0000.flac,123
random_loss,0.1,heuristic,zero_fill,0.1,300,30,0.09666666666666668,0.08333333333333337,1.6769119501113892,1.6769119501113892,2.259035587310791,0.86375465458985,0.8119680322409304,3.3788004413053447,0.08333333333333333,25,1.0,1,25,HILCodec_3kbps,1284-1180-0000.flac,42
random_loss,0.1,heuristic,neighbor_copy,0.1,300,30,0.09666666666666668,0.08333333333333337,1.9479697942733765,1.9479697942733765,2.5469748973846436,0.9073260471515919,0.850333577451721,3.165624180643266,0.08333333333333333,25,1.0,1,25,HILCodec_3kbps,1284-1180-0000.flac,42
random_loss,0.1,heuristic,zero_fill,0.1,300,30,0.09999999999999998,0.09333333333333338,1.5510585308074951,1.5510585308074951,2.127986192703247,0.8653865344711693,0.7989041640219288,2.7890479945127655,0.09333333333333334,28,1.12,2,25,HILCodec_3kbps,1284-1180-0000.flac,123
random_loss,0.1,heuristic,neighbor_copy,0.1,300,30,0.09999999999999998,0.09333333333333338,1.9946093559265137,1.9946093559265137,2.5911338329315186,0.9038169053588087,0.8454102340615578,2.7922655225562143,0.09333333333333334,28,1.12,2,25,HILCodec_3kbps,1284-1180-0000.flac,123
random_loss,0.1,importance_aware,zero_fill,0.1,300,30,0.09666666666666668,0.08333333333333337,1.7437348365783691,1.7437348365783691,2.3191068172454834,0.8625239405742643,0.8061251875588481,3.602285577050032,0.08333333333333333,25,1.0416666666666667,2,24,HILCodec_3kbps,1284-1180-0000.flac,42
random_loss,0.1,importance_aware,neighbor_copy,0.1,300,30,0.09666666666666668,0.08333333333333337,2.0771291255950928,2.0771291255950928,2.6648926734924316,0.9095354590350742,0.8533548018917105,3.405454175396301,0.08333333333333333,25,1.0416666666666667,2,24,HILCodec_3kbps,1284-1180-0000.flac,42
random_loss,0.1,importance_aware,zero_fill,0.1,300,30,0.09999999999999998,0.09333333333333338,1.6368879079818726,1.6368879079818726,2.221289873123169,0.8666350907149384,0.8034006031392766,3.387103381492972,0.09333333333333334,28,1.12,2,25,HILCodec_3kbps,1284-1180-0000.flac,123
random_loss,0.1,importance_aware,neighbor_copy,0.1,300,30,0.09999999999999998,0.09333333333333338,2.1321799755096436,2.1321799755096436,2.772573232650757,0.9072013352422075,0.8497635757648664,3.544477460860505,0.09333333333333334,28,1.12,2,25,HILCodec_3kbps,1284-1180-0000.flac,123
random_loss,0.1,importance_selective,zero_fill,0.1,300,30,0.09666666666666668,0.09666666666666668,1.5703768730163574,1.5703768730163574,2.104684591293335,0.8555623073226559,0.7954313625244307,2.68905667380362,0.09666666666666666,29,1.0740740740740742,2,27,HILCodec_3kbps,1284-1180-0000.flac,42
random_loss,0.1,importance_selective,neighbor_copy,0.1,300,30,0.09666666666666668,0.09666666666666668,1.7246208190917969,1.7246208190917969,2.2931671142578125,0.894741779373937,0.8307483773611651,3.3866878544022083,0.09666666666666666,29,1.0740740740740742,2,27,HILCodec_3kbps,1284-1180-0000.flac,42
random_loss,0.1,importance_selective,zero_fill,0.1,300,30,0.08666666666666667,0.08666666666666667,1.7366865873336792,1.7366865873336792,2.3491976261138916,0.8534181024631491,0.7874767561975032,3.9259068568080204,0.08666666666666667,26,1.1304347826086956,2,23,HILCodec_3kbps,1284-1180-0000.flac,123
random_loss,0.1,importance_selective,neighbor_copy,0.1,300,30,0.08666666666666667,0.08666666666666667,1.8911410570144653,1.8911410570144653,2.584827423095703,0.8924532445491253,0.8304666822031429,3.9519789204879348,0.08666666666666667,26,1.1304347826086956,2,23,HILCodec_3kbps,1284-1180-0000.flac,123
random_loss,0.2,none,zero_fill,0.1,300,0,0.24,0.24,1.2348167896270752,1.2348167896270752,1.6784988641738892,0.7510848236157277,0.6521143635974996,-1.0589994374283291,0.24,72,1.44,6,50,HILCodec_3kbps,1284-1180-0000.flac,42
random_loss,0.2,none,neighbor_copy,0.1,300,0,0.24,0.24,1.3969240188598633,1.3969240188598633,2.019561290740967,0.8432110786385852,0.7293976098796555,0.04723741025039477,0.24,72,1.44,6,50,HILCodec_3kbps,1284-1180-0000.flac,42
random_loss,0.2,none,zero_fill,0.1,300,0,0.20666666666666667,0.20666666666666667,1.250946044921875,1.250946044921875,1.6336114406585693,0.7703325320383179,0.6869570669092361,-0.6616325860278349,0.20666666666666667,62,1.3478260869565217,4,46,HILCodec_3kbps,1284-1180-0000.flac,123
random_loss,0.2,none,neighbor_copy,0.1,300,0,0.20666666666666667,0.20666666666666667,1.5111839771270752,1.5111839771270752,2.124882698059082,0.8530279841335392,0.7804905458678659,0.5112266025829433,0.20666666666666667,62,1.3478260869565217,4,46,HILCodec_3kbps,1284-1180-0000.flac,123
random_loss,0.2,random,zero_fill,0.1,300,30,0.22666666666666668,0.19666666666666666,1.2807426452636719,1.2807426452636719,1.509721040725708,0.7419374309962538,0.6544778472860864,-1.3552935540020723,0.19666666666666666,59,1.4047619047619047,5,42,HILCodec_3kbps,1284-1180-0000.flac,42
random_loss,0.2,random,neighbor_copy,0.1,300,30,0.22666666666666668,0.19666666666666666,1.4344232082366943,1.4344232082366943,1.9810559749603271,0.7848232979466364,0.7469417039021945,-0.869460971310533,0.19666666666666666,59,1.4047619047619047,5,42,HILCodec_3kbps,1284-1180-0000.flac,42
random_loss,0.2,random,zero_fill,0.1,300,30,0.20333333333333337,0.19333333333333336,1.2278623580932617,1.2278623580932617,1.7886641025543213,0.7553938227522912,0.6622043514145758,0.09832469215528174,0.19333333333333333,58,1.3181818181818181,4,44,HILCodec_3kbps,1284-1180-0000.flac,123
random_loss,0.2,random,neighbor_copy,0.1,300,30,0.20333333333333337,0.19333333333333336,1.352973222732544,1.352973222732544,2.0321128368377686,0.818137995934749,0.7385718884875966,0.814743831955092,0.19333333333333333,58,1.3181818181818181,4,44,HILCodec_3kbps,1284-1180-0000.flac,123
random_loss,0.2,heuristic,zero_fill,0.1,300,30,0.24,0.21666666666666667,1.2651746273040771,1.2651746273040771,1.7090204954147339,0.7582824923911713,0.6791658179704256,-0.7655174101397615,0.21666666666666667,65,1.3265306122448979,3,49,HILCodec_3kbps,1284-1180-0000.flac,42
random_loss,0.2,heuristic,neighbor_copy,0.1,300,30,0.24,0.21666666666666667,1.4330376386642456,1.4330376386642456,2.050661087036133,0.8513815259577037,0.7626819877508589,0.2775384999139923,0.21666666666666667,65,1.3265306122448979,3,49,HILCodec_3kbps,1284-1180-0000.flac,42
random_loss,0.2,heuristic,zero_fill,0.1,300,30,0.20666666666666667,0.18666666666666665,1.3129088878631592,1.3129088878631592,1.704680323600769,0.7814648724689031,0.6985283214973135,-0.06447357060400875,0.18666666666666668,56,1.302325581395349,3,43,HILCodec_3kbps,1284-1180-0000.flac,123
random_loss,0.2,heuristic,neighbor_copy,0.1,300,30,0.20666666666666667,0.18666666666666665,1.5856534242630005,1.5856534242630005,2.142460823059082,0.8586887166165625,0.7892163892639137,0.6206570750455391,0.18666666666666668,56,1.302325581395349,3,43,HILCodec_3kbps,1284-1180-0000.flac,123
random_loss,0.2,importance_aware,zero_fill,0.1,300,30,0.24,0.21666666666666667,1.2900421619415283,1.2900421619415283,1.7362712621688843,0.757000917848872,0.6759099642260016,-0.3093389935105729,0.21666666666666667,65,1.4130434782608696,6,46,HILCodec_3kbps,1284-1180-0000.flac,42
random_loss,0.2,importance_aware,neighbor_copy,0.1,300,30,0.24,0.21666666666666667,1.5030834674835205,1.5030834674835205,2.119001626968384,0.852831564146946,0.7533867263894176,0.6943531349441244,0.21666666666666667,65,1.4130434782608696,6,46,HILCodec_3kbps,1284-1180-0000.flac,42
random_loss,0.2,importance_aware,zero_fill,0.1,300,30,0.20666666666666667,0.18000000000000005,1.308767318725586,1.308767318725586,1.7201213836669922,0.7906504078598828,0.7095448643268956,1.0373478234979383,0.18,54,1.3170731707317074,4,41,HILCodec_3kbps,1284-1180-0000.flac,123
random_loss,0.2,importance_aware,neighbor_copy,0.1,300,30,0.20666666666666667,0.18000000000000005,1.5787267684936523,1.5787267684936523,2.2526931762695312,0.871702721827434,0.7999650616137948,2.1166509379835166,0.18,54,1.3170731707317074,4,41,HILCodec_3kbps,1284-1180-0000.flac,123
random_loss,0.2,importance_selective,zero_fill,0.1,300,30,0.21666666666666667,0.21666666666666667,1.254384160041809,1.254384160041809,1.6106536388397217,0.772093974932662,0.6785804821587484,-1.0935156418559833,0.21666666666666667,65,1.3265306122448979,3,49,HILCodec_3kbps,1284-1180-0000.flac,42
random_loss,0.2,importance_selective,neighbor_copy,0.1,300,30,0.21666666666666667,0.21666666666666667,1.3574031591415405,1.3574031591415405,1.8811488151550293,0.8473204538592999,0.7651967136238044,1.0591010740082238,0.21666666666666667,65,1.3265306122448979,3,49,HILCodec_3kbps,1284-1180-0000.flac,42
random_loss,0.2,importance_selective,zero_fill,0.1,300,30,0.20666666666666667,0.20666666666666667,1.3694195747375488,1.3694195747375488,1.9128246307373047,0.7858123167850454,0.7058013199548123,1.5013054682652969,0.20666666666666667,62,1.3478260869565217,4,46,HILCodec_3kbps,1284-1180-0000.flac,123
random_loss,0.2,importance_selective,neighbor_copy,0.1,300,30,0.20666666666666667,0.20666666666666667,1.5238089561462402,1.5238089561462402,2.1655588150024414,0.8633883537027411,0.7839309124427123,1.8442126094934825,0.20666666666666667,62,1.3478260869565217,4,46,HILCodec_3kbps,1284-1180-0000.flac,123
random_loss,0.3,none,zero_fill,0.1,300,0,0.32333333333333336,0.32333333333333336,1.1689702272415161,1.1689702272415161,1.4543536901474,0.7022591963581198,0.5819757330195527,-3.6981367011430146,0.3233333333333333,97,1.564516129032258,8,62,HILCodec_3kbps,1284-1180-0000.flac,42
random_loss,0.3,none,neighbor_copy,0.1,300,0,0.32333333333333336,0.32333333333333336,1.2813174724578857,1.2813174724578857,1.7193536758422852,0.7889483558375814,0.6877975870291744,-2.697217943189205,0.3233333333333333,97,1.564516129032258,8,62,HILCodec_3kbps,1284-1180-0000.flac,42
random_loss,0.3,none,zero_fill,0.1,300,0,0.3433333333333334,0.3433333333333334,1.138206124305725,1.138206124305725,1.433779239654541,0.6720031957166387,0.5615068788159552,-4.462059075928842,0.3433333333333333,103,1.5846153846153845,6,65,HILCodec_3kbps,1284-1180-0000.flac,123
random_loss,0.3,none,neighbor_copy,0.1,300,0,0.3433333333333334,0.3433333333333334,1.2993087768554688,1.2993087768554688,1.7023134231567383,0.7527426616290143,0.6806823616760848,-2.431344609070589,0.3433333333333333,103,1.5846153846153845,6,65,HILCodec_3kbps,1284-1180-0000.flac,123
random_loss,0.3,random,zero_fill,0.1,300,30,0.31999999999999995,0.2833333333333333,1.200136423110962,1.200136423110962,1.41444993019104,0.6780797567303306,0.5700417769389532,-3.1657647792757726,0.2833333333333333,85,1.4655172413793103,5,58,HILCodec_3kbps,1284-1180-0000.flac,42
random_loss,0.3,random,neighbor_copy,0.1,300,30,0.31999999999999995,0.2833333333333333,1.3773353099822998,1.3773353099822998,1.8627634048461914,0.7570857992304032,0.7058821181751295,-2.2060041553115717,0.2833333333333333,85,1.4655172413793103,5,58,HILCodec_3kbps,1284-1180-0000.flac,42
random_loss,0.3,random,zero_fill,0.1,300,30,0.32666666666666666,0.31000000000000005,1.1401395797729492,1.1401395797729492,1.5719423294067383,0.6873761353031322,0.5470511613435296,-3.477286658866781,0.31,93,1.5245901639344261,6,61,HILCodec_3kbps,1284-1180-0000.flac,123
random_loss,0.3,random,neighbor_copy,0.1,300,30,0.32666666666666666,0.31000000000000005,1.2211891412734985,1.2211891412734985,1.7927324771881104,0.7718802132531036,0.6820665573459705,-1.3441522930829477,0.31,93,1.5245901639344261,6,61,HILCodec_3kbps,1284-1180-0000.flac,123
random_loss,0.3,heuristic,zero_fill,0.1,300,30,0.32333333333333336,0.28,1.1822839975357056,1.1822839975357056,1.5348706245422363,0.7213745474856456,0.6257424247969793,-2.657733804680265,0.28,84,1.423728813559322,5,59,HILCodec_3kbps,1284-1180-0000.flac,42
random_loss,0.3,heuristic,neighbor_copy,0.1,300,30,0.32333333333333336,0.28,1.3067419528961182,1.3067419528961182,1.760225772857666,0.803328388290513,0.7212378450802043,-2.3448592495732483,0.28,84,1.423728813559322,5,59,HILCodec_3kbps,1284-1180-0000.flac,42
random_loss,0.3,heuristic,zero_fill,0.1,300,30,0.3433333333333334,0.30333333333333334,1.1955480575561523,1.1955480575561523,1.5488934516906738,0.7030108254773,0.6044483349112479,-2.6444200055239664,0.30333333333333334,91,1.4918032786885247,5,61,HILCodec_3kbps,1284-1180-0000.flac,123
random_loss,0.3,heuristic,neighbor_copy,0.1,300,30,0.3433333333333334,0.30333333333333334,1.3727853298187256,1.3727853298187256,1.8261239528656006,0.7926787003071399,0.7261189594408985,-1.6815421983598242,0.30333333333333334,91,1.4918032786885247,5,61,HILCodec_3kbps,1284-1180-0000.flac,123
random_loss,0.3,importance_aware,zero_fill,0.1,300,30,0.32333333333333336,0.29000000000000004,1.1983842849731445,1.1983842849731445,1.518508791923523,0.7239830109420877,0.6198793188564977,-3.0061053497246104,0.29,87,1.5,8,58,HILCodec_3kbps,1284-1180-0000.flac,42
random_loss,0.3,importance_aware,neighbor_copy,0.1,300,30,0.32333333333333336,0.29000000000000004,1.3140738010406494,1.3140738010406494,1.743844747543335,0.8283014457824637,0.727269090679101,-1.992303255054998,0.29,87,1.5,8,58,HILCodec_3kbps,1284-1180-0000.flac,42
random_loss,0.3,importance_aware,zero_fill,0.1,300,30,0.3433333333333334,0.29666666666666663,1.189986228942871,1.189986228942871,1.5513968467712402,0.7125870392734924,0.6174984991883369,-2.0185722470108347,0.2966666666666667,89,1.4833333333333334,6,60,HILCodec_3kbps,1284-1180-0000.flac,123
random_loss,0.3,importance_aware,neighbor_copy,0.1,300,30,0.3433333333333334,0.29666666666666663,1.306923747062683,1.306923747062683,1.876621961593628,0.7988337337209572,0.7300455074863322,-0.41566266007021485,0.2966666666666667,89,1.4833333333333334,6,60,HILCodec_3kbps,1284-1180-0000.flac,123
random_loss,0.3,importance_selective,zero_fill,0.1,300,30,0.32666666666666666,0.32666666666666666,1.174721121788025,1.174721121788025,1.50400972366333,0.6795671963811052,0.5515348230779015,-4.4405406041939,0.32666666666666666,98,1.4848484848484849,5,66,HILCodec_3kbps,1284-1180-0000.flac,42
random_loss,0.3,importance_selective,neighbor_copy,0.1,300,30,0.32666666666666666,0.32666666666666666,1.3354125022888184,1.3354125022888184,1.7664697170257568,0.8096640296937347,0.7178424295007073,-1.1649842782782718,0.32666666666666666,98,1.4848484848484849,5,66,HILCodec_3kbps,1284-1180-0000.flac,42
random_loss,0.3,importance_selective,zero_fill,0.1,300,30,0.33333333333333337,0.33333333333333337,1.1767098903656006,1.1767098903656006,1.5247282981872559,0.6826471945979196,0.565187644989159,-1.8670543295674813,0.3333333333333333,100,1.639344262295082,5,61,HILCodec_3kbps,1284-1180-0000.flac,123
random_loss,0.3,importance_selective,neighbor_copy,0.1,300,30,0.33333333333333337,0.33333333333333337,1.3153018951416016,1.3153018951416016,1.9318420886993408,0.8121493379502737,0.7014054217692244,-0.2909630590052722,0.3333333333333333,100,1.639344262295082,5,61,HILCodec_3kbps,1284-1180-0000.flac,123
random_loss,0.4,none,zero_fill,0.1,300,0,0.41000000000000003,0.41000000000000003,1.1119849681854248,1.1119849681854248,1.401625394821167,0.6377489167253625,0.5004309271063899,-5.485849234047187,0.41,123,1.662162162162162,8,74,HILCodec_3kbps,1284-1180-0000.flac,42
random_loss,0.4,none,neighbor_copy,0.1,300,0,0.41000000000000003,0.41000000000000003,1.2172281742095947,1.2172281742095947,1.5493762493133545,0.7305132028980639,0.6047180493987563,-4.601769898438152,0.41,123,1.662162162162162,8,74,HILCodec_3kbps,1284-1180-0000.flac,42
random_loss,0.4,none,zero_fill,0.1,300,0,0.42333333333333334,0.42333333333333334,1.0966882705688477,1.0966882705688477,1.3258600234985352,0.6196419749046362,0.44998363362366156,-6.146448376551126,0.42333333333333334,127,1.7887323943661972,6,71,HILCodec_3kbps,1284-1180-0000.flac,123
random_loss,0.4,none,neighbor_copy,0.1,300,0,0.42333333333333334,0.42333333333333334,1.1928716897964478,1.1928716897964478,1.4858832359313965,0.7084262595982354,0.6305258479990998,-4.234992098643839,0.42333333333333334,127,1.7887323943661972,6,71,HILCodec_3kbps,1284-1180-0000.flac,123
random_loss,0.4,random,zero_fill,0.1,300,30,0.42000000000000004,0.3733333333333333,1.1333028078079224,1.1333028078079224,1.4066306352615356,0.638223583133357,0.4809037526094695,-5.671630552463753,0.37333333333333335,112,1.6,5,70,HILCodec_3kbps,1284-1180-0000.flac,42
random_loss,0.4,random,neighbor_copy,0.1,300,30,0.42000000000000004,0.3733333333333333,1.271043300628662,1.271043300628662,1.8877403736114502,0.7137101310631403,0.6343212416418933,-4.311823714479678,0.37333333333333335,112,1.6,5,70,HILCodec_3kbps,1284-1180-0000.flac,42
random_loss,0.4,random,zero_fill,0.1,300,30,0.42333333333333334,0.3966666666666666,1.1110503673553467,1.1110503673553467,1.4706906080245972,0.6292216944225824,0.43711406685846027,-5.955425551430103,0.39666666666666667,119,1.6527777777777777,6,72,HILCodec_3kbps,1284-1180-0000.flac,123
random_loss,0.4,random,neighbor_copy,0.1,300,30,0.42333333333333334,0.3966666666666666,1.1897543668746948,1.1897543668746948,1.6487221717834473,0.7206378223365596,0.5948128741215056,-3.830245070224192,0.39666666666666667,119,1.6527777777777777,6,72,HILCodec_3kbps,1284-1180-0000.flac,123
random_loss,0.4,heuristic,zero_fill,0.1,300,30,0.41000000000000003,0.36,1.1220693588256836,1.1220693588256836,1.4478533267974854,0.655156080701919,0.5470323501232078,-4.376890647798203,0.36,108,1.5211267605633803,5,71,HILCodec_3kbps,1284-1180-0000.flac,42
random_loss,0.4,heuristic,neighbor_copy,0.1,300,30,0.41000000000000003,0.36,1.228703498840332,1.228703498840332,1.5979619026184082,0.7521189614628063,0.646402114356515,-4.149062421955044,0.36,108,1.5211267605633803,5,71,HILCodec_3kbps,1284-1180-0000.flac,42
random_loss,0.4,heuristic,zero_fill,0.1,300,30,0.42333333333333334,0.3766666666666667,1.1364094018936157,1.1364094018936157,1.3629412651062012,0.6523211530999035,0.4997645656576844,-4.142726470019266,0.37666666666666665,113,1.7121212121212122,5,66,HILCodec_3kbps,1284-1180-0000.flac,123
random_loss,0.4,heuristic,neighbor_copy,0.1,300,30,0.42333333333333334,0.3766666666666667,1.2629868984222412,1.2629868984222412,1.7485344409942627,0.76217007664848,0.6822964226607697,-3.3983578668412107,0.37666666666666665,113,1.7121212121212122,5,66,HILCodec_3kbps,1284-1180-0000.flac,123
random_loss,0.4,importance_aware,zero_fill,0.1,300,30,0.41000000000000003,0.3666666666666667,1.1282999515533447,1.1282999515533447,1.463049292564392,0.6672643633437724,0.5435995098746788,-4.654054965992753,0.36666666666666664,110,1.5492957746478873,8,71,HILCodec_3kbps,1284-1180-0000.flac,42
random_loss,0.4,importance_aware,neighbor_copy,0.1,300,30,0.41000000000000003,0.3666666666666667,1.2310936450958252,1.2310936450958252,1.647765040397644,0.79572900595067,0.6744123540058876,-3.1436828859854393,0.36666666666666664,110,1.5492957746478873,8,71,HILCodec_3kbps,1284-1180-0000.flac,42
random_loss,0.4,importance_aware,zero_fill,0.1,300,30,0.42333333333333334,0.3666666666666667,1.1332604885101318,1.1332604885101318,1.4223417043685913,0.6565137332076261,0.5138929023239995,-3.3723776208805423,0.36666666666666664,110,1.6923076923076923,6,65,HILCodec_3kbps,1284-1180-0000.flac,123
random_loss,0.4,importance_aware,neighbor_copy,0.1,300,30,0.42333333333333334,0.3666666666666667,1.279093623161316,1.279093623161316,1.771228551864624,0.7816254752523322,0.6927687799083814,-1.1079762942044695,0.36666666666666664,110,1.6923076923076923,6,65,HILCodec_3kbps,1284-1180-0000.flac,123
random_loss,0.4,importance_selective,zero_fill,0.1,300,30,0.4066666666666666,0.4066666666666666,1.1322249174118042,1.1322249174118042,1.3663419485092163,0.6267373726566285,0.460510252953901,-6.237286739908852,0.4066666666666667,122,1.6486486486486487,5,74,HILCodec_3kbps,1284-1180-0000.flac,42
random_loss,0.4,importance_selective,neighbor_copy,0.1,300,30,0.4066666666666666,0.4066666666666666,1.2882498502731323,1.2882498502731323,1.6564356088638306,0.7802330503349544,0.6705533251705134,-2.6040423580565624,0.4066666666666667,122,1.6486486486486487,5,74,HILCodec_3kbps,1284-1180-0000.flac,42
random_loss,0.4,importance_selective,zero_fill,0.1,300,30,0.43000000000000005,0.43000000000000005,1.1275887489318848,1.1275887489318848,1.4018839597702026,0.6141803438619454,0.44132496208333105,-5.56853872783207,0.43,129,1.8428571428571427,5,70,HILCodec_3kbps,1284-1180-0000.flac,123
random_loss,0.4,importance_selective,neighbor_copy,0.1,300,30,0.43000000000000005,0.43000000000000005,1.2696958780288696,1.2696958780288696,1.7543718814849854,0.7792968003575659,0.6428959440522977,-2.5803461111881725,0.43,129,1.8428571428571427,5,70,HILCodec_3kbps,1284-1180-0000.flac,123
random_loss,0.0,none,zero_fill,0.1,300,0,0.0,0.0,2.9611330032348633,2.9611330032348633,3.614915132522583,0.9377938725611392,0.88586147919978,5.427492975623379,0.0,0,0.0,0,0,HILCodec_3kbps,1320-122612-0000.flac,42
random_loss,0.0,none,neighbor_copy,0.1,300,0,0.0,0.0,2.9611330032348633,2.9611330032348633,3.614915132522583,0.9377938725611392,0.8858614791997799,5.427492975623379,0.0,0,0.0,0,0,HILCodec_3kbps,1320-122612-0000.flac,42
random_loss,0.0,none,zero_fill,0.1,300,0,0.0,0.0,2.9611330032348633,2.9611330032348633,3.614915132522583,0.9377938725611392,0.8858614791997799,5.427492975623379,0.0,0,0.0,0,0,HILCodec_3kbps,1320-122612-0000.flac,123
random_loss,0.0,none,neighbor_copy,0.1,300,0,0.0,0.0,2.9611330032348633,2.9611330032348633,3.614915132522583,0.9377938725611392,0.8858614791997799,5.427492975623379,0.0,0,0.0,0,0,HILCodec_3kbps,1320-122612-0000.flac,123
random_loss,0.0,random,zero_fill,0.1,300,30,0.0,0.0,2.9611330032348633,2.9611330032348633,3.614915132522583,0.9377938725611392,0.8858614791997799,5.427492975623379,0.0,0,0.0,0,0,HILCodec_3kbps,1320-122612-0000.flac,42
random_loss,0.0,random,neighbor_copy,0.1,300,30,0.0,0.0,2.9611330032348633,2.9611330032348633,3.614915132522583,0.9377938725611392,0.8858614791997799,5.427492975623379,0.0,0,0.0,0,0,HILCodec_3kbps,1320-122612-0000.flac,42
random_loss,0.0,random,zero_fill,0.1,300,30,0.0,0.0,2.9611330032348633,2.9611330032348633,3.614915132522583,0.9377938725611392,0.88586147919978,5.427492975623379,0.0,0,0.0,0,0,HILCodec_3kbps,1320-122612-0000.flac,123
random_loss,0.0,random,neighbor_copy,0.1,300,30,0.0,0.0,2.9611330032348633,2.9611330032348633,3.614915132522583,0.9377938725611392,0.8858614791997799,5.427492975623379,0.0,0,0.0,0,0,HILCodec_3kbps,1320-122612-0000.flac,123
random_loss,0.0,heuristic,zero_fill,0.1,300,30,0.0,0.0,2.9611330032348633,2.9611330032348633,3.614915132522583,0.9377938725611392,0.8858614791997799,5.427492975623379,0.0,0,0.0,0,0,HILCodec_3kbps,1320-122612-0000.flac,42
random_loss,0.0,heuristic,neighbor_copy,0.1,300,30,0.0,0.0,2.9611330032348633,2.9611330032348633,3.614915132522583,0.9377938725611392,0.88586147919978,5.427492975623379,0.0,0,0.0,0,0,HILCodec_3kbps,1320-122612-0000.flac,42
random_loss,0.0,heuristic,zero_fill,0.1,300,30,0.0,0.0,2.9611330032348633,2.9611330032348633,3.614915132522583,0.9377938725611392,0.8858614791997799,5.427492975623379,0.0,0,0.0,0,0,HILCodec_3kbps,1320-122612-0000.flac,123
random_loss,0.0,heuristic,neighbor_copy,0.1,300,30,0.0,0.0,2.9611330032348633,2.9611330032348633,3.614915132522583,0.9377938725611392,0.8858614791997799,5.427492975623379,0.0,0,0.0,0,0,HILCodec_3kbps,1320-122612-0000.flac,123
random_loss,0.0,importance_aware,zero_fill,0.1,300,30,0.0,0.0,2.9611330032348633,2.9611330032348633,3.614915132522583,0.9377938725611392,0.8858614791997799,5.427492975623379,0.0,0,0.0,0,0,HILCodec_3kbps,1320-122612-0000.flac,42
random_loss,0.0,importance_aware,neighbor_copy,0.1,300,30,0.0,0.0,2.9611330032348633,2.9611330032348633,3.614915132522583,0.9377938725611392,0.8858614791997799,5.427492975623379,0.0,0,0.0,0,0,HILCodec_3kbps,1320-122612-0000.flac,42
random_loss,0.0,importance_aware,zero_fill,0.1,300,30,0.0,0.0,2.9611330032348633,2.9611330032348633,3.614915132522583,0.9377938725611392,0.8858614791997799,5.427492975623379,0.0,0,0.0,0,0,HILCodec_3kbps,1320-122612-0000.flac,123
random_loss,0.0,importance_aware,neighbor_copy,0.1,300,30,0.0,0.0,2.9611330032348633,2.9611330032348633,3.614915132522583,0.9377938725611392,0.8858614791997799,5.427492975623379,0.0,0,0.0,0,0,HILCodec_3kbps,1320-122612-0000.flac,123
random_loss,0.0,importance_selective,zero_fill,0.1,300,30,0.0,0.0,2.9611330032348633,2.9611330032348633,3.614915132522583,0.9377938725611392,0.8858614791997799,5.427492975623379,0.0,0,0.0,0,0,HILCodec_3kbps,1320-122612-0000.flac,42
random_loss,0.0,importance_selective,neighbor_copy,0.1,300,30,0.0,0.0,2.9611330032348633,2.9611330032348633,3.614915132522583,0.9377938725611392,0.8858614791997799,5.427492975623379,0.0,0,0.0,0,0,HILCodec_3kbps,1320-122612-0000.flac,42
random_loss,0.0,importance_selective,zero_fill,0.1,300,30,0.0,0.0,2.9611330032348633,2.9611330032348633,3.614915132522583,0.9377938725611392,0.8858614791997799,5.427492975623379,0.0,0,0.0,0,0,HILCodec_3kbps,1320-122612-0000.flac,123
random_loss,0.0,importance_selective,neighbor_copy,0.1,300,30,0.0,0.0,2.9611330032348633,2.9611330032348633,3.614915132522583,0.9377938725611392,0.8858614791997799,5.427492975623379,0.0,0,0.0,0,0,HILCodec_3kbps,1320-122612-0000.flac,123
random_loss,0.01,none,zero_fill,0.1,300,0,0.0033333333333332993,0.0033333333333332993,2.9490387439727783,2.9490387439727783,3.6106932163238525,0.9374786805511692,0.8844784410436499,5.412023048815251,0.0033333333333333335,1,1.0,1,1,HILCodec_3kbps,1320-122612-0000.flac,42
random_loss,0.01,none,neighbor_copy,0.1,300,0,0.0033333333333332993,0.0033333333333332993,2.934495449066162,2.934495449066162,3.613538980484009,0.9375863942230558,0.8851636702311297,5.489304000030398,0.0033333333333333335,1,1.0,1,1,HILCodec_3kbps,1320-122612-0000.flac,42
random_loss,0.01,none,zero_fill,0.1,300,0,0.013333333333333308,0.013333333333333308,2.471998691558838,2.471998691558838,3.153992176055908,0.93057191866594,0.8744920904066417,4.7199803412261065,0.013333333333333334,4,1.0,1,4,HILCodec_3kbps,1320-122612-0000.flac,123
random_loss,0.01,none,neighbor_copy,0.1,300,0,0.013333333333333308,0.013333333333333308,2.648932695388794,2.648932695388794,3.380908250808716,0.9346461510987523,0.8816440494929237,4.746083851122673,0.013333333333333334,4,1.0,1,4,HILCodec_3kbps,1320-122612-0000.flac,123
random_loss,0.01,random,zero_fill,0.1,300,30,0.0033333333333332993,0.0033333333333332993,2.9672470092773438,2.9672470092773438,3.614665985107422,0.9371732740610657,0.8860791423323918,5.42799099674185,0.0033333333333333335,1,1.0,1,1,HILCodec_3kbps,1320-122612-0000.flac,42
random_loss,0.01,random,neighbor_copy,0.1,300,30,0.0033333333333332993,0.0033333333333332993,2.968778371810913,2.968778371810913,3.6152491569519043,0.9373018326670702,0.8867640268647806,5.42783140815639,0.0033333333333333335,1,1.0,1,1,HILCodec_3kbps,1320-122612-0000.flac,42
random_loss,0.01,random,zero_fill,0.1,300,30,0.01666666666666672,0.01666666666666672,2.700639009475708,2.700639009475708,3.4408175945281982,0.933853372868895,0.8747596184372137,5.0979525207902165,0.016666666666666666,5,1.0,1,5,HILCodec_3kbps,1320-122612-0000.flac,123
random_loss,0.01,random,neighbor_copy,0.1,300,30,0.01666666666666672,0.01666666666666672,2.6295430660247803,2.6295430660247803,3.5516116619110107,0.9336464933691421,0.8769212954799231,5.350713073286601,0.016666666666666666,5,1.0,1,5,HILCodec_3kbps,1320-122612-0000.flac,123
random_loss,0.01,heuristic,zero_fill,0.1,300,30,0.0033333333333332993,0.0033333333333332993,2.9490387439727783,2.9490387439727783,3.6106932163238525,0.9374786805511692,0.8844784410436498,5.412023048815251,0.0033333333333333335,1,1.0,1,1,HILCodec_3kbps,1320-122612-0000.flac,42
random_loss,0.01,heuristic,neighbor_copy,0.1,300,30,0.0033333333333332993,0.0033333333333332993,2.934495449066162,2.934495449066162,3.613538980484009,0.9375863942230558,0.8851636702311299,5.489304000030398,0.0033333333333333335,1,1.0,1,1,HILCodec_3kbps,1320-122612-0000.flac,42
random_loss,0.01,heuristic,zero_fill,0.1,300,30,0.013333333333333308,0.013333333333333308,2.471998691558838,2.471998691558838,3.153992176055908,0.93057191866594,0.8744920904066417,4.7199803412261065,0.013333333333333334,4,1.0,1,4,HILCodec_3kbps,1320-122612-0000.flac,123
random_loss,0.01,heuristic,neighbor_copy,0.1,300,30,0.013333333333333308,0.013333333333333308,2.648932695388794,2.648932695388794,3.380908250808716,0.9346461510987523,0.8816440494929239,4.746083851122673,0.013333333333333334,4,1.0,1,4,HILCodec_3kbps,1320-122612-0000.flac,123
random_loss,0.01,importance_aware,zero_fill,0.1,300,30,0.0033333333333332993,0.0033333333333332993,2.9490387439727783,2.9490387439727783,3.6106932163238525,0.9374786805511692,0.8844784410436498,5.412023048815251,0.0033333333333333335,1,1.0,1,1,HILCodec_3kbps,1320-122612-0000.flac,42
random_loss,0.01,importance_aware,neighbor_copy,0.1,300,30,0.0033333333333332993,0.0033333333333332993,2.934495449066162,2.934495449066162,3.613538980484009,0.9375863942230558,0.8851636702311299,5.489304000030398,0.0033333333333333335,1,1.0,1,1,HILCodec_3kbps,1320-122612-0000.flac,42
random_loss,0.01,importance_aware,zero_fill,0.1,300,30,0.013333333333333308,0.013333333333333308,2.471998691558838,2.471998691558838,3.153992176055908,0.93057191866594,0.8744920904066417,4.7199803412261065,0.013333333333333334,4,1.0,1,4,HILCodec_3kbps,1320-122612-0000.flac,123
random_loss,0.01,importance_aware,neighbor_copy,0.1,300,30,0.013333333333333308,0.013333333333333308,2.648932695388794,2.648932695388794,3.380908250808716,0.9346461510987523,0.8816440494929239,4.746083851122673,0.013333333333333334,4,1.0,1,4,HILCodec_3kbps,1320-122612-0000.flac,123
random_loss,0.01,importance_selective,zero_fill,0.1,300,30,0.0033333333333332993,0.0033333333333332993,2.9402878284454346,2.9402878284454346,3.5969371795654297,0.9376978032419842,0.8851413012883255,5.421480034997341,0.0033333333333333335,1,1.0,1,1,HILCodec_3kbps,1320-122612-0000.flac,42
random_loss,0.01,importance_selective,neighbor_copy,0.1,300,30,0.0033333333333332993,0.0033333333333332993,2.9670233726501465,2.9670233726501465,3.6177799701690674,0.937775860852019,0.8859400169932847,5.408641489224383,0.0033333333333333335,1,1.0,1,1,HILCodec_3kbps,1320-122612-0000.flac,42
random_loss,0.01,importance_selective,zero_fill,0.1,300,30,0.010000000000000009,0.010000000000000009,2.9365293979644775,2.9365293979644775,3.5640063285827637,0.9357454795309259,0.88187591328517,5.266449145341526,0.01,3,1.0,1,3,HILCodec_3kbps,1320-122612-0000.flac,123
random_loss,0.01,importance_selective,neighbor_copy,0.1,300,30,0.010000000000000009,0.010000000000000009,2.848733425140381,2.848733425140381,3.5091166496276855,0.9336875669691997,0.8818310989830367,5.227662115964886,0.01,3,1.0,1,3,HILCodec_3kbps,1320-122612-0000.flac,123
random_loss,0.03,none,zero_fill,0.1,300,0,0.026666666666666616,0.026666666666666616,2.228652000427246,2.228652000427246,2.9277353286743164,0.9112684376856818,0.850062837467555,4.359499676232573,0.02666666666666667,8,1.0,1,8,HILCodec_3kbps,1320-122612-0000.flac,42
random_loss,0.03,none,neighbor_copy,0.1,300,0,0.026666666666666616,0.026666666666666616,2.5061559677124023,2.5061559677124023,3.209737539291382,0.9311568749966392,0.8759138923909238,4.666085144116182,0.02666666666666667,8,1.0,1,8,HILCodec_3kbps,1320-122612-0000.flac,42
random_loss,0.03,none,zero_fill,0.1,300,0,0.033333333333333326,0.033333333333333326,1.9135185480117798,1.9135185480117798,2.622438907623291,0.9014304163271012,0.842824659767759,4.049158288719937,0.03333333333333333,10,1.0,1,10,HILCodec_3kbps,1320-122612-0000.flac,123
random_loss,0.03,none,neighbor_copy,0.1,300,0,0.033333333333333326,0.033333333333333326,2.2916955947875977,2.2916955947875977,3.1238439083099365,0.9266492238814885,0.865954825540112,4.304561464361926,0.03333333333333333,10,1.0,1,10,HILCodec_3kbps,1320-122612-0000.flac,123
random_loss,0.03,random,zero_fill,0.1,300,30,0.026666666666666616,0.020000000000000018,2.5251927375793457,2.5251927375793457,3.2199618816375732,0.9332306539459306,0.8779232752891455,5.139837424704029,0.02,6,1.0,1,6,HILCodec_3kbps,1320-122612-0000.flac,42
random_loss,0.03,random,neighbor_copy,0.1,300,30,0.026666666666666616,0.020000000000000018,2.732454299926758,2.732454299926758,3.4898672103881836,0.9330152261191617,0.8805418940517405,5.28814666695985,0.02,6,1.0,1,6,HILCodec_3kbps,1320-122612-0000.flac,42
random_loss,0.03,random,zero_fill,0.1,300,30,0.033333333333333326,0.033333333333333326,2.0617127418518066,2.0617127418518066,2.948437213897705,0.9257494687332664,0.8587025448999044,4.801219776896051,0.03333333333333333,10,1.0,1,10,HILCodec_3kbps,1320-122612-0000.flac,123
random_loss,0.03,random,neighbor_copy,0.1,300,30,0.033333333333333326,0.033333333333333326,2.515369415283203,2.515369415283203,3.392786979675293,0.9308371067283027,0.8729174060528085,5.14350448941843,0.03333333333333333,10,1.0,1,10,HILCodec_3kbps,1320-122612-0000.flac,123
random_loss,0.03,heuristic,zero_fill,0.1,300,30,0.026666666666666616,0.026666666666666616,2.228652000427246,2.228652000427246,2.9277353286743164,0.9112684376856818,0.850062837467555,4.359499676232573,0.02666666666666667,8,1.0,1,8,HILCodec_3kbps,1320-122612-0000.flac,42
random_loss,0.03,heuristic,neighbor_copy,0.1,300,30,0.026666666666666616,0.026666666666666616,2.5061559677124023,2.5061559677124023,3.209737539291382,0.9311568749966392,0.8759138923909238,4.666085144116182,0.02666666666666667,8,1.0,1,8,HILCodec_3kbps,1320-122612-0000.flac,42
random_loss,0.03,heuristic,zero_fill,0.1,300,30,0.033333333333333326,0.030000000000000027,1.914508581161499,1.914508581161499,2.6232447624206543,0.9026995182076,0.8452463183172269,4.050040740691971,0.03,9,1.0,1,9,HILCodec_3kbps,1320-122612-0000.flac,123
random_loss,0.03,heuristic,neighbor_copy,0.1,300,30,0.033333333333333326,0.030000000000000027,2.2947123050689697,2.2947123050689697,3.1279232501983643,0.9274381666200026,0.869303045327394,4.304908132697277,0.03,9,1.0,1,9,HILCodec_3kbps,1320-122612-0000.flac,123
random_loss,0.03,importance_aware,zero_fill,0.1,300,30,0.026666666666666616,0.026666666666666616,2.228652000427246,2.228652000427246,2.9277353286743164,0.9112684376856818,0.850062837467555,4.359499676232573,0.02666666666666667,8,1.0,1,8,HILCodec_3kbps,1320-122612-0000.flac,42
random_loss,0.03,importance_aware,neighbor_copy,0.1,300,30,0.026666666666666616,0.026666666666666616,2.5061559677124023,2.5061559677124023,3.209737539291382,0.9311568749966392,0.8759138923909238,4.666085144116182,0.02666666666666667,8,1.0,1,8,HILCodec_3kbps,1320-122612-0000.flac,42
random_loss,0.03,importance_aware,zero_fill,0.1,300,30,0.033333333333333326,0.030000000000000027,1.914508581161499,1.914508581161499,2.6232447624206543,0.9026995182076,0.8452463183172269,4.050040740691971,0.03,9,1.0,1,9,HILCodec_3kbps,1320-122612-0000.flac,123
random_loss,0.03,importance_aware,neighbor_copy,0.1,300,30,0.033333333333333326,0.030000000000000027,2.2947123050689697,2.2947123050689697,3.1279232501983643,0.9274381666200026,0.869303045327394,4.304908132697277,0.03,9,1.0,1,9,HILCodec_3kbps,1320-122612-0000.flac,123
random_loss,0.03,importance_selective,zero_fill,0.1,300,30,0.030000000000000027,0.030000000000000027,2.1227447986602783,2.1227447986602783,2.9219465255737305,0.917783784410346,0.859457809689695,4.422395700292439,0.03,9,1.0,1,9,HILCodec_3kbps,1320-122612-0000.flac,42
random_loss,0.03,importance_selective,neighbor_copy,0.1,300,30,0.030000000000000027,0.030000000000000027,2.268240451812744,2.268240451812744,3.0725529193878174,0.9246183405425723,0.8719688801098714,4.128055139447744,0.03,9,1.0,1,9,HILCodec_3kbps,1320-122612-0000.flac,42
random_loss,0.03,importance_selective,zero_fill,0.1,300,30,0.036666666666666625,0.036666666666666625,2.0844168663024902,2.0844168663024902,2.857102394104004,0.922168967628654,0.851952661939671,4.4769046731596305,0.03666666666666667,11,1.1,2,10,HILCodec_3kbps,1320-122612-0000.flac,123
random_loss,0.03,importance_selective,neighbor_copy,0.1,300,30,0.036666666666666625,0.036666666666666625,2.601943016052246,2.601943016052246,3.2462656497955322,0.9277532410342286,0.8628872876880747,4.734640800525138,0.03666666666666667,11,1.1,2,10,HILCodec_3kbps,1320-122612-0000.flac,123
random_loss,0.05,none,zero_fill,0.1,300,0,0.050000000000000044,0.050000000000000044,1.9609880447387695,1.9609880447387695,2.6807868480682373,0.9079722143768328,0.8460798508253352,3.988771071131275,0.05,15,1.0,1,15,HILCodec_3kbps,1320-122612-0000.flac,42
random_loss,0.05,none,neighbor_copy,0.1,300,0,0.050000000000000044,0.050000000000000044,2.359346866607666,2.359346866607666,3.077971935272217,0.9279886752316884,0.8700654843777563,4.475850340038726,0.05,15,1.0,1,15,HILCodec_3kbps,1320-122612-0000.flac,42
random_loss,0.05,none,zero_fill,0.1,300,0,0.050000000000000044,0.050000000000000044,1.6353418827056885,1.6353418827056885,2.385850667953491,0.8729051762627856,0.8124704455515571,3.160065528353906,0.05,15,1.0714285714285714,2,14,HILCodec_3kbps,1320-122612-0000.flac,123
random_loss,0.05,none,neighbor_copy,0.1,300,0,0.050000000000000044,0.050000000000000044,2.0387532711029053,2.0387532711029053,2.952132225036621,0.9215314247843873,0.8588778068100466,3.581848571183111,0.05,15,1.0714285714285714,2,14,HILCodec_3kbps,1320-122612-0000.flac,123
random_loss,0.05,random,zero_fill,0.1,300,30,0.046666666666666634,0.033333333333333326,2.4337775707244873,2.4337775707244873,3.1329331398010254,0.931792629982024,0.8702160104405422,4.8997567294538555,0.03333333333333333,10,1.0,1,10,HILCodec_3kbps,1320-122612-0000.flac,42
random_loss,0.05,random,neighbor_copy,0.1,300,30,0.046666666666666634,0.033333333333333326,2.6557698249816895,2.6557698249816895,3.4061248302459717,0.93043125876715,0.8752104492947933,5.162634641641656,0.03333333333333333,10,1.0,1,10,HILCodec_3kbps,1320-122612-0000.flac,42
random_loss,0.05,random,zero_fill,0.1,300,30,0.053333333333333344,0.050000000000000044,1.7988624572753906,1.7988624572753906,2.756053924560547,0.9159960132132031,0.846589986952684,4.404606822810543,0.05,15,1.0714285714285714,2,14,HILCodec_3kbps,1320-122612-0000.flac,123
random_loss,0.05,random,neighbor_copy,0.1,300,30,0.053333333333333344,0.050000000000000044,2.1385114192962646,2.1385114192962646,3.2107441425323486,0.9264234326066989,0.8667777099911431,4.665631367365817,0.05,15,1.0714285714285714,2,14,HILCodec_3kbps,1320-122612-0000.flac,123
random_loss,0.05,heuristic,zero_fill,0.1,300,30,0.050000000000000044,0.046666666666666634,1.9668512344360352,1.9668512344360352,2.6867032051086426,0.9080409487525446,0.8460705730357638,3.997991756243477,0.04666666666666667,14,1.0,1,14,HILCodec_3kbps,1320-122612-0000.flac,42
random_loss,0.05,heuristic,neighbor_copy,0.1,300,30,0.050000000000000044,0.046666666666666634,2.3675663471221924,2.3675663471221924,3.09232497215271,0.9280201713027045,0.8702806812745563,4.480982599074311,0.04666666666666667,14,1.0,1,14,HILCodec_3kbps,1320-122612-0000.flac,42
random_loss,0.05,heuristic,zero_fill,0.1,300,30,0.050000000000000044,0.046666666666666634,1.636032223701477,1.636032223701477,2.386436939239502,0.8741721084292303,0.8148070636609216,3.160851223907573,0.04666666666666667,14,1.0769230769230769,2,13,HILCodec_3kbps,1320-122612-0000.flac,123
random_loss,0.05,heuristic,neighbor_copy,0.1,300,30,0.050000000000000044,0.046666666666666634,2.041301727294922,2.041301727294922,2.955782890319824,0.9223204053631845,0.8622223815367595,3.5821647315404803,0.04666666666666667,14,1.0769230769230769,2,13,HILCodec_3kbps,1320-122612-0000.flac,123
random_loss,0.05,importance_aware,zero_fill,0.1,300,30,0.050000000000000044,0.046666666666666634,1.9668512344360352,1.9668512344360352,2.6867032051086426,0.9080409487525446,0.8460705730357638,3.997991756243477,0.04666666666666667,14,1.0,1,14,HILCodec_3kbps,1320-122612-0000.flac,42
random_loss,0.05,importance_aware,neighbor_copy,0.1,300,30,0.050000000000000044,0.046666666666666634,2.3675663471221924,2.3675663471221924,3.09232497215271,0.9280201713027045,0.8702806812745563,4.480982599074311,0.04666666666666667,14,1.0,1,14,HILCodec_3kbps,1320-122612-0000.flac,42
random_loss,0.05,importance_aware,zero_fill,0.1,300,30,0.050000000000000044,0.046666666666666634,1.636032223701477,1.636032223701477,2.386436939239502,0.8741721084292303,0.8148070636609216,3.160851223907573,0.04666666666666667,14,1.0769230769230769,2,13,HILCodec_3kbps,1320-122612-0000.flac,123
random_loss,0.05,importance_aware,neighbor_copy,0.1,300,30,0.050000000000000044,0.046666666666666634,2.041301727294922,2.041301727294922,2.955782890319824,0.9223204053631845,0.8622223815367595,3.5821647315404803,0.04666666666666667,14,1.0769230769230769,2,13,HILCodec_3kbps,1320-122612-0000.flac,123
random_loss,0.05,importance_selective,zero_fill,0.1,300,30,0.043333333333333335,0.043333333333333335,2.0363667011260986,2.0363667011260986,2.7809135913848877,0.914615446096367,0.8511956109185993,4.334623631512144,0.043333333333333335,13,1.0,1,13,HILCodec_3kbps,1320-122612-0000.flac,42
random_loss,0.05,importance_selective,neighbor_copy,0.1,300,30,0.043333333333333335,0.043333333333333335,2.1294314861297607,2.1294314861297607,2.9319283962249756,0.9221692510004119,0.8684268538793384,3.888932471203322,0.043333333333333335,13,1.0,1,13,HILCodec_3kbps,1320-122612-0000.flac,42
random_loss,0.05,importance_selective,zero_fill,0.1,300,30,0.050000000000000044,0.050000000000000044,1.8948560953140259,1.8948560953140259,2.7169458866119385,0.9157642354005205,0.8442349644456472,4.089139622300698,0.05,15,1.0714285714285714,2,14,HILCodec_3kbps,1320-122612-0000.flac,123
random_loss,0.05,importance_selective,neighbor_copy,0.1,300,30,0.050000000000000044,0.050000000000000044,2.2929604053497314,2.2929604053497314,3.136852741241455,0.923274907833862,0.8562950284630673,4.164634842122171,0.05,15,1.0714285714285714,2,14,HILCodec_3kbps,1320-122612-0000.flac,123
random_loss,0.1,none,zero_fill,0.1,300,0,0.09666666666666668,0.09666666666666668,1.563180923461914,1.563180923461914,2.2663707733154297,0.8838601051988314,0.8133730158441248,2.1976860152009885,0.09666666666666666,29,1.0740740740740742,2,27,HILCodec_3kbps,1320-122612-0000.flac,42
random_loss,0.1,none,neighbor_copy,0.1,300,0,0.09666666666666668,0.09666666666666668,1.8919012546539307,1.8919012546539307,2.64190936088562,0.916227352191156,0.8531579079636583,2.9700781991072662,0.09666666666666666,29,1.0740740740740742,2,27,HILCodec_3kbps,1320-122612-0000.flac,42
random_loss,0.1,none,zero_fill,0.1,300,0,0.09999999999999998,0.09999999999999998,1.3452831506729126,1.3452831506729126,1.9613465070724487,0.8174517776461092,0.7503805453438133,1.5653211030663843,0.1,30,1.1111111111111112,2,27,HILCodec_3kbps,1320-122612-0000.flac,123
random_loss,0.1,none,neighbor_copy,0.1,300,0,0.09999999999999998,0.09999999999999998,1.6072005033493042,1.6072005033493042,2.607247829437256,0.9012014713460123,0.8337776174265457,2.3640310217845633,0.1,30,1.1111111111111112,2,27,HILCodec_3kbps,1320-122612-0000.flac,123
random_loss,0.1,random,zero_fill,0.1,300,30,0.08666666666666667,0.06999999999999995,1.896578073501587,1.896578073501587,2.5619640350341797,0.8975221675612094,0.8278989128541502,3.495076744153926,0.07,21,1.105263157894737,2,19,HILCodec_3kbps,1320-122612-0000.flac,42
random_loss,0.1,random,neighbor_copy,0.1,300,30,0.08666666666666667,0.06999999999999995,2.046970844268799,2.046970844268799,2.9708006381988525,0.9144396602292957,0.8508572559185834,3.704840317565441,0.07,21,1.105263157894737,2,19,HILCodec_3kbps,1320-122612-0000.flac,42
random_loss,0.1,random,zero_fill,0.1,300,30,0.10666666666666669,0.10333333333333339,1.4516611099243164,1.4516611099243164,2.1919729709625244,0.8762722215003395,0.7939871199201821,2.942623995859202,0.10333333333333333,31,1.1481481481481481,2,27,HILCodec_3kbps,1320-122612-0000.flac,123
random_loss,0.1,random,neighbor_copy,0.1,300,30,0.10666666666666669,0.10333333333333339,1.7020949125289917,1.7020949125289917,2.6469039916992188,0.9079455316202895,0.8391583163566481,3.487895795743215,0.10333333333333333,31,1.1481481481481481,2,27,HILCodec_3kbps,1320-122612-0000.flac,123
random_loss,0.1,heuristic,zero_fill,0.1,300,30,0.09666666666666668,0.09333333333333338,1.5637576580047607,1.5637576580047607,2.2679283618927,0.8844376692278751,0.814038025259719,2.2189645320848985,0.09333333333333334,28,1.0769230769230769,2,26,HILCodec_3kbps,1320-122612-0000.flac,42
random_loss,0.1,heuristic,neighbor_copy,0.1,300,30,0.09666666666666668,0.09333333333333338,1.8753893375396729,1.8753893375396729,2.6287121772766113,0.916208551033546,0.8532072967043383,2.9835247804917255,0.09333333333333334,28,1.0769230769230769,2,26,HILCodec_3kbps,1320-122612-0000.flac,42
random_loss,0.1,heuristic,zero_fill,0.1,300,30,0.09999999999999998,0.09666666666666668,1.3456827402114868,1.3456827402114868,1.961699366569519,0.8187059240497864,0.7526752632079515,1.5659624221450577,0.09666666666666666,29,1.1153846153846154,2,26,HILCodec_3kbps,1320-122612-0000.flac,123
random_loss,0.1,heuristic,neighbor_copy,0.1,300,30,0.09999999999999998,0.09666666666666668,1.6087281703948975,1.6087281703948975,2.6105034351348877,0.9019882075646115,0.8370262426729084,2.3642995355795255,0.09666666666666666,29,1.1153846153846154,2,26,HILCodec_3kbps,1320-122612-0000.flac,123
random_loss,0.1,importance_aware,zero_fill,0.1,300,30,0.09666666666666668,0.09333333333333338,1.5637576580047607,1.5637576580047607,2.2679283618927,0.8844376692278751,0.814038025259719,2.2189645320848985,0.09333333333333334,28,1.0769230769230769,2,26,HILCodec_3kbps,1320-122612-0000.flac,42
random_loss,0.1,importance_aware,neighbor_copy,0.1,300,30,0.09666666666666668,0.09333333333333338,1.8753893375396729,1.8753893375396729,2.6287121772766113,0.916208551033546,0.8532072967043383,2.9835247804917255,0.09333333333333334,28,1.0769230769230769,2,26,HILCodec_3kbps,1320-122612-0000.flac,42
random_loss,0.1,importance_aware,zero_fill,0.1,300,30,0.09999999999999998,0.09666666666666668,1.3456827402114868,1.3456827402114868,1.961699366569519,0.8187059240497864,0.7526752632079515,1.5659624221450577,0.09666666666666666,29,1.1153846153846154,2,26,HILCodec_3kbps,1320-122612-0000.flac,123
random_loss,0.1,importance_aware,neighbor_copy,0.1,300,30,0.09999999999999998,0.09666666666666668,1.6087281703948975,1.6087281703948975,2.6105034351348877,0.9019882075646115,0.8370262426729083,2.3642995355795255,0.09666666666666666,29,1.1153846153846154,2,26,HILCodec_3kbps,1320-122612-0000.flac,123
random_loss,0.1,importance_selective,zero_fill,0.1,300,30,0.09666666666666668,0.09666666666666668,1.5892459154129028,1.5892459154129028,2.3140206336975098,0.8939160597339901,0.8148974123523972,2.709177392844806,0.09666666666666666,29,1.1153846153846154,2,26,HILCodec_3kbps,1320-122612-0000.flac,42
random_loss,0.1,importance_selective,neighbor_copy,0.1,300,30,0.09666666666666668,0.09666666666666668,1.6832475662231445,1.6832475662231445,2.550359010696411,0.9007143814900603,0.8386513997009492,2.567982983903952,0.09666666666666666,29,1.1153846153846154,2,26,HILCodec_3kbps,1320-122612-0000.flac,42
random_loss,0.1,importance_selective,zero_fill,0.1,300,30,0.08666666666666667,0.08666666666666667,1.5013864040374756,1.5013864040374756,2.2205724716186523,0.8861929392719311,0.8069264896099368,2.3812648791932567,0.08666666666666667,26,1.1304347826086956,2,23,HILCodec_3kbps,1320-122612-0000.flac,123
random_loss,0.1,importance_selective,neighbor_copy,0.1,300,30,0.08666666666666667,0.08666666666666667,1.8011853694915771,1.8011853694915771,2.605764865875244,0.9090267778215315,0.8375040595374289,2.4102158972558545,0.08666666666666667,26,1.1304347826086956,2,23,HILCodec_3kbps,1320-122612-0000.flac,123
random_loss,0.2,none,zero_fill,0.1,300,0,0.24,0.24,1.1915651559829712,1.1915651559829712,1.6889979839324951,0.7712849747071837,0.6375515688251261,-0.8685257244855618,0.24,72,1.44,6,50,HILCodec_3kbps,1320-122612-0000.flac,42
random_loss,0.2,none,neighbor_copy,0.1,300,0,0.24,0.24,1.2575571537017822,1.2575571537017822,1.8854796886444092,0.8381708810968962,0.7496686450892646,-0.15749404728084862,0.24,72,1.44,6,50,HILCodec_3kbps,1320-122612-0000.flac,42
random_loss,0.2,none,zero_fill,0.1,300,0,0.20666666666666667,0.20666666666666667,1.1918742656707764,1.1918742656707764,1.715561032295227,0.7623992324377344,0.6562235646625935,-0.5273504013042661,0.20666666666666667,62,1.3478260869565217,4,46,HILCodec_3kbps,1320-122612-0000.flac,123
random_loss,0.2,none,neighbor_copy,0.1,300,0,0.20666666666666667,0.20666666666666667,1.2635165452957153,1.2635165452957153,1.9317233562469482,0.8532335596370691,0.7584099376142897,0.9308385475618802,0.20666666666666667,62,1.3478260869565217,4,46,HILCodec_3kbps,1320-122612-0000.flac,123
random_loss,0.2,random,zero_fill,0.1,300,30,0.22666666666666668,0.19666666666666666,1.343791127204895,1.343791127204895,1.9624369144439697,0.8339186578078371,0.7311567143197969,1.1147430516130075,0.19666666666666666,59,1.4047619047619047,5,42,HILCodec_3kbps,1320-122612-0000.flac,42
random_loss,0.2,random,neighbor_copy,0.1,300,30,0.22666666666666668,0.19666666666666666,1.4690001010894775,1.4690001010894775,2.1145949363708496,0.8702419222636115,0.7980629494277869,1.2266573488989077,0.19666666666666666,59,1.4047619047619047,5,42,HILCodec_3kbps,1320-122612-0000.flac,42
random_loss,0.2,random,zero_fill,0.1,300,30,0.20333333333333337,0.19333333333333336,1.2739827632904053,1.2739827632904053,1.8291797637939453,0.8292292858857517,0.7189588934252988,0.4122411690916758,0.19333333333333333,58,1.3181818181818181,4,44,HILCodec_3kbps,1320-122612-0000.flac,123
random_loss,0.2,random,neighbor_copy,0.1,300,30,0.20333333333333337,0.19333333333333336,1.3499435186386108,1.3499435186386108,2.1793787479400635,0.8740982213033964,0.7895617196804974,0.5702227251613663,0.19333333333333333,58,1.3181818181818181,4,44,HILCodec_3kbps,1320-122612-0000.flac,123
random_loss,0.2,heuristic,zero_fill,0.1,300,30,0.24,0.20999999999999996,1.2028779983520508,1.2028779983520508,1.741642713546753,0.7849536713680721,0.6637705847926173,-0.3360708050640847,0.21,63,1.4651162790697674,6,43,HILCodec_3kbps,1320-122612-0000.flac,42
random_loss,0.2,heuristic,neighbor_copy,0.1,300,30,0.24,0.20999999999999996,1.3138514757156372,1.3138514757156372,1.9547748565673828,0.84774423616268,0.7683985178237419,0.5861787911285684,0.21,63,1.4651162790697674,6,43,HILCodec_3kbps,1320-122612-0000.flac,42
random_loss,0.2,heuristic,zero_fill,0.1,300,30,0.20666666666666667,0.19666666666666666,1.1922099590301514,1.1922099590301514,1.72664475440979,0.7662277485023006,0.6607595742149308,-0.4844656984937106,0.19666666666666666,59,1.3111111111111111,4,45,HILCodec_3kbps,1320-122612-0000.flac,123
random_loss,0.2,heuristic,neighbor_copy,0.1,300,30,0.20666666666666667,0.19666666666666666,1.2649359703063965,1.2649359703063965,1.9400196075439453,0.8574209466738497,0.7661366203126527,0.9639279664950319,0.19666666666666666,59,1.3111111111111111,4,45,HILCodec_3kbps,1320-122612-0000.flac,123
random_loss,0.2,importance_aware,zero_fill,0.1,300,30,0.24,0.21333333333333337,1.1987578868865967,1.1987578868865967,1.6932587623596191,0.7755416338535089,0.6464579779840708,-0.6658693174689574,0.21333333333333335,64,1.4222222222222223,6,45,HILCodec_3kbps,1320-122612-0000.flac,42
random_loss,0.2,importance_aware,neighbor_copy,0.1,300,30,0.24,0.21333333333333337,1.3267372846603394,1.3267372846603394,2.041929244995117,0.85269503086464,0.7683836786983705,0.14025733123086925,0.21333333333333335,64,1.4222222222222223,6,45,HILCodec_3kbps,1320-122612-0000.flac,42
random_loss,0.2,importance_aware,zero_fill,0.1,300,30,0.20666666666666667,0.19333333333333336,1.1957523822784424,1.1957523822784424,1.7298442125320435,0.769579700247457,0.6643052280841207,-0.3543261700882472,0.19333333333333333,58,1.288888888888889,4,45,HILCodec_3kbps,1320-122612-0000.flac,123
random_loss,0.2,importance_aware,neighbor_copy,0.1,300,30,0.20666666666666667,0.19333333333333336,1.2691360712051392,1.2691360712051392,1.9736803770065308,0.8638157525108635,0.7694185965104865,0.9375408137818425,0.19333333333333333,58,1.288888888888889,4,45,HILCodec_3kbps,1320-122612-0000.flac,123
random_loss,0.2,importance_selective,zero_fill,0.1,300,30,0.21666666666666667,0.21666666666666667,1.22993803024292,1.22993803024292,1.747961401939392,0.8374581518503438,0.7184147366100493,-1.7370338038278286,0.21666666666666667,65,1.3265306122448979,3,49,HILCodec_3kbps,1320-122612-0000.flac,42
random_loss,0.2,importance_selective,neighbor_copy,0.1,300,30,0.21666666666666667,0.21666666666666667,1.3103480339050293,1.3103480339050293,1.8686426877975464,0.8595017240657281,0.7660940792463553,-0.97613120397672,0.21666666666666667,65,1.3265306122448979,3,49,HILCodec_3kbps,1320-122612-0000.flac,42
random_loss,0.2,importance_selective,zero_fill,0.1,300,30,0.20666666666666667,0.20666666666666667,1.2079106569290161,1.2079106569290161,1.7878592014312744,0.8048573075664325,0.698456103262126,0.05875577099137175,0.20666666666666667,62,1.3478260869565217,4,46,HILCodec_3kbps,1320-122612-0000.flac,123
random_loss,0.2,importance_selective,neighbor_copy,0.1,300,30,0.20666666666666667,0.20666666666666667,1.4013625383377075,1.4013625383377075,2.0677499771118164,0.8773188837071089,0.7933621700517375,0.1093745555259325,0.20666666666666667,62,1.3478260869565217,4,46,HILCodec_3kbps,1320-122612-0000.flac,123
random_loss,0.3,none,zero_fill,0.1,300,0,0.32333333333333336,0.32333333333333336,1.1249817609786987,1.1249817609786987,1.5369689464569092,0.726592499529202,0.5543377458034531,-3.1119391422234917,0.3233333333333333,97,1.564516129032258,8,62,HILCodec_3kbps,1320-122612-0000.flac,42
random_loss,0.3,none,neighbor_copy,0.1,300,0,0.32333333333333336,0.32333333333333336,1.1685078144073486,1.1685078144073486,1.6261407136917114,0.7948541584324454,0.6897958912207176,-2.759093038592948,0.3233333333333333,97,1.564516129032258,8,62,HILCodec_3kbps,1320-122612-0000.flac,42
random_loss,0.3,none,zero_fill,0.1,300,0,0.3433333333333334,0.3433333333333334,1.130967140197754,1.130967140197754,1.5856473445892334,0.6865907041357368,0.5230571385697469,-3.57433584498043,0.3433333333333333,103,1.5846153846153845,6,65,HILCodec_3kbps,1320-122612-0000.flac,123
random_loss,0.3,none,neighbor_copy,0.1,300,0,0.3433333333333334,0.3433333333333334,1.156417727470398,1.156417727470398,1.65097177028656,0.8182178360521463,0.7000933777604174,-1.6953167554941964,0.3433333333333333,103,1.5846153846153845,6,65,HILCodec_3kbps,1320-122612-0000.flac,123
random_loss,0.3,random,zero_fill,0.1,300,30,0.31999999999999995,0.2833333333333333,1.2195695638656616,1.2195695638656616,1.7012995481491089,0.7682565560696999,0.6363589615376153,-1.7769501725977102,0.2833333333333333,85,1.4655172413793103,5,58,HILCodec_3kbps,1320-122612-0000.flac,42
random_loss,0.3,random,neighbor_copy,0.1,300,30,0.31999999999999995,0.2833333333333333,1.227635145187378,1.227635145187378,1.781686544418335,0.8059472620025778,0.7237624631252841,-3.088559798047379,0.2833333333333333,85,1.4655172413793103,5,58,HILCodec_3kbps,1320-122612-0000.flac,42
random_loss,0.3,random,zero_fill,0.1,300,30,0.32666666666666666,0.31000000000000005,1.1447923183441162,1.1447923183441162,1.508736491203308,0.7037021094046308,0.5990792473042647,-3.0960430393891745,0.31,93,1.5245901639344261,6,61,HILCodec_3kbps,1320-122612-0000.flac,123
random_loss,0.3,random,neighbor_copy,0.1,300,30,0.32666666666666666,0.31000000000000005,1.2307558059692383,1.2307558059692383,1.7953145503997803,0.807462278775395,0.7248885498972145,-2.3940594063114027,0.31,93,1.5245901639344261,6,61,HILCodec_3kbps,1320-122612-0000.flac,123
random_loss,0.3,heuristic,zero_fill,0.1,300,30,0.32333333333333336,0.2866666666666666,1.1367348432540894,1.1367348432540894,1.5723702907562256,0.7430075611784708,0.5862393104489275,-2.6115917505065216,0.2866666666666667,86,1.6226415094339623,8,53,HILCodec_3kbps,1320-122612-0000.flac,42
random_loss,0.3,heuristic,neighbor_copy,0.1,300,30,0.32333333333333336,0.2866666666666666,1.1987786293029785,1.1987786293029785,1.6626875400543213,0.8058321869706043,0.7117323297868047,-1.9800343368423858,0.2866666666666667,86,1.6226415094339623,8,53,HILCodec_3kbps,1320-122612-0000.flac,42
random_loss,0.3,heuristic,zero_fill,0.1,300,30,0.3433333333333334,0.31999999999999995,1.1312006711959839,1.1312006711959839,1.5995622873306274,0.6966391361520317,0.5393274782225603,-3.442652511036948,0.32,96,1.5737704918032787,6,61,HILCodec_3kbps,1320-122612-0000.flac,123
random_loss,0.3,heuristic,neighbor_copy,0.1,300,30,0.3433333333333334,0.31999999999999995,1.158668875694275,1.158668875694275,1.6527256965637207,0.8236912186789481,0.7110025920748706,-1.659498853762307,0.32,96,1.5737704918032787,6,61,HILCodec_3kbps,1320-122612-0000.flac,123
random_loss,0.3,importance_aware,zero_fill,0.1,300,30,0.32333333333333336,0.29000000000000004,1.1315242052078247,1.1315242052078247,1.5407487154006958,0.7338189832279446,0.5695145685005752,-2.906381158548565,0.29,87,1.5818181818181818,8,55,HILCodec_3kbps,1320-122612-0000.flac,42
random_loss,0.3,importance_aware,neighbor_copy,0.1,300,30,0.32333333333333336,0.29000000000000004,1.199746012687683,1.199746012687683,1.7156891822814941,0.8102521656666858,0.711997840986731,-2.349524791893372,0.29,87,1.5818181818181818,8,55,HILCodec_3kbps,1320-122612-0000.flac,42
random_loss,0.3,importance_aware,zero_fill,0.1,300,30,0.3433333333333334,0.31666666666666665,1.138892412185669,1.138892412185669,1.6236813068389893,0.7010745859905598,0.5510212150785628,-2.6376789134181817,0.31666666666666665,95,1.5573770491803278,6,61,HILCodec_3kbps,1320-122612-0000.flac,123
random_loss,0.3,importance_aware,neighbor_copy,0.1,300,30,0.3433333333333334,0.31666666666666665,1.164620280265808,1.164620280265808,1.7403223514556885,0.8358879648165624,0.7199272454872523,-1.4370801944892873,0.31666666666666665,95,1.5573770491803278,6,61,HILCodec_3kbps,1320-122612-0000.flac,123
random_loss,0.3,importance_selective,zero_fill,0.1,300,30,0.32666666666666666,0.32666666666666666,1.141176700592041,1.141176700592041,1.545773983001709,0.7606365538809834,0.6018869194354897,-4.18201587641457,0.32666666666666666,98,1.4848484848484849,5,66,HILCodec_3kbps,1320-122612-0000.flac,42
random_loss,0.3,importance_selective,neighbor_copy,0.1,300,30,0.32666666666666666,0.32666666666666666,1.2296277284622192,1.2296277284622192,1.6984245777130127,0.8337624253317776,0.7257539920312666,-2.936514286154835,0.32666666666666666,98,1.4848484848484849,5,66,HILCodec_3kbps,1320-122612-0000.flac,42
random_loss,0.3,importance_selective,zero_fill,0.1,300,30,0.33333333333333337,0.33333333333333337,1.119249701499939,1.119249701499939,1.52608060836792,0.7295152024396122,0.5717165956526449,-3.2788985805290185,0.3333333333333333,100,1.6129032258064515,5,62,HILCodec_3kbps,1320-122612-0000.flac,123
random_loss,0.3,importance_selective,neighbor_copy,0.1,300,30,0.33333333333333337,0.33333333333333337,1.2252846956253052,1.2252846956253052,1.7606008052825928,0.8231540724421286,0.7033272297908739,-2.576339667609744,0.3333333333333333,100,1.6129032258064515,5,62,HILCodec_3kbps,1320-122612-0000.flac,123
random_loss,0.4,none,zero_fill,0.1,300,0,0.41000000000000003,0.41000000000000003,1.0912177562713623,1.0912177562713623,1.4605292081832886,0.6723883085987356,0.44666014617371763,-5.685536155596691,0.41,123,1.662162162162162,8,74,HILCodec_3kbps,1320-122612-0000.flac,42
random_loss,0.4,none,neighbor_copy,0.1,300,0,0.41000000000000003,0.41000000000000003,1.16446053981781,1.16446053981781,1.5939137935638428,0.7695340048281755,0.6565800798102569,-4.159027512667378,0.41,123,1.662162162162162,8,74,HILCodec_3kbps,1320-122612-0000.flac,42
random_loss,0.4,none,zero_fill,0.1,300,0,0.42333333333333334,0.42333333333333334,1.108357310295105,1.108357310295105,1.433437466621399,0.6537639064242962,0.4548720127879014,-5.99612133430402,0.42333333333333334,127,1.7887323943661972,6,71,HILCodec_3kbps,1320-122612-0000.flac,123
random_loss,0.4,none,neighbor_copy,0.1,300,0,0.42333333333333334,0.42333333333333334,1.1535261869430542,1.1535261869430542,1.6701107025146484,0.7718755145102174,0.644209802803307,-4.414338231604492,0.42333333333333334,127,1.7887323943661972,6,71,HILCodec_3kbps,1320-122612-0000.flac,123
random_loss,0.4,random,zero_fill,0.1,300,30,0.42000000000000004,0.3733333333333333,1.1593852043151855,1.1593852043151855,1.5436925888061523,0.7047688975589059,0.5534652524701745,-3.9202936932135413,0.37333333333333335,112,1.6,5,70,HILCodec_3kbps,1320-122612-0000.flac,42
random_loss,0.4,random,neighbor_copy,0.1,300,30,0.42000000000000004,0.3733333333333333,1.2193169593811035,1.2193169593811035,1.700169563293457,0.7905454885719688,0.6794012358668072,-4.482587175603627,0.37333333333333335,112,1.6,5,70,HILCodec_3kbps,1320-122612-0000.flac,42
random_loss,0.4,random,zero_fill,0.1,300,30,0.42333333333333334,0.3966666666666666,1.1128977537155151,1.1128977537155151,1.4992101192474365,0.6668761037183442,0.524146243838233,-5.2581462987318295,0.39666666666666667,119,1.6527777777777777,6,72,HILCodec_3kbps,1320-122612-0000.flac,123
random_loss,0.4,random,neighbor_copy,0.1,300,30,0.42333333333333334,0.3966666666666666,1.1512583494186401,1.1512583494186401,1.677079677581787,0.7707733866612706,0.6575460270191252,-4.168575006406904,0.39666666666666667,119,1.6527777777777777,6,72,HILCodec_3kbps,1320-122612-0000.flac,123
random_loss,0.4,heuristic,zero_fill,0.1,300,30,0.41000000000000003,0.3566666666666667,1.1113702058792114,1.1113702058792114,1.4915952682495117,0.7149400641658534,0.524931581523095,-5.024321330002119,0.3566666666666667,107,1.671875,8,64,HILCodec_3kbps,1320-122612-0000.flac,42
random_loss,0.4,heuristic,neighbor_copy,0.1,300,30,0.41000000000000003,0.3566666666666667,1.1680762767791748,1.1680762767791748,1.6525416374206543,0.7917655147132361,0.6862495450684295,-3.3067462904760587,0.3566666666666667,107,1.671875,8,64,HILCodec_3kbps,1320-122612-0000.flac,42
random_loss,0.4,heuristic,zero_fill,0.1,300,30,0.42333333333333334,0.3966666666666666,1.1077316999435425,1.1077316999435425,1.444834589958191,0.6710758419269685,0.4779680875334094,-5.661864201101466,0.39666666666666667,119,1.7761194029850746,6,67,HILCodec_3kbps,1320-122612-0000.flac,123
random_loss,0.4,heuristic,neighbor_copy,0.1,300,30,0.42333333333333334,0.3966666666666666,1.140953540802002,1.140953540802002,1.6814935207366943,0.7796858160986384,0.6555474774834882,-4.070537253649231,0.39666666666666667,119,1.7761194029850746,6,67,HILCodec_3kbps,1320-122612-0000.flac,123
random_loss,0.4,importance_aware,zero_fill,0.1,300,30,0.41000000000000003,0.36,1.1068342924118042,1.1068342924118042,1.4688688516616821,0.706183325654596,0.5121328236351825,-5.334488523809309,0.36,108,1.6363636363636365,8,66,HILCodec_3kbps,1320-122612-0000.flac,42
random_loss,0.4,importance_aware,neighbor_copy,0.1,300,30,0.41000000000000003,0.36,1.1682544946670532,1.1682544946670532,1.6340906620025635,0.7908759786943204,0.6835836505831402,-3.870934051967697,0.36,108,1.6363636363636365,8,66,HILCodec_3kbps,1320-122612-0000.flac,42
random_loss,0.4,importance_aware,zero_fill,0.1,300,30,0.42333333333333334,0.3966666666666666,1.1150983572006226,1.1150983572006226,1.4480029344558716,0.6648907942932186,0.47933996259575445,-4.9752855305646335,0.39666666666666667,119,1.75,6,68,HILCodec_3kbps,1320-122612-0000.flac,123
random_loss,0.4,importance_aware,neighbor_copy,0.1,300,30,0.42333333333333334,0.3966666666666666,1.1406879425048828,1.1406879425048828,1.6600300073623657,0.7878288060228364,0.662430081641343,-4.093454718265742,0.39666666666666667,119,1.75,6,68,HILCodec_3kbps,1320-122612-0000.flac,123
random_loss,0.4,importance_selective,zero_fill,0.1,300,30,0.4066666666666666,0.4066666666666666,1.0972594022750854,1.0972594022750854,1.4354233741760254,0.7027703377000749,0.5202351817857536,-6.018470231231205,0.4066666666666667,122,1.6712328767123288,5,73,HILCodec_3kbps,1320-122612-0000.flac,42
random_loss,0.4,importance_selective,neighbor_copy,0.1,300,30,0.4066666666666666,0.4066666666666666,1.154642105102539,1.154642105102539,1.54243004322052,0.7902362460890933,0.6728513169231639,-5.141899481229061,0.4066666666666667,122,1.6712328767123288,5,73,HILCodec_3kbps,1320-122612-0000.flac,42
random_loss,0.4,importance_selective,zero_fill,0.1,300,30,0.43000000000000005,0.43000000000000005,1.090820074081421,1.090820074081421,1.352982997894287,0.6471443756192263,0.48608399044853023,-5.7177834643901075,0.43,129,1.8428571428571427,5,70,HILCodec_3kbps,1320-122612-0000.flac,123
random_loss,0.4,importance_selective,neighbor_copy,0.1,300,30,0.43000000000000005,0.43000000000000005,1.1535532474517822,1.1535532474517822,1.6104485988616943,0.7692156971276218,0.6519906248684006,-4.905520176251219,0.43,129,1.8428571428571427,5,70,HILCodec_3kbps,1320-122612-0000.flac,123
random_loss,0.0,none,zero_fill,0.1,300,0,0.0,0.0,2.767371892929077,2.767371892929077,3.1402721405029297,0.92179940808713,0.8671759073712874,-2.5177685251638557,0.0,0,0.0,0,0,HILCodec_3kbps,1580-141083-0000.flac,42
random_loss,0.0,none,neighbor_copy,0.1,300,0,0.0,0.0,2.767371892929077,2.767371892929077,3.1402721405029297,0.92179940808713,0.8671759073712874,-2.5177685251638557,0.0,0,0.0,0,0,HILCodec_3kbps,1580-141083-0000.flac,42
random_loss,0.0,none,zero_fill,0.1,300,0,0.0,0.0,2.767371892929077,2.767371892929077,3.1402721405029297,0.92179940808713,0.8671759073712874,-2.5177685251638557,0.0,0,0.0,0,0,HILCodec_3kbps,1580-141083-0000.flac,123
random_loss,0.0,none,neighbor_copy,0.1,300,0,0.0,0.0,2.767371892929077,2.767371892929077,3.1402721405029297,0.92179940808713,0.8671759073712871,-2.5177685251638557,0.0,0,0.0,0,0,HILCodec_3kbps,1580-141083-0000.flac,123
random_loss,0.0,random,zero_fill,0.1,300,30,0.0,0.0,2.767371892929077,2.767371892929077,3.1402721405029297,0.92179940808713,0.8671759073712874,-2.5177685251638557,0.0,0,0.0,0,0,HILCodec_3kbps,1580-141083-0000.flac,42
random_loss,0.0,random,neighbor_copy,0.1,300,30,0.0,0.0,2.767371892929077,2.767371892929077,3.1402721405029297,0.92179940808713,0.8671759073712874,-2.5177685251638557,0.0,0,0.0,0,0,HILCodec_3kbps,1580-141083-0000.flac,42
random_loss,0.0,random,zero_fill,0.1,300,30,0.0,0.0,2.767371892929077,2.767371892929077,3.1402721405029297,0.92179940808713,0.8671759073712874,-2.5177685251638557,0.0,0,0.0,0,0,HILCodec_3kbps,1580-141083-0000.flac,123
random_loss,0.0,random,neighbor_copy,0.1,300,30,0.0,0.0,2.767371892929077,2.767371892929077,3.1402721405029297,0.92179940808713,0.8671759073712874,-2.5177685251638557,0.0,0,0.0,0,0,HILCodec_3kbps,1580-141083-0000.flac,123
random_loss,0.0,heuristic,zero_fill,0.1,300,30,0.0,0.0,2.767371892929077,2.767371892929077,3.1402721405029297,0.92179940808713,0.8671759073712874,-2.5177685251638557,0.0,0,0.0,0,0,HILCodec_3kbps,1580-141083-0000.flac,42
random_loss,0.0,heuristic,neighbor_copy,0.1,300,30,0.0,0.0,2.767371892929077,2.767371892929077,3.1402721405029297,0.92179940808713,0.8671759073712874,-2.5177685251638557,0.0,0,0.0,0,0,HILCodec_3kbps,1580-141083-0000.flac,42
random_loss,0.0,heuristic,zero_fill,0.1,300,30,0.0,0.0,2.767371892929077,2.767371892929077,3.1402721405029297,0.92179940808713,0.8671759073712874,-2.5177685251638557,0.0,0,0.0,0,0,HILCodec_3kbps,1580-141083-0000.flac,123
random_loss,0.0,heuristic,neighbor_copy,0.1,300,30,0.0,0.0,2.767371892929077,2.767371892929077,3.1402721405029297,0.92179940808713,0.8671759073712874,-2.5177685251638557,0.0,0,0.0,0,0,HILCodec_3kbps,1580-141083-0000.flac,123
random_loss,0.0,importance_aware,zero_fill,0.1,300,30,0.0,0.0,2.767371892929077,2.767371892929077,3.1402721405029297,0.92179940808713,0.8671759073712874,-2.5177685251638557,0.0,0,0.0,0,0,HILCodec_3kbps,1580-141083-0000.flac,42
random_loss,0.0,importance_aware,neighbor_copy,0.1,300,30,0.0,0.0,2.767371892929077,2.767371892929077,3.1402721405029297,0.92179940808713,0.8671759073712874,-2.5177685251638557,0.0,0,0.0,0,0,HILCodec_3kbps,1580-141083-0000.flac,42
random_loss,0.0,importance_aware,zero_fill,0.1,300,30,0.0,0.0,2.767371892929077,2.767371892929077,3.1402721405029297,0.92179940808713,0.8671759073712874,-2.5177685251638557,0.0,0,0.0,0,0,HILCodec_3kbps,1580-141083-0000.flac,123
random_loss,0.0,importance_aware,neighbor_copy,0.1,300,30,0.0,0.0,2.767371892929077,2.767371892929077,3.1402721405029297,0.92179940808713,0.8671759073712874,-2.5177685251638557,0.0,0,0.0,0,0,HILCodec_3kbps,1580-141083-0000.flac,123
random_loss,0.0,importance_selective,zero_fill,0.1,300,30,0.0,0.0,2.767371892929077,2.767371892929077,3.1402721405029297,0.92179940808713,0.8671759073712874,-2.5177685251638557,0.0,0,0.0,0,0,HILCodec_3kbps,1580-141083-0000.flac,42
random_loss,0.0,importance_selective,neighbor_copy,0.1,300,30,0.0,0.0,2.767371892929077,2.767371892929077,3.1402721405029297,0.92179940808713,0.8671759073712874,-2.5177685251638557,0.0,0,0.0,0,0,HILCodec_3kbps,1580-141083-0000.flac,42
random_loss,0.0,importance_selective,zero_fill,0.1,300,30,0.0,0.0,2.767371892929077,2.767371892929077,3.1402721405029297,0.92179940808713,0.8671759073712874,-2.5177685251638557,0.0,0,0.0,0,0,HILCodec_3kbps,1580-141083-0000.flac,123
random_loss,0.0,importance_selective,neighbor_copy,0.1,300,30,0.0,0.0,2.767371892929077,2.767371892929077,3.1402721405029297,0.92179940808713,0.8671759073712874,-2.5177685251638557,0.0,0,0.0,0,0,HILCodec_3kbps,1580-141083-0000.flac,123
random_loss,0.01,none,zero_fill,0.1,300,0,0.0033333333333332993,0.0033333333333332993,2.4528493881225586,2.4528493881225586,2.8475868701934814,0.9168667046115885,0.8618652057026911,-2.559328204288268,0.0033333333333333335,1,1.0,1,1,HILCodec_3kbps,1580-141083-0000.flac,42
random_loss,0.01,none,neighbor_copy,0.1,300,0,0.0033333333333332993,0.0033333333333332993,2.5115456581115723,2.5115456581115723,2.974940299987793,0.9175764957597905,0.8623433326248618,-2.578813335096562,0.0033333333333333335,1,1.0,1,1,HILCodec_3kbps,1580-141083-0000.flac,42
random_loss,0.01,none,zero_fill,0.1,300,0,0.013333333333333308,0.013333333333333308,2.3929595947265625,2.3929595947265625,2.851407766342163,0.9170470118792956,0.8563646565647509,-2.5873893005917865,0.013333333333333334,4,1.0,1,4,HILCodec_3kbps,1580-141083-0000.flac,123
random_loss,0.01,none,neighbor_copy,0.1,300,0,0.013333333333333308,0.013333333333333308,2.3932766914367676,2.3932766914367676,2.8601341247558594,0.9163399690479831,0.8606158002184852,-2.877132311098239,0.013333333333333334,4,1.0,1,4,HILCodec_3kbps,1580-141083-0000.flac,123
random_loss,0.01,random,zero_fill,0.1,300,30,0.0033333333333332993,0.0033333333333332993,2.7442030906677246,2.7442030906677246,3.1248250007629395,0.9218504572678682,0.8670182330630443,-2.517033549379363,0.0033333333333333335,1,1.0,1,1,HILCodec_3kbps,1580-141083-0000.flac,42
random_loss,0.01,random,neighbor_copy,0.1,300,30,0.0033333333333332993,0.0033333333333332993,2.7729592323303223,2.7729592323303223,3.140929698944092,0.9219003997147861,0.8685197823968224,-2.517107307650501,0.0033333333333333335,1,1.0,1,1,HILCodec_3kbps,1580-141083-0000.flac,42
random_loss,0.01,random,zero_fill,0.1,300,30,0.01666666666666672,0.01666666666666672,2.081458568572998,2.081458568572998,2.6792490482330322,0.91535501630823,0.8506264609956767,-2.7616079517510177,0.016666666666666666,5,1.0,1,5,HILCodec_3kbps,1580-141083-0000.flac,123
random_loss,0.01,random,neighbor_copy,0.1,300,30,0.01666666666666672,0.01666666666666672,2.53548264503479,2.53548264503479,2.979487895965576,0.920064124964788,0.8624725079834871,-2.6782041360162854,0.016666666666666666,5,1.0,1,5,HILCodec_3kbps,1580-141083-0000.flac,123
random_loss,0.01,heuristic,zero_fill,0.1,300,30,0.0033333333333332993,0.0033333333333332993,2.4528493881225586,2.4528493881225586,2.8475868701934814,0.9168667046115885,0.8618652057026911,-2.559328204288268,0.0033333333333333335,1,1.0,1,1,HILCodec_3kbps,1580-141083-0000.flac,42
random_loss,0.01,heuristic,neighbor_copy,0.1,300,30,0.0033333333333332993,0.0033333333333332993,2.5115456581115723,2.5115456581115723,2.974940299987793,0.9175764957597905,0.8623433326248617,-2.578813335096562,0.0033333333333333335,1,1.0,1,1,HILCodec_3kbps,1580-141083-0000.flac,42
random_loss,0.01,heuristic,zero_fill,0.1,300,30,0.013333333333333308,0.013333333333333308,2.3929595947265625,2.3929595947265625,2.851407766342163,0.9170470118792956,0.8563646565647509,-2.5873893005917865,0.013333333333333334,4,1.0,1,4,HILCodec_3kbps,1580-141083-0000.flac,123
random_loss,0.01,heuristic,neighbor_copy,0.1,300,30,0.013333333333333308,0.013333333333333308,2.3932766914367676,2.3932766914367676,2.8601341247558594,0.9163399690479831,0.8606158002184852,-2.877132311098239,0.013333333333333334,4,1.0,1,4,HILCodec_3kbps,1580-141083-0000.flac,123
random_loss,0.01,importance_aware,zero_fill,0.1,300,30,0.0033333333333332993,0.0033333333333332993,2.4528493881225586,2.4528493881225586,2.8475868701934814,0.9168667046115885,0.8618652057026911,-2.559328204288268,0.0033333333333333335,1,1.0,1,1,HILCodec_3kbps,1580-141083-0000.flac,42
random_loss,0.01,importance_aware,neighbor_copy,0.1,300,30,0.0033333333333332993,0.0033333333333332993,2.5115456581115723,2.5115456581115723,2.974940299987793,0.9175764957597905,0.8623433326248617,-2.578813335096562,0.0033333333333333335,1,1.0,1,1,HILCodec_3kbps,1580-141083-0000.flac,42
random_loss,0.01,importance_aware,zero_fill,0.1,300,30,0.013333333333333308,0.013333333333333308,2.3929595947265625,2.3929595947265625,2.851407766342163,0.9170470118792956,0.856364656564751,-2.5873893005917865,0.013333333333333334,4,1.0,1,4,HILCodec_3kbps,1580-141083-0000.flac,123
random_loss,0.01,importance_aware,neighbor_copy,0.1,300,30,0.013333333333333308,0.013333333333333308,2.3932766914367676,2.3932766914367676,2.8601341247558594,0.9163399690479831,0.8606158002184852,-2.877132311098239,0.013333333333333334,4,1.0,1,4,HILCodec_3kbps,1580-141083-0000.flac,123
random_loss,0.01,importance_selective,zero_fill,0.1,300,30,0.0033333333333332993,0.0033333333333332993,2.4753148555755615,2.4753148555755615,2.8888938426971436,0.9140692925645462,0.8623991415766041,-2.7117772136619904,0.0033333333333333335,1,1.0,1,1,HILCodec_3kbps,1580-141083-0000.flac,42
random_loss,0.01,importance_selective,neighbor_copy,0.1,300,30,0.0033333333333332993,0.0033333333333332993,2.673689126968384,2.673689126968384,3.0700061321258545,0.9178104235166454,0.8620155142286653,-2.6499877379707772,0.0033333333333333335,1,1.0,1,1,HILCodec_3kbps,1580-141083-0000.flac,42
random_loss,0.01,importance_selective,zero_fill,0.1,300,30,0.010000000000000009,0.010000000000000009,2.0250420570373535,2.0250420570373535,2.5132665634155273,0.902098689426639,0.8561939905984577,-3.0978250978466617,0.01,3,1.0,1,3,HILCodec_3kbps,1580-141083-0000.flac,123
random_loss,0.01,importance_selective,neighbor_copy,0.1,300,30,0.010000000000000009,0.010000000000000009,2.1890530586242676,2.1890530586242676,2.6863901615142822,0.917561923320996,0.8619759947979813,-3.249042321822812,0.01,3,1.0,1,3,HILCodec_3kbps,1580-141083-0000.flac,123
random_loss,0.03,none,zero_fill,0.1,300,0,0.026666666666666616,0.026666666666666616,1.76739501953125,1.76739501953125,2.262085199356079,0.8850062950590216,0.832365823162897,-2.757452902685431,0.02666666666666667,8,1.0,1,8,HILCodec_3kbps,1580-141083-0000.flac,42
random_loss,0.03,none,neighbor_copy,0.1,300,0,0.026666666666666616,0.026666666666666616,2.1126484870910645,2.1126484870910645,2.7476580142974854,0.9123807971392272,0.852932392266447,-2.8543063581262635,0.02666666666666667,8,1.0,1,8,HILCodec_3kbps,1580-141083-0000.flac,42
random_loss,0.03,none,zero_fill,0.1,300,0,0.033333333333333326,0.033333333333333326,1.9934449195861816,1.9934449195861816,2.4590213298797607,0.8909490120468084,0.835522694740251,-2.837047513360491,0.03333333333333333,10,1.0,1,10,HILCodec_3kbps,1580-141083-0000.flac,123
random_loss,0.03,none,neighbor_copy,0.1,300,0,0.033333333333333326,0.033333333333333326,2.202253580093384,2.202253580093384,2.6712234020233154,0.9089644645337442,0.8486302105190761,-2.9969576655988,0.03333333333333333,10,1.0,1,10,HILCodec_3kbps,1580-141083-0000.flac,123
random_loss,0.03,random,zero_fill,0.1,300,30,0.026666666666666616,0.020000000000000018,2.0450069904327393,2.0450069904327393,2.519043207168579,0.9072893917413097,0.8525329533957268,-2.8489988558061388,0.02,6,1.0,1,6,HILCodec_3kbps,1580-141083-0000.flac,42
random_loss,0.03,random,neighbor_copy,0.1,300,30,0.026666666666666616,0.020000000000000018,2.376748561859131,2.376748561859131,2.7387804985046387,0.9129687341672087,0.8580610535147773,-2.9205090932894278,0.02,6,1.0,1,6,HILCodec_3kbps,1580-141083-0000.flac,42
random_loss,0.03,random,zero_fill,0.1,300,30,0.033333333333333326,0.033333333333333326,1.872493863105774,1.872493863105774,2.484376907348633,0.9058180797498516,0.8380664228531747,-2.9976372511611036,0.03333333333333333,10,1.0,1,10,HILCodec_3kbps,1580-141083-0000.flac,123
random_loss,0.03,random,neighbor_copy,0.1,300,30,0.033333333333333326,0.033333333333333326,2.3591556549072266,2.3591556549072266,2.826176166534424,0.9157793378490888,0.85742332765082,-2.892631167425854,0.03333333333333333,10,1.0,1,10,HILCodec_3kbps,1580-141083-0000.flac,123
random_loss,0.03,heuristic,zero_fill,0.1,300,30,0.026666666666666616,0.026666666666666616,1.76739501953125,1.76739501953125,2.262085199356079,0.8850062950590216,0.8323658231628969,-2.757452902685431,0.02666666666666667,8,1.0,1,8,HILCodec_3kbps,1580-141083-0000.flac,42
random_loss,0.03,heuristic,neighbor_copy,0.1,300,30,0.026666666666666616,0.026666666666666616,2.1126484870910645,2.1126484870910645,2.7476580142974854,0.9123807971392272,0.852932392266447,-2.8543063581262635,0.02666666666666667,8,1.0,1,8,HILCodec_3kbps,1580-141083-0000.flac,42
random_loss,0.03,heuristic,zero_fill,0.1,300,30,0.033333333333333326,0.030000000000000027,2.024402379989624,2.024402379989624,2.4842615127563477,0.8928648052660744,0.8421556901177879,-2.8363326649798326,0.03,9,1.0,1,9,HILCodec_3kbps,1580-141083-0000.flac,123
random_loss,0.03,heuristic,neighbor_copy,0.1,300,30,0.033333333333333326,0.030000000000000027,2.284266948699951,2.284266948699951,2.730699062347412,0.9105740913533958,0.8545981206549987,-2.991836657137919,0.03,9,1.0,1,9,HILCodec_3kbps,1580-141083-0000.flac,123
random_loss,0.03,importance_aware,zero_fill,0.1,300,30,0.026666666666666616,0.026666666666666616,1.76739501953125,1.76739501953125,2.262085199356079,0.8850062950590216,0.8323658231628969,-2.757452902685431,0.02666666666666667,8,1.0,1,8,HILCodec_3kbps,1580-141083-0000.flac,42
random_loss,0.03,importance_aware,neighbor_copy,0.1,300,30,0.026666666666666616,0.026666666666666616,2.1126484870910645,2.1126484870910645,2.7476580142974854,0.9123807971392272,0.852932392266447,-2.8543063581262635,0.02666666666666667,8,1.0,1,8,HILCodec_3kbps,1580-141083-0000.flac,42
random_loss,0.03,importance_aware,zero_fill,0.1,300,30,0.033333333333333326,0.030000000000000027,2.024402379989624,2.024402379989624,2.4842615127563477,0.8928648052660744,0.8421556901177879,-2.8363326649798326,0.03,9,1.0,1,9,HILCodec_3kbps,1580-141083-0000.flac,123
random_loss,0.03,importance_aware,neighbor_copy,0.1,300,30,0.033333333333333326,0.030000000000000027,2.284266948699951,2.284266948699951,2.730699062347412,0.9105740913533958,0.8545981206549987,-2.991836657137919,0.03,9,1.0,1,9,HILCodec_3kbps,1580-141083-0000.flac,123
random_loss,0.03,importance_selective,zero_fill,0.1,300,30,0.030000000000000027,0.030000000000000027,1.8616467714309692,1.8616467714309692,2.237816572189331,0.8990518064656957,0.8500835354362046,-3.5691428655446336,0.03,9,1.0,1,9,HILCodec_3kbps,1580-141083-0000.flac,42
random_loss,0.03,importance_selective,neighbor_copy,0.1,300,30,0.030000000000000027,0.030000000000000027,2.2872536182403564,2.2872536182403564,2.7501556873321533,0.910273604241347,0.8540717610500915,-3.36589489970443,0.03,9,1.0,1,9,HILCodec_3kbps,1580-141083-0000.flac,42
random_loss,0.03,importance_selective,zero_fill,0.1,300,30,0.036666666666666625,0.036666666666666625,1.6044895648956299,1.6044895648956299,1.928654670715332,0.8787351085230496,0.818384313847797,-3.316269469701123,0.03666666666666667,11,1.1,2,10,HILCodec_3kbps,1580-141083-0000.flac,123
random_loss,0.03,importance_selective,neighbor_copy,0.1,300,30,0.036666666666666625,0.036666666666666625,1.8640333414077759,1.8640333414077759,2.392557144165039,0.9035232975123261,0.8426343759042897,-3.890678429980288,0.03666666666666667,11,1.1,2,10,HILCodec_3kbps,1580-141083-0000.flac,123
random_loss,0.05,none,zero_fill,0.1,300,0,0.050000000000000044,0.050000000000000044,1.58164381980896,1.58164381980896,2.046786069869995,0.8741776612089132,0.8159949184055976,-2.8380642122379998,0.05,15,1.0,1,15,HILCodec_3kbps,1580-141083-0000.flac,42
random_loss,0.05,none,neighbor_copy,0.1,300,0,0.050000000000000044,0.050000000000000044,1.9509552717208862,1.9509552717208862,2.563512086868286,0.9077285192046627,0.8444599110840348,-2.9166508746240005,0.05,15,1.0,1,15,HILCodec_3kbps,1580-141083-0000.flac,42
random_loss,0.05,none,zero_fill,0.1,300,0,0.050000000000000044,0.050000000000000044,1.7400686740875244,1.7400686740875244,2.176826238632202,0.8627862962589478,0.8145486910996462,-3.4533274455346015,0.05,15,1.0714285714285714,2,14,HILCodec_3kbps,1580-141083-0000.flac,123
random_loss,0.05,none,neighbor_copy,0.1,300,0,0.050000000000000044,0.050000000000000044,1.9801652431488037,1.9801652431488037,2.4935109615325928,0.8960854521752426,0.8349006012721549,-3.410747000748422,0.05,15,1.0714285714285714,2,14,HILCodec_3kbps,1580-141083-0000.flac,123
random_loss,0.05,random,zero_fill,0.1,300,30,0.046666666666666634,0.033333333333333326,1.871561050415039,1.871561050415039,2.3872344493865967,0.900948120544365,0.8470528379319369,-2.957368682392393,0.03333333333333333,10,1.0,1,10,HILCodec_3kbps,1580-141083-0000.flac,42
random_loss,0.05,random,neighbor_copy,0.1,300,30,0.046666666666666634,0.033333333333333326,2.2864527702331543,2.2864527702331543,2.6452414989471436,0.9101628212023021,0.8541779667463151,-2.934506425085135,0.03333333333333333,10,1.0,1,10,HILCodec_3kbps,1580-141083-0000.flac,42
random_loss,0.05,random,zero_fill,0.1,300,30,0.053333333333333344,0.050000000000000044,1.5638539791107178,1.5638539791107178,2.2617151737213135,0.8937082118941315,0.8207482762384172,-3.0199517826905655,0.05,15,1.0714285714285714,2,14,HILCodec_3kbps,1580-141083-0000.flac,123
random_loss,0.05,random,neighbor_copy,0.1,300,30,0.053333333333333344,0.050000000000000044,1.9173216819763184,1.9173216819763184,2.585845708847046,0.8910264914304298,0.8443350396935081,-2.865001791009857,0.05,15,1.0714285714285714,2,14,HILCodec_3kbps,1580-141083-0000.flac,123
random_loss,0.05,heuristic,zero_fill,0.1,300,30,0.050000000000000044,0.050000000000000044,1.58164381980896,1.58164381980896,2.046786069869995,0.8741776612089132,0.8159949184055976,-2.8380642122379998,0.05,15,1.0,1,15,HILCodec_3kbps,1580-141083-0000.flac,42
random_loss,0.05,heuristic,neighbor_copy,0.1,300,30,0.050000000000000044,0.050000000000000044,1.9509552717208862,1.9509552717208862,2.563512086868286,0.9077285192046627,0.8444599110840348,-2.9166508746240005,0.05,15,1.0,1,15,HILCodec_3kbps,1580-141083-0000.flac,42
random_loss,0.05,heuristic,zero_fill,0.1,300,30,0.050000000000000044,0.046666666666666634,1.7643115520477295,1.7643115520477295,2.197645425796509,0.8646378216188352,0.8209629699268257,-3.4528962754926997,0.04666666666666667,14,1.0769230769230769,2,13,HILCodec_3kbps,1580-141083-0000.flac,123
random_loss,0.05,heuristic,neighbor_copy,0.1,300,30,0.050000000000000044,0.046666666666666634,2.04349946975708,2.04349946975708,2.546583414077759,0.8976902037357137,0.8408477515775075,-3.405674636970875,0.04666666666666667,14,1.0769230769230769,2,13,HILCodec_3kbps,1580-141083-0000.flac,123
random_loss,0.05,importance_aware,zero_fill,0.1,300,30,0.050000000000000044,0.050000000000000044,1.58164381980896,1.58164381980896,2.046786069869995,0.8741776612089132,0.8159949184055976,-2.8380642122379998,0.05,15,1.0,1,15,HILCodec_3kbps,1580-141083-0000.flac,42
random_loss,0.05,importance_aware,neighbor_copy,0.1,300,30,0.050000000000000044,0.050000000000000044,1.9509552717208862,1.9509552717208862,2.563512086868286,0.9077285192046627,0.844459911084035,-2.9166508746240005,0.05,15,1.0,1,15,HILCodec_3kbps,1580-141083-0000.flac,42
random_loss,0.05,importance_aware,zero_fill,0.1,300,30,0.050000000000000044,0.046666666666666634,1.7643115520477295,1.7643115520477295,2.197645425796509,0.8646378216188352,0.8209629699268257,-3.4528962754926997,0.04666666666666667,14,1.0769230769230769,2,13,HILCodec_3kbps,1580-141083-0000.flac,123
random_loss,0.05,importance_aware,neighbor_copy,0.1,300,30,0.050000000000000044,0.046666666666666634,2.04349946975708,2.04349946975708,2.546583414077759,0.8976902037357137,0.8408477515775076,-3.405674636970875,0.04666666666666667,14,1.0769230769230769,2,13,HILCodec_3kbps,1580-141083-0000.flac,123
random_loss,0.05,importance_selective,zero_fill,0.1,300,30,0.043333333333333335,0.043333333333333335,1.7641024589538574,1.7641024589538574,2.1722617149353027,0.8908960343775036,0.8452194466934977,-3.595054873528098,0.043333333333333335,13,1.0,1,13,HILCodec_3kbps,1580-141083-0000.flac,42
random_loss,0.05,importance_selective,neighbor_copy,0.1,300,30,0.043333333333333335,0.043333333333333335,2.2027087211608887,2.2027087211608887,2.7112812995910645,0.9096981213954382,0.8525627037721291,-3.4149726854868714,0.043333333333333335,13,1.0,1,13,HILCodec_3kbps,1580-141083-0000.flac,42
random_loss,0.05,importance_selective,zero_fill,0.1,300,30,0.050000000000000044,0.050000000000000044,1.5693843364715576,1.5693843364715576,1.8530217409133911,0.872276624468362,0.8103337830838128,-3.4617358292344127,0.05,15,1.0714285714285714,2,14,HILCodec_3kbps,1580-141083-0000.flac,123
random_loss,0.05,importance_selective,neighbor_copy,0.1,300,30,0.050000000000000044,0.050000000000000044,1.830688238143921,1.830688238143921,2.3224313259124756,0.8989087079026655,0.8327683260253802,-3.9013224357203584,0.05,15,1.0714285714285714,2,14,HILCodec_3kbps,1580-141083-0000.flac,123
random_loss,0.1,none,zero_fill,0.1,300,0,0.09666666666666668,0.09666666666666668,1.3102164268493652,1.3102164268493652,1.623265027999878,0.8422133774828527,0.7794748361056918,-4.471547728594353,0.09666666666666666,29,1.0740740740740742,2,27,HILCodec_3kbps,1580-141083-0000.flac,42
random_loss,0.1,none,neighbor_copy,0.1,300,0,0.09666666666666668,0.09666666666666668,1.5286529064178467,1.5286529064178467,2.0430140495300293,0.8825075792225724,0.8181213681235708,-4.3559157286898555,0.09666666666666666,29,1.0740740740740742,2,27,HILCodec_3kbps,1580-141083-0000.flac,42
random_loss,0.1,none,zero_fill,0.1,300,0,0.09999999999999998,0.09999999999999998,1.3372620344161987,1.3372620344161987,1.6257143020629883,0.8075680128635842,0.7486175097667734,-5.637284233537436,0.1,30,1.1111111111111112,2,27,HILCodec_3kbps,1580-141083-0000.flac,123
random_loss,0.1,none,neighbor_copy,0.1,300,0,0.09999999999999998,0.09999999999999998,1.648207187652588,1.648207187652588,2.1714956760406494,0.8798244792013153,0.8164467770388402,-4.327615566939596,0.1,30,1.1111111111111112,2,27,HILCodec_3kbps,1580-141083-0000.flac,123
random_loss,0.1,random,zero_fill,0.1,300,30,0.08666666666666667,0.06999999999999995,1.56575608253479,1.56575608253479,2.0415186882019043,0.8724728925106927,0.811573092985329,-3.6273560733227717,0.07,21,1.105263157894737,2,19,HILCodec_3kbps,1580-141083-0000.flac,42
random_loss,0.1,random,neighbor_copy,0.1,300,30,0.08666666666666667,0.06999999999999995,1.9071052074432373,1.9071052074432373,2.334327220916748,0.8991723310210192,0.8420591664599607,-3.409999256326366,0.07,21,1.105263157894737,2,19,HILCodec_3kbps,1580-141083-0000.flac,42
random_loss,0.1,random,zero_fill,0.1,300,30,0.10666666666666669,0.10333333333333339,1.2560930252075195,1.2560930252075195,1.7043551206588745,0.8184477375271514,0.7333397144538696,-4.699585838507021,0.10333333333333333,31,1.1481481481481481,2,27,HILCodec_3kbps,1580-141083-0000.flac,123
random_loss,0.1,random,neighbor_copy,0.1,300,30,0.10666666666666669,0.10333333333333339,1.5443451404571533,1.5443451404571533,2.129317045211792,0.8718178253367782,0.8090163378952422,-4.03844083164964,0.10333333333333333,31,1.1481481481481481,2,27,HILCodec_3kbps,1580-141083-0000.flac,123
random_loss,0.1,heuristic,zero_fill,0.1,300,30,0.09666666666666668,0.08999999999999997,1.3378832340240479,1.3378832340240479,1.6714637279510498,0.8463020223346047,0.7834674974695218,-4.410165292280884,0.09,27,1.0384615384615385,2,26,HILCodec_3kbps,1580-141083-0000.flac,42
random_loss,0.1,heuristic,neighbor_copy,0.1,300,30,0.09666666666666668,0.08999999999999997,1.5366729497909546,1.5366729497909546,2.0478084087371826,0.8853373292195794,0.8224386168533862,-4.443318982861304,0.09,27,1.0384615384615385,2,26,HILCodec_3kbps,1580-141083-0000.flac,42
random_loss,0.1,heuristic,zero_fill,0.1,300,30,0.09999999999999998,0.08666666666666667,1.461501121520996,1.461501121520996,1.7899606227874756,0.8411602470615369,0.7933117824519624,-4.685621021489074,0.08666666666666667,26,1.0833333333333333,2,24,HILCodec_3kbps,1580-141083-0000.flac,123
random_loss,0.1,heuristic,neighbor_copy,0.1,300,30,0.09999999999999998,0.08666666666666667,1.7433722019195557,1.7433722019195557,2.2861995697021484,0.8841817173151719,0.8255023228438764,-4.300027560332712,0.08666666666666667,26,1.0833333333333333,2,24,HILCodec_3kbps,1580-141083-0000.flac,123
random_loss,0.1,importance_aware,zero_fill,0.1,300,30,0.09666666666666668,0.08999999999999997,1.3378832340240479,1.3378832340240479,1.6714637279510498,0.8463020223346047,0.7834674974695217,-4.410165292280884,0.09,27,1.0384615384615385,2,26,HILCodec_3kbps,1580-141083-0000.flac,42
random_loss,0.1,importance_aware,neighbor_copy,0.1,300,30,0.09666666666666668,0.08999999999999997,1.5366729497909546,1.5366729497909546,2.0478084087371826,0.8853373292195794,0.8224386168533863,-4.443318982861304,0.09,27,1.0384615384615385,2,26,HILCodec_3kbps,1580-141083-0000.flac,42
random_loss,0.1,importance_aware,zero_fill,0.1,300,30,0.09999999999999998,0.08666666666666667,1.461501121520996,1.461501121520996,1.7899606227874756,0.8411602470615369,0.7933117824519624,-4.685621021489074,0.08666666666666667,26,1.0833333333333333,2,24,HILCodec_3kbps,1580-141083-0000.flac,123
random_loss,0.1,importance_aware,neighbor_copy,0.1,300,30,0.09999999999999998,0.08666666666666667,1.7433722019195557,1.7433722019195557,2.2861995697021484,0.8841817173151719,0.8255023228438764,-4.300027560332712,0.08666666666666667,26,1.0833333333333333,2,24,HILCodec_3kbps,1580-141083-0000.flac,123
random_loss,0.1,importance_selective,zero_fill,0.1,300,30,0.09666666666666668,0.09666666666666668,1.3543447256088257,1.3543447256088257,1.6922814846038818,0.8476310394825347,0.7959858569815557,-4.540376203340649,0.09666666666666666,29,1.1153846153846154,2,26,HILCodec_3kbps,1580-141083-0000.flac,42
random_loss,0.1,importance_selective,neighbor_copy,0.1,300,30,0.09666666666666668,0.09666666666666668,1.9480558633804321,1.9480558633804321,2.4309208393096924,0.8911175150373821,0.833761629198669,-4.021795997744011,0.09666666666666666,29,1.1153846153846154,2,26,HILCodec_3kbps,1580-141083-0000.flac,42
random_loss,0.1,importance_selective,zero_fill,0.1,300,30,0.08666666666666667,0.08666666666666667,1.3555145263671875,1.3555145263671875,1.638779878616333,0.8411454810728446,0.7619330088759451,-4.153773168850865,0.08666666666666667,26,1.0833333333333333,2,24,HILCodec_3kbps,1580-141083-0000.flac,123
random_loss,0.1,importance_selective,neighbor_copy,0.1,300,30,0.08666666666666667,0.08666666666666667,1.5058566331863403,1.5058566331863403,2.0500099658966064,0.8807058420717685,0.8062155238927523,-4.500368741315345,0.08666666666666667,26,1.0833333333333333,2,24,HILCodec_3kbps,1580-141083-0000.flac,123
random_loss,0.2,none,zero_fill,0.1,300,0,0.24,0.24,1.1111761331558228,1.1111761331558228,1.325490117073059,0.749449250355009,0.6365685527918927,-8.08623765172226,0.24,72,1.44,6,50,HILCodec_3kbps,1580-141083-0000.flac,42
random_loss,0.2,none,neighbor_copy,0.1,300,0,0.24,0.24,1.2455633878707886,1.2455633878707886,1.4785385131835938,0.8124566997932602,0.7125772886092837,-6.563944721103793,0.24,72,1.44,6,50,HILCodec_3kbps,1580-141083-0000.flac,42
random_loss,0.2,none,zero_fill,0.1,300,0,0.20666666666666667,0.20666666666666667,1.1685727834701538,1.1685727834701538,1.4237821102142334,0.7428644236484039,0.6590918835804004,-7.277055281701022,0.20666666666666667,62,1.3478260869565217,4,46,HILCodec_3kbps,1580-141083-0000.flac,123
random_loss,0.2,none,neighbor_copy,0.1,300,0,0.20666666666666667,0.20666666666666667,1.3820748329162598,1.3820748329162598,1.8260011672973633,0.8349267918803684,0.7591922449122213,-5.294010804301039,0.20666666666666667,62,1.3478260869565217,4,46,HILCodec_3kbps,1580-141083-0000.flac,123
random_loss,0.2,random,zero_fill,0.1,300,30,0.22666666666666668,0.19666666666666666,1.1640480756759644,1.1640480756759644,1.454761028289795,0.7483158071245333,0.6757141952903852,-7.267359684700913,0.19666666666666666,59,1.4047619047619047,5,42,HILCodec_3kbps,1580-141083-0000.flac,42
random_loss,0.2,random,neighbor_copy,0.1,300,30,0.22666666666666668,0.19666666666666666,1.323927879333496,1.323927879333496,1.7021644115447998,0.8422465067623374,0.7669206205528342,-5.539363478069385,0.19666666666666666,59,1.4047619047619047,5,42,HILCodec_3kbps,1580-141083-0000.flac,42
random_loss,0.2,random,zero_fill,0.1,300,30,0.20333333333333337,0.19333333333333336,1.1532869338989258,1.1532869338989258,1.428637981414795,0.7517044731723282,0.6656262064226005,-6.428162751032305,0.19333333333333333,58,1.3181818181818181,4,44,HILCodec_3kbps,1580-141083-0000.flac,123
random_loss,0.2,random,neighbor_copy,0.1,300,30,0.20333333333333337,0.19333333333333336,1.3015494346618652,1.3015494346618652,1.7555044889450073,0.8122688912200878,0.7411772128473345,-6.056282660923188,0.19333333333333333,58,1.3181818181818181,4,44,HILCodec_3kbps,1580-141083-0000.flac,123
random_loss,0.2,heuristic,zero_fill,0.1,300,30,0.24,0.21999999999999997,1.1253310441970825,1.1253310441970825,1.330906629562378,0.7606470732523778,0.6575127899903772,-7.893865201692025,0.22,66,1.346938775510204,3,49,HILCodec_3kbps,1580-141083-0000.flac,42
random_loss,0.2,heuristic,neighbor_copy,0.1,300,30,0.24,0.21999999999999997,1.2520358562469482,1.2520358562469482,1.483823299407959,0.8159278652077258,0.7186264079250938,-6.6959963364399435,0.22,66,1.346938775510204,3,49,HILCodec_3kbps,1580-141083-0000.flac,42
random_loss,0.2,heuristic,zero_fill,0.1,300,30,0.20666666666666667,0.18000000000000005,1.2273401021957397,1.2273401021957397,1.5296037197113037,0.7835794851751434,0.716656703877636,-6.200340549062659,0.18,54,1.2857142857142858,4,42,HILCodec_3kbps,1580-141083-0000.flac,123
random_loss,0.2,heuristic,neighbor_copy,0.1,300,30,0.20666666666666667,0.18000000000000005,1.4886553287506104,1.4886553287506104,1.965733289718628,0.8572021481417994,0.7842360028541151,-5.209272923004256,0.18,54,1.2857142857142858,4,42,HILCodec_3kbps,1580-141083-0000.flac,123
random_loss,0.2,importance_aware,zero_fill,0.1,300,30,0.24,0.21999999999999997,1.1253310441970825,1.1253310441970825,1.330906629562378,0.7606470732523778,0.6575127899903772,-7.893865201692025,0.22,66,1.346938775510204,3,49,HILCodec_3kbps,1580-141083-0000.flac,42
random_loss,0.2,importance_aware,neighbor_copy,0.1,300,30,0.24,0.21999999999999997,1.2520358562469482,1.2520358562469482,1.483823299407959,0.8159278652077258,0.7186264079250937,-6.6959963364399435,0.22,66,1.346938775510204,3,49,HILCodec_3kbps,1580-141083-0000.flac,42
random_loss,0.2,importance_aware,zero_fill,0.1,300,30,0.20666666666666667,0.18999999999999995,1.218832015991211,1.218832015991211,1.5074256658554077,0.7797799161599032,0.7077425906954712,-6.243604202777355,0.19,57,1.3255813953488371,4,43,HILCodec_3kbps,1580-141083-0000.flac,123
random_loss,0.2,importance_aware,neighbor_copy,0.1,300,30,0.20666666666666667,0.18999999999999995,1.4614671468734741,1.4614671468734741,1.9148303270339966,0.8527622891296912,0.7774067239795239,-5.248292742110246,0.19,57,1.3255813953488371,4,43,HILCodec_3kbps,1580-141083-0000.flac,123
random_loss,0.2,importance_selective,zero_fill,0.1,300,30,0.21666666666666667,0.21666666666666667,1.1542264223098755,1.1542264223098755,1.3443373441696167,0.7452494483541509,0.677457595869129,-8.130757553411298,0.21666666666666667,65,1.3829787234042554,3,47,HILCodec_3kbps,1580-141083-0000.flac,42
random_loss,0.2,importance_selective,neighbor_copy,0.1,300,30,0.21666666666666667,0.21666666666666667,1.412888526916504,1.412888526916504,1.7920860052108765,0.8555780225845825,0.7799699326305458,-6.884203689580524,0.21666666666666667,65,1.3829787234042554,3,47,HILCodec_3kbps,1580-141083-0000.flac,42
random_loss,0.2,importance_selective,zero_fill,0.1,300,30,0.20666666666666667,0.20666666666666667,1.146942377090454,1.146942377090454,1.3859810829162598,0.7612479524952793,0.6506472327611772,-6.060130144728086,0.20666666666666667,62,1.2916666666666667,4,48,HILCodec_3kbps,1580-141083-0000.flac,123
random_loss,0.2,importance_selective,neighbor_copy,0.1,300,30,0.20666666666666667,0.20666666666666667,1.2812631130218506,1.2812631130218506,1.7554223537445068,0.8468206793644277,0.7433079515001876,-5.649072963011235,0.20666666666666667,62,1.2916666666666667,4,48,HILCodec_3kbps,1580-141083-0000.flac,123
random_loss,0.3,none,zero_fill,0.1,300,0,0.32333333333333336,0.32333333333333336,1.0743663311004639,1.0743663311004639,1.2928078174591064,0.663547683759713,0.48412226555282956,-11.086430362525025,0.3233333333333333,97,1.564516129032258,8,62,HILCodec_3kbps,1580-141083-0000.flac,42
random_loss,0.3,none,neighbor_copy,0.1,300,0,0.32333333333333336,0.32333333333333336,1.138440728187561,1.138440728187561,1.467463731765747,0.7552015449551837,0.6329919641195434,-8.651623392502968,0.3233333333333333,97,1.564516129032258,8,62,HILCodec_3kbps,1580-141083-0000.flac,42
random_loss,0.3,none,zero_fill,0.1,300,0,0.3433333333333334,0.3433333333333334,1.0769778490066528,1.0769778490066528,1.230468511581421,0.6666780300091268,0.49704574154940945,-10.87909246007603,0.3433333333333333,103,1.5846153846153845,6,65,HILCodec_3kbps,1580-141083-0000.flac,123
random_loss,0.3,none,neighbor_copy,0.1,300,0,0.3433333333333334,0.3433333333333334,1.179772973060608,1.179772973060608,1.4440321922302246,0.7600212967062219,0.632229189135984,-8.566980711858092,0.3433333333333333,103,1.5846153846153845,6,65,HILCodec_3kbps,1580-141083-0000.flac,123
random_loss,0.3,random,zero_fill,0.1,300,30,0.31999999999999995,0.2833333333333333,1.130760908126831,1.130760908126831,1.3586617708206177,0.6853657696824932,0.5669674258124416,-9.260923750109992,0.2833333333333333,85,1.4655172413793103,5,58,HILCodec_3kbps,1580-141083-0000.flac,42
random_loss,0.3,random,neighbor_copy,0.1,300,30,0.31999999999999995,0.2833333333333333,1.2402344942092896,1.2402344942092896,1.649620532989502,0.789896248154672,0.685390646021915,-8.716868373057284,0.2833333333333333,85,1.4655172413793103,5,58,HILCodec_3kbps,1580-141083-0000.flac,42
random_loss,0.3,random,zero_fill,0.1,300,30,0.32666666666666666,0.31000000000000005,1.0957163572311401,1.0957163572311401,1.308212161064148,0.695153636676507,0.5826735786615989,-9.18403055967586,0.31,93,1.5245901639344261,6,61,HILCodec_3kbps,1580-141083-0000.flac,123
random_loss,0.3,random,neighbor_copy,0.1,300,30,0.32666666666666666,0.31000000000000005,1.2330600023269653,1.2330600023269653,1.5808385610580444,0.7625534149426815,0.6848109922886353,-7.538217075309525,0.31,93,1.5245901639344261,6,61,HILCodec_3kbps,1580-141083-0000.flac,123
random_loss,0.3,heuristic,zero_fill,0.1,300,30,0.32333333333333336,0.29333333333333333,1.086576223373413,1.086576223373413,1.3025890588760376,0.6732049755287417,0.5247654503777287,-10.711861201771814,0.29333333333333333,88,1.4915254237288136,5,59,HILCodec_3kbps,1580-141083-0000.flac,42
random_loss,0.3,heuristic,neighbor_copy,0.1,300,30,0.32333333333333336,0.29333333333333333,1.167448878288269,1.167448878288269,1.4690719842910767,0.7795064099048428,0.6559354690442311,-8.709838209847183,0.29333333333333333,88,1.4915254237288136,5,59,HILCodec_3kbps,1580-141083-0000.flac,42
random_loss,0.3,heuristic,zero_fill,0.1,300,30,0.3433333333333334,0.30333333333333334,1.1008206605911255,1.1008206605911255,1.2931201457977295,0.6961866959031117,0.5720529727827957,-8.884978284858974,0.30333333333333334,91,1.5423728813559323,6,59,HILCodec_3kbps,1580-141083-0000.flac,123
random_loss,0.3,heuristic,neighbor_copy,0.1,300,30,0.3433333333333334,0.30333333333333334,1.2124725580215454,1.2124725580215454,1.5517585277557373,0.7865905509580282,0.6682219009773891,-8.341120513667011,0.30333333333333334,91,1.5423728813559323,6,59,HILCodec_3kbps,1580-141083-0000.flac,123
random_loss,0.3,importance_aware,zero_fill,0.1,300,30,0.32333333333333336,0.29000000000000004,1.0871318578720093,1.0871318578720093,1.3019585609436035,0.6795635184426321,0.5297966440539095,-10.692707868808732,0.29,87,1.5,5,58,HILCodec_3kbps,1580-141083-0000.flac,42
random_loss,0.3,importance_aware,neighbor_copy,0.1,300,30,0.32333333333333336,0.29000000000000004,1.1822539567947388,1.1822539567947388,1.5004082918167114,0.791168649912901,0.6672048495517402,-8.708551447724917,0.29,87,1.5,5,58,HILCodec_3kbps,1580-141083-0000.flac,42
random_loss,0.3,importance_aware,zero_fill,0.1,300,30,0.3433333333333334,0.31333333333333335,1.0989333391189575,1.0989333391189575,1.2969733476638794,0.6944143303749025,0.5640709265145578,-8.927109525190133,0.31333333333333335,94,1.5666666666666667,6,60,HILCodec_3kbps,1580-141083-0000.flac,123
random_loss,0.3,importance_aware,neighbor_copy,0.1,300,30,0.3433333333333334,0.31333333333333335,1.2075765132904053,1.2075765132904053,1.5738897323608398,0.7821746764373925,0.6612903171503756,-8.39194451500347,0.31333333333333335,94,1.5666666666666667,6,60,HILCodec_3kbps,1580-141083-0000.flac,123
random_loss,0.3,importance_selective,zero_fill,0.1,300,30,0.32666666666666666,0.32666666666666666,1.1005823612213135,1.1005823612213135,1.2777717113494873,0.676966925625172,0.5813617693249857,-10.489581909038751,0.32666666666666666,98,1.5555555555555556,5,63,HILCodec_3kbps,1580-141083-0000.flac,42
random_loss,0.3,importance_selective,neighbor_copy,0.1,300,30,0.32666666666666666,0.32666666666666666,1.2155193090438843,1.2155193090438843,1.5059990882873535,0.8196121214802004,0.71130868087494,-10.754962176280431,0.32666666666666666,98,1.5555555555555556,5,63,HILCodec_3kbps,1580-141083-0000.flac,42
random_loss,0.3,importance_selective,zero_fill,0.1,300,30,0.33333333333333337,0.33333333333333337,1.084252953529358,1.084252953529358,1.256321668624878,0.6675574502207495,0.5289805094856891,-9.985781095929584,0.3333333333333333,100,1.5873015873015872,5,63,HILCodec_3kbps,1580-141083-0000.flac,123
random_loss,0.3,importance_selective,neighbor_copy,0.1,300,30,0.33333333333333337,0.33333333333333337,1.1445581912994385,1.1445581912994385,1.4043546915054321,0.7781801243552073,0.6501882038244475,-8.77797219815383,0.3333333333333333,100,1.5873015873015872,5,63,HILCodec_3kbps,1580-141083-0000.flac,123
random_loss,0.4,none,zero_fill,0.1,300,0,0.41000000000000003,0.41000000000000003,1.0637108087539673,1.0637108087539673,1.2467797994613647,0.6229129629453607,0.4269657633622882,-13.394458532840076,0.41,123,1.662162162162162,8,74,HILCodec_3kbps,1580-141083-0000.flac,42
random_loss,0.4,none,neighbor_copy,0.1,300,0,0.41000000000000003,0.41000000000000003,1.1293278932571411,1.1293278932571411,1.4067214727401733,0.7223900574525791,0.5791761443350247,-10.689789643644222,0.41,123,1.662162162162162,8,74,HILCodec_3kbps,1580-141083-0000.flac,42
random_loss,0.4,none,zero_fill,0.1,300,0,0.42333333333333334,0.42333333333333334,1.061410903930664,1.061410903930664,1.1874127388000488,0.6100529887512948,0.41145185739003043,-14.223297826146514,0.42333333333333334,127,1.7887323943661972,6,71,HILCodec_3kbps,1580-141083-0000.flac,123
random_loss,0.4,none,neighbor_copy,0.1,300,0,0.42333333333333334,0.42333333333333334,1.1259355545043945,1.1259355545043945,1.3380037546157837,0.7041110819464971,0.5718867296029985,-10.992352559538563,0.42333333333333334,127,1.7887323943661972,6,71,HILCodec_3kbps,1580-141083-0000.flac,123
random_loss,0.4,random,zero_fill,0.1,300,30,0.42000000000000004,0.3733333333333333,1.0775377750396729,1.0775377750396729,1.2891147136688232,0.620930067496025,0.4823731780721479,-12.463263344591384,0.37333333333333335,112,1.6,5,70,HILCodec_3kbps,1580-141083-0000.flac,42
random_loss,0.4,random,neighbor_copy,0.1,300,30,0.42000000000000004,0.3733333333333333,1.187791109085083,1.187791109085083,1.5627050399780273,0.7478563935803075,0.6307064337010303,-9.908081060552947,0.37333333333333335,112,1.6,5,70,HILCodec_3kbps,1580-141083-0000.flac,42
random_loss,0.4,random,zero_fill,0.1,300,30,0.42333333333333334,0.3966666666666666,1.0659440755844116,1.0659440755844116,1.263641357421875,0.6377992657600833,0.4996898268610291,-11.090942213625304,0.39666666666666667,119,1.6527777777777777,6,72,HILCodec_3kbps,1580-141083-0000.flac,123
random_loss,0.4,random,neighbor_copy,0.1,300,30,0.42333333333333334,0.3966666666666666,1.1767182350158691,1.1767182350158691,1.4264534711837769,0.718669734430963,0.6182802923718086,-10.046685591461946,0.39666666666666667,119,1.6527777777777777,6,72,HILCodec_3kbps,1580-141083-0000.flac,123
random_loss,0.4,heuristic,zero_fill,0.1,300,30,0.41000000000000003,0.38,1.0725157260894775,1.0725157260894775,1.2508292198181152,0.6388319440988961,0.47193318332282375,-12.801082729648389,0.38,114,1.6056338028169015,5,71,HILCodec_3kbps,1580-141083-0000.flac,42
random_loss,0.4,heuristic,neighbor_copy,0.1,300,30,0.41000000000000003,0.38,1.151485562324524,1.151485562324524,1.4168422222137451,0.7470185767077422,0.6045846866619852,-10.549483807781758,0.38,114,1.6056338028169015,5,71,HILCodec_3kbps,1580-141083-0000.flac,42
random_loss,0.4,heuristic,zero_fill,0.1,300,30,0.42333333333333334,0.3833333333333333,1.078258991241455,1.078258991241455,1.2390681505203247,0.6428625032702655,0.48187030594991165,-12.148526540498047,0.38333333333333336,115,1.7692307692307692,6,65,HILCodec_3kbps,1580-141083-0000.flac,123
random_loss,0.4,heuristic,neighbor_copy,0.1,300,30,0.42333333333333334,0.3833333333333333,1.1491395235061646,1.1491395235061646,1.386794924736023,0.7298264990126733,0.6065672666638796,-10.75213392536649,0.38333333333333336,115,1.7692307692307692,6,65,HILCodec_3kbps,1580-141083-0000.flac,123
random_loss,0.4,importance_aware,zero_fill,0.1,300,30,0.41000000000000003,0.3733333333333333,1.0739240646362305,1.0739240646362305,1.2504143714904785,0.6489264730034195,0.4780333909901429,-12.770893651508118,0.37333333333333335,112,1.6,5,70,HILCodec_3kbps,1580-141083-0000.flac,42
random_loss,0.4,importance_aware,neighbor_copy,0.1,300,30,0.41000000000000003,0.3733333333333333,1.1663169860839844,1.1663169860839844,1.4376457929611206,0.7605190995489642,0.6193662633699752,-10.525838738047312,0.37333333333333335,112,1.6,5,70,HILCodec_3kbps,1580-141083-0000.flac,42
random_loss,0.4,importance_aware,zero_fill,0.1,300,30,0.42333333333333334,0.3933333333333333,1.076899766921997,1.076899766921997,1.2331217527389526,0.638596655022518,0.4709590663230569,-12.191831823161445,0.3933333333333333,118,1.7878787878787878,6,66,HILCodec_3kbps,1580-141083-0000.flac,123
random_loss,0.4,importance_aware,neighbor_copy,0.1,300,30,0.42333333333333334,0.3933333333333333,1.151685357093811,1.151685357093811,1.377168893814087,0.7255925094412207,0.5998169745855116,-10.81732172293989,0.3933333333333333,118,1.7878787878787878,6,66,HILCodec_3kbps,1580-141083-0000.flac,123
random_loss,0.4,importance_selective,zero_fill,0.1,300,30,0.4066666666666666,0.4066666666666666,1.0873656272888184,1.0873656272888184,1.2431206703186035,0.6476438362019518,0.5289665739749166,-14.434616589045273,0.4066666666666667,122,1.7183098591549295,5,71,HILCodec_3kbps,1580-141083-0000.flac,42
random_loss,0.4,importance_selective,neighbor_copy,0.1,300,30,0.4066666666666666,0.4066666666666666,1.136913537979126,1.136913537979126,1.3983350992202759,0.7584295325526326,0.6479582411896426,-13.833693088813334,0.4066666666666667,122,1.7183098591549295,5,71,HILCodec_3kbps,1580-141083-0000.flac,42
random_loss,0.4,importance_selective,zero_fill,0.1,300,30,0.43000000000000005,0.43000000000000005,1.056738018989563,1.056738018989563,1.2000384330749512,0.6047340165931335,0.45478212320744976,-14.154241000822271,0.43,129,1.8169014084507042,5,71,HILCodec_3kbps,1580-141083-0000.flac,123
random_loss,0.4,importance_selective,neighbor_copy,0.1,300,30,0.43000000000000005,0.43000000000000005,1.0764763355255127,1.0764763355255127,1.2633377313613892,0.6585306150032124,0.5429848963865961,-12.397146935597426,0.43,129,1.8169014084507042,5,71,HILCodec_3kbps,1580-141083-0000.flac,123
random_loss,0.0,none,zero_fill,0.1,300,0,0.0,0.0,3.019770383834839,3.019770383834839,3.534237861633301,0.9307096082877452,0.8986840632798656,8.955114832054708,0.0,0,0.0,0,0,HILCodec_3kbps,1995-1826-0000.flac,42
random_loss,0.0,none,neighbor_copy,0.1,300,0,0.0,0.0,3.019770383834839,3.019770383834839,3.534237861633301,0.9307096082877452,0.8986840632798655,8.955114832054708,0.0,0,0.0,0,0,HILCodec_3kbps,1995-1826-0000.flac,42
random_loss,0.0,none,zero_fill,0.1,300,0,0.0,0.0,3.019770383834839,3.019770383834839,3.534237861633301,0.9307096082877452,0.8986840632798655,8.955114832054708,0.0,0,0.0,0,0,HILCodec_3kbps,1995-1826-0000.flac,123
random_loss,0.0,none,neighbor_copy,0.1,300,0,0.0,0.0,3.019770383834839,3.019770383834839,3.534237861633301,0.9307096082877452,0.8986840632798656,8.955114832054708,0.0,0,0.0,0,0,HILCodec_3kbps,1995-1826-0000.flac,123
random_loss,0.0,random,zero_fill,0.1,300,30,0.0,0.0,3.019770383834839,3.019770383834839,3.534237861633301,0.9307096082877452,0.8986840632798655,8.955114832054708,0.0,0,0.0,0,0,HILCodec_3kbps,1995-1826-0000.flac,42
random_loss,0.0,random,neighbor_copy,0.1,300,30,0.0,0.0,3.019770383834839,3.019770383834839,3.534237861633301,0.9307096082877452,0.8986840632798656,8.955114832054708,0.0,0,0.0,0,0,HILCodec_3kbps,1995-1826-0000.flac,42
random_loss,0.0,random,zero_fill,0.1,300,30,0.0,0.0,3.019770383834839,3.019770383834839,3.534237861633301,0.9307096082877452,0.8986840632798655,8.955114832054708,0.0,0,0.0,0,0,HILCodec_3kbps,1995-1826-0000.flac,123
random_loss,0.0,random,neighbor_copy,0.1,300,30,0.0,0.0,3.019770383834839,3.019770383834839,3.534237861633301,0.9307096082877452,0.8986840632798656,8.955114832054708,0.0,0,0.0,0,0,HILCodec_3kbps,1995-1826-0000.flac,123
random_loss,0.0,heuristic,zero_fill,0.1,300,30,0.0,0.0,3.019770383834839,3.019770383834839,3.534237861633301,0.9307096082877452,0.8986840632798655,8.955114832054708,0.0,0,0.0,0,0,HILCodec_3kbps,1995-1826-0000.flac,42
random_loss,0.0,heuristic,neighbor_copy,0.1,300,30,0.0,0.0,3.019770383834839,3.019770383834839,3.534237861633301,0.9307096082877452,0.8986840632798655,8.955114832054708,0.0,0,0.0,0,0,HILCodec_3kbps,1995-1826-0000.flac,42
random_loss,0.0,heuristic,zero_fill,0.1,300,30,0.0,0.0,3.019770383834839,3.019770383834839,3.534237861633301,0.9307096082877452,0.8986840632798656,8.955114832054708,0.0,0,0.0,0,0,HILCodec_3kbps,1995-1826-0000.flac,123
random_loss,0.0,heuristic,neighbor_copy,0.1,300,30,0.0,0.0,3.019770383834839,3.019770383834839,3.534237861633301,0.9307096082877452,0.8986840632798655,8.955114832054708,0.0,0,0.0,0,0,HILCodec_3kbps,1995-1826-0000.flac,123
random_loss,0.0,importance_aware,zero_fill,0.1,300,30,0.0,0.0,3.019770383834839,3.019770383834839,3.534237861633301,0.9307096082877452,0.8986840632798655,8.955114832054708,0.0,0,0.0,0,0,HILCodec_3kbps,1995-1826-0000.flac,42
random_loss,0.0,importance_aware,neighbor_copy,0.1,300,30,0.0,0.0,3.019770383834839,3.019770383834839,3.534237861633301,0.9307096082877452,0.8986840632798655,8.955114832054708,0.0,0,0.0,0,0,HILCodec_3kbps,1995-1826-0000.flac,42
random_loss,0.0,importance_aware,zero_fill,0.1,300,30,0.0,0.0,3.019770383834839,3.019770383834839,3.534237861633301,0.9307096082877452,0.8986840632798655,8.955114832054708,0.0,0,0.0,0,0,HILCodec_3kbps,1995-1826-0000.flac,123
random_loss,0.0,importance_aware,neighbor_copy,0.1,300,30,0.0,0.0,3.019770383834839,3.019770383834839,3.534237861633301,0.9307096082877452,0.8986840632798655,8.955114832054708,0.0,0,0.0,0,0,HILCodec_3kbps,1995-1826-0000.flac,123
random_loss,0.0,importance_selective,zero_fill,0.1,300,30,0.0,0.0,3.019770383834839,3.019770383834839,3.534237861633301,0.9307096082877452,0.8986840632798655,8.955114832054708,0.0,0,0.0,0,0,HILCodec_3kbps,1995-1826-0000.flac,42
random_loss,0.0,importance_selective,neighbor_copy,0.1,300,30,0.0,0.0,3.019770383834839,3.019770383834839,3.534237861633301,0.9307096082877452,0.8986840632798656,8.955114832054708,0.0,0,0.0,0,0,HILCodec_3kbps,1995-1826-0000.flac,42
random_loss,0.0,importance_selective,zero_fill,0.1,300,30,0.0,0.0,3.019770383834839,3.019770383834839,3.534237861633301,0.9307096082877452,0.8986840632798655,8.955114832054708,0.0,0,0.0,0,0,HILCodec_3kbps,1995-1826-0000.flac,123
random_loss,0.0,importance_selective,neighbor_copy,0.1,300,30,0.0,0.0,3.019770383834839,3.019770383834839,3.534237861633301,0.9307096082877452,0.8986840632798655,8.955114832054708,0.0,0,0.0,0,0,HILCodec_3kbps,1995-1826-0000.flac,123
random_loss,0.01,none,zero_fill,0.1,300,0,0.0033333333333332993,0.0033333333333332993,2.602607011795044,2.602607011795044,3.039642572402954,0.92486889593287,0.8936642454307103,8.595723583672374,0.0033333333333333335,1,1.0,1,1,HILCodec_3kbps,1995-1826-0000.flac,42
random_loss,0.01,none,neighbor_copy,0.1,300,0,0.0033333333333332993,0.0033333333333332993,2.7903995513916016,2.7903995513916016,3.3855957984924316,0.9292465659325962,0.896858644575266,8.693854960033299,0.0033333333333333335,1,1.0,1,1,HILCodec_3kbps,1995-1826-0000.flac,42
random_loss,0.01,none,zero_fill,0.1,300,0,0.013333333333333308,0.013333333333333308,2.1842215061187744,2.1842215061187744,2.911954164505005,0.9071679296522832,0.8822366227126963,8.240208681666907,0.013333333333333334,4,1.0,1,4,HILCodec_3kbps,1995-1826-0000.flac,123
random_loss,0.01,none,neighbor_copy,0.1,300,0,0.013333333333333308,0.013333333333333308,2.311004638671875,2.311004638671875,3.1095094680786133,0.9248181969455228,0.8897709371560789,7.758498775640332,0.013333333333333334,4,1.0,1,4,HILCodec_3kbps,1995-1826-0000.flac,123
random_loss,0.01,random,zero_fill,0.1,300,30,0.0033333333333332993,0.0033333333333332993,2.8214468955993652,2.8214468955993652,3.4123029708862305,0.930339878163077,0.8985787459771486,8.751677711006527,0.0033333333333333335,1,1.0,1,1,HILCodec_3kbps,1995-1826-0000.flac,42
random_loss,0.01,random,neighbor_copy,0.1,300,30,0.0033333333333332993,0.0033333333333332993,2.862844467163086,2.862844467163086,3.1953558921813965,0.9288885830004601,0.897783365927881,8.188156403796645,0.0033333333333333335,1,1.0,1,1,HILCodec_3kbps,1995-1826-0000.flac,42
random_loss,0.01,random,zero_fill,0.1,300,30,0.01666666666666672,0.01666666666666672,1.9252043962478638,1.9252043962478638,2.569108486175537,0.8907750771362041,0.8699299945473977,6.823925587544917,0.016666666666666666,5,1.0,1,5,HILCodec_3kbps,1995-1826-0000.flac,123
random_loss,0.01,random,neighbor_copy,0.1,300,30,0.01666666666666672,0.01666666666666672,2.0848240852355957,2.0848240852355957,2.8991281986236572,0.9164771658038954,0.887964295897225,7.075526536373021,0.016666666666666666,5,1.0,1,5,HILCodec_3kbps,1995-1826-0000.flac,123
random_loss,0.01,heuristic,zero_fill,0.1,300,30,0.0033333333333332993,0.0033333333333332993,2.602607011795044,2.602607011795044,3.039642572402954,0.92486889593287,0.8936642454307103,8.595723583672374,0.0033333333333333335,1,1.0,1,1,HILCodec_3kbps,1995-1826-0000.flac,42
random_loss,0.01,heuristic,neighbor_copy,0.1,300,30,0.0033333333333332993,0.0033333333333332993,2.7903995513916016,2.7903995513916016,3.3855957984924316,0.9292465659325962,0.8968586445752661,8.693854960033299,0.0033333333333333335,1,1.0,1,1,HILCodec_3kbps,1995-1826-0000.flac,42
random_loss,0.01,heuristic,zero_fill,0.1,300,30,0.013333333333333308,0.013333333333333308,2.1842215061187744,2.1842215061187744,2.911954164505005,0.9071679296522832,0.8822366227126963,8.240208681666907,0.013333333333333334,4,1.0,1,4,HILCodec_3kbps,1995-1826-0000.flac,123
random_loss,0.01,heuristic,neighbor_copy,0.1,300,30,0.013333333333333308,0.013333333333333308,2.311004638671875,2.311004638671875,3.1095094680786133,0.9248181969455228,0.8897709371560789,7.758498775640332,0.013333333333333334,4,1.0,1,4,HILCodec_3kbps,1995-1826-0000.flac,123
random_loss,0.01,importance_aware,zero_fill,0.1,300,30,0.0033333333333332993,0.0033333333333332993,2.602607011795044,2.602607011795044,3.039642572402954,0.92486889593287,0.8936642454307103,8.595723583672374,0.0033333333333333335,1,1.0,1,1,HILCodec_3kbps,1995-1826-0000.flac,42
random_loss,0.01,importance_aware,neighbor_copy,0.1,300,30,0.0033333333333332993,0.0033333333333332993,2.7903995513916016,2.7903995513916016,3.3855957984924316,0.9292465659325962,0.8968586445752662,8.693854960033299,0.0033333333333333335,1,1.0,1,1,HILCodec_3kbps,1995-1826-0000.flac,42
random_loss,0.01,importance_aware,zero_fill,0.1,300,30,0.013333333333333308,0.013333333333333308,2.1842215061187744,2.1842215061187744,2.911954164505005,0.9071679296522832,0.8822366227126963,8.240208681666907,0.013333333333333334,4,1.0,1,4,HILCodec_3kbps,1995-1826-0000.flac,123
random_loss,0.01,importance_aware,neighbor_copy,0.1,300,30,0.013333333333333308,0.013333333333333308,2.311004638671875,2.311004638671875,3.1095094680786133,0.9248181969455228,0.8897709371560789,7.758498775640332,0.013333333333333334,4,1.0,1,4,HILCodec_3kbps,1995-1826-0000.flac,123
random_loss,0.01,importance_selective,zero_fill,0.1,300,30,0.0033333333333332993,0.0033333333333332993,3.017538547515869,3.017538547515869,3.5184292793273926,0.9306369542213215,0.8975456715978963,8.950945420544912,0.0033333333333333335,1,1.0,1,1,HILCodec_3kbps,1995-1826-0000.flac,42
random_loss,0.01,importance_selective,neighbor_copy,0.1,300,30,0.0033333333333332993,0.0033333333333332993,3.027207612991333,3.027207612991333,3.5371153354644775,0.9307178114944769,0.898615879825233,8.955658273852789,0.0033333333333333335,1,1.0,1,1,HILCodec_3kbps,1995-1826-0000.flac,42
random_loss,0.01,importance_selective,zero_fill,0.1,300,30,0.010000000000000009,0.010000000000000009,2.84171462059021,2.84171462059021,3.4564857482910156,0.9210338811438147,0.8890561930256174,8.841569256484725,0.01,3,1.0,1,3,HILCodec_3kbps,1995-1826-0000.flac,123
random_loss,0.01,importance_selective,neighbor_copy,0.1,300,30,0.010000000000000009,0.010000000000000009,2.985640048980713,2.985640048980713,3.4958503246307373,0.9289833592606236,0.8948024599658463,8.878217316902461,0.01,3,1.0,1,3,HILCodec_3kbps,1995-1826-0000.flac,123
random_loss,0.03,none,zero_fill,0.1,300,0,0.026666666666666616,0.026666666666666616,1.5183045864105225,1.5183045864105225,2.195478677749634,0.8689406261229894,0.8474606342572195,7.504795645432866,0.02666666666666667,8,1.0,1,8,HILCodec_3kbps,1995-1826-0000.flac,42
random_loss,0.03,none,neighbor_copy,0.1,300,0,0.026666666666666616,0.026666666666666616,2.105661392211914,2.105661392211914,2.811380386352539,0.9176182900703759,0.8803837508990815,7.335525121886808,0.02666666666666667,8,1.0,1,8,HILCodec_3kbps,1995-1826-0000.flac,42
random_loss,0.03,none,zero_fill,0.1,300,0,0.033333333333333326,0.033333333333333326,1.6012020111083984,1.6012020111083984,2.187264919281006,0.8902475396831988,0.8546870261302584,5.71658643834013,0.03333333333333333,10,1.0,1,10,HILCodec_3kbps,1995-1826-0000.flac,123
random_loss,0.03,none,neighbor_copy,0.1,300,0,0.033333333333333326,0.033333333333333326,2.135704755783081,2.135704755783081,2.9932429790496826,0.9194896229342784,0.8804994588960254,5.399986203992459,0.03333333333333333,10,1.0,1,10,HILCodec_3kbps,1995-1826-0000.flac,123
random_loss,0.03,random,zero_fill,0.1,300,30,0.026666666666666616,0.020000000000000018,1.7711083889007568,1.7711083889007568,2.2736055850982666,0.8773573998459385,0.8632818707179676,7.395389284549082,0.02,6,1.0,1,6,HILCodec_3kbps,1995-1826-0000.flac,42
random_loss,0.03,random,neighbor_copy,0.1,300,30,0.026666666666666616,0.020000000000000018,2.155407190322876,2.155407190322876,2.567392110824585,0.9192295485394565,0.8880875412001494,6.334357391445817,0.02,6,1.0,1,6,HILCodec_3kbps,1995-1826-0000.flac,42
random_loss,0.03,random,zero_fill,0.1,300,30,0.033333333333333326,0.033333333333333326,1.7420215606689453,1.7420215606689453,2.1398754119873047,0.8813506701021382,0.8562686033260047,6.262309666053229,0.03333333333333333,10,1.0,1,10,HILCodec_3kbps,1995-1826-0000.flac,123
random_loss,0.03,random,neighbor_copy,0.1,300,30,0.033333333333333326,0.033333333333333326,1.9048130512237549,1.9048130512237549,2.671480417251587,0.9115900973078319,0.8817221680265764,6.317586429767143,0.03333333333333333,10,1.0,1,10,HILCodec_3kbps,1995-1826-0000.flac,123
random_loss,0.03,heuristic,zero_fill,0.1,300,30,0.026666666666666616,0.026666666666666616,1.5183045864105225,1.5183045864105225,2.195478677749634,0.8689406261229894,0.8474606342572195,7.504795645432866,0.02666666666666667,8,1.0,1,8,HILCodec_3kbps,1995-1826-0000.flac,42
random_loss,0.03,heuristic,neighbor_copy,0.1,300,30,0.026666666666666616,0.026666666666666616,2.105661392211914,2.105661392211914,2.811380386352539,0.9176182900703759,0.8803837508990815,7.335525121886808,0.02666666666666667,8,1.0,1,8,HILCodec_3kbps,1995-1826-0000.flac,42
random_loss,0.03,heuristic,zero_fill,0.1,300,30,0.033333333333333326,0.033333333333333326,1.6012020111083984,1.6012020111083984,2.187264919281006,0.8902475396831988,0.8546870261302584,5.71658643834013,0.03333333333333333,10,1.0,1,10,HILCodec_3kbps,1995-1826-0000.flac,123
random_loss,0.03,heuristic,neighbor_copy,0.1,300,30,0.033333333333333326,0.033333333333333326,2.135704755783081,2.135704755783081,2.9932429790496826,0.9194896229342784,0.8804994588960254,5.399986203992459,0.03333333333333333,10,1.0,1,10,HILCodec_3kbps,1995-1826-0000.flac,123
random_loss,0.03,importance_aware,zero_fill,0.1,300,30,0.026666666666666616,0.023333333333333317,1.6024023294448853,1.6024023294448853,2.434561014175415,0.8879703669460036,0.8643920017984881,7.762375851512125,0.023333333333333334,7,1.0,1,7,HILCodec_3kbps,1995-1826-0000.flac,42
random_loss,0.03,importance_aware,neighbor_copy,0.1,300,30,0.026666666666666616,0.023333333333333317,2.3603715896606445,2.3603715896606445,3.0433263778686523,0.9228296643962617,0.8870474871512389,7.617237825904013,0.023333333333333334,7,1.0,1,7,HILCodec_3kbps,1995-1826-0000.flac,42
random_loss,0.03,importance_aware,zero_fill,0.1,300,30,0.033333333333333326,0.030000000000000027,1.6894943714141846,1.6894943714141846,2.4795026779174805,0.895224156376653,0.8613409290813854,7.0818711155649225,0.03,9,1.0,1,9,HILCodec_3kbps,1995-1826-0000.flac,123
random_loss,0.03,importance_aware,neighbor_copy,0.1,300,30,0.033333333333333326,0.030000000000000027,2.1065728664398193,2.1065728664398193,2.9900622367858887,0.9210382710323031,0.8816154036630757,6.591297007591685,0.03,9,1.0,1,9,HILCodec_3kbps,1995-1826-0000.flac,123
random_loss,0.03,importance_selective,zero_fill,0.1,300,30,0.030000000000000027,0.030000000000000027,1.9999313354492188,1.9999313354492188,2.7458558082580566,0.8941561807404081,0.8694687216035593,8.366649620863711,0.03,9,1.0,1,9,HILCodec_3kbps,1995-1826-0000.flac,42
random_loss,0.03,importance_selective,neighbor_copy,0.1,300,30,0.030000000000000027,0.030000000000000027,2.6654622554779053,2.6654622554779053,3.2833120822906494,0.921969062043854,0.8851054379193208,8.236786269205101,0.03,9,1.0,1,9,HILCodec_3kbps,1995-1826-0000.flac,42
random_loss,0.03,importance_selective,zero_fill,0.1,300,30,0.036666666666666625,0.036666666666666625,1.7225415706634521,1.7225415706634521,2.2538187503814697,0.8684116395003868,0.8503495474665884,6.572839130618017,0.03666666666666667,11,1.1,2,10,HILCodec_3kbps,1995-1826-0000.flac,123
random_loss,0.03,importance_selective,neighbor_copy,0.1,300,30,0.036666666666666625,0.036666666666666625,2.5528008937835693,2.5528008937835693,3.1487679481506348,0.9228891252552547,0.8857014316937974,7.23854805636339,0.03666666666666667,11,1.1,2,10,HILCodec_3kbps,1995-1826-0000.flac,123
random_loss,0.05,none,zero_fill,0.1,300,0,0.050000000000000044,0.050000000000000044,1.3061577081680298,1.3061577081680298,1.8301055431365967,0.8195839818544035,0.8101571312986517,6.45993267883915,0.05,15,1.0,1,15,HILCodec_3kbps,1995-1826-0000.flac,42
random_loss,0.05,none,neighbor_copy,0.1,300,0,0.050000000000000044,0.050000000000000044,1.8045244216918945,1.8045244216918945,2.57656192779541,0.9054112615993354,0.8638231141939599,6.247537372748395,0.05,15,1.0,1,15,HILCodec_3kbps,1995-1826-0000.flac,42
random_loss,0.05,none,zero_fill,0.1,300,0,0.050000000000000044,0.050000000000000044,1.3645535707473755,1.3645535707473755,1.9040074348449707,0.8263970188406008,0.8126366804516171,4.626405361720285,0.05,15,1.0714285714285714,2,14,HILCodec_3kbps,1995-1826-0000.flac,123
random_loss,0.05,none,neighbor_copy,0.1,300,0,0.050000000000000044,0.050000000000000044,1.7398353815078735,1.7398353815078735,2.5572867393493652,0.9029376701784482,0.8666152545555297,3.8354288498027893,0.05,15,1.0714285714285714,2,14,HILCodec_3kbps,1995-1826-0000.flac,123
random_loss,0.05,random,zero_fill,0.1,300,30,0.046666666666666634,0.033333333333333326,1.5752055644989014,1.5752055644989014,2.1181628704071045,0.8644292307153312,0.8513281023811413,5.692630831559771,0.03333333333333333,10,1.0,1,10,HILCodec_3kbps,1995-1826-0000.flac,42
random_loss,0.05,random,neighbor_copy,0.1,300,30,0.046666666666666634,0.033333333333333326,1.964820384979248,1.964820384979248,2.4283158779144287,0.912725835864015,0.880887119415,5.746704117896469,0.03333333333333333,10,1.0,1,10,HILCodec_3kbps,1995-1826-0000.flac,42
random_loss,0.05,random,zero_fill,0.1,300,30,0.053333333333333344,0.050000000000000044,1.4703967571258545,1.4703967571258545,1.9980950355529785,0.8674182245776472,0.8459636648387219,6.034757622654313,0.05,15,1.0714285714285714,2,14,HILCodec_3kbps,1995-1826-0000.flac,123
random_loss,0.05,random,neighbor_copy,0.1,300,30,0.053333333333333344,0.050000000000000044,1.8769537210464478,1.8769537210464478,2.5769824981689453,0.9095805747971549,0.8802135026641015,6.262306191519393,0.05,15,1.0714285714285714,2,14,HILCodec_3kbps,1995-1826-0000.flac,123
random_loss,0.05,heuristic,zero_fill,0.1,300,30,0.050000000000000044,0.050000000000000044,1.3061577081680298,1.3061577081680298,1.8301055431365967,0.8195839818544035,0.8101571312986517,6.45993267883915,0.05,15,1.0,1,15,HILCodec_3kbps,1995-1826-0000.flac,42
random_loss,0.05,heuristic,neighbor_copy,0.1,300,30,0.050000000000000044,0.050000000000000044,1.8045244216918945,1.8045244216918945,2.57656192779541,0.9054112615993354,0.8638231141939599,6.247537372748395,0.05,15,1.0,1,15,HILCodec_3kbps,1995-1826-0000.flac,42
random_loss,0.05,heuristic,zero_fill,0.1,300,30,0.050000000000000044,0.043333333333333335,1.491685390472412,1.491685390472412,2.118098497390747,0.8756267358565684,0.8420646648302953,4.990649002649526,0.043333333333333335,13,1.0833333333333333,2,12,HILCodec_3kbps,1995-1826-0000.flac,123
random_loss,0.05,heuristic,neighbor_copy,0.1,300,30,0.050000000000000044,0.043333333333333335,1.9699831008911133,1.9699831008911133,2.7681186199188232,0.9120172532439216,0.8741978458915457,4.082414318344902,0.043333333333333335,13,1.0833333333333333,2,12,HILCodec_3kbps,1995-1826-0000.flac,123
random_loss,0.05,importance_aware,zero_fill,0.1,300,30,0.050000000000000044,0.046666666666666634,1.3526102304458618,1.3526102304458618,1.9809792041778564,0.8386137226774177,0.8270884988399204,6.677476301625057,0.04666666666666667,14,1.0,1,14,HILCodec_3kbps,1995-1826-0000.flac,42
random_loss,0.05,importance_aware,neighbor_copy,0.1,300,30,0.050000000000000044,0.046666666666666634,1.980699896812439,1.980699896812439,2.7778120040893555,0.9106226359252211,0.8704868504461172,6.485587659935835,0.04666666666666667,14,1.0,1,14,HILCodec_3kbps,1995-1826-0000.flac,42
random_loss,0.05,importance_aware,zero_fill,0.1,300,30,0.050000000000000044,0.040000000000000036,1.5312995910644531,1.5312995910644531,2.336655378341675,0.8785716583499386,0.8476963974480829,6.000708323013946,0.04,12,1.0,1,12,HILCodec_3kbps,1995-1826-0000.flac,123
random_loss,0.05,importance_aware,neighbor_copy,0.1,300,30,0.050000000000000044,0.040000000000000036,1.9617009162902832,1.9617009162902832,2.8439810276031494,0.9159896328346626,0.8765010286501378,5.566572058712886,0.04,12,1.0,1,12,HILCodec_3kbps,1995-1826-0000.flac,123
random_loss,0.05,importance_selective,zero_fill,0.1,300,30,0.043333333333333335,0.043333333333333335,1.7605011463165283,1.7605011463165283,2.4224371910095215,0.8844132094086394,0.8608122527568113,7.657168436331817,0.043333333333333335,13,1.0,1,13,HILCodec_3kbps,1995-1826-0000.flac,42
random_loss,0.05,importance_selective,neighbor_copy,0.1,300,30,0.043333333333333335,0.043333333333333335,2.2255992889404297,2.2255992889404297,2.9378433227539062,0.9129942584811916,0.8768137940443496,7.2692789122665635,0.043333333333333335,13,1.0,1,13,HILCodec_3kbps,1995-1826-0000.flac,42
random_loss,0.05,importance_selective,zero_fill,0.1,300,30,0.050000000000000044,0.050000000000000044,1.5559170246124268,1.5559170246124268,2.1555335521698,0.8590147049861023,0.8408909882913748,6.338015471653219,0.05,15,1.0714285714285714,2,14,HILCodec_3kbps,1995-1826-0000.flac,123
random_loss,0.05,importance_selective,neighbor_copy,0.1,300,30,0.050000000000000044,0.050000000000000044,2.4395346641540527,2.4395346641540527,3.103607416152954,0.9221297729669152,0.8832095534826234,7.215419254325459,0.05,15,1.0714285714285714,2,14,HILCodec_3kbps,1995-1826-0000.flac,123
random_loss,0.1,none,zero_fill,0.1,300,0,0.09666666666666668,0.09666666666666668,1.1686599254608154,1.1686599254608154,1.5425611734390259,0.7761513004671117,0.7532369696404226,4.70722837969142,0.09666666666666666,29,1.0740740740740742,2,27,HILCodec_3kbps,1995-1826-0000.flac,42
random_loss,0.1,none,neighbor_copy,0.1,300,0,0.09666666666666668,0.09666666666666668,1.475696086883545,1.475696086883545,2.158019781112671,0.8858697125813016,0.8419553408643773,5.054060718434867,0.09666666666666666,29,1.0740740740740742,2,27,HILCodec_3kbps,1995-1826-0000.flac,42
random_loss,0.1,none,zero_fill,0.1,300,0,0.09999999999999998,0.09999999999999998,1.233205795288086,1.233205795288086,1.6439602375030518,0.7971943837076091,0.7732405992215964,2.7811870647407217,0.1,30,1.1111111111111112,2,27,HILCodec_3kbps,1995-1826-0000.flac,123
random_loss,0.1,none,neighbor_copy,0.1,300,0,0.09999999999999998,0.09999999999999998,1.4476680755615234,1.4476680755615234,2.142106533050537,0.8849988678160352,0.8438388007140196,2.5531092109796436,0.1,30,1.1111111111111112,2,27,HILCodec_3kbps,1995-1826-0000.flac,123
random_loss,0.1,random,zero_fill,0.1,300,30,0.08666666666666667,0.06999999999999995,1.2753009796142578,1.2753009796142578,1.7320973873138428,0.8202165472774607,0.8069920783351615,4.4955900767117205,0.07,21,1.105263157894737,2,19,HILCodec_3kbps,1995-1826-0000.flac,42
random_loss,0.1,random,neighbor_copy,0.1,300,30,0.08666666666666667,0.06999999999999995,1.6404633522033691,1.6404633522033691,2.20003342628479,0.8972554979177035,0.8642488980918308,4.494424563495734,0.07,21,1.105263157894737,2,19,HILCodec_3kbps,1995-1826-0000.flac,42
random_loss,0.1,random,zero_fill,0.1,300,30,0.10666666666666669,0.10333333333333339,1.2967925071716309,1.2967925071716309,1.714306116104126,0.7987689692924282,0.7936333406847357,4.624576347915862,0.10333333333333333,31,1.1481481481481481,2,27,HILCodec_3kbps,1995-1826-0000.flac,123
random_loss,0.1,random,neighbor_copy,0.1,300,30,0.10666666666666669,0.10333333333333339,1.3920161724090576,1.3920161724090576,2.0879340171813965,0.8690808445474668,0.8440313130017406,4.395470891194232,0.10333333333333333,31,1.1481481481481481,2,27,HILCodec_3kbps,1995-1826-0000.flac,123
random_loss,0.1,heuristic,zero_fill,0.1,300,30,0.09666666666666668,0.09333333333333338,1.1731152534484863,1.1731152534484863,1.5915873050689697,0.7772206742319633,0.7584219972391211,4.712333967437589,0.09333333333333334,28,1.0769230769230769,2,26,HILCodec_3kbps,1995-1826-0000.flac,42
random_loss,0.1,heuristic,neighbor_copy,0.1,300,30,0.09666666666666668,0.09333333333333338,1.5324913263320923,1.5324913263320923,2.1852972507476807,0.8893326742707187,0.8469948701952266,5.093671337684674,0.09333333333333334,28,1.0769230769230769,2,26,HILCodec_3kbps,1995-1826-0000.flac,42
random_loss,0.1,heuristic,zero_fill,0.1,300,30,0.09999999999999998,0.09333333333333338,1.2848314046859741,1.2848314046859741,1.7151172161102295,0.8275943707359531,0.7925258274438752,3.073131554720821,0.09333333333333334,28,1.12,2,25,HILCodec_3kbps,1995-1826-0000.flac,123
random_loss,0.1,heuristic,neighbor_copy,0.1,300,30,0.09999999999999998,0.09333333333333338,1.538797378540039,1.538797378540039,2.2634246349334717,0.8938694269159277,0.8509439317480101,2.7699194113234684,0.09333333333333334,28,1.12,2,25,HILCodec_3kbps,1995-1826-0000.flac,123
random_loss,0.1,importance_aware,zero_fill,0.1,300,30,0.09666666666666668,0.08999999999999997,1.2081241607666016,1.2081241607666016,1.6715999841690063,0.7978488976968791,0.7767016832976799,5.298287931248991,0.09,27,1.08,2,25,HILCodec_3kbps,1995-1826-0000.flac,42
random_loss,0.1,importance_aware,neighbor_copy,0.1,300,30,0.09666666666666668,0.08999999999999997,1.5774424076080322,1.5774424076080322,2.3156914710998535,0.8932796125669054,0.84933109209549,5.325540754636404,0.09,27,1.08,2,25,HILCodec_3kbps,1995-1826-0000.flac,42
random_loss,0.1,importance_aware,zero_fill,0.1,300,30,0.09999999999999998,0.08333333333333337,1.3245407342910767,1.3245407342910767,1.8856148719787598,0.8371553417028977,0.8092076891445612,4.3859239382561075,0.08333333333333333,25,1.0869565217391304,2,23,HILCodec_3kbps,1995-1826-0000.flac,123
random_loss,0.1,importance_aware,neighbor_copy,0.1,300,30,0.09999999999999998,0.08333333333333337,1.5820691585540771,1.5820691585540771,2.3265841007232666,0.9017426166383321,0.858285226031868,4.079298673940132,0.08333333333333333,25,1.0869565217391304,2,23,HILCodec_3kbps,1995-1826-0000.flac,123
random_loss,0.1,importance_selective,zero_fill,0.1,300,30,0.09666666666666668,0.09666666666666668,1.3096940517425537,1.3096940517425537,1.984093427658081,0.8310960816023472,0.8093310967180358,5.655513143355693,0.09666666666666666,29,1.1153846153846154,2,26,HILCodec_3kbps,1995-1826-0000.flac,42
random_loss,0.1,importance_selective,neighbor_copy,0.1,300,30,0.09666666666666668,0.09666666666666668,1.5427258014678955,1.5427258014678955,2.38100528717041,0.8907333164682084,0.8508307238880913,5.867371120301847,0.09666666666666666,29,1.1153846153846154,2,26,HILCodec_3kbps,1995-1826-0000.flac,42
random_loss,0.1,importance_selective,zero_fill,0.1,300,30,0.08666666666666667,0.08666666666666667,1.2683041095733643,1.2683041095733643,1.7622082233428955,0.796422097416013,0.7914910791891109,4.120739942798324,0.08666666666666667,26,1.1304347826086956,2,23,HILCodec_3kbps,1995-1826-0000.flac,123
random_loss,0.1,importance_selective,neighbor_copy,0.1,300,30,0.08666666666666667,0.08666666666666667,1.7306492328643799,1.7306492328643799,2.306434392929077,0.9049459712227205,0.8615046411450326,4.467580202580307,0.08666666666666667,26,1.1304347826086956,2,23,HILCodec_3kbps,1995-1826-0000.flac,123
random_loss,0.2,none,zero_fill,0.1,300,0,0.24,0.24,1.077725887298584,1.077725887298584,1.320619821548462,0.5910375634546919,0.5491383802558512,-0.9950148296834961,0.24,72,1.44,6,50,HILCodec_3kbps,1995-1826-0000.flac,42
random_loss,0.2,none,neighbor_copy,0.1,300,0,0.24,0.24,1.17739737033844,1.17739737033844,1.5465766191482544,0.8047520968843856,0.7485260079645558,-0.04913179991877976,0.24,72,1.44,6,50,HILCodec_3kbps,1995-1826-0000.flac,42
random_loss,0.2,none,zero_fill,0.1,300,0,0.20666666666666667,0.20666666666666667,1.1220769882202148,1.1220769882202148,1.3737385272979736,0.6944299552671455,0.6626351872126308,-0.35694345775526054,0.20666666666666667,62,1.3478260869565217,4,46,HILCodec_3kbps,1995-1826-0000.flac,123
random_loss,0.2,none,neighbor_copy,0.1,300,0,0.20666666666666667,0.20666666666666667,1.1881505250930786,1.1881505250930786,1.5286171436309814,0.8250620460950883,0.7699091929085692,-0.653995613813819,0.20666666666666667,62,1.3478260869565217,4,46,HILCodec_3kbps,1995-1826-0000.flac,123
random_loss,0.2,random,zero_fill,0.1,300,30,0.22666666666666668,0.19666666666666666,1.138289213180542,1.138289213180542,1.351226806640625,0.7091200764857055,0.679829567234959,1.754552067361085,0.19666666666666666,59,1.4047619047619047,5,42,HILCodec_3kbps,1995-1826-0000.flac,42
random_loss,0.2,random,neighbor_copy,0.1,300,30,0.22666666666666668,0.19666666666666666,1.2570463418960571,1.2570463418960571,1.683250904083252,0.8474632845645702,0.7961484169075035,1.497553939582609,0.19666666666666666,59,1.4047619047619047,5,42,HILCodec_3kbps,1995-1826-0000.flac,42
random_loss,0.2,random,zero_fill,0.1,300,30,0.20333333333333337,0.19333333333333336,1.1303564310073853,1.1303564310073853,1.4676421880722046,0.7271097307095378,0.6995456907610871,2.3673311231150125,0.19333333333333333,58,1.3181818181818181,4,44,HILCodec_3kbps,1995-1826-0000.flac,123
random_loss,0.2,random,neighbor_copy,0.1,300,30,0.20333333333333337,0.19333333333333336,1.1659811735153198,1.1659811735153198,1.6333988904953003,0.7953931686443813,0.7837065791107786,2.862305898563547,0.19333333333333333,58,1.3181818181818181,4,44,HILCodec_3kbps,1995-1826-0000.flac,123
random_loss,0.2,heuristic,zero_fill,0.1,300,30,0.24,0.23333333333333328,1.0792419910430908,1.0792419910430908,1.338584303855896,0.5964052346178731,0.5575952177182533,-0.9228333152503448,0.23333333333333334,70,1.4583333333333333,6,48,HILCodec_3kbps,1995-1826-0000.flac,42
random_loss,0.2,heuristic,neighbor_copy,0.1,300,30,0.24,0.23333333333333328,1.205750584602356,1.205750584602356,1.5759685039520264,0.8138600223839593,0.7603436242859445,0.04025170427161254,0.23333333333333334,70,1.4583333333333333,6,48,HILCodec_3kbps,1995-1826-0000.flac,42
random_loss,0.2,heuristic,zero_fill,0.1,300,30,0.20666666666666667,0.18999999999999995,1.1441164016723633,1.1441164016723633,1.4678500890731812,0.7225607245941175,0.6933302633047681,0.546357496311524,0.19,57,1.3255813953488371,4,43,HILCodec_3kbps,1995-1826-0000.flac,123
random_loss,0.2,heuristic,neighbor_copy,0.1,300,30,0.20666666666666667,0.18999999999999995,1.2389463186264038,1.2389463186264038,1.6436131000518799,0.8456214455308639,0.7890360257119435,-0.45679408637003344,0.19,57,1.3255813953488371,4,43,HILCodec_3kbps,1995-1826-0000.flac,123
random_loss,0.2,importance_aware,zero_fill,0.1,300,30,0.24,0.22333333333333338,1.0895731449127197,1.0895731449127197,1.374891996383667,0.6062900568668848,0.5804877796817248,-0.39671609682418,0.22333333333333333,67,1.425531914893617,6,47,HILCodec_3kbps,1995-1826-0000.flac,42
random_loss,0.2,importance_aware,neighbor_copy,0.1,300,30,0.24,0.22333333333333338,1.228940486907959,1.228940486907959,1.7067773342132568,0.8358427796178465,0.776494543419772,0.1203363955240834,0.22333333333333333,67,1.425531914893617,6,47,HILCodec_3kbps,1995-1826-0000.flac,42
random_loss,0.2,importance_aware,zero_fill,0.1,300,30,0.20666666666666667,0.18000000000000005,1.1468570232391357,1.1468570232391357,1.4824806451797485,0.7239173654585603,0.7042529100570811,1.3738754279957066,0.18,54,1.3170731707317074,4,41,HILCodec_3kbps,1995-1826-0000.flac,123
random_loss,0.2,importance_aware,neighbor_copy,0.1,300,30,0.20666666666666667,0.18000000000000005,1.2754167318344116,1.2754167318344116,1.714386224746704,0.8572422042260525,0.8002038256234123,0.6660298142834252,0.18,54,1.3170731707317074,4,41,HILCodec_3kbps,1995-1826-0000.flac,123
random_loss,0.2,importance_selective,zero_fill,0.1,300,30,0.21666666666666667,0.21666666666666667,1.1201754808425903,1.1201754808425903,1.4106667041778564,0.7235924688294995,0.6909558364396043,1.286259627480987,0.21666666666666667,65,1.3265306122448979,3,49,HILCodec_3kbps,1995-1826-0000.flac,42
random_loss,0.2,importance_selective,neighbor_copy,0.1,300,30,0.21666666666666667,0.21666666666666667,1.2137609720230103,1.2137609720230103,1.6740977764129639,0.8461216310340575,0.7976179005266841,2.3215984676284513,0.21666666666666667,65,1.3265306122448979,3,49,HILCodec_3kbps,1995-1826-0000.flac,42
random_loss,0.2,importance_selective,zero_fill,0.1,300,30,0.20666666666666667,0.20666666666666667,1.1299493312835693,1.1299493312835693,1.4506406784057617,0.7080269218841392,0.6873551007868385,0.1685118473952292,0.20666666666666667,62,1.2916666666666667,4,48,HILCodec_3kbps,1995-1826-0000.flac,123
random_loss,0.2,importance_selective,neighbor_copy,0.1,300,30,0.20666666666666667,0.20666666666666667,1.1966551542282104,1.1966551542282104,1.5916290283203125,0.8316381178582486,0.7896070106665859,-1.2913520812735093,0.20666666666666667,62,1.2916666666666667,4,48,HILCodec_3kbps,1995-1826-0000.flac,123
random_loss,0.3,none,zero_fill,0.1,300,0,0.32333333333333336,0.32333333333333336,1.0552207231521606,1.0552207231521606,1.2144179344177246,0.5399659641520888,0.47287746382463935,-4.823622301900241,0.3233333333333333,97,1.564516129032258,8,62,HILCodec_3kbps,1995-1826-0000.flac,42
random_loss,0.3,none,neighbor_copy,0.1,300,0,0.32333333333333336,0.32333333333333336,1.0879309177398682,1.0879309177398682,1.2750993967056274,0.7251406690637288,0.6547725107597056,-3.9967087997703574,0.3233333333333333,97,1.564516129032258,8,62,HILCodec_3kbps,1995-1826-0000.flac,42
random_loss,0.3,none,zero_fill,0.1,300,0,0.3433333333333334,0.3433333333333334,1.0917584896087646,1.0917584896087646,1.3153761625289917,0.5876445049327428,0.5273927879902023,-3.836648899276213,0.3433333333333333,103,1.5846153846153845,6,65,HILCodec_3kbps,1995-1826-0000.flac,123
random_loss,0.3,none,neighbor_copy,0.1,300,0,0.3433333333333334,0.3433333333333334,1.133303165435791,1.133303165435791,1.3443471193313599,0.7562695076398996,0.6811281208603382,-2.930802789875582,0.3433333333333333,103,1.5846153846153845,6,65,HILCodec_3kbps,1995-1826-0000.flac,123
random_loss,0.3,random,zero_fill,0.1,300,30,0.31999999999999995,0.2833333333333333,1.079921841621399,1.079921841621399,1.2638988494873047,0.6346979362670557,0.5817876615117551,-1.391874562940695,0.2833333333333333,85,1.4655172413793103,5,58,HILCodec_3kbps,1995-1826-0000.flac,42
random_loss,0.3,random,neighbor_copy,0.1,300,30,0.31999999999999995,0.2833333333333333,1.1287810802459717,1.1287810802459717,1.4224640130996704,0.7498806552943725,0.7110422157962122,-0.9409541520916181,0.2833333333333333,85,1.4655172413793103,5,58,HILCodec_3kbps,1995-1826-0000.flac,42
random_loss,0.3,random,zero_fill,0.1,300,30,0.32666666666666666,0.31000000000000005,1.0923917293548584,1.0923917293548584,1.291935920715332,0.6408626499926539,0.583584009878342,-1.6353585542759927,0.31,93,1.5245901639344261,6,61,HILCodec_3kbps,1995-1826-0000.flac,123
random_loss,0.3,random,neighbor_copy,0.1,300,30,0.32666666666666666,0.31000000000000005,1.1457282304763794,1.1457282304763794,1.3587173223495483,0.7299622194880545,0.7191889606624707,-0.6979478744247952,0.31,93,1.5245901639344261,6,61,HILCodec_3kbps,1995-1826-0000.flac,123
random_loss,0.3,heuristic,zero_fill,0.1,300,30,0.32333333333333336,0.30666666666666664,1.058599829673767,1.058599829673767,1.2262094020843506,0.557154076401807,0.5000780894498638,-4.2534998772036205,0.30666666666666664,92,1.5593220338983051,6,59,HILCodec_3kbps,1995-1826-0000.flac,42
random_loss,0.3,heuristic,neighbor_copy,0.1,300,30,0.32333333333333336,0.30666666666666664,1.1022984981536865,1.1022984981536865,1.2860431671142578,0.738976302818419,0.6828914810479321,-3.60243218906533,0.30666666666666664,92,1.5593220338983051,6,59,HILCodec_3kbps,1995-1826-0000.flac,42
random_loss,0.3,heuristic,zero_fill,0.1,300,30,0.3433333333333334,0.31999999999999995,1.090298056602478,1.090298056602478,1.3395106792449951,0.6019807804963277,0.5520686612262128,-2.7246344681675962,0.32,96,1.5483870967741935,6,62,HILCodec_3kbps,1995-1826-0000.flac,123
random_loss,0.3,heuristic,neighbor_copy,0.1,300,30,0.3433333333333334,0.31999999999999995,1.1576839685440063,1.1576839685440063,1.4117368459701538,0.7795333535958426,0.7016809819028226,-2.7085994750587754,0.32,96,1.5483870967741935,6,62,HILCodec_3kbps,1995-1826-0000.flac,123
random_loss,0.3,importance_aware,zero_fill,0.1,300,30,0.32333333333333336,0.29666666666666663,1.0686628818511963,1.0686628818511963,1.2537428140640259,0.5867845469115008,0.5200723302125748,-4.041914982856779,0.2966666666666667,89,1.459016393442623,6,61,HILCodec_3kbps,1995-1826-0000.flac,42
random_loss,0.3,importance_aware,neighbor_copy,0.1,300,30,0.32333333333333336,0.29666666666666663,1.1192184686660767,1.1192184686660767,1.4711709022521973,0.7855662585451009,0.7089990903738856,-2.5486156065952037,0.2966666666666667,89,1.459016393442623,6,61,HILCodec_3kbps,1995-1826-0000.flac,42
random_loss,0.3,importance_aware,zero_fill,0.1,300,30,0.3433333333333334,0.31000000000000005,1.1001880168914795,1.1001880168914795,1.3649320602416992,0.6010099753418617,0.5709115683632624,-1.8292465338663946,0.31,93,1.5245901639344261,6,61,HILCodec_3kbps,1995-1826-0000.flac,123
random_loss,0.3,importance_aware,neighbor_copy,0.1,300,30,0.3433333333333334,0.31000000000000005,1.171168565750122,1.171168565750122,1.4203754663467407,0.7908494356285104,0.714158462867609,-1.6462526901348093,0.31,93,1.5245901639344261,6,61,HILCodec_3kbps,1995-1826-0000.flac,123
random_loss,0.3,importance_selective,zero_fill,0.1,300,30,0.32666666666666666,0.32666666666666666,1.0624241828918457,1.0624241828918457,1.3313837051391602,0.6136031787791726,0.5582369845318157,-1.0450506324894664,0.32666666666666666,98,1.5076923076923077,5,65,HILCodec_3kbps,1995-1826-0000.flac,42
random_loss,0.3,importance_selective,neighbor_copy,0.1,300,30,0.32666666666666666,0.32666666666666666,1.1295497417449951,1.1295497417449951,1.4605153799057007,0.8113988185873718,0.751204593764599,0.3587783049665638,0.32666666666666666,98,1.5076923076923077,5,65,HILCodec_3kbps,1995-1826-0000.flac,42
random_loss,0.3,importance_selective,zero_fill,0.1,300,30,0.33333333333333337,0.33333333333333337,1.0775434970855713,1.0775434970855713,1.3410907983779907,0.5929153141413548,0.5348883125704558,-2.2009079807252663,0.3333333333333333,100,1.5625,4,64,HILCodec_3kbps,1995-1826-0000.flac,123
random_loss,0.3,importance_selective,neighbor_copy,0.1,300,30,0.33333333333333337,0.33333333333333337,1.1026133298873901,1.1026133298873901,1.4481943845748901,0.7808040872488086,0.715161236110852,-2.7870808969706786,0.3333333333333333,100,1.5625,4,64,HILCodec_3kbps,1995-1826-0000.flac,123
random_loss,0.4,none,zero_fill,0.1,300,0,0.41000000000000003,0.41000000000000003,1.0462958812713623,1.0462958812713623,1.2187204360961914,0.4889010702110487,0.3953272203629124,-7.169493674999642,0.41,123,1.662162162162162,8,74,HILCodec_3kbps,1995-1826-0000.flac,42
random_loss,0.4,none,neighbor_copy,0.1,300,0,0.41000000000000003,0.41000000000000003,1.080010175704956,1.080010175704956,1.2647384405136108,0.6865449155921758,0.5922593745156682,-6.279769542771128,0.41,123,1.662162162162162,8,74,HILCodec_3kbps,1995-1826-0000.flac,42
random_loss,0.4,none,zero_fill,0.1,300,0,0.42333333333333334,0.42333333333333334,1.054434061050415,1.054434061050415,1.2875787019729614,0.493804478760246,0.38726500511429235,-5.913467017090346,0.42333333333333334,127,1.7887323943661972,6,71,HILCodec_3kbps,1995-1826-0000.flac,123
random_loss,0.4,none,neighbor_copy,0.1,300,0,0.42333333333333334,0.42333333333333334,1.0846636295318604,1.0846636295318604,1.2611804008483887,0.6761174225919795,0.6042275025111506,-4.022618305889207,0.42333333333333334,127,1.7887323943661972,6,71,HILCodec_3kbps,1995-1826-0000.flac,123
random_loss,0.4,random,zero_fill,0.1,300,30,0.42000000000000004,0.3733333333333333,1.0516185760498047,1.0516185760498047,1.2682476043701172,0.5482721122955841,0.459630854793056,-3.9287132737379244,0.37333333333333335,112,1.6,5,70,HILCodec_3kbps,1995-1826-0000.flac,42
random_loss,0.4,random,neighbor_copy,0.1,300,30,0.42000000000000004,0.3733333333333333,1.0846445560455322,1.0846445560455322,1.3576687574386597,0.709328091658909,0.6364150115570452,-3.0730224236029207,0.37333333333333335,112,1.6,5,70,HILCodec_3kbps,1995-1826-0000.flac,42
random_loss,0.4,random,zero_fill,0.1,300,30,0.42333333333333334,0.3966666666666666,1.058017611503601,1.058017611503601,1.252238392829895,0.5700177308789625,0.4921758765545445,-4.523174876819208,0.39666666666666667,119,1.6527777777777777,6,72,HILCodec_3kbps,1995-1826-0000.flac,123
random_loss,0.4,random,neighbor_copy,0.1,300,30,0.42333333333333334,0.3966666666666666,1.0865042209625244,1.0865042209625244,1.3291337490081787,0.6786616280808797,0.6567048317829074,-3.3469678492956234,0.39666666666666667,119,1.6527777777777777,6,72,HILCodec_3kbps,1995-1826-0000.flac,123
random_loss,0.4,heuristic,zero_fill,0.1,300,30,0.41000000000000003,0.3866666666666667,1.0465651750564575,1.0465651750564575,1.2325228452682495,0.5083930540264894,0.42472429858420235,-6.284954790792867,0.38666666666666666,116,1.681159420289855,6,69,HILCodec_3kbps,1995-1826-0000.flac,42
random_loss,0.4,heuristic,neighbor_copy,0.1,300,30,0.41000000000000003,0.3866666666666667,1.0803420543670654,1.0803420543670654,1.2443089485168457,0.7055298435894274,0.6263545624507079,-5.44174684117772,0.38666666666666666,116,1.681159420289855,6,69,HILCodec_3kbps,1995-1826-0000.flac,42
random_loss,0.4,heuristic,zero_fill,0.1,300,30,0.42333333333333334,0.39,1.0592719316482544,1.0592719316482544,1.307257890701294,0.543808705288763,0.4612948074312685,-4.392028048429423,0.39,117,1.6956521739130435,6,69,HILCodec_3kbps,1995-1826-0000.flac,123
random_loss,0.4,heuristic,neighbor_copy,0.1,300,30,0.42333333333333334,0.39,1.1081100702285767,1.1081100702285767,1.2970786094665527,0.7138800434938272,0.6459939297838754,-3.7002637046012747,0.39,117,1.6956521739130435,6,69,HILCodec_3kbps,1995-1826-0000.flac,123
random_loss,0.4,importance_aware,zero_fill,0.1,300,30,0.41000000000000003,0.3733333333333333,1.053783655166626,1.053783655166626,1.2468254566192627,0.5325633722407804,0.44427276534381355,-5.454441377443471,0.37333333333333335,112,1.5774647887323943,6,71,HILCodec_3kbps,1995-1826-0000.flac,42
random_loss,0.4,importance_aware,neighbor_copy,0.1,300,30,0.41000000000000003,0.3733333333333333,1.091783046722412,1.091783046722412,1.406813383102417,0.7578744034796544,0.6571505604823454,-3.664533066227564,0.37333333333333335,112,1.5774647887323943,6,71,HILCodec_3kbps,1995-1826-0000.flac,42
random_loss,0.4,importance_aware,zero_fill,0.1,300,30,0.42333333333333334,0.38,1.0662137269973755,1.0662137269973755,1.3138675689697266,0.5423959103921775,0.4724588499373976,-3.53900569153018,0.38,114,1.6521739130434783,6,69,HILCodec_3kbps,1995-1826-0000.flac,123
random_loss,0.4,importance_aware,neighbor_copy,0.1,300,30,0.42333333333333334,0.38,1.1247328519821167,1.1247328519821167,1.3437544107437134,0.7581260517693196,0.6660163433344547,-2.90002140983377,0.38,114,1.6521739130434783,6,69,HILCodec_3kbps,1995-1826-0000.flac,123
random_loss,0.4,importance_selective,zero_fill,0.1,300,30,0.4066666666666666,0.4066666666666666,1.0488682985305786,1.0488682985305786,1.292102336883545,0.5632654010590835,0.4785151790280608,-4.063376531605134,0.4066666666666667,122,1.6944444444444444,5,72,HILCodec_3kbps,1995-1826-0000.flac,42
random_loss,0.4,importance_selective,neighbor_copy,0.1,300,30,0.4066666666666666,0.4066666666666666,1.091835856437683,1.091835856437683,1.3997695446014404,0.7421105565998796,0.6680708523208375,-3.300064523923223,0.4066666666666667,122,1.6944444444444444,5,72,HILCodec_3kbps,1995-1826-0000.flac,42
random_loss,0.4,importance_selective,zero_fill,0.1,300,30,0.43000000000000005,0.43000000000000005,1.0467071533203125,1.0467071533203125,1.2922699451446533,0.5455528950633549,0.4466284429967088,-4.922128061946529,0.43,129,1.7671232876712328,5,73,HILCodec_3kbps,1995-1826-0000.flac,123
random_loss,0.4,importance_selective,neighbor_copy,0.1,300,30,0.43000000000000005,0.43000000000000005,1.0785150527954102,1.0785150527954102,1.4067031145095825,0.7392362388244627,0.6387614140042137,-3.9383152118524887,0.43,129,1.7671232876712328,5,73,HILCodec_3kbps,1995-1826-0000.flac,123
random_loss,0.0,none,zero_fill,0.1,300,0,0.0,0.0,2.5057213306427,2.5057213306427,3.2857844829559326,0.9031445257604853,0.8408691753079138,1.3917259829344122,0.0,0,0.0,0,0,HILCodec_3kbps,2094-142345-0000.flac,42
random_loss,0.0,none,neighbor_copy,0.1,300,0,0.0,0.0,2.5057213306427,2.5057213306427,3.2857844829559326,0.9031445257604853,0.8408691753079136,1.3917259829344122,0.0,0,0.0,0,0,HILCodec_3kbps,2094-142345-0000.flac,42
random_loss,0.0,none,zero_fill,0.1,300,0,0.0,0.0,2.5057213306427,2.5057213306427,3.2857844829559326,0.9031445257604853,0.8408691753079138,1.3917259829344122,0.0,0,0.0,0,0,HILCodec_3kbps,2094-142345-0000.flac,123
random_loss,0.0,none,neighbor_copy,0.1,300,0,0.0,0.0,2.5057213306427,2.5057213306427,3.2857844829559326,0.9031445257604853,0.8408691753079137,1.3917259829344122,0.0,0,0.0,0,0,HILCodec_3kbps,2094-142345-0000.flac,123
random_loss,0.0,random,zero_fill,0.1,300,30,0.0,0.0,2.5057213306427,2.5057213306427,3.2857844829559326,0.9031445257604853,0.8408691753079137,1.3917259829344122,0.0,0,0.0,0,0,HILCodec_3kbps,2094-142345-0000.flac,42
random_loss,0.0,random,neighbor_copy,0.1,300,30,0.0,0.0,2.5057213306427,2.5057213306427,3.2857844829559326,0.9031445257604853,0.8408691753079137,1.3917259829344122,0.0,0,0.0,0,0,HILCodec_3kbps,2094-142345-0000.flac,42
random_loss,0.0,random,zero_fill,0.1,300,30,0.0,0.0,2.5057213306427,2.5057213306427,3.2857844829559326,0.9031445257604853,0.8408691753079137,1.3917259829344122,0.0,0,0.0,0,0,HILCodec_3kbps,2094-142345-0000.flac,123
random_loss,0.0,random,neighbor_copy,0.1,300,30,0.0,0.0,2.5057213306427,2.5057213306427,3.2857844829559326,0.9031445257604853,0.8408691753079137,1.3917259829344122,0.0,0,0.0,0,0,HILCodec_3kbps,2094-142345-0000.flac,123
random_loss,0.0,heuristic,zero_fill,0.1,300,30,0.0,0.0,2.5057213306427,2.5057213306427,3.2857844829559326,0.9031445257604853,0.8408691753079137,1.3917259829344122,0.0,0,0.0,0,0,HILCodec_3kbps,2094-142345-0000.flac,42
random_loss,0.0,heuristic,neighbor_copy,0.1,300,30,0.0,0.0,2.5057213306427,2.5057213306427,3.2857844829559326,0.9031445257604853,0.8408691753079137,1.3917259829344122,0.0,0,0.0,0,0,HILCodec_3kbps,2094-142345-0000.flac,42
random_loss,0.0,heuristic,zero_fill,0.1,300,30,0.0,0.0,2.5057213306427,2.5057213306427,3.2857844829559326,0.9031445257604853,0.8408691753079137,1.3917259829344122,0.0,0,0.0,0,0,HILCodec_3kbps,2094-142345-0000.flac,123
random_loss,0.0,heuristic,neighbor_copy,0.1,300,30,0.0,0.0,2.5057213306427,2.5057213306427,3.2857844829559326,0.9031445257604853,0.8408691753079137,1.3917259829344122,0.0,0,0.0,0,0,HILCodec_3kbps,2094-142345-0000.flac,123
random_loss,0.0,importance_aware,zero_fill,0.1,300,30,0.0,0.0,2.5057213306427,2.5057213306427,3.2857844829559326,0.9031445257604853,0.8408691753079137,1.3917259829344122,0.0,0,0.0,0,0,HILCodec_3kbps,2094-142345-0000.flac,42
random_loss,0.0,importance_aware,neighbor_copy,0.1,300,30,0.0,0.0,2.5057213306427,2.5057213306427,3.2857844829559326,0.9031445257604853,0.8408691753079137,1.3917259829344122,0.0,0,0.0,0,0,HILCodec_3kbps,2094-142345-0000.flac,42
random_loss,0.0,importance_aware,zero_fill,0.1,300,30,0.0,0.0,2.5057213306427,2.5057213306427,3.2857844829559326,0.9031445257604853,0.8408691753079137,1.3917259829344122,0.0,0,0.0,0,0,HILCodec_3kbps,2094-142345-0000.flac,123
random_loss,0.0,importance_aware,neighbor_copy,0.1,300,30,0.0,0.0,2.5057213306427,2.5057213306427,3.2857844829559326,0.9031445257604853,0.8408691753079137,1.3917259829344122,0.0,0,0.0,0,0,HILCodec_3kbps,2094-142345-0000.flac,123
random_loss,0.0,importance_selective,zero_fill,0.1,300,30,0.0,0.0,2.5057213306427,2.5057213306427,3.2857844829559326,0.9031445257604853,0.8408691753079137,1.3917259829344122,0.0,0,0.0,0,0,HILCodec_3kbps,2094-142345-0000.flac,42
random_loss,0.0,importance_selective,neighbor_copy,0.1,300,30,0.0,0.0,2.5057213306427,2.5057213306427,3.2857844829559326,0.9031445257604853,0.8408691753079137,1.3917259829344122,0.0,0,0.0,0,0,HILCodec_3kbps,2094-142345-0000.flac,42
random_loss,0.0,importance_selective,zero_fill,0.1,300,30,0.0,0.0,2.5057213306427,2.5057213306427,3.2857844829559326,0.9031445257604853,0.8408691753079137,1.3917259829344122,0.0,0,0.0,0,0,HILCodec_3kbps,2094-142345-0000.flac,123
random_loss,0.0,importance_selective,neighbor_copy,0.1,300,30,0.0,0.0,2.5057213306427,2.5057213306427,3.2857844829559326,0.9031445257604853,0.8408691753079136,1.3917259829344122,0.0,0,0.0,0,0,HILCodec_3kbps,2094-142345-0000.flac,123
random_loss,0.01,none,zero_fill,0.1,300,0,0.0033333333333332993,0.0033333333333332993,2.203054428100586,2.203054428100586,2.8481156826019287,0.8839383645123643,0.8255801120099246,1.1954421812898093,0.0033333333333333335,1,1.0,1,1,HILCodec_3kbps,2094-142345-0000.flac,42
random_loss,0.01,none,neighbor_copy,0.1,300,0,0.0033333333333332993,0.0033333333333332993,2.3670480251312256,2.3670480251312256,3.1736786365509033,0.8962437451619231,0.8334320079565559,1.2855735614343926,0.0033333333333333335,1,1.0,1,1,HILCodec_3kbps,2094-142345-0000.flac,42
random_loss,0.01,none,zero_fill,0.1,300,0,0.013333333333333308,0.013333333333333308,2.1290061473846436,2.1290061473846436,2.9839670658111572,0.8862117058817871,0.8227888702086134,1.300588111323603,0.013333333333333334,4,1.0,1,4,HILCodec_3kbps,2094-142345-0000.flac,123
random_loss,0.01,none,neighbor_copy,0.1,300,0,0.013333333333333308,0.013333333333333308,2.438339948654175,2.438339948654175,3.283891201019287,0.9004801647489885,0.8362448764859209,1.304999203402764,0.013333333333333334,4,1.0,1,4,HILCodec_3kbps,2094-142345-0000.flac,123
random_loss,0.01,random,zero_fill,0.1,300,30,0.0033333333333332993,0.0033333333333332993,2.4988417625427246,2.4988417625427246,3.261705160140991,0.9031434654554453,0.8408936172541239,1.3916078317482292,0.0033333333333333335,1,1.0,1,1,HILCodec_3kbps,2094-142345-0000.flac,42
random_loss,0.01,random,neighbor_copy,0.1,300,30,0.0033333333333332993,0.0033333333333332993,2.5046932697296143,2.5046932697296143,3.2860305309295654,0.9031443329537586,0.8408841572088166,1.3917105839001245,0.0033333333333333335,1,1.0,1,1,HILCodec_3kbps,2094-142345-0000.flac,42
random_loss,0.01,random,zero_fill,0.1,300,30,0.01666666666666672,0.01666666666666672,1.9648776054382324,1.9648776054382324,2.572307586669922,0.8857064167383778,0.8224925656802832,0.8641306884706341,0.016666666666666666,5,1.0,1,5,HILCodec_3kbps,2094-142345-0000.flac,123
random_loss,0.01,random,neighbor_copy,0.1,300,30,0.01666666666666672,0.01666666666666672,2.295982599258423,2.295982599258423,3.065890312194824,0.9001039163786367,0.8394606022834211,1.1999564299680159,0.016666666666666666,5,1.0,1,5,HILCodec_3kbps,2094-142345-0000.flac,123
random_loss,0.01,heuristic,zero_fill,0.1,300,30,0.0033333333333332993,0.0033333333333332993,2.203054428100586,2.203054428100586,2.8481156826019287,0.8839383645123643,0.8255801120099246,1.1954421812898093,0.0033333333333333335,1,1.0,1,1,HILCodec_3kbps,2094-142345-0000.flac,42
random_loss,0.01,heuristic,neighbor_copy,0.1,300,30,0.0033333333333332993,0.0033333333333332993,2.3670480251312256,2.3670480251312256,3.1736786365509033,0.8962437451619231,0.8334320079565559,1.2855735614343926,0.0033333333333333335,1,1.0,1,1,HILCodec_3kbps,2094-142345-0000.flac,42
random_loss,0.01,heuristic,zero_fill,0.1,300,30,0.013333333333333308,0.013333333333333308,2.1290061473846436,2.1290061473846436,2.9839670658111572,0.8862117058817871,0.8227888702086134,1.300588111323603,0.013333333333333334,4,1.0,1,4,HILCodec_3kbps,2094-142345-0000.flac,123
random_loss,0.01,heuristic,neighbor_copy,0.1,300,30,0.013333333333333308,0.013333333333333308,2.438339948654175,2.438339948654175,3.283891201019287,0.9004801647489885,0.8362448764859209,1.304999203402764,0.013333333333333334,4,1.0,1,4,HILCodec_3kbps,2094-142345-0000.flac,123
random_loss,0.01,importance_aware,zero_fill,0.1,300,30,0.0033333333333332993,0.0033333333333332993,2.203054428100586,2.203054428100586,2.8481156826019287,0.8839383645123643,0.8255801120099246,1.1954421812898093,0.0033333333333333335,1,1.0,1,1,HILCodec_3kbps,2094-142345-0000.flac,42
random_loss,0.01,importance_aware,neighbor_copy,0.1,300,30,0.0033333333333332993,0.0033333333333332993,2.3670480251312256,2.3670480251312256,3.1736786365509033,0.8962437451619231,0.8334320079565559,1.2855735614343926,0.0033333333333333335,1,1.0,1,1,HILCodec_3kbps,2094-142345-0000.flac,42
random_loss,0.01,importance_aware,zero_fill,0.1,300,30,0.013333333333333308,0.013333333333333308,2.1290061473846436,2.1290061473846436,2.9839670658111572,0.8862117058817871,0.8227888702086134,1.300588111323603,0.013333333333333334,4,1.0,1,4,HILCodec_3kbps,2094-142345-0000.flac,123
random_loss,0.01,importance_aware,neighbor_copy,0.1,300,30,0.013333333333333308,0.013333333333333308,2.438339948654175,2.438339948654175,3.283891201019287,0.9004801647489885,0.8362448764859209,1.304999203402764,0.013333333333333334,4,1.0,1,4,HILCodec_3kbps,2094-142345-0000.flac,123
random_loss,0.01,importance_selective,zero_fill,0.1,300,30,0.0033333333333332993,0.0033333333333332993,2.465815305709839,2.465815305709839,3.2584590911865234,0.9009361154256526,0.839143368457291,1.39400305854477,0.0033333333333333335,1,1.0,1,1,HILCodec_3kbps,2094-142345-0000.flac,42
random_loss,0.01,importance_selective,neighbor_copy,0.1,300,30,0.0033333333333332993,0.0033333333333332993,2.494988203048706,2.494988203048706,3.289313793182373,0.9029470474900702,0.8405639694803105,1.429271942776659,0.0033333333333333335,1,1.0,1,1,HILCodec_3kbps,2094-142345-0000.flac,42
random_loss,0.01,importance_selective,zero_fill,0.1,300,30,0.010000000000000009,0.010000000000000009,2.039377212524414,2.039377212524414,2.8069844245910645,0.8946499100887664,0.8322606699715255,1.2310391064533315,0.01,3,1.0,1,3,HILCodec_3kbps,2094-142345-0000.flac,123
random_loss,0.01,importance_selective,neighbor_copy,0.1,300,30,0.010000000000000009,0.010000000000000009,2.2613251209259033,2.2613251209259033,3.0235776901245117,0.899280870888029,0.8373558558506587,1.2052848807476684,0.01,3,1.0,1,3,HILCodec_3kbps,2094-142345-0000.flac,123
random_loss,0.03,none,zero_fill,0.1,300,0,0.026666666666666616,0.026666666666666616,1.6943533420562744,1.6943533420562744,2.07211971282959,0.8362474771947691,0.7760419293397159,-0.2082203362782753,0.02666666666666667,8,1.0,1,8,HILCodec_3kbps,2094-142345-0000.flac,42
random_loss,0.03,none,neighbor_copy,0.1,300,0,0.026666666666666616,0.026666666666666616,1.8906147480010986,1.8906147480010986,2.4157142639160156,0.866570808842225,0.7907481472766759,-0.3417137042816385,0.02666666666666667,8,1.0,1,8,HILCodec_3kbps,2094-142345-0000.flac,42
random_loss,0.03,none,zero_fill,0.1,300,0,0.033333333333333326,0.033333333333333326,1.9618582725524902,1.9618582725524902,2.433610677719116,0.8583067966051398,0.8048571020430834,0.5822320767751943,0.03333333333333333,10,1.0,1,10,HILCodec_3kbps,2094-142345-0000.flac,123
random_loss,0.03,none,neighbor_copy,0.1,300,0,0.033333333333333326,0.033333333333333326,2.2081427574157715,2.2081427574157715,3.1079795360565186,0.8911887414241829,0.8272308926894831,1.1028392818237842,0.03333333333333333,10,1.0,1,10,HILCodec_3kbps,2094-142345-0000.flac,123
random_loss,0.03,random,zero_fill,0.1,300,30,0.026666666666666616,0.020000000000000018,2.2993524074554443,2.2993524074554443,3.04310941696167,0.8765463898805321,0.8260095096198473,1.3519809072731706,0.02,6,1.0,1,6,HILCodec_3kbps,2094-142345-0000.flac,42
random_loss,0.03,random,neighbor_copy,0.1,300,30,0.026666666666666616,0.020000000000000018,2.490643262863159,2.490643262863159,3.2978017330169678,0.9014978674378809,0.834074834797204,1.2666806570266456,0.02,6,1.0,1,6,HILCodec_3kbps,2094-142345-0000.flac,42
random_loss,0.03,random,zero_fill,0.1,300,30,0.033333333333333326,0.033333333333333326,1.7272071838378906,1.7272071838378906,2.202477216720581,0.8587947923511926,0.7949017222316435,-0.17620604555709002,0.03333333333333333,10,1.0,1,10,HILCodec_3kbps,2094-142345-0000.flac,123
random_loss,0.03,random,neighbor_copy,0.1,300,30,0.033333333333333326,0.033333333333333326,2.008981466293335,2.008981466293335,2.96455717086792,0.8914348238642837,0.8297824910093803,-1.9657822690938362,0.03333333333333333,10,1.0,1,10,HILCodec_3kbps,2094-142345-0000.flac,123
random_loss,0.03,heuristic,zero_fill,0.1,300,30,0.026666666666666616,0.026666666666666616,1.6943533420562744,1.6943533420562744,2.07211971282959,0.8362474771947691,0.7760419293397159,-0.2082203362782753,0.02666666666666667,8,1.0,1,8,HILCodec_3kbps,2094-142345-0000.flac,42
random_loss,0.03,heuristic,neighbor_copy,0.1,300,30,0.026666666666666616,0.026666666666666616,1.8906147480010986,1.8906147480010986,2.4157142639160156,0.866570808842225,0.7907481472766759,-0.3417137042816385,0.02666666666666667,8,1.0,1,8,HILCodec_3kbps,2094-142345-0000.flac,42
random_loss,0.03,heuristic,zero_fill,0.1,300,30,0.033333333333333326,0.033333333333333326,1.9618582725524902,1.9618582725524902,2.433610677719116,0.8583067966051398,0.8048571020430834,0.5822320767751943,0.03333333333333333,10,1.0,1,10,HILCodec_3kbps,2094-142345-0000.flac,123
random_loss,0.03,heuristic,neighbor_copy,0.1,300,30,0.033333333333333326,0.033333333333333326,2.2081427574157715,2.2081427574157715,3.1079795360565186,0.8911887414241829,0.8272308926894831,1.1028392818237842,0.03333333333333333,10,1.0,1,10,HILCodec_3kbps,2094-142345-0000.flac,123
random_loss,0.03,importance_aware,zero_fill,0.1,300,30,0.026666666666666616,0.023333333333333317,1.8060745000839233,1.8060745000839233,2.410271644592285,0.8549164302919791,0.8065189437138024,1.0146577400705374,0.023333333333333334,7,1.0,1,7,HILCodec_3kbps,2094-142345-0000.flac,42
random_loss,0.03,importance_aware,neighbor_copy,0.1,300,30,0.026666666666666616,0.023333333333333317,2.1195061206817627,2.1195061206817627,2.9302947521209717,0.891433410635737,0.8255419612252757,1.087575546762305,0.023333333333333334,7,1.0,1,7,HILCodec_3kbps,2094-142345-0000.flac,42
random_loss,0.03,importance_aware,zero_fill,0.1,300,30,0.033333333333333326,0.033333333333333326,1.9618582725524902,1.9618582725524902,2.433610677719116,0.8583067966051398,0.8048571020430834,0.5822320767751943,0.03333333333333333,10,1.0,1,10,HILCodec_3kbps,2094-142345-0000.flac,123
random_loss,0.03,importance_aware,neighbor_copy,0.1,300,30,0.033333333333333326,0.033333333333333326,2.2081427574157715,2.2081427574157715,3.1079795360565186,0.8911887414241829,0.8272308926894831,1.1028392818237842,0.03333333333333333,10,1.0,1,10,HILCodec_3kbps,2094-142345-0000.flac,123
random_loss,0.03,importance_selective,zero_fill,0.1,300,30,0.030000000000000027,0.030000000000000027,1.8688838481903076,1.8688838481903076,2.2464077472686768,0.8520226991497496,0.8069633668016161,0.8492430895592679,0.03,9,1.0,1,9,HILCodec_3kbps,2094-142345-0000.flac,42
random_loss,0.03,importance_selective,neighbor_copy,0.1,300,30,0.030000000000000027,0.030000000000000027,2.1169986724853516,2.1169986724853516,2.9485912322998047,0.894042263505057,0.8310261318238847,1.2108304274981931,0.03,9,1.0,1,9,HILCodec_3kbps,2094-142345-0000.flac,42
random_loss,0.03,importance_selective,zero_fill,0.1,300,30,0.036666666666666625,0.036666666666666625,1.7217979431152344,1.7217979431152344,2.1588306427001953,0.84925370503289,0.7995975169930648,0.172900755020616,0.03666666666666667,11,1.1,2,10,HILCodec_3kbps,2094-142345-0000.flac,123
random_loss,0.03,importance_selective,neighbor_copy,0.1,300,30,0.036666666666666625,0.036666666666666625,2.161836624145508,2.161836624145508,2.946192979812622,0.889920438748485,0.8249853086384643,0.6656076319512139,0.03666666666666667,11,1.1,2,10,HILCodec_3kbps,2094-142345-0000.flac,123
random_loss,0.05,none,zero_fill,0.1,300,0,0.050000000000000044,0.050000000000000044,1.555988073348999,1.555988073348999,1.8867335319519043,0.8158603272167233,0.7552758641301539,-0.590326100949985,0.05,15,1.0,1,15,HILCodec_3kbps,2094-142345-0000.flac,42
random_loss,0.05,none,neighbor_copy,0.1,300,0,0.050000000000000044,0.050000000000000044,1.8531068563461304,1.8531068563461304,2.345938205718994,0.8601851763823409,0.7819799855277917,-0.5020844681375557,0.05,15,1.0,1,15,HILCodec_3kbps,2094-142345-0000.flac,42
random_loss,0.05,none,zero_fill,0.1,300,0,0.050000000000000044,0.050000000000000044,1.6402571201324463,1.6402571201324463,2.1587908267974854,0.8346577435082461,0.7785379006040963,-0.026243947296471958,0.05,15,1.0714285714285714,2,14,HILCodec_3kbps,2094-142345-0000.flac,123
random_loss,0.05,none,neighbor_copy,0.1,300,0,0.050000000000000044,0.050000000000000044,1.900848150253296,1.900848150253296,2.84403133392334,0.8805459076400642,0.8105860687291999,0.6557977308892164,0.05,15,1.0714285714285714,2,14,HILCodec_3kbps,2094-142345-0000.flac,123
random_loss,0.05,random,zero_fill,0.1,300,30,0.046666666666666634,0.033333333333333326,2.0438928604125977,2.0438928604125977,2.6915833950042725,0.8580533648753672,0.8131369527736755,1.2302215861022128,0.03333333333333333,10,1.0,1,10,HILCodec_3kbps,2094-142345-0000.flac,42
random_loss,0.05,random,neighbor_copy,0.1,300,30,0.046666666666666634,0.033333333333333326,2.4772181510925293,2.4772181510925293,3.2835001945495605,0.8989831849597667,0.8274671849908694,1.1922801947877653,0.03333333333333333,10,1.0,1,10,HILCodec_3kbps,2094-142345-0000.flac,42
random_loss,0.05,random,zero_fill,0.1,300,30,0.053333333333333344,0.050000000000000044,1.6186106204986572,1.6186106204986572,2.069650650024414,0.8367019106711884,0.7809991880849183,-0.8626306970944547,0.05,15,1.0714285714285714,2,14,HILCodec_3kbps,2094-142345-0000.flac,123
random_loss,0.05,random,neighbor_copy,0.1,300,30,0.053333333333333344,0.050000000000000044,1.9230115413665771,1.9230115413665771,2.6978273391723633,0.8816778004068783,0.8179174695280945,-2.873843747106109,0.05,15,1.0714285714285714,2,14,HILCodec_3kbps,2094-142345-0000.flac,123
random_loss,0.05,heuristic,zero_fill,0.1,300,30,0.050000000000000044,0.046666666666666634,1.5588566064834595,1.5588566064834595,1.891923427581787,0.8138236719512328,0.7555390518332238,-0.602824372683688,0.04666666666666667,14,1.0,1,14,HILCodec_3kbps,2094-142345-0000.flac,42
random_loss,0.05,heuristic,neighbor_copy,0.1,300,30,0.050000000000000044,0.046666666666666634,1.853085994720459,1.853085994720459,2.3472025394439697,0.8604153296757029,0.7822264647858821,-0.4925869724385604,0.04666666666666667,14,1.0,1,14,HILCodec_3kbps,2094-142345-0000.flac,42
random_loss,0.05,heuristic,zero_fill,0.1,300,30,0.050000000000000044,0.050000000000000044,1.6402571201324463,1.6402571201324463,2.1587908267974854,0.8346577435082461,0.7785379006040963,-0.026243947296471958,0.05,15,1.0714285714285714,2,14,HILCodec_3kbps,2094-142345-0000.flac,123
random_loss,0.05,heuristic,neighbor_copy,0.1,300,30,0.050000000000000044,0.050000000000000044,1.900848150253296,1.900848150253296,2.84403133392334,0.8805459076400642,0.8105860687292,0.6557977308892164,0.05,15,1.0714285714285714,2,14,HILCodec_3kbps,2094-142345-0000.flac,123
random_loss,0.05,importance_aware,zero_fill,0.1,300,30,0.050000000000000044,0.043333333333333335,1.629724383354187,1.629724383354187,2.152822494506836,0.8324816618036779,0.7859731903784271,0.52832453247508,0.043333333333333335,13,1.0,1,13,HILCodec_3kbps,2094-142345-0000.flac,42
random_loss,0.05,importance_aware,neighbor_copy,0.1,300,30,0.050000000000000044,0.043333333333333335,2.070460557937622,2.070460557937622,2.846493721008301,0.8852780562537949,0.8170191936968445,0.9363901458935564,0.043333333333333335,13,1.0,1,13,HILCodec_3kbps,2094-142345-0000.flac,42
random_loss,0.05,importance_aware,zero_fill,0.1,300,30,0.050000000000000044,0.050000000000000044,1.6402571201324463,1.6402571201324463,2.1587908267974854,0.8346577435082461,0.7785379006040963,-0.026243947296471958,0.05,15,1.0714285714285714,2,14,HILCodec_3kbps,2094-142345-0000.flac,123
random_loss,0.05,importance_aware,neighbor_copy,0.1,300,30,0.050000000000000044,0.050000000000000044,1.900848150253296,1.900848150253296,2.84403133392334,0.8805459076400642,0.8105860687291999,0.6557977308892164,0.05,15,1.0714285714285714,2,14,HILCodec_3kbps,2094-142345-0000.flac,123
random_loss,0.05,importance_selective,zero_fill,0.1,300,30,0.043333333333333335,0.043333333333333335,1.7414053678512573,1.7414053678512573,2.0784904956817627,0.8424639348606394,0.7928582321949005,0.6682046995985912,0.043333333333333335,13,1.0,1,13,HILCodec_3kbps,2094-142345-0000.flac,42
random_loss,0.05,importance_selective,neighbor_copy,0.1,300,30,0.043333333333333335,0.043333333333333335,2.080155611038208,2.080155611038208,2.8809328079223633,0.8919454520364315,0.8274340973498735,1.1348919600902523,0.043333333333333335,13,1.0,1,13,HILCodec_3kbps,2094-142345-0000.flac,42
random_loss,0.05,importance_selective,zero_fill,0.1,300,30,0.050000000000000044,0.050000000000000044,1.6740610599517822,1.6740610599517822,2.085272789001465,0.8465930312715124,0.7960728837052389,0.1483373513888555,0.05,15,1.0714285714285714,2,14,HILCodec_3kbps,2094-142345-0000.flac,123
random_loss,0.05,importance_selective,neighbor_copy,0.1,300,30,0.050000000000000044,0.050000000000000044,2.135533332824707,2.135533332824707,2.913043260574341,0.8893987739108287,0.8214496492159916,0.6137399488479969,0.05,15,1.0714285714285714,2,14,HILCodec_3kbps,2094-142345-0000.flac,123
random_loss,0.1,none,zero_fill,0.1,300,0,0.09666666666666668,0.09666666666666668,1.3691474199295044,1.3691474199295044,1.5189906358718872,0.7543443668642378,0.7147626013881173,-1.8439051044152381,0.09666666666666666,29,1.0740740740740742,2,27,HILCodec_3kbps,2094-142345-0000.flac,42
random_loss,0.1,none,neighbor_copy,0.1,300,0,0.09666666666666668,0.09666666666666668,1.5546109676361084,1.5546109676361084,1.9717445373535156,0.8473235018462608,0.7628247193149462,-0.9766320085614277,0.09666666666666666,29,1.0740740740740742,2,27,HILCodec_3kbps,2094-142345-0000.flac,42
random_loss,0.1,none,zero_fill,0.1,300,0,0.09999999999999998,0.09999999999999998,1.503548502922058,1.503548502922058,2.0156373977661133,0.8219817341074024,0.7558857764940932,-0.5179655498026268,0.1,30,1.1111111111111112,2,27,HILCodec_3kbps,2094-142345-0000.flac,123
random_loss,0.1,none,neighbor_copy,0.1,300,0,0.09999999999999998,0.09999999999999998,1.7089974880218506,1.7089974880218506,2.6294074058532715,0.8715481292145841,0.7985265937413095,0.2973399713535007,0.1,30,1.1111111111111112,2,27,HILCodec_3kbps,2094-142345-0000.flac,123
random_loss,0.1,random,zero_fill,0.1,300,30,0.08666666666666667,0.06999999999999995,1.5650553703308105,1.5650553703308105,1.9832799434661865,0.7963184936037914,0.7620887484706912,-0.8658549604477138,0.07,21,1.105263157894737,2,19,HILCodec_3kbps,2094-142345-0000.flac,42
random_loss,0.1,random,neighbor_copy,0.1,300,30,0.08666666666666667,0.06999999999999995,2.06640887260437,2.06640887260437,2.8149707317352295,0.8793092547293634,0.8023202906265465,-1.0646673212099065,0.07,21,1.105263157894737,2,19,HILCodec_3kbps,2094-142345-0000.flac,42
random_loss,0.1,random,zero_fill,0.1,300,30,0.10666666666666669,0.10333333333333339,1.428464651107788,1.428464651107788,1.7705721855163574,0.773044016790591,0.7283365064377981,-1.1253288757518465,0.10333333333333333,31,1.1481481481481481,2,27,HILCodec_3kbps,2094-142345-0000.flac,123
random_loss,0.1,random,neighbor_copy,0.1,300,30,0.10666666666666669,0.10333333333333339,1.681312084197998,1.681312084197998,2.349270820617676,0.8626098705247751,0.7944966873037299,-3.0153401920771303,0.10333333333333333,31,1.1481481481481481,2,27,HILCodec_3kbps,2094-142345-0000.flac,123
random_loss,0.1,heuristic,zero_fill,0.1,300,30,0.09666666666666668,0.09333333333333338,1.3709081411361694,1.3709081411361694,1.5211195945739746,0.7527755254753271,0.7147112215290283,-1.8541384540768444,0.09333333333333334,28,1.0769230769230769,2,26,HILCodec_3kbps,2094-142345-0000.flac,42
random_loss,0.1,heuristic,neighbor_copy,0.1,300,30,0.09666666666666668,0.09333333333333338,1.554497480392456,1.554497480392456,1.9726502895355225,0.8475636300317376,0.7631189871987778,-0.9673168646941982,0.09333333333333334,28,1.0769230769230769,2,26,HILCodec_3kbps,2094-142345-0000.flac,42
random_loss,0.1,heuristic,zero_fill,0.1,300,30,0.09999999999999998,0.09666666666666668,1.5055122375488281,1.5055122375488281,2.0164437294006348,0.8221608423258071,0.756384000965008,-0.5183164972290571,0.09666666666666666,29,1.1153846153846154,2,26,HILCodec_3kbps,2094-142345-0000.flac,123
random_loss,0.1,heuristic,neighbor_copy,0.1,300,30,0.09999999999999998,0.09666666666666668,1.7122602462768555,1.7122602462768555,2.6315195560455322,0.8718665343615294,0.7988930260415815,0.30323727814661755,0.09666666666666666,29,1.1153846153846154,2,26,HILCodec_3kbps,2094-142345-0000.flac,123
random_loss,0.1,importance_aware,zero_fill,0.1,300,30,0.09666666666666668,0.08999999999999997,1.3983068466186523,1.3983068466186523,1.6616122722625732,0.7699895568698761,0.7424700537684955,-0.9954650443203155,0.09,27,1.08,2,25,HILCodec_3kbps,2094-142345-0000.flac,42
random_loss,0.1,importance_aware,neighbor_copy,0.1,300,30,0.09666666666666668,0.08999999999999997,1.6383869647979736,1.6383869647979736,2.2942278385162354,0.872194102042912,0.7977349074158232,0.3799394193154012,0.09,27,1.08,2,25,HILCodec_3kbps,2094-142345-0000.flac,42
random_loss,0.1,importance_aware,zero_fill,0.1,300,30,0.09999999999999998,0.09666666666666668,1.5055122375488281,1.5055122375488281,2.0164437294006348,0.8221608423258071,0.756384000965008,-0.5183164972290571,0.09666666666666666,29,1.1153846153846154,2,26,HILCodec_3kbps,2094-142345-0000.flac,123
random_loss,0.1,importance_aware,neighbor_copy,0.1,300,30,0.09999999999999998,0.09666666666666668,1.7122602462768555,1.7122602462768555,2.6315195560455322,0.8718665343615294,0.7988930260415815,0.30323727814661755,0.09666666666666666,29,1.1153846153846154,2,26,HILCodec_3kbps,2094-142345-0000.flac,123
random_loss,0.1,importance_selective,zero_fill,0.1,300,30,0.09666666666666668,0.09666666666666668,1.4164092540740967,1.4164092540740967,1.782402753829956,0.7801856577059426,0.7280420156480258,-1.1847795244068813,0.09666666666666666,29,1.1153846153846154,2,26,HILCodec_3kbps,2094-142345-0000.flac,42
random_loss,0.1,importance_selective,neighbor_copy,0.1,300,30,0.09666666666666668,0.09666666666666668,1.5494370460510254,1.5494370460510254,2.1798782348632812,0.867454023143738,0.7949427036937156,-0.9054126839297122,0.09666666666666666,29,1.1153846153846154,2,26,HILCodec_3kbps,2094-142345-0000.flac,42
random_loss,0.1,importance_selective,zero_fill,0.1,300,30,0.08666666666666667,0.08666666666666667,1.5452921390533447,1.5452921390533447,1.909353494644165,0.8105684306535487,0.7558891331410601,-1.2566678380561758,0.08666666666666667,26,1.1304347826086956,2,23,HILCodec_3kbps,2094-142345-0000.flac,123
random_loss,0.1,importance_selective,neighbor_copy,0.1,300,30,0.08666666666666667,0.08666666666666667,1.894254207611084,1.894254207611084,2.6986708641052246,0.8731144067443393,0.7985319379764273,-1.533406535883779,0.08666666666666667,26,1.1304347826086956,2,23,HILCodec_3kbps,2094-142345-0000.flac,123
random_loss,0.2,none,zero_fill,0.1,300,0,0.24,0.24,1.1976121664047241,1.1976121664047241,1.3541693687438965,0.6463137636186272,0.5487623178748212,-5.5183865435813555,0.24,72,1.44,6,50,HILCodec_3kbps,2094-142345-0000.flac,42
random_loss,0.2,none,neighbor_copy,0.1,300,0,0.24,0.24,1.259244680404663,1.259244680404663,1.710810899734497,0.7643065123172204,0.6663148064950306,-3.3919985055758,0.24,72,1.44,6,50,HILCodec_3kbps,2094-142345-0000.flac,42
random_loss,0.2,none,zero_fill,0.1,300,0,0.20666666666666667,0.20666666666666667,1.2328698635101318,1.2328698635101318,1.5711017847061157,0.7312485722262324,0.6275086082615724,-2.8822414214524716,0.20666666666666667,62,1.3478260869565217,4,46,HILCodec_3kbps,2094-142345-0000.flac,123
random_loss,0.2,none,neighbor_copy,0.1,300,0,0.20666666666666667,0.20666666666666667,1.446319341659546,1.446319341659546,2.121689796447754,0.8235599667824425,0.7343139871766864,-1.4139466795339948,0.20666666666666667,62,1.3478260869565217,4,46,HILCodec_3kbps,2094-142345-0000.flac,123
random_loss,0.2,random,zero_fill,0.1,300,30,0.22666666666666668,0.19666666666666666,1.29823637008667,1.29823637008667,1.5176924467086792,0.6598465013502818,0.6526672152567963,-3.417932708757236,0.19666666666666666,59,1.4047619047619047,5,42,HILCodec_3kbps,2094-142345-0000.flac,42
random_loss,0.2,random,neighbor_copy,0.1,300,30,0.22666666666666668,0.19666666666666666,1.5795841217041016,1.5795841217041016,2.183371067047119,0.8295733680765145,0.7500120672024311,-2.571648786340276,0.19666666666666666,59,1.4047619047619047,5,42,HILCodec_3kbps,2094-142345-0000.flac,42
random_loss,0.2,random,zero_fill,0.1,300,30,0.20333333333333337,0.19333333333333336,1.2329825162887573,1.2329825162887573,1.5092172622680664,0.6516649133871337,0.6145773876556133,-4.5636712595165525,0.19333333333333333,58,1.3181818181818181,4,44,HILCodec_3kbps,2094-142345-0000.flac,123
random_loss,0.2,random,neighbor_copy,0.1,300,30,0.20333333333333337,0.19333333333333336,1.4567105770111084,1.4567105770111084,1.9619076251983643,0.8284142260417319,0.7536158413079381,-4.888333273309403,0.19333333333333333,58,1.3181818181818181,4,44,HILCodec_3kbps,2094-142345-0000.flac,123
random_loss,0.2,heuristic,zero_fill,0.1,300,30,0.24,0.22666666666666668,1.2058672904968262,1.2058672904968262,1.332008957862854,0.6581797038820393,0.5716825552366658,-5.500196326975191,0.22666666666666666,68,1.3877551020408163,6,49,HILCodec_3kbps,2094-142345-0000.flac,42
random_loss,0.2,heuristic,neighbor_copy,0.1,300,30,0.24,0.22666666666666668,1.2589972019195557,1.2589972019195557,1.602242350578308,0.7840838762274104,0.6645899831926245,-4.6484983161795155,0.22666666666666666,68,1.3877551020408163,6,49,HILCodec_3kbps,2094-142345-0000.flac,42
random_loss,0.2,heuristic,zero_fill,0.1,300,30,0.20666666666666667,0.20333333333333337,1.2477543354034424,1.2477543354034424,1.5726346969604492,0.7375170114877663,0.6269468635175083,-2.839299388220894,0.20333333333333334,61,1.3555555555555556,4,45,HILCodec_3kbps,2094-142345-0000.flac,123
random_loss,0.2,heuristic,neighbor_copy,0.1,300,30,0.20666666666666667,0.20333333333333337,1.4477934837341309,1.4477934837341309,2.122189998626709,0.8240084234905817,0.7351192420474385,-1.4069711860409817,0.20333333333333334,61,1.3555555555555556,4,45,HILCodec_3kbps,2094-142345-0000.flac,123
random_loss,0.2,importance_aware,zero_fill,0.1,300,30,0.24,0.22333333333333338,1.2040133476257324,1.2040133476257324,1.3705542087554932,0.6662227763825858,0.5927238253478062,-4.884822883688511,0.22333333333333333,67,1.3958333333333333,6,48,HILCodec_3kbps,2094-142345-0000.flac,42
random_loss,0.2,importance_aware,neighbor_copy,0.1,300,30,0.24,0.22333333333333338,1.294811487197876,1.294811487197876,1.8647582530975342,0.8070681900597697,0.7033870174045354,-2.7437114805317386,0.22333333333333333,67,1.3958333333333333,6,48,HILCodec_3kbps,2094-142345-0000.flac,42
random_loss,0.2,importance_aware,zero_fill,0.1,300,30,0.20666666666666667,0.20333333333333337,1.2477543354034424,1.2477543354034424,1.5726346969604492,0.7375170114877663,0.6269468635175083,-2.839299388220894,0.20333333333333334,61,1.3555555555555556,4,45,HILCodec_3kbps,2094-142345-0000.flac,123
random_loss,0.2,importance_aware,neighbor_copy,0.1,300,30,0.20666666666666667,0.20333333333333337,1.4477934837341309,1.4477934837341309,2.122189998626709,0.8240084234905817,0.7351192420474385,-1.4069711860409817,0.20333333333333334,61,1.3555555555555556,4,45,HILCodec_3kbps,2094-142345-0000.flac,123
random_loss,0.2,importance_selective,zero_fill,0.1,300,30,0.21666666666666667,0.21666666666666667,1.2142876386642456,1.2142876386642456,1.4443700313568115,0.6658082854276814,0.6302989012861482,-4.115043423838914,0.21666666666666667,65,1.3541666666666667,3,48,HILCodec_3kbps,2094-142345-0000.flac,42
random_loss,0.2,importance_selective,neighbor_copy,0.1,300,30,0.21666666666666667,0.21666666666666667,1.4482700824737549,1.4482700824737549,2.0791749954223633,0.826471288844545,0.7466386797978207,-2.334527599098454,0.21666666666666667,65,1.3541666666666667,3,48,HILCodec_3kbps,2094-142345-0000.flac,42
random_loss,0.2,importance_selective,zero_fill,0.1,300,30,0.20666666666666667,0.20666666666666667,1.294224500656128,1.294224500656128,1.6064084768295288,0.7402460649540458,0.6617992029386309,-3.2551935435359836,0.20666666666666667,62,1.3478260869565217,4,46,HILCodec_3kbps,2094-142345-0000.flac,123
random_loss,0.2,importance_selective,neighbor_copy,0.1,300,30,0.20666666666666667,0.20666666666666667,1.460180640220642,1.460180640220642,2.0966005325317383,0.8404249939496995,0.7453791863294283,-2.6344123851834444,0.20666666666666667,62,1.3478260869565217,4,46,HILCodec_3kbps,2094-142345-0000.flac,123
random_loss,0.3,none,zero_fill,0.1,300,0,0.32333333333333336,0.32333333333333336,1.1423072814941406,1.1423072814941406,1.309260606765747,0.6056578834315898,0.4697822359591091,-7.091681244279844,0.3233333333333333,97,1.564516129032258,8,62,HILCodec_3kbps,2094-142345-0000.flac,42
random_loss,0.3,none,neighbor_copy,0.1,300,0,0.32333333333333336,0.32333333333333336,1.21658194065094,1.21658194065094,1.5825378894805908,0.7312982594790878,0.6142034496767727,-6.3432846297164405,0.3233333333333333,97,1.564516129032258,8,62,HILCodec_3kbps,2094-142345-0000.flac,42
random_loss,0.3,none,zero_fill,0.1,300,0,0.3433333333333334,0.3433333333333334,1.1092255115509033,1.1092255115509033,1.3103643655776978,0.6090943395612728,0.46131826956128874,-6.851263441124365,0.3433333333333333,103,1.5846153846153845,6,65,HILCodec_3kbps,2094-142345-0000.flac,123
random_loss,0.3,none,neighbor_copy,0.1,300,0,0.3433333333333334,0.3433333333333334,1.2479594945907593,1.2479594945907593,1.710129737854004,0.7416957292579531,0.6439499045230287,-3.398706830058992,0.3433333333333333,103,1.5846153846153845,6,65,HILCodec_3kbps,2094-142345-0000.flac,123
random_loss,0.3,random,zero_fill,0.1,300,30,0.31999999999999995,0.2833333333333333,1.2277820110321045,1.2277820110321045,1.458616018295288,0.6210959941889492,0.6089941218076165,-5.079578648741421,0.2833333333333333,85,1.4655172413793103,5,58,HILCodec_3kbps,2094-142345-0000.flac,42
random_loss,0.3,random,neighbor_copy,0.1,300,30,0.31999999999999995,0.2833333333333333,1.431145429611206,1.431145429611206,2.0266706943511963,0.8062219157227848,0.7199824475173756,-3.106688536010618,0.2833333333333333,85,1.4655172413793103,5,58,HILCodec_3kbps,2094-142345-0000.flac,42
random_loss,0.3,random,zero_fill,0.1,300,30,0.32666666666666666,0.31000000000000005,1.1616315841674805,1.1616315841674805,1.3812514543533325,0.5651737379180738,0.5326837723670031,-7.130681473528825,0.31,93,1.5245901639344261,6,61,HILCodec_3kbps,2094-142345-0000.flac,123
random_loss,0.3,random,neighbor_copy,0.1,300,30,0.32666666666666666,0.31000000000000005,1.303638219833374,1.303638219833374,1.6578497886657715,0.7502178106090448,0.6675849901608307,-6.823649280490482,0.31,93,1.5245901639344261,6,61,HILCodec_3kbps,2094-142345-0000.flac,123
random_loss,0.3,heuristic,zero_fill,0.1,300,30,0.32333333333333336,0.30333333333333334,1.149562120437622,1.149562120437622,1.307077407836914,0.6213674346106343,0.5001578598300475,-6.875385373669265,0.30333333333333334,91,1.5166666666666666,8,60,HILCodec_3kbps,2094-142345-0000.flac,42
random_loss,0.3,heuristic,neighbor_copy,0.1,300,30,0.32333333333333336,0.30333333333333334,1.1920802593231201,1.1920802593231201,1.4781296253204346,0.767386724178081,0.6241760676707977,-6.220688627505284,0.30333333333333334,91,1.5166666666666666,8,60,HILCodec_3kbps,2094-142345-0000.flac,42
random_loss,0.3,heuristic,zero_fill,0.1,300,30,0.3433333333333334,0.32333333333333336,1.1460202932357788,1.1460202932357788,1.443252682685852,0.6421405859928623,0.4882938270422387,-5.2319558791879555,0.3233333333333333,97,1.6166666666666667,6,60,HILCodec_3kbps,2094-142345-0000.flac,123
random_loss,0.3,heuristic,neighbor_copy,0.1,300,30,0.3433333333333334,0.32333333333333336,1.2824091911315918,1.2824091911315918,1.8156898021697998,0.7629881258036454,0.6579754845182552,-2.1104090186604867,0.3233333333333333,97,1.6166666666666667,6,60,HILCodec_3kbps,2094-142345-0000.flac,123
random_loss,0.3,importance_aware,zero_fill,0.1,300,30,0.32333333333333336,0.30000000000000004,1.1634074449539185,1.1634074449539185,1.3224238157272339,0.6212905161095551,0.5083878531080441,-6.604239750212974,0.3,90,1.5,8,60,HILCodec_3kbps,2094-142345-0000.flac,42
random_loss,0.3,importance_aware,neighbor_copy,0.1,300,30,0.32333333333333336,0.30000000000000004,1.2256534099578857,1.2256534099578857,1.7028428316116333,0.7790447671504873,0.6545080462751073,-5.623951962726946,0.3,90,1.5,8,60,HILCodec_3kbps,2094-142345-0000.flac,42
random_loss,0.3,importance_aware,zero_fill,0.1,300,30,0.3433333333333334,0.32333333333333336,1.1460202932357788,1.1460202932357788,1.443252682685852,0.6421405859928623,0.4882938270422388,-5.2319558791879555,0.3233333333333333,97,1.6166666666666667,6,60,HILCodec_3kbps,2094-142345-0000.flac,123
random_loss,0.3,importance_aware,neighbor_copy,0.1,300,30,0.3433333333333334,0.32333333333333336,1.2824091911315918,1.2824091911315918,1.8156898021697998,0.7629881258036454,0.6579754845182552,-2.1104090186604867,0.3233333333333333,97,1.6166666666666667,6,60,HILCodec_3kbps,2094-142345-0000.flac,123
random_loss,0.3,importance_selective,zero_fill,0.1,300,30,0.32666666666666666,0.32666666666666666,1.1815416812896729,1.1815416812896729,1.40448796749115,0.5934863855892206,0.5325074963555381,-6.242085616702293,0.32666666666666666,98,1.5076923076923077,5,65,HILCodec_3kbps,2094-142345-0000.flac,42
random_loss,0.3,importance_selective,neighbor_copy,0.1,300,30,0.32666666666666666,0.32666666666666666,1.3158454895019531,1.3158454895019531,1.937971591949463,0.7893218408790107,0.6919748660271642,-4.334922547689813,0.32666666666666666,98,1.5076923076923077,5,65,HILCodec_3kbps,2094-142345-0000.flac,42
random_loss,0.3,importance_selective,zero_fill,0.1,300,30,0.33333333333333337,0.33333333333333337,1.1598325967788696,1.1598325967788696,1.3684513568878174,0.6171090927400874,0.5226735693893055,-5.721999428393616,0.3333333333333333,100,1.6129032258064515,5,62,HILCodec_3kbps,2094-142345-0000.flac,123
random_loss,0.3,importance_selective,neighbor_copy,0.1,300,30,0.33333333333333337,0.33333333333333337,1.2827365398406982,1.2827365398406982,1.6323275566101074,0.7892295894797596,0.6843811138085805,-4.453871912421841,0.3333333333333333,100,1.6129032258064515,5,62,HILCodec_3kbps,2094-142345-0000.flac,123
random_loss,0.4,none,zero_fill,0.1,300,0,0.41000000000000003,0.41000000000000003,1.1190272569656372,1.1190272569656372,1.2878241539001465,0.5775795280654826,0.4115012084541977,-8.999108974552161,0.41,123,1.662162162162162,8,74,HILCodec_3kbps,2094-142345-0000.flac,42
random_loss,0.4,none,neighbor_copy,0.1,300,0,0.41000000000000003,0.41000000000000003,1.2062212228775024,1.2062212228775024,1.5184719562530518,0.702426056164136,0.5785782392502888,-7.483761168837807,0.41,123,1.662162162162162,8,74,HILCodec_3kbps,2094-142345-0000.flac,42
random_loss,0.4,none,zero_fill,0.1,300,0,0.42333333333333334,0.42333333333333334,1.0953809022903442,1.0953809022903442,1.395614743232727,0.5377847914518447,0.38481087872611347,-9.503908096514241,0.42333333333333334,127,1.7887323943661972,6,71,HILCodec_3kbps,2094-142345-0000.flac,123
random_loss,0.4,none,neighbor_copy,0.1,300,0,0.42333333333333334,0.42333333333333334,1.1713852882385254,1.1713852882385254,1.458956241607666,0.6970151719775907,0.5625623367627621,-6.201529919339648,0.42333333333333334,127,1.7887323943661972,6,71,HILCodec_3kbps,2094-142345-0000.flac,123
random_loss,0.4,random,zero_fill,0.1,300,30,0.42000000000000004,0.3733333333333333,1.1270378828048706,1.1270378828048706,1.4153835773468018,0.5707888524848882,0.5306912837001538,-7.553847697411358,0.37333333333333335,112,1.6,5,70,HILCodec_3kbps,2094-142345-0000.flac,42
random_loss,0.4,random,neighbor_copy,0.1,300,30,0.42000000000000004,0.3733333333333333,1.34975266456604,1.34975266456604,1.9016883373260498,0.7858166782975888,0.6876460996443517,-4.714216032500613,0.37333333333333335,112,1.6,5,70,HILCodec_3kbps,2094-142345-0000.flac,42
random_loss,0.4,random,zero_fill,0.1,300,30,0.42333333333333334,0.3966666666666666,1.1064649820327759,1.1064649820327759,1.3499360084533691,0.5413668297430603,0.4586552011888501,-9.23850486886335,0.39666666666666667,119,1.6527777777777777,6,72,HILCodec_3kbps,2094-142345-0000.flac,123
random_loss,0.4,random,neighbor_copy,0.1,300,30,0.42333333333333334,0.3966666666666666,1.2504056692123413,1.2504056692123413,1.562309741973877,0.6865772995424864,0.6058466500889351,-6.975647415998093,0.39666666666666667,119,1.6527777777777777,6,72,HILCodec_3kbps,2094-142345-0000.flac,123
random_loss,0.4,heuristic,zero_fill,0.1,300,30,0.41000000000000003,0.3833333333333333,1.1258745193481445,1.1258745193481445,1.265366554260254,0.5923763189564157,0.446218692306507,-8.449725663748886,0.38333333333333336,115,1.6428571428571428,8,70,HILCodec_3kbps,2094-142345-0000.flac,42
random_loss,0.4,heuristic,neighbor_copy,0.1,300,30,0.41000000000000003,0.3833333333333333,1.2137529850006104,1.2137529850006104,1.4550036191940308,0.7482378724818413,0.5943130842635967,-7.226629816338511,0.38333333333333336,115,1.6428571428571428,8,70,HILCodec_3kbps,2094-142345-0000.flac,42
random_loss,0.4,heuristic,zero_fill,0.1,300,30,0.42333333333333334,0.3933333333333333,1.1028372049331665,1.1028372049331665,1.361595630645752,0.5770275745263634,0.4127999462201133,-7.686911365848024,0.3933333333333333,118,1.7611940298507462,6,67,HILCodec_3kbps,2094-142345-0000.flac,123
random_loss,0.4,heuristic,neighbor_copy,0.1,300,30,0.42333333333333334,0.3933333333333333,1.1939353942871094,1.1939353942871094,1.487080693244934,0.7279262257621714,0.5950395041625933,-4.418403971113401,0.3933333333333333,118,1.7611940298507462,6,67,HILCodec_3kbps,2094-142345-0000.flac,123
random_loss,0.4,importance_aware,zero_fill,0.1,300,30,0.41000000000000003,0.38,1.1262041330337524,1.1262041330337524,1.2892824411392212,0.592830111126618,0.45580144652010873,-8.199246977060232,0.38,114,1.6285714285714286,8,70,HILCodec_3kbps,2094-142345-0000.flac,42
random_loss,0.4,importance_aware,neighbor_copy,0.1,300,30,0.41000000000000003,0.38,1.233374834060669,1.233374834060669,1.664337396621704,0.7614504863032281,0.6263780072966018,-6.590422874298314,0.38,114,1.6285714285714286,8,70,HILCodec_3kbps,2094-142345-0000.flac,42
random_loss,0.4,importance_aware,zero_fill,0.1,300,30,0.42333333333333334,0.3966666666666666,1.1034562587738037,1.1034562587738037,1.3719186782836914,0.5702603227481673,0.4121571574668787,-7.717037158492625,0.39666666666666667,119,1.803030303030303,6,66,HILCodec_3kbps,2094-142345-0000.flac,123
random_loss,0.4,importance_aware,neighbor_copy,0.1,300,30,0.42333333333333334,0.3966666666666666,1.226388692855835,1.226388692855835,1.6577165126800537,0.7314585347301135,0.6108126916999674,-4.141415904385841,0.39666666666666667,119,1.803030303030303,6,66,HILCodec_3kbps,2094-142345-0000.flac,123
random_loss,0.4,importance_selective,zero_fill,0.1,300,30,0.4066666666666666,0.4066666666666666,1.1183267831802368,1.1183267831802368,1.289544701576233,0.5506014419282235,0.44046592839438375,-8.30486763968521,0.4066666666666667,122,1.6944444444444444,5,72,HILCodec_3kbps,2094-142345-0000.flac,42
random_loss,0.4,importance_selective,neighbor_copy,0.1,300,30,0.4066666666666666,0.4066666666666666,1.2220287322998047,1.2220287322998047,1.6622576713562012,0.7334712892900154,0.6032934079264368,-7.037881134429956,0.4066666666666667,122,1.6944444444444444,5,72,HILCodec_3kbps,2094-142345-0000.flac,42
random_loss,0.4,importance_selective,zero_fill,0.1,300,30,0.43000000000000005,0.43000000000000005,1.1041725873947144,1.1041725873947144,1.3350601196289062,0.5810575403652322,0.4278368400554214,-8.79854335192157,0.43,129,1.8169014084507042,5,71,HILCodec_3kbps,2094-142345-0000.flac,123
random_loss,0.4,importance_selective,neighbor_copy,0.1,300,30,0.43000000000000005,0.43000000000000005,1.2350651025772095,1.2350651025772095,1.5096964836120605,0.7449951829721982,0.6248500745165968,-7.609871103800852,0.43,129,1.8169014084507042,5,71,HILCodec_3kbps,2094-142345-0000.flac,123
random_loss,0.0,none,zero_fill,0.1,300,0,0.0,0.0,2.8088531494140625,2.8088531494140625,3.4527578353881836,0.9514716805503222,0.8955831169611461,5.310148841841298,0.0,0,0.0,0,0,HILCodec_3kbps,2300-131720-0000.flac,42
random_loss,0.0,none,neighbor_copy,0.1,300,0,0.0,0.0,2.8088531494140625,2.8088531494140625,3.4527578353881836,0.9514716805503222,0.8955831169611461,5.310148841841298,0.0,0,0.0,0,0,HILCodec_3kbps,2300-131720-0000.flac,42
random_loss,0.0,none,zero_fill,0.1,300,0,0.0,0.0,2.8088531494140625,2.8088531494140625,3.4527578353881836,0.9514716805503222,0.8955831169611461,5.310148841841298,0.0,0,0.0,0,0,HILCodec_3kbps,2300-131720-0000.flac,123
random_loss,0.0,none,neighbor_copy,0.1,300,0,0.0,0.0,2.8088531494140625,2.8088531494140625,3.4527578353881836,0.9514716805503222,0.8955831169611461,5.310148841841298,0.0,0,0.0,0,0,HILCodec_3kbps,2300-131720-0000.flac,123
random_loss,0.0,random,zero_fill,0.1,300,30,0.0,0.0,2.8088531494140625,2.8088531494140625,3.4527578353881836,0.9514716805503222,0.8955831169611461,5.310148841841298,0.0,0,0.0,0,0,HILCodec_3kbps,2300-131720-0000.flac,42
random_loss,0.0,random,neighbor_copy,0.1,300,30,0.0,0.0,2.8088531494140625,2.8088531494140625,3.4527578353881836,0.9514716805503222,0.8955831169611461,5.310148841841298,0.0,0,0.0,0,0,HILCodec_3kbps,2300-131720-0000.flac,42
random_loss,0.0,random,zero_fill,0.1,300,30,0.0,0.0,2.8088531494140625,2.8088531494140625,3.4527578353881836,0.9514716805503222,0.8955831169611461,5.310148841841298,0.0,0,0.0,0,0,HILCodec_3kbps,2300-131720-0000.flac,123
random_loss,0.0,random,neighbor_copy,0.1,300,30,0.0,0.0,2.8088531494140625,2.8088531494140625,3.4527578353881836,0.9514716805503222,0.8955831169611461,5.310148841841298,0.0,0,0.0,0,0,HILCodec_3kbps,2300-131720-0000.flac,123
random_loss,0.0,heuristic,zero_fill,0.1,300,30,0.0,0.0,2.8088531494140625,2.8088531494140625,3.4527578353881836,0.9514716805503222,0.8955831169611461,5.310148841841298,0.0,0,0.0,0,0,HILCodec_3kbps,2300-131720-0000.flac,42
random_loss,0.0,heuristic,neighbor_copy,0.1,300,30,0.0,0.0,2.8088531494140625,2.8088531494140625,3.4527578353881836,0.9514716805503222,0.8955831169611461,5.310148841841298,0.0,0,0.0,0,0,HILCodec_3kbps,2300-131720-0000.flac,42
random_loss,0.0,heuristic,zero_fill,0.1,300,30,0.0,0.0,2.8088531494140625,2.8088531494140625,3.4527578353881836,0.9514716805503222,0.8955831169611461,5.310148841841298,0.0,0,0.0,0,0,HILCodec_3kbps,2300-131720-0000.flac,123
random_loss,0.0,heuristic,neighbor_copy,0.1,300,30,0.0,0.0,2.8088531494140625,2.8088531494140625,3.4527578353881836,0.9514716805503222,0.8955831169611461,5.310148841841298,0.0,0,0.0,0,0,HILCodec_3kbps,2300-131720-0000.flac,123
random_loss,0.0,importance_aware,zero_fill,0.1,300,30,0.0,0.0,2.8088531494140625,2.8088531494140625,3.4527578353881836,0.9514716805503222,0.8955831169611461,5.310148841841298,0.0,0,0.0,0,0,HILCodec_3kbps,2300-131720-0000.flac,42
random_loss,0.0,importance_aware,neighbor_copy,0.1,300,30,0.0,0.0,2.8088531494140625,2.8088531494140625,3.4527578353881836,0.9514716805503222,0.8955831169611461,5.310148841841298,0.0,0,0.0,0,0,HILCodec_3kbps,2300-131720-0000.flac,42
random_loss,0.0,importance_aware,zero_fill,0.1,300,30,0.0,0.0,2.8088531494140625,2.8088531494140625,3.4527578353881836,0.9514716805503222,0.8955831169611461,5.310148841841298,0.0,0,0.0,0,0,HILCodec_3kbps,2300-131720-0000.flac,123
random_loss,0.0,importance_aware,neighbor_copy,0.1,300,30,0.0,0.0,2.8088531494140625,2.8088531494140625,3.4527578353881836,0.9514716805503222,0.8955831169611461,5.310148841841298,0.0,0,0.0,0,0,HILCodec_3kbps,2300-131720-0000.flac,123
random_loss,0.0,importance_selective,zero_fill,0.1,300,30,0.0,0.0,2.8088531494140625,2.8088531494140625,3.4527578353881836,0.9514716805503222,0.8955831169611461,5.310148841841298,0.0,0,0.0,0,0,HILCodec_3kbps,2300-131720-0000.flac,42
random_loss,0.0,importance_selective,neighbor_copy,0.1,300,30,0.0,0.0,2.8088531494140625,2.8088531494140625,3.4527578353881836,0.9514716805503222,0.8955831169611461,5.310148841841298,0.0,0,0.0,0,0,HILCodec_3kbps,2300-131720-0000.flac,42
random_loss,0.0,importance_selective,zero_fill,0.1,300,30,0.0,0.0,2.8088531494140625,2.8088531494140625,3.4527578353881836,0.9514716805503222,0.8955831169611461,5.310148841841298,0.0,0,0.0,0,0,HILCodec_3kbps,2300-131720-0000.flac,123
random_loss,0.0,importance_selective,neighbor_copy,0.1,300,30,0.0,0.0,2.8088531494140625,2.8088531494140625,3.4527578353881836,0.9514716805503222,0.8955831169611461,5.310148841841298,0.0,0,0.0,0,0,HILCodec_3kbps,2300-131720-0000.flac,123
random_loss,0.01,none,zero_fill,0.1,300,0,0.0033333333333332993,0.0033333333333332993,2.7815096378326416,2.7815096378326416,3.4319725036621094,0.9510190727753055,0.8950655495219837,5.298545070830805,0.0033333333333333335,1,1.0,1,1,HILCodec_3kbps,2300-131720-0000.flac,42
random_loss,0.01,none,neighbor_copy,0.1,300,0,0.0033333333333332993,0.0033333333333332993,2.785137414932251,2.785137414932251,3.4554390907287598,0.9506966488610769,0.8950531327097281,5.280708931654243,0.0033333333333333335,1,1.0,1,1,HILCodec_3kbps,2300-131720-0000.flac,42
random_loss,0.01,none,zero_fill,0.1,300,0,0.013333333333333308,0.013333333333333308,2.5290002822875977,2.5290002822875977,3.3031272888183594,0.9388867870724402,0.8794478736136917,4.998612426407164,0.013333333333333334,4,1.0,1,4,HILCodec_3kbps,2300-131720-0000.flac,123
random_loss,0.01,none,neighbor_copy,0.1,300,0,0.013333333333333308,0.013333333333333308,2.6083567142486572,2.6083567142486572,3.3851070404052734,0.949099364382672,0.8888409365314266,5.187673209916328,0.013333333333333334,4,1.0,1,4,HILCodec_3kbps,2300-131720-0000.flac,123
random_loss,0.01,random,zero_fill,0.1,300,30,0.0033333333333332993,0.0033333333333332993,2.4778900146484375,2.4778900146484375,3.322927713394165,0.9489260303628619,0.8910861716468897,4.856588275088382,0.0033333333333333335,1,1.0,1,1,HILCodec_3kbps,2300-131720-0000.flac,42
random_loss,0.01,random,neighbor_copy,0.1,300,30,0.0033333333333332993,0.0033333333333332993,2.766941785812378,2.766941785812378,3.4330227375030518,0.9494111005173415,0.8930331333341837,4.896927397200824,0.0033333333333333335,1,1.0,1,1,HILCodec_3kbps,2300-131720-0000.flac,42
random_loss,0.01,random,zero_fill,0.1,300,30,0.01666666666666672,0.01666666666666672,2.040144443511963,2.040144443511963,2.8982677459716797,0.947392022626701,0.8841231976379433,4.6963951707467615,0.016666666666666666,5,1.0,1,5,HILCodec_3kbps,2300-131720-0000.flac,123
random_loss,0.01,random,neighbor_copy,0.1,300,30,0.01666666666666672,0.01666666666666672,2.291973114013672,2.291973114013672,3.1780993938446045,0.9490259926648632,0.8895610388485817,4.855079405450536,0.016666666666666666,5,1.0,1,5,HILCodec_3kbps,2300-131720-0000.flac,123
random_loss,0.01,heuristic,zero_fill,0.1,300,30,0.0033333333333332993,0.0033333333333332993,2.7815096378326416,2.7815096378326416,3.4319725036621094,0.9510190727753055,0.8950655495219838,5.298545070830805,0.0033333333333333335,1,1.0,1,1,HILCodec_3kbps,2300-131720-0000.flac,42
random_loss,0.01,heuristic,neighbor_copy,0.1,300,30,0.0033333333333332993,0.0033333333333332993,2.785137414932251,2.785137414932251,3.4554390907287598,0.9506966488610769,0.8950531327097281,5.280708931654243,0.0033333333333333335,1,1.0,1,1,HILCodec_3kbps,2300-131720-0000.flac,42
random_loss,0.01,heuristic,zero_fill,0.1,300,30,0.013333333333333308,0.013333333333333308,2.5290002822875977,2.5290002822875977,3.3031272888183594,0.9388867870724402,0.8794478736136918,4.998612426407164,0.013333333333333334,4,1.0,1,4,HILCodec_3kbps,2300-131720-0000.flac,123
random_loss,0.01,heuristic,neighbor_copy,0.1,300,30,0.013333333333333308,0.013333333333333308,2.6083567142486572,2.6083567142486572,3.3851070404052734,0.949099364382672,0.8888409365314266,5.187673209916328,0.013333333333333334,4,1.0,1,4,HILCodec_3kbps,2300-131720-0000.flac,123
random_loss,0.01,importance_aware,zero_fill,0.1,300,30,0.0033333333333332993,0.0033333333333332993,2.7815096378326416,2.7815096378326416,3.4319725036621094,0.9510190727753055,0.8950655495219837,5.298545070830805,0.0033333333333333335,1,1.0,1,1,HILCodec_3kbps,2300-131720-0000.flac,42
random_loss,0.01,importance_aware,neighbor_copy,0.1,300,30,0.0033333333333332993,0.0033333333333332993,2.785137414932251,2.785137414932251,3.4554390907287598,0.9506966488610769,0.8950531327097281,5.280708931654243,0.0033333333333333335,1,1.0,1,1,HILCodec_3kbps,2300-131720-0000.flac,42
random_loss,0.01,importance_aware,zero_fill,0.1,300,30,0.013333333333333308,0.013333333333333308,2.5290002822875977,2.5290002822875977,3.3031272888183594,0.9388867870724402,0.8794478736136917,4.998612426407164,0.013333333333333334,4,1.0,1,4,HILCodec_3kbps,2300-131720-0000.flac,123
random_loss,0.01,importance_aware,neighbor_copy,0.1,300,30,0.013333333333333308,0.013333333333333308,2.6083567142486572,2.6083567142486572,3.3851070404052734,0.949099364382672,0.8888409365314266,5.187673209916328,0.013333333333333334,4,1.0,1,4,HILCodec_3kbps,2300-131720-0000.flac,123
random_loss,0.01,importance_selective,zero_fill,0.1,300,30,0.0033333333333332993,0.0033333333333332993,2.7945103645324707,2.7945103645324707,3.449521780014038,0.9513766469583416,0.8959877075294655,5.301212170815503,0.0033333333333333335,1,1.0,1,1,HILCodec_3kbps,2300-131720-0000.flac,42
random_loss,0.01,importance_selective,neighbor_copy,0.1,300,30,0.0033333333333332993,0.0033333333333332993,2.785645008087158,2.785645008087158,3.4346799850463867,0.9511470563116823,0.8921594528648668,5.296507764589121,0.0033333333333333335,1,1.0,1,1,HILCodec_3kbps,2300-131720-0000.flac,42
random_loss,0.01,importance_selective,zero_fill,0.1,300,30,0.010000000000000009,0.010000000000000009,2.6738619804382324,2.6738619804382324,3.2736153602600098,0.9500876245609371,0.8935873010490167,5.290228628568421,0.01,3,1.0,1,3,HILCodec_3kbps,2300-131720-0000.flac,123
random_loss,0.01,importance_selective,neighbor_copy,0.1,300,30,0.010000000000000009,0.010000000000000009,2.7918701171875,2.7918701171875,3.426591396331787,0.9515212154938885,0.895208353028983,5.29705589759191,0.01,3,1.0,1,3,HILCodec_3kbps,2300-131720-0000.flac,123
random_loss,0.03,none,zero_fill,0.1,300,0,0.026666666666666616,0.026666666666666616,2.0672476291656494,2.0672476291656494,2.748957633972168,0.9370296760152442,0.8713759800266341,4.871059043746403,0.02666666666666667,8,1.0,1,8,HILCodec_3kbps,2300-131720-0000.flac,42
random_loss,0.03,none,neighbor_copy,0.1,300,0,0.026666666666666616,0.026666666666666616,2.6526741981506348,2.6526741981506348,3.3314383029937744,0.9475802279702931,0.8888910627291718,5.004641007722035,0.02666666666666667,8,1.0,1,8,HILCodec_3kbps,2300-131720-0000.flac,42
random_loss,0.03,none,zero_fill,0.1,300,0,0.033333333333333326,0.033333333333333326,2.1987345218658447,2.1987345218658447,3.0319337844848633,0.9311160259340712,0.8629882636706856,4.638834418290499,0.03333333333333333,10,1.0,1,10,HILCodec_3kbps,2300-131720-0000.flac,123
random_loss,0.03,none,neighbor_copy,0.1,300,0,0.033333333333333326,0.033333333333333326,1.9392352104187012,1.9392352104187012,2.858172655105591,0.9373066080636231,0.867980504684607,4.661236298267254,0.03333333333333333,10,1.0,1,10,HILCodec_3kbps,2300-131720-0000.flac,123
random_loss,0.03,random,zero_fill,0.1,300,30,0.026666666666666616,0.020000000000000018,1.9170281887054443,1.9170281887054443,2.8446738719940186,0.9413756224136266,0.8610936514690771,4.421250113889467,0.02,6,1.0,1,6,HILCodec_3kbps,2300-131720-0000.flac,42
random_loss,0.03,random,neighbor_copy,0.1,300,30,0.026666666666666616,0.020000000000000018,2.327504873275757,2.327504873275757,3.2625577449798584,0.9461258209913844,0.8819066516099329,4.08244014927177,0.02,6,1.0,1,6,HILCodec_3kbps,2300-131720-0000.flac,42
random_loss,0.03,random,zero_fill,0.1,300,30,0.033333333333333326,0.033333333333333326,1.820169448852539,1.820169448852539,2.612947463989258,0.9353076787581476,0.8647140537464086,3.7407777002448617,0.03333333333333333,10,1.0,1,10,HILCodec_3kbps,2300-131720-0000.flac,123
random_loss,0.03,random,neighbor_copy,0.1,300,30,0.033333333333333326,0.033333333333333326,2.0531017780303955,2.0531017780303955,2.82867431640625,0.9459170427187445,0.8813842408332203,4.320993471936893,0.03333333333333333,10,1.0,1,10,HILCodec_3kbps,2300-131720-0000.flac,123
random_loss,0.03,heuristic,zero_fill,0.1,300,30,0.026666666666666616,0.023333333333333317,2.2563252449035645,2.2563252449035645,2.9511075019836426,0.937809096068919,0.8725970286801422,4.883841014425512,0.023333333333333334,7,1.0,1,7,HILCodec_3kbps,2300-131720-0000.flac,42
random_loss,0.03,heuristic,neighbor_copy,0.1,300,30,0.026666666666666616,0.023333333333333317,2.6641504764556885,2.6641504764556885,3.3409981727600098,0.948041044793242,0.8896337361040232,5.01016109336291,0.023333333333333334,7,1.0,1,7,HILCodec_3kbps,2300-131720-0000.flac,42
random_loss,0.03,heuristic,zero_fill,0.1,300,30,0.033333333333333326,0.026666666666666616,2.442742347717285,2.442742347717285,3.20815110206604,0.933147072182213,0.8725018177664504,4.7368952209644455,0.02666666666666667,8,1.0,1,8,HILCodec_3kbps,2300-131720-0000.flac,123
random_loss,0.03,heuristic,neighbor_copy,0.1,300,30,0.033333333333333326,0.026666666666666616,2.56601619720459,2.56601619720459,3.328150987625122,0.9455179536085755,0.8851179725179741,5.053323657788842,0.02666666666666667,8,1.0,1,8,HILCodec_3kbps,2300-131720-0000.flac,123
random_loss,0.03,importance_aware,zero_fill,0.1,300,30,0.026666666666666616,0.023333333333333317,2.2563252449035645,2.2563252449035645,2.9511075019836426,0.937809096068919,0.8725970286801422,4.883841014425512,0.023333333333333334,7,1.0,1,7,HILCodec_3kbps,2300-131720-0000.flac,42
random_loss,0.03,importance_aware,neighbor_copy,0.1,300,30,0.026666666666666616,0.023333333333333317,2.6641504764556885,2.6641504764556885,3.3409981727600098,0.948041044793242,0.8896337361040232,5.01016109336291,0.023333333333333334,7,1.0,1,7,HILCodec_3kbps,2300-131720-0000.flac,42
random_loss,0.03,importance_aware,zero_fill,0.1,300,30,0.033333333333333326,0.026666666666666616,2.442742347717285,2.442742347717285,3.20815110206604,0.933147072182213,0.8725018177664504,4.7368952209644455,0.02666666666666667,8,1.0,1,8,HILCodec_3kbps,2300-131720-0000.flac,123
random_loss,0.03,importance_aware,neighbor_copy,0.1,300,30,0.033333333333333326,0.026666666666666616,2.56601619720459,2.56601619720459,3.328150987625122,0.9455179536085755,0.8851179725179741,5.053323657788842,0.02666666666666667,8,1.0,1,8,HILCodec_3kbps,2300-131720-0000.flac,123
random_loss,0.03,importance_selective,zero_fill,0.1,300,30,0.030000000000000027,0.030000000000000027,2.1877024173736572,2.1877024173736572,2.829758882522583,0.9378764781012574,0.8620368108469749,4.379334866677053,0.03,9,1.0,1,9,HILCodec_3kbps,2300-131720-0000.flac,42
random_loss,0.03,importance_selective,neighbor_copy,0.1,300,30,0.030000000000000027,0.030000000000000027,2.6478006839752197,2.6478006839752197,3.327461004257202,0.9468225170949272,0.8760004296320472,4.909288793422125,0.03,9,1.0,1,9,HILCodec_3kbps,2300-131720-0000.flac,42
random_loss,0.03,importance_selective,zero_fill,0.1,300,30,0.036666666666666625,0.036666666666666625,1.7984298467636108,1.7984298467636108,2.467538595199585,0.9210676807150792,0.8619323165385457,3.1331399943704383,0.03666666666666667,11,1.1,2,10,HILCodec_3kbps,2300-131720-0000.flac,123
random_loss,0.03,importance_selective,neighbor_copy,0.1,300,30,0.036666666666666625,0.036666666666666625,1.8784486055374146,1.8784486055374146,2.828618049621582,0.9351505059304497,0.8785374551849654,3.4500221483563,0.03666666666666667,11,1.1,2,10,HILCodec_3kbps,2300-131720-0000.flac,123
random_loss,0.05,none,zero_fill,0.1,300,0,0.050000000000000044,0.050000000000000044,1.837123155593872,1.837123155593872,2.5022857189178467,0.9253190116752492,0.8563325457673715,4.507216912991819,0.05,15,1.0,1,15,HILCodec_3kbps,2300-131720-0000.flac,42
random_loss,0.05,none,neighbor_copy,0.1,300,0,0.050000000000000044,0.050000000000000044,2.439685344696045,2.439685344696045,3.258991003036499,0.946623680618866,0.8870072389371058,4.785469073608426,0.05,15,1.0,1,15,HILCodec_3kbps,2300-131720-0000.flac,42
random_loss,0.05,none,zero_fill,0.1,300,0,0.050000000000000044,0.050000000000000044,2.0700955390930176,2.0700955390930176,2.8631508350372314,0.9275857169211812,0.8518586482232194,4.361440930457606,0.05,15,1.0714285714285714,2,14,HILCodec_3kbps,2300-131720-0000.flac,123
random_loss,0.05,none,neighbor_copy,0.1,300,0,0.050000000000000044,0.050000000000000044,1.8876146078109741,1.8876146078109741,2.819000720977783,0.9366446507880968,0.8664627662129032,4.585199160222146,0.05,15,1.0714285714285714,2,14,HILCodec_3kbps,2300-131720-0000.flac,123
random_loss,0.05,random,zero_fill,0.1,300,30,0.046666666666666634,0.033333333333333326,1.6786892414093018,1.6786892414093018,2.3660223484039307,0.9300061953298172,0.8457725456313798,2.301949178661891,0.03333333333333333,10,1.0,1,10,HILCodec_3kbps,2300-131720-0000.flac,42
random_loss,0.05,random,neighbor_copy,0.1,300,30,0.046666666666666634,0.033333333333333326,2.2618839740753174,2.2618839740753174,3.1557092666625977,0.9419889262653443,0.8772044697969514,3.7118504397874537,0.03333333333333333,10,1.0,1,10,HILCodec_3kbps,2300-131720-0000.flac,42
random_loss,0.05,random,zero_fill,0.1,300,30,0.053333333333333344,0.050000000000000044,1.7709676027297974,1.7709676027297974,2.5352795124053955,0.9288483023878291,0.8467822276689044,2.8755170067795173,0.05,15,1.0714285714285714,2,14,HILCodec_3kbps,2300-131720-0000.flac,123
random_loss,0.05,random,neighbor_copy,0.1,300,30,0.053333333333333344,0.050000000000000044,1.9123764038085938,1.9123764038085938,2.69150710105896,0.9414017361647742,0.8728168249096545,3.6198232770706906,0.05,15,1.0714285714285714,2,14,HILCodec_3kbps,2300-131720-0000.flac,123
random_loss,0.05,heuristic,zero_fill,0.1,300,30,0.050000000000000044,0.046666666666666634,1.9652421474456787,1.9652421474456787,2.6593191623687744,0.9261000582839024,0.8575530931231001,4.519040932388339,0.04666666666666667,14,1.0,1,14,HILCodec_3kbps,2300-131720-0000.flac,42
random_loss,0.05,heuristic,neighbor_copy,0.1,300,30,0.050000000000000044,0.046666666666666634,2.4492292404174805,2.4492292404174805,3.264446496963501,0.9470849754090833,0.8877493303377999,4.79092464641912,0.04666666666666667,14,1.0,1,14,HILCodec_3kbps,2300-131720-0000.flac,42
random_loss,0.05,heuristic,zero_fill,0.1,300,30,0.050000000000000044,0.043333333333333335,2.1836674213409424,2.1836674213409424,2.988241195678711,0.9294125081543246,0.8608720311854989,4.443314807857922,0.043333333333333335,13,1.0833333333333333,2,12,HILCodec_3kbps,2300-131720-0000.flac,123
random_loss,0.05,heuristic,neighbor_copy,0.1,300,30,0.050000000000000044,0.043333333333333335,2.477107286453247,2.477107286453247,3.284879207611084,0.9447877978278935,0.8832694124499346,4.970951588282803,0.043333333333333335,13,1.0833333333333333,2,12,HILCodec_3kbps,2300-131720-0000.flac,123
random_loss,0.05,importance_aware,zero_fill,0.1,300,30,0.050000000000000044,0.046666666666666634,1.9652421474456787,1.9652421474456787,2.6593191623687744,0.9261000582839024,0.8575530931231001,4.519040932388339,0.04666666666666667,14,1.0,1,14,HILCodec_3kbps,2300-131720-0000.flac,42
random_loss,0.05,importance_aware,neighbor_copy,0.1,300,30,0.050000000000000044,0.046666666666666634,2.4492292404174805,2.4492292404174805,3.264446496963501,0.9470849754090833,0.8877493303377999,4.79092464641912,0.04666666666666667,14,1.0,1,14,HILCodec_3kbps,2300-131720-0000.flac,42
random_loss,0.05,importance_aware,zero_fill,0.1,300,30,0.050000000000000044,0.043333333333333335,2.1836674213409424,2.1836674213409424,2.988241195678711,0.9294125081543246,0.860872031185499,4.443314807857922,0.043333333333333335,13,1.0833333333333333,2,12,HILCodec_3kbps,2300-131720-0000.flac,123
random_loss,0.05,importance_aware,neighbor_copy,0.1,300,30,0.050000000000000044,0.043333333333333335,2.477107286453247,2.477107286453247,3.284879207611084,0.9447877978278935,0.8832694124499346,4.970951588282803,0.043333333333333335,13,1.0833333333333333,2,12,HILCodec_3kbps,2300-131720-0000.flac,123
random_loss,0.05,importance_selective,zero_fill,0.1,300,30,0.043333333333333335,0.043333333333333335,1.8501684665679932,1.8501684665679932,2.524091958999634,0.9266078590930907,0.8493430439536727,3.7665253770065696,0.043333333333333335,13,1.0,1,13,HILCodec_3kbps,2300-131720-0000.flac,42
random_loss,0.05,importance_selective,neighbor_copy,0.1,300,30,0.043333333333333335,0.043333333333333335,2.4454314708709717,2.4454314708709717,3.17278790473938,0.9452461108160454,0.8720663293315425,4.5399424561723265,0.043333333333333335,13,1.0,1,13,HILCodec_3kbps,2300-131720-0000.flac,42
random_loss,0.05,importance_selective,zero_fill,0.1,300,30,0.050000000000000044,0.050000000000000044,1.6306614875793457,1.6306614875793457,2.3027350902557373,0.9158922711483823,0.8465258579396882,2.5896408337080628,0.05,15,1.0714285714285714,2,14,HILCodec_3kbps,2300-131720-0000.flac,123
random_loss,0.05,importance_selective,neighbor_copy,0.1,300,30,0.050000000000000044,0.050000000000000044,1.729615569114685,1.729615569114685,2.700174331665039,0.9293618686356003,0.8725254397122605,3.1003912154058195,0.05,15,1.0714285714285714,2,14,HILCodec_3kbps,2300-131720-0000.flac,123
random_loss,0.1,none,zero_fill,0.1,300,0,0.09666666666666668,0.09666666666666668,1.4057607650756836,1.4057607650756836,1.9220128059387207,0.9092825130792495,0.8310912582429042,2.1176306413658144,0.09666666666666666,29,1.0740740740740742,2,27,HILCodec_3kbps,2300-131720-0000.flac,42
random_loss,0.1,none,neighbor_copy,0.1,300,0,0.09666666666666668,0.09666666666666668,1.6018829345703125,1.6018829345703125,2.4397127628326416,0.9186506785189484,0.8462908129884754,2.5919033835496657,0.09666666666666666,29,1.0740740740740742,2,27,HILCodec_3kbps,2300-131720-0000.flac,42
random_loss,0.1,none,zero_fill,0.1,300,0,0.09999999999999998,0.09999999999999998,1.6067531108856201,1.6067531108856201,2.3073813915252686,0.9005388607199679,0.8128021692596916,1.8626358928084534,0.1,30,1.1111111111111112,2,27,HILCodec_3kbps,2300-131720-0000.flac,123
random_loss,0.1,none,neighbor_copy,0.1,300,0,0.09999999999999998,0.09999999999999998,1.4392597675323486,1.4392597675323486,2.1689951419830322,0.9022476405278527,0.8276168418799694,2.0460588823664096,0.1,30,1.1111111111111112,2,27,HILCodec_3kbps,2300-131720-0000.flac,123
random_loss,0.1,random,zero_fill,0.1,300,30,0.08666666666666667,0.06999999999999995,1.5101792812347412,1.5101792812347412,2.1017990112304688,0.912010148400142,0.8045831751314516,1.5045899424076823,0.07,21,1.105263157894737,2,19,HILCodec_3kbps,2300-131720-0000.flac,42
random_loss,0.1,random,neighbor_copy,0.1,300,30,0.08666666666666667,0.06999999999999995,2.1244280338287354,2.1244280338287354,3.0581724643707275,0.935486470581634,0.8683895003752649,2.907929571934516,0.07,21,1.105263157894737,2,19,HILCodec_3kbps,2300-131720-0000.flac,42
random_loss,0.1,random,zero_fill,0.1,300,30,0.10666666666666669,0.10333333333333339,1.3639322519302368,1.3639322519302368,1.896221399307251,0.8964423440073642,0.771298882358687,0.09541672466249788,0.10333333333333333,31,1.1481481481481481,2,27,HILCodec_3kbps,2300-131720-0000.flac,123
random_loss,0.1,random,neighbor_copy,0.1,300,30,0.10666666666666669,0.10333333333333339,1.4687719345092773,1.4687719345092773,2.0941321849823,0.9200472800530901,0.8373873225026057,1.4898500714997465,0.10333333333333333,31,1.1481481481481481,2,27,HILCodec_3kbps,2300-131720-0000.flac,123
random_loss,0.1,heuristic,zero_fill,0.1,300,30,0.09666666666666668,0.08999999999999997,1.4607579708099365,1.4607579708099365,2.0509421825408936,0.9104945038445487,0.8340041284632236,2.951749711024709,0.09,27,1.0384615384615385,2,26,HILCodec_3kbps,2300-131720-0000.flac,42
random_loss,0.1,heuristic,neighbor_copy,0.1,300,30,0.09666666666666668,0.08999999999999997,1.6205518245697021,1.6205518245697021,2.4848334789276123,0.9182619698556445,0.8488885060284002,3.1515688523982743,0.09,27,1.0384615384615385,2,26,HILCodec_3kbps,2300-131720-0000.flac,42
random_loss,0.1,heuristic,zero_fill,0.1,300,30,0.09999999999999998,0.09333333333333338,1.6188623905181885,1.6188623905181885,2.3281280994415283,0.9015569557691839,0.8206006355059675,1.954274508957449,0.09333333333333334,28,1.12,2,25,HILCodec_3kbps,2300-131720-0000.flac,123
random_loss,0.1,heuristic,neighbor_copy,0.1,300,30,0.09999999999999998,0.09333333333333338,1.586547613143921,1.586547613143921,2.2600183486938477,0.9104649826436049,0.8438180344652235,2.405066478207411,0.09333333333333334,28,1.12,2,25,HILCodec_3kbps,2300-131720-0000.flac,123
random_loss,0.1,importance_aware,zero_fill,0.1,300,30,0.09666666666666668,0.08999999999999997,1.4607579708099365,1.4607579708099365,2.0509421825408936,0.9104945038445487,0.8340041284632236,2.951749711024709,0.09,27,1.0384615384615385,2,26,HILCodec_3kbps,2300-131720-0000.flac,42
random_loss,0.1,importance_aware,neighbor_copy,0.1,300,30,0.09666666666666668,0.08999999999999997,1.6205518245697021,1.6205518245697021,2.4848334789276123,0.9182619698556445,0.8488885060284002,3.1515688523982743,0.09,27,1.0384615384615385,2,26,HILCodec_3kbps,2300-131720-0000.flac,42
random_loss,0.1,importance_aware,zero_fill,0.1,300,30,0.09999999999999998,0.09333333333333338,1.6188623905181885,1.6188623905181885,2.3281280994415283,0.9015569557691839,0.8206006355059675,1.954274508957449,0.09333333333333334,28,1.12,2,25,HILCodec_3kbps,2300-131720-0000.flac,123
random_loss,0.1,importance_aware,neighbor_copy,0.1,300,30,0.09999999999999998,0.09333333333333338,1.586547613143921,1.586547613143921,2.2600183486938477,0.9104649826436049,0.8438180344652236,2.405066478207411,0.09333333333333334,28,1.12,2,25,HILCodec_3kbps,2300-131720-0000.flac,123
random_loss,0.1,importance_selective,zero_fill,0.1,300,30,0.09666666666666668,0.09666666666666668,1.5164774656295776,1.5164774656295776,2.0583648681640625,0.8978527339679391,0.8132011598456121,1.8294349893219315,0.09666666666666666,29,1.1153846153846154,2,26,HILCodec_3kbps,2300-131720-0000.flac,42
random_loss,0.1,importance_selective,neighbor_copy,0.1,300,30,0.09666666666666668,0.09666666666666668,2.129148244857788,2.129148244857788,2.905010223388672,0.9382936933656921,0.8560518516384896,4.281483214154562,0.09666666666666666,29,1.1153846153846154,2,26,HILCodec_3kbps,2300-131720-0000.flac,42
random_loss,0.1,importance_selective,zero_fill,0.1,300,30,0.08666666666666667,0.08666666666666667,1.448697566986084,1.448697566986084,2.025371789932251,0.9009047393513746,0.8154558804153378,2.15927738028194,0.08666666666666667,26,1.1304347826086956,2,23,HILCodec_3kbps,2300-131720-0000.flac,123
random_loss,0.1,importance_selective,neighbor_copy,0.1,300,30,0.08666666666666667,0.08666666666666667,1.6729322671890259,1.6729322671890259,2.480921745300293,0.9212432882941864,0.8510244337322364,2.84380937215266,0.08666666666666667,26,1.1304347826086956,2,23,HILCodec_3kbps,2300-131720-0000.flac,123
random_loss,0.2,none,zero_fill,0.1,300,0,0.24,0.24,1.1436245441436768,1.1436245441436768,1.4033045768737793,0.8133578014344415,0.6637555292403367,-1.7782942141199285,0.24,72,1.44,6,50,HILCodec_3kbps,2300-131720-0000.flac,42
random_loss,0.2,none,neighbor_copy,0.1,300,0,0.24,0.24,1.2448620796203613,1.2448620796203613,1.737088680267334,0.8443723147943001,0.7467547231752515,0.1036292325096411,0.24,72,1.44,6,50,HILCodec_3kbps,2300-131720-0000.flac,42
random_loss,0.2,none,zero_fill,0.1,300,0,0.20666666666666667,0.20666666666666667,1.2674750089645386,1.2674750089645386,1.7041473388671875,0.836377458943217,0.6884379533988616,-1.611366883289084,0.20666666666666667,62,1.3478260869565217,4,46,HILCodec_3kbps,2300-131720-0000.flac,123
random_loss,0.2,none,neighbor_copy,0.1,300,0,0.20666666666666667,0.20666666666666667,1.3468410968780518,1.3468410968780518,1.8660796880722046,0.8676613383879342,0.7750994659638037,0.37770522287004066,0.20666666666666667,62,1.3478260869565217,4,46,HILCodec_3kbps,2300-131720-0000.flac,123
random_loss,0.2,random,zero_fill,0.1,300,30,0.22666666666666668,0.19666666666666666,1.2038912773132324,1.2038912773132324,1.5873527526855469,0.8275956681996098,0.6739802262575606,-2.3234601573987876,0.19666666666666666,59,1.4047619047619047,5,42,HILCodec_3kbps,2300-131720-0000.flac,42
random_loss,0.2,random,neighbor_copy,0.1,300,30,0.22666666666666668,0.19666666666666666,1.4734375476837158,1.4734375476837158,2.3419547080993652,0.8767969395433498,0.7823498104480637,0.37058915753897126,0.19666666666666666,59,1.4047619047619047,5,42,HILCodec_3kbps,2300-131720-0000.flac,42
random_loss,0.2,random,zero_fill,0.1,300,30,0.20333333333333337,0.19333333333333336,1.194276213645935,1.194276213645935,1.6487600803375244,0.8271600491088544,0.6771855357936268,-3.594385817580466,0.19333333333333333,58,1.3181818181818181,4,44,HILCodec_3kbps,2300-131720-0000.flac,123
random_loss,0.2,random,neighbor_copy,0.1,300,30,0.20333333333333337,0.19333333333333336,1.3521149158477783,1.3521149158477783,1.905003309249878,0.8888431644458195,0.7995497017786958,-0.8924417905586896,0.19333333333333333,58,1.3181818181818181,4,44,HILCodec_3kbps,2300-131720-0000.flac,123
random_loss,0.2,heuristic,zero_fill,0.1,300,30,0.24,0.20999999999999996,1.1854074001312256,1.1854074001312256,1.52766752243042,0.8437108813767432,0.7077274046954733,-0.879013937449932,0.21,63,1.3695652173913044,3,46,HILCodec_3kbps,2300-131720-0000.flac,42
random_loss,0.2,heuristic,neighbor_copy,0.1,300,30,0.24,0.20999999999999996,1.2991410493850708,1.2991410493850708,1.8069019317626953,0.876654228366943,0.7763221766201542,0.9417455807610203,0.21,63,1.3695652173913044,3,46,HILCodec_3kbps,2300-131720-0000.flac,42
random_loss,0.2,heuristic,zero_fill,0.1,300,30,0.20666666666666667,0.18999999999999995,1.291905403137207,1.291905403137207,1.8801138401031494,0.8500310936325803,0.7266972062009793,-0.9232107122006357,0.19,57,1.3255813953488371,4,43,HILCodec_3kbps,2300-131720-0000.flac,123
random_loss,0.2,heuristic,neighbor_copy,0.1,300,30,0.20666666666666667,0.18999999999999995,1.4661169052124023,1.4661169052124023,2.0270884037017822,0.8833052493444343,0.8008265045011934,1.1518182495517661,0.19,57,1.3255813953488371,4,43,HILCodec_3kbps,2300-131720-0000.flac,123
random_loss,0.2,importance_aware,zero_fill,0.1,300,30,0.24,0.20999999999999996,1.1854074001312256,1.1854074001312256,1.52766752243042,0.8437108813767432,0.7077274046954733,-0.879013937449932,0.21,63,1.3695652173913044,3,46,HILCodec_3kbps,2300-131720-0000.flac,42
random_loss,0.2,importance_aware,neighbor_copy,0.1,300,30,0.24,0.20999999999999996,1.2991410493850708,1.2991410493850708,1.8069019317626953,0.876654228366943,0.7763221766201542,0.9417455807610203,0.21,63,1.3695652173913044,3,46,HILCodec_3kbps,2300-131720-0000.flac,42
random_loss,0.2,importance_aware,zero_fill,0.1,300,30,0.20666666666666667,0.18666666666666665,1.3169242143630981,1.3169242143630981,1.9050095081329346,0.8525221750618956,0.7311582728300756,-0.7085302556546315,0.18666666666666668,56,1.3333333333333333,4,42,HILCodec_3kbps,2300-131720-0000.flac,123
random_loss,0.2,importance_aware,neighbor_copy,0.1,300,30,0.20666666666666667,0.18666666666666665,1.4734828472137451,1.4734828472137451,2.0450732707977295,0.8854091511483747,0.8032801191856745,1.3875726260255705,0.18666666666666668,56,1.3333333333333333,4,42,HILCodec_3kbps,2300-131720-0000.flac,123
random_loss,0.2,importance_selective,zero_fill,0.1,300,30,0.21666666666666667,0.21666666666666667,1.1859426498413086,1.1859426498413086,1.5292526483535767,0.8409479621127358,0.6831070500056063,-1.0867346619109102,0.21666666666666667,65,1.3541666666666667,3,48,HILCodec_3kbps,2300-131720-0000.flac,42
random_loss,0.2,importance_selective,neighbor_copy,0.1,300,30,0.21666666666666667,0.21666666666666667,1.4016367197036743,1.4016367197036743,2.219583034515381,0.917528126745877,0.8236773201215085,1.5511316597041678,0.21666666666666667,65,1.3541666666666667,3,48,HILCodec_3kbps,2300-131720-0000.flac,42
random_loss,0.2,importance_selective,zero_fill,0.1,300,30,0.20666666666666667,0.20666666666666667,1.178687334060669,1.178687334060669,1.6637202501296997,0.8451315204722896,0.7168555418406293,-1.5165631653357983,0.20666666666666667,62,1.3478260869565217,4,46,HILCodec_3kbps,2300-131720-0000.flac,123
random_loss,0.2,importance_selective,neighbor_copy,0.1,300,30,0.20666666666666667,0.20666666666666667,1.3626773357391357,1.3626773357391357,1.9215307235717773,0.8877086935101478,0.7893330860786821,0.421546787272093,0.20666666666666667,62,1.3478260869565217,4,46,HILCodec_3kbps,2300-131720-0000.flac,123
random_loss,0.3,none,zero_fill,0.1,300,0,0.32333333333333336,0.32333333333333336,1.1230422258377075,1.1230422258377075,1.3998231887817383,0.7796162075772054,0.5879812755814128,-3.5144646586245907,0.3233333333333333,97,1.564516129032258,8,62,HILCodec_3kbps,2300-131720-0000.flac,42
random_loss,0.3,none,neighbor_copy,0.1,300,0,0.32333333333333336,0.32333333333333336,1.1698763370513916,1.1698763370513916,1.4318923950195312,0.8141072436602648,0.6996212980984152,-1.1837692449484565,0.3233333333333333,97,1.564516129032258,8,62,HILCodec_3kbps,2300-131720-0000.flac,42
random_loss,0.3,none,zero_fill,0.1,300,0,0.3433333333333334,0.3433333333333334,1.1445964574813843,1.1445964574813843,1.4675792455673218,0.7751987084257596,0.5687366849831847,-6.452705210088059,0.3433333333333333,103,1.5846153846153845,6,65,HILCodec_3kbps,2300-131720-0000.flac,123
random_loss,0.3,none,neighbor_copy,0.1,300,0,0.3433333333333334,0.3433333333333334,1.2203131914138794,1.2203131914138794,1.5733044147491455,0.8235727626190228,0.6922248939513984,-3.296680746387699,0.3433333333333333,103,1.5846153846153845,6,65,HILCodec_3kbps,2300-131720-0000.flac,123
random_loss,0.3,random,zero_fill,0.1,300,30,0.31999999999999995,0.2833333333333333,1.1243395805358887,1.1243395805358887,1.4721708297729492,0.7738622051685868,0.5449899283973286,-4.711868836099605,0.2833333333333333,85,1.4655172413793103,5,58,HILCodec_3kbps,2300-131720-0000.flac,42
random_loss,0.3,random,neighbor_copy,0.1,300,30,0.31999999999999995,0.2833333333333333,1.2498230934143066,1.2498230934143066,1.9587247371673584,0.8383144678749822,0.7213508372614286,-1.890514544266324,0.2833333333333333,85,1.4655172413793103,5,58,HILCodec_3kbps,2300-131720-0000.flac,42
random_loss,0.3,random,zero_fill,0.1,300,30,0.32666666666666666,0.31000000000000005,1.1159082651138306,1.1159082651138306,1.4579746723175049,0.7630116798002722,0.5151203905144074,-6.031667627339768,0.31,93,1.5245901639344261,6,61,HILCodec_3kbps,2300-131720-0000.flac,123
random_loss,0.3,random,neighbor_copy,0.1,300,30,0.32666666666666666,0.31000000000000005,1.1777427196502686,1.1777427196502686,1.5763473510742188,0.8374416811086635,0.705253639291627,-5.29292386794337,0.31,93,1.5245901639344261,6,61,HILCodec_3kbps,2300-131720-0000.flac,123
random_loss,0.3,heuristic,zero_fill,0.1,300,30,0.32333333333333336,0.28,1.157806396484375,1.157806396484375,1.4852194786071777,0.8066650256378847,0.6458792346071177,-2.3501710633926782,0.28,84,1.4736842105263157,4,57,HILCodec_3kbps,2300-131720-0000.flac,42
random_loss,0.3,heuristic,neighbor_copy,0.1,300,30,0.32333333333333336,0.28,1.2484453916549683,1.2484453916549683,1.7069810628890991,0.8518972807562366,0.7457466978377185,0.011888699947255088,0.28,84,1.4736842105263157,4,57,HILCodec_3kbps,2300-131720-0000.flac,42
random_loss,0.3,heuristic,zero_fill,0.1,300,30,0.3433333333333334,0.31333333333333335,1.159158706665039,1.159158706665039,1.5395851135253906,0.7887711496146126,0.6084306404634593,-5.256660986156547,0.31333333333333335,94,1.6206896551724137,6,58,HILCodec_3kbps,2300-131720-0000.flac,123
random_loss,0.3,heuristic,neighbor_copy,0.1,300,30,0.3433333333333334,0.31333333333333335,1.2332592010498047,1.2332592010498047,1.6943135261535645,0.8358261260881348,0.7209845220393294,-2.1861135750212943,0.31333333333333335,94,1.6206896551724137,6,58,HILCodec_3kbps,2300-131720-0000.flac,123
random_loss,0.3,importance_aware,zero_fill,0.1,300,30,0.32333333333333336,0.28,1.157806396484375,1.157806396484375,1.4852194786071777,0.8066650256378847,0.6458792346071177,-2.3501710633926782,0.28,84,1.4736842105263157,4,57,HILCodec_3kbps,2300-131720-0000.flac,42
random_loss,0.3,importance_aware,neighbor_copy,0.1,300,30,0.32333333333333336,0.28,1.2484453916549683,1.2484453916549683,1.7069810628890991,0.8518972807562366,0.7457466978377185,0.011888699947255088,0.28,84,1.4736842105263157,4,57,HILCodec_3kbps,2300-131720-0000.flac,42
random_loss,0.3,importance_aware,zero_fill,0.1,300,30,0.3433333333333334,0.31000000000000005,1.1609938144683838,1.1609938144683838,1.5449637174606323,0.7909545378660459,0.6120904938525675,-5.147187929615773,0.31,93,1.603448275862069,6,58,HILCodec_3kbps,2300-131720-0000.flac,123
random_loss,0.3,importance_aware,neighbor_copy,0.1,300,30,0.3433333333333334,0.31000000000000005,1.2435181140899658,1.2435181140899658,1.694403886795044,0.8385155007547496,0.7237974535961368,-2.014443822410418,0.31,93,1.603448275862069,6,58,HILCodec_3kbps,2300-131720-0000.flac,123
random_loss,0.3,importance_selective,zero_fill,0.1,300,30,0.32666666666666666,0.32666666666666666,1.1090168952941895,1.1090168952941895,1.4823431968688965,0.7903100786561192,0.5971102267362945,-3.971424486349578,0.32666666666666666,98,1.5076923076923077,5,65,HILCodec_3kbps,2300-131720-0000.flac,42
random_loss,0.3,importance_selective,neighbor_copy,0.1,300,30,0.32666666666666666,0.32666666666666666,1.2324684858322144,1.2324684858322144,1.7889220714569092,0.8880266468098975,0.7659255612676856,-1.2259256800606086,0.32666666666666666,98,1.5076923076923077,5,65,HILCodec_3kbps,2300-131720-0000.flac,42
random_loss,0.3,importance_selective,zero_fill,0.1,300,30,0.33333333333333337,0.33333333333333337,1.135056734085083,1.135056734085083,1.5136635303497314,0.7632437974972784,0.6077116515504686,-3.710521127691065,0.3333333333333333,100,1.6129032258064515,5,62,HILCodec_3kbps,2300-131720-0000.flac,123
random_loss,0.3,importance_selective,neighbor_copy,0.1,300,30,0.33333333333333337,0.33333333333333337,1.1997809410095215,1.1997809410095215,1.6931829452514648,0.8436097436052097,0.7314105297690414,-1.2565137002181896,0.3333333333333333,100,1.6129032258064515,5,62,HILCodec_3kbps,2300-131720-0000.flac,123
random_loss,0.4,none,zero_fill,0.1,300,0,0.41000000000000003,0.41000000000000003,1.094825029373169,1.094825029373169,1.3232970237731934,0.7401333529377233,0.5053370436925452,-6.3452476660750765,0.41,123,1.662162162162162,8,74,HILCodec_3kbps,2300-131720-0000.flac,42
random_loss,0.4,none,neighbor_copy,0.1,300,0,0.41000000000000003,0.41000000000000003,1.1479718685150146,1.1479718685150146,1.3444440364837646,0.7782966965127894,0.6415105909501114,-2.5974125928945475,0.41,123,1.662162162162162,8,74,HILCodec_3kbps,2300-131720-0000.flac,42
random_loss,0.4,none,zero_fill,0.1,300,0,0.42333333333333334,0.42333333333333334,1.0970522165298462,1.0970522165298462,1.3858022689819336,0.7389327615631925,0.46677411288322596,-9.117157068559461,0.42333333333333334,127,1.7887323943661972,6,71,HILCodec_3kbps,2300-131720-0000.flac,123
random_loss,0.4,none,neighbor_copy,0.1,300,0,0.42333333333333334,0.42333333333333334,1.1294033527374268,1.1294033527374268,1.434859037399292,0.7817268299490102,0.6122282544094837,-5.735882512316486,0.42333333333333334,127,1.7887323943661972,6,71,HILCodec_3kbps,2300-131720-0000.flac,123
random_loss,0.4,random,zero_fill,0.1,300,30,0.42000000000000004,0.3733333333333333,1.1017022132873535,1.1017022132873535,1.3700875043869019,0.7366444192167271,0.4579615248132617,-6.904071171357588,0.37333333333333335,112,1.6,5,70,HILCodec_3kbps,2300-131720-0000.flac,42
random_loss,0.4,random,neighbor_copy,0.1,300,30,0.42000000000000004,0.3733333333333333,1.2157204151153564,1.2157204151153564,1.6995906829833984,0.8109905442622803,0.6741362395844576,-3.7153480279219355,0.37333333333333335,112,1.6,5,70,HILCodec_3kbps,2300-131720-0000.flac,42
random_loss,0.4,random,zero_fill,0.1,300,30,0.42333333333333334,0.3966666666666666,1.0862939357757568,1.0862939357757568,1.3405730724334717,0.7310109649254124,0.4227123896602753,-7.965625211213948,0.39666666666666667,119,1.6527777777777777,6,72,HILCodec_3kbps,2300-131720-0000.flac,123
random_loss,0.4,random,neighbor_copy,0.1,300,30,0.42333333333333334,0.3966666666666666,1.1297340393066406,1.1297340393066406,1.5303585529327393,0.8017397949929443,0.645982324052428,-7.298916505052569,0.39666666666666667,119,1.6527777777777777,6,72,HILCodec_3kbps,2300-131720-0000.flac,123
random_loss,0.4,heuristic,zero_fill,0.1,300,30,0.41000000000000003,0.3633333333333333,1.1010856628417969,1.1010856628417969,1.3468990325927734,0.7642001537880861,0.548015592721734,-5.11274336040103,0.36333333333333334,109,1.6029411764705883,4,68,HILCodec_3kbps,2300-131720-0000.flac,42
random_loss,0.4,heuristic,neighbor_copy,0.1,300,30,0.41000000000000003,0.3633333333333333,1.1975319385528564,1.1975319385528564,1.5080119371414185,0.815550572372054,0.6858554563309558,-1.4287970674625634,0.36333333333333334,109,1.6029411764705883,4,68,HILCodec_3kbps,2300-131720-0000.flac,42
random_loss,0.4,heuristic,zero_fill,0.1,300,30,0.42333333333333334,0.39,1.1056147813796997,1.1056147813796997,1.4393689632415771,0.7490500670361877,0.51138341433261,-7.720370713801499,0.39,117,1.8,6,65,HILCodec_3kbps,2300-131720-0000.flac,123
random_loss,0.4,heuristic,neighbor_copy,0.1,300,30,0.42333333333333334,0.39,1.1538646221160889,1.1538646221160889,1.5332529544830322,0.7955924948446058,0.645637365183087,-4.578142619568808,0.39,117,1.8,6,65,HILCodec_3kbps,2300-131720-0000.flac,123
random_loss,0.4,importance_aware,zero_fill,0.1,300,30,0.41000000000000003,0.36,1.102229356765747,1.102229356765747,1.3537076711654663,0.7664464820505807,0.5510440836145953,-4.954878460026647,0.36,108,1.6119402985074627,4,67,HILCodec_3kbps,2300-131720-0000.flac,42
random_loss,0.4,importance_aware,neighbor_copy,0.1,300,30,0.41000000000000003,0.36,1.1977853775024414,1.1977853775024414,1.5084059238433838,0.8177213928514009,0.6883704869572664,-1.2656545924859932,0.36,108,1.6119402985074627,4,67,HILCodec_3kbps,2300-131720-0000.flac,42
random_loss,0.4,importance_aware,zero_fill,0.1,300,30,0.42333333333333334,0.3866666666666667,1.106190800666809,1.106190800666809,1.4424108266830444,0.7512495318890129,0.5151249954358367,-7.610974360321848,0.38666666666666666,116,1.7846153846153847,6,65,HILCodec_3kbps,2300-131720-0000.flac,123
random_loss,0.4,importance_aware,neighbor_copy,0.1,300,30,0.42333333333333334,0.3866666666666667,1.1537150144577026,1.1537150144577026,1.5314397811889648,0.7982546078305659,0.6483569624892932,-4.441152986137743,0.38666666666666666,116,1.7846153846153847,6,65,HILCodec_3kbps,2300-131720-0000.flac,123
random_loss,0.4,importance_selective,zero_fill,0.1,300,30,0.4066666666666666,0.4066666666666666,1.0894463062286377,1.0894463062286377,1.4077255725860596,0.750199930259225,0.49198552532945655,-7.125913647689975,0.4066666666666667,122,1.6712328767123288,5,73,HILCodec_3kbps,2300-131720-0000.flac,42
random_loss,0.4,importance_selective,neighbor_copy,0.1,300,30,0.4066666666666666,0.4066666666666666,1.1428136825561523,1.1428136825561523,1.5843846797943115,0.8335075250659769,0.6962528020602669,-3.6126911672775632,0.4066666666666667,122,1.6712328767123288,5,73,HILCodec_3kbps,2300-131720-0000.flac,42
random_loss,0.4,importance_selective,zero_fill,0.1,300,30,0.43000000000000005,0.43000000000000005,1.0971438884735107,1.0971438884735107,1.4013835191726685,0.7201900027846779,0.5138290849953387,-7.1638222771214854,0.43,129,1.8428571428571427,5,70,HILCodec_3kbps,2300-131720-0000.flac,123
random_loss,0.4,importance_selective,neighbor_copy,0.1,300,30,0.43000000000000005,0.43000000000000005,1.1408467292785645,1.1408467292785645,1.50869619846344,0.7995595111571738,0.6721265811837818,-6.011228864406766,0.43,129,1.8428571428571427,5,70,HILCodec_3kbps,2300-131720-0000.flac,123
random_loss,0.0,none,zero_fill,0.1,300,0,0.0,0.0,2.8273732662200928,2.8273732662200928,3.2132129669189453,0.9470591689108891,0.9048717019751025,0.8250308963082651,0.0,0,0.0,0,0,HILCodec_3kbps,237-126133-0000.flac,42
random_loss,0.0,none,neighbor_copy,0.1,300,0,0.0,0.0,2.8273732662200928,2.8273732662200928,3.2132129669189453,0.9470591689108891,0.9048717019751025,0.8250308963082651,0.0,0,0.0,0,0,HILCodec_3kbps,237-126133-0000.flac,42
random_loss,0.0,none,zero_fill,0.1,300,0,0.0,0.0,2.8273732662200928,2.8273732662200928,3.2132129669189453,0.9470591689108891,0.9048717019751025,0.8250308963082651,0.0,0,0.0,0,0,HILCodec_3kbps,237-126133-0000.flac,123
random_loss,0.0,none,neighbor_copy,0.1,300,0,0.0,0.0,2.8273732662200928,2.8273732662200928,3.2132129669189453,0.9470591689108891,0.9048717019751025,0.8250308963082651,0.0,0,0.0,0,0,HILCodec_3kbps,237-126133-0000.flac,123
random_loss,0.0,random,zero_fill,0.1,300,30,0.0,0.0,2.8273732662200928,2.8273732662200928,3.2132129669189453,0.9470591689108891,0.9048717019751025,0.8250308963082651,0.0,0,0.0,0,0,HILCodec_3kbps,237-126133-0000.flac,42
random_loss,0.0,random,neighbor_copy,0.1,300,30,0.0,0.0,2.8273732662200928,2.8273732662200928,3.2132129669189453,0.9470591689108891,0.9048717019751025,0.8250308963082651,0.0,0,0.0,0,0,HILCodec_3kbps,237-126133-0000.flac,42
random_loss,0.0,random,zero_fill,0.1,300,30,0.0,0.0,2.8273732662200928,2.8273732662200928,3.2132129669189453,0.9470591689108891,0.9048717019751025,0.8250308963082651,0.0,0,0.0,0,0,HILCodec_3kbps,237-126133-0000.flac,123
random_loss,0.0,random,neighbor_copy,0.1,300,30,0.0,0.0,2.8273732662200928,2.8273732662200928,3.2132129669189453,0.9470591689108891,0.9048717019751025,0.8250308963082651,0.0,0,0.0,0,0,HILCodec_3kbps,237-126133-0000.flac,123
random_loss,0.0,heuristic,zero_fill,0.1,300,30,0.0,0.0,2.8273732662200928,2.8273732662200928,3.2132129669189453,0.9470591689108891,0.9048717019751025,0.8250308963082651,0.0,0,0.0,0,0,HILCodec_3kbps,237-126133-0000.flac,42
random_loss,0.0,heuristic,neighbor_copy,0.1,300,30,0.0,0.0,2.8273732662200928,2.8273732662200928,3.2132129669189453,0.9470591689108891,0.9048717019751025,0.8250308963082651,0.0,0,0.0,0,0,HILCodec_3kbps,237-126133-0000.flac,42
random_loss,0.0,heuristic,zero_fill,0.1,300,30,0.0,0.0,2.8273732662200928,2.8273732662200928,3.2132129669189453,0.9470591689108891,0.9048717019751025,0.8250308963082651,0.0,0,0.0,0,0,HILCodec_3kbps,237-126133-0000.flac,123
random_loss,0.0,heuristic,neighbor_copy,0.1,300,30,0.0,0.0,2.8273732662200928,2.8273732662200928,3.2132129669189453,0.9470591689108891,0.9048717019751025,0.8250308963082651,0.0,0,0.0,0,0,HILCodec_3kbps,237-126133-0000.flac,123
random_loss,0.0,importance_aware,zero_fill,0.1,300,30,0.0,0.0,2.8273732662200928,2.8273732662200928,3.2132129669189453,0.9470591689108891,0.9048717019751025,0.8250308963082651,0.0,0,0.0,0,0,HILCodec_3kbps,237-126133-0000.flac,42
random_loss,0.0,importance_aware,neighbor_copy,0.1,300,30,0.0,0.0,2.8273732662200928,2.8273732662200928,3.2132129669189453,0.9470591689108891,0.9048717019751025,0.8250308963082651,0.0,0,0.0,0,0,HILCodec_3kbps,237-126133-0000.flac,42
random_loss,0.0,importance_aware,zero_fill,0.1,300,30,0.0,0.0,2.8273732662200928,2.8273732662200928,3.2132129669189453,0.9470591689108891,0.9048717019751025,0.8250308963082651,0.0,0,0.0,0,0,HILCodec_3kbps,237-126133-0000.flac,123
random_loss,0.0,importance_aware,neighbor_copy,0.1,300,30,0.0,0.0,2.8273732662200928,2.8273732662200928,3.2132129669189453,0.9470591689108891,0.9048717019751025,0.8250308963082651,0.0,0,0.0,0,0,HILCodec_3kbps,237-126133-0000.flac,123
random_loss,0.0,importance_selective,zero_fill,0.1,300,30,0.0,0.0,2.8273732662200928,2.8273732662200928,3.2132129669189453,0.9470591689108891,0.9048717019751025,0.8250308963082651,0.0,0,0.0,0,0,HILCodec_3kbps,237-126133-0000.flac,42
random_loss,0.0,importance_selective,neighbor_copy,0.1,300,30,0.0,0.0,2.8273732662200928,2.8273732662200928,3.2132129669189453,0.9470591689108891,0.9048717019751025,0.8250308963082651,0.0,0,0.0,0,0,HILCodec_3kbps,237-126133-0000.flac,42
random_loss,0.0,importance_selective,zero_fill,0.1,300,30,0.0,0.0,2.8273732662200928,2.8273732662200928,3.2132129669189453,0.9470591689108891,0.9048717019751025,0.8250308963082651,0.0,0,0.0,0,0,HILCodec_3kbps,237-126133-0000.flac,123
random_loss,0.0,importance_selective,neighbor_copy,0.1,300,30,0.0,0.0,2.8273732662200928,2.8273732662200928,3.2132129669189453,0.9470591689108891,0.9048717019751025,0.8250308963082651,0.0,0,0.0,0,0,HILCodec_3kbps,237-126133-0000.flac,123
random_loss,0.01,none,zero_fill,0.1,300,0,0.0033333333333332993,0.0033333333333332993,2.439711332321167,2.439711332321167,2.8883326053619385,0.9387418116491749,0.8966255213118698,0.7436904874681582,0.0033333333333333335,1,1.0,1,1,HILCodec_3kbps,237-126133-0000.flac,42
random_loss,0.01,none,neighbor_copy,0.1,300,0,0.0033333333333332993,0.0033333333333332993,2.6353838443756104,2.6353838443756104,3.0974225997924805,0.9451658834386409,0.9011550495402624,0.7487490820513172,0.0033333333333333335,1,1.0,1,1,HILCodec_3kbps,237-126133-0000.flac,42
random_loss,0.01,none,zero_fill,0.1,300,0,0.013333333333333308,0.013333333333333308,2.0749857425689697,2.0749857425689697,2.617868185043335,0.9261749438188609,0.8844886926339983,0.04685945615008663,0.013333333333333334,4,1.0,1,4,HILCodec_3kbps,237-126133-0000.flac,123
random_loss,0.01,none,neighbor_copy,0.1,300,0,0.013333333333333308,0.013333333333333308,2.6551413536071777,2.6551413536071777,3.090320348739624,0.9447209691073366,0.8991239715614574,0.5405518989123949,0.013333333333333334,4,1.0,1,4,HILCodec_3kbps,237-126133-0000.flac,123
random_loss,0.01,random,zero_fill,0.1,300,30,0.0033333333333332993,0.0033333333333332993,2.7517237663269043,2.7517237663269043,3.1546177864074707,0.9459144667160303,0.8995115026414768,0.8179952303361303,0.0033333333333333335,1,1.0,1,1,HILCodec_3kbps,237-126133-0000.flac,42
random_loss,0.01,random,neighbor_copy,0.1,300,30,0.0033333333333332993,0.0033333333333332993,2.8048863410949707,2.8048863410949707,3.2132205963134766,0.946908012940857,0.9048091977263506,0.8431097262330055,0.0033333333333333335,1,1.0,1,1,HILCodec_3kbps,237-126133-0000.flac,42
random_loss,0.01,random,zero_fill,0.1,300,30,0.01666666666666672,0.01666666666666672,2.417245626449585,2.417245626449585,2.930513858795166,0.9389347397320981,0.8919695085309467,0.6523698972434435,0.016666666666666666,5,1.0,1,5,HILCodec_3kbps,237-126133-0000.flac,123
random_loss,0.01,random,neighbor_copy,0.1,300,30,0.01666666666666672,0.01666666666666672,2.4733164310455322,2.4733164310455322,3.032991886138916,0.9431495581248834,0.8965645254855672,0.6739532224361598,0.016666666666666666,5,1.0,1,5,HILCodec_3kbps,237-126133-0000.flac,123
random_loss,0.01,heuristic,zero_fill,0.1,300,30,0.0033333333333332993,0.0033333333333332993,2.439711332321167,2.439711332321167,2.8883326053619385,0.9387418116491749,0.8966255213118698,0.7436904874681582,0.0033333333333333335,1,1.0,1,1,HILCodec_3kbps,237-126133-0000.flac,42
random_loss,0.01,heuristic,neighbor_copy,0.1,300,30,0.0033333333333332993,0.0033333333333332993,2.6353838443756104,2.6353838443756104,3.0974225997924805,0.9451658834386409,0.9011550495402624,0.7487490820513172,0.0033333333333333335,1,1.0,1,1,HILCodec_3kbps,237-126133-0000.flac,42
random_loss,0.01,heuristic,zero_fill,0.1,300,30,0.013333333333333308,0.013333333333333308,2.0749857425689697,2.0749857425689697,2.617868185043335,0.9261749438188609,0.8844886926339982,0.04685945615008663,0.013333333333333334,4,1.0,1,4,HILCodec_3kbps,237-126133-0000.flac,123
random_loss,0.01,heuristic,neighbor_copy,0.1,300,30,0.013333333333333308,0.013333333333333308,2.6551413536071777,2.6551413536071777,3.090320348739624,0.9447209691073366,0.8991239715614574,0.5405518989123949,0.013333333333333334,4,1.0,1,4,HILCodec_3kbps,237-126133-0000.flac,123
random_loss,0.01,importance_aware,zero_fill,0.1,300,30,0.0033333333333332993,0.0033333333333332993,2.439711332321167,2.439711332321167,2.8883326053619385,0.9387418116491749,0.8966255213118698,0.7436904874681582,0.0033333333333333335,1,1.0,1,1,HILCodec_3kbps,237-126133-0000.flac,42
random_loss,0.01,importance_aware,neighbor_copy,0.1,300,30,0.0033333333333332993,0.0033333333333332993,2.6353838443756104,2.6353838443756104,3.0974225997924805,0.9451658834386409,0.9011550495402624,0.7487490820513172,0.0033333333333333335,1,1.0,1,1,HILCodec_3kbps,237-126133-0000.flac,42
random_loss,0.01,importance_aware,zero_fill,0.1,300,30,0.013333333333333308,0.013333333333333308,2.0749857425689697,2.0749857425689697,2.617868185043335,0.9261749438188609,0.8844886926339982,0.04685945615008663,0.013333333333333334,4,1.0,1,4,HILCodec_3kbps,237-126133-0000.flac,123
random_loss,0.01,importance_aware,neighbor_copy,0.1,300,30,0.013333333333333308,0.013333333333333308,2.6551413536071777,2.6551413536071777,3.090320348739624,0.9447209691073366,0.8991239715614574,0.5405518989123949,0.013333333333333334,4,1.0,1,4,HILCodec_3kbps,237-126133-0000.flac,123
random_loss,0.01,importance_selective,zero_fill,0.1,300,30,0.0033333333333332993,0.0033333333333332993,2.5893726348876953,2.5893726348876953,3.0443782806396484,0.9398630847391596,0.8981316532441356,0.7819471843273816,0.0033333333333333335,1,1.0,1,1,HILCodec_3kbps,237-126133-0000.flac,42
random_loss,0.01,importance_selective,neighbor_copy,0.1,300,30,0.0033333333333332993,0.0033333333333332993,2.6473071575164795,2.6473071575164795,3.0952672958374023,0.946089873171004,0.9009266553463945,0.8138501630328407,0.0033333333333333335,1,1.0,1,1,HILCodec_3kbps,237-126133-0000.flac,42
random_loss,0.01,importance_selective,zero_fill,0.1,300,30,0.010000000000000009,0.010000000000000009,2.3184330463409424,2.3184330463409424,2.707411050796509,0.9345623790354484,0.8890808029631799,0.5851511680457653,0.01,3,1.0,1,3,HILCodec_3kbps,237-126133-0000.flac,123
random_loss,0.01,importance_selective,neighbor_copy,0.1,300,30,0.010000000000000009,0.010000000000000009,2.475996494293213,2.475996494293213,2.923232078552246,0.9432593574552571,0.8988229246124915,0.5614145981590845,0.01,3,1.0,1,3,HILCodec_3kbps,237-126133-0000.flac,123
random_loss,0.03,none,zero_fill,0.1,300,0,0.026666666666666616,0.026666666666666616,1.7624849081039429,1.7624849081039429,2.2065181732177734,0.902543711239555,0.8630000623076046,-0.43749799891350005,0.02666666666666667,8,1.0,1,8,HILCodec_3kbps,237-126133-0000.flac,42
random_loss,0.03,none,neighbor_copy,0.1,300,0,0.026666666666666616,0.026666666666666616,2.025322914123535,2.025322914123535,2.578662395477295,0.9312872389173075,0.8874745978201594,-0.48054314955195176,0.02666666666666667,8,1.0,1,8,HILCodec_3kbps,237-126133-0000.flac,42
random_loss,0.03,none,zero_fill,0.1,300,0,0.033333333333333326,0.033333333333333326,1.893261194229126,1.893261194229126,2.4504988193511963,0.9176980842047852,0.8663453489776349,-0.07222274474551243,0.03333333333333333,10,1.0,1,10,HILCodec_3kbps,237-126133-0000.flac,123
random_loss,0.03,none,neighbor_copy,0.1,300,0,0.033333333333333326,0.033333333333333326,2.6458098888397217,2.6458098888397217,3.0985190868377686,0.9420319368458429,0.8920741589868216,0.47094609538872045,0.03333333333333333,10,1.0,1,10,HILCodec_3kbps,237-126133-0000.flac,123
random_loss,0.03,random,zero_fill,0.1,300,30,0.026666666666666616,0.020000000000000018,2.1045467853546143,2.1045467853546143,2.6261215209960938,0.9192004430408646,0.876328376914571,0.17675028253644604,0.02,6,1.0,1,6,HILCodec_3kbps,237-126133-0000.flac,42
random_loss,0.03,random,neighbor_copy,0.1,300,30,0.026666666666666616,0.020000000000000018,2.413851022720337,2.413851022720337,2.9518637657165527,0.9419624938728626,0.8947596032574778,0.5738638478585305,0.02,6,1.0,1,6,HILCodec_3kbps,237-126133-0000.flac,42
random_loss,0.03,random,zero_fill,0.1,300,30,0.033333333333333326,0.033333333333333326,2.1054160594940186,2.1054160594940186,2.637697458267212,0.9277245327673098,0.8754088881806866,-0.2922688564617684,0.03333333333333333,10,1.0,1,10,HILCodec_3kbps,237-126133-0000.flac,123
random_loss,0.03,random,neighbor_copy,0.1,300,30,0.033333333333333326,0.033333333333333326,1.9852105379104614,1.9852105379104614,2.5575766563415527,0.9328831459004967,0.8792518453325774,-0.15335334618976096,0.03333333333333333,10,1.0,1,10,HILCodec_3kbps,237-126133-0000.flac,123
random_loss,0.03,heuristic,zero_fill,0.1,300,30,0.026666666666666616,0.023333333333333317,1.7914459705352783,1.7914459705352783,2.229863405227661,0.9062618328322036,0.8664350289976157,-0.3121878345178999,0.023333333333333334,7,1.0,1,7,HILCodec_3kbps,237-126133-0000.flac,42
random_loss,0.03,heuristic,neighbor_copy,0.1,300,30,0.026666666666666616,0.023333333333333317,2.216203212738037,2.216203212738037,2.7380690574645996,0.9342000364055795,0.8907650041319756,-0.3965281410972185,0.023333333333333334,7,1.0,1,7,HILCodec_3kbps,237-126133-0000.flac,42
random_loss,0.03,heuristic,zero_fill,0.1,300,30,0.033333333333333326,0.033333333333333326,1.893261194229126,1.893261194229126,2.4504988193511963,0.9176980842047852,0.8663453489776349,-0.07222274474551243,0.03333333333333333,10,1.0,1,10,HILCodec_3kbps,237-126133-0000.flac,123
random_loss,0.03,heuristic,neighbor_copy,0.1,300,30,0.033333333333333326,0.033333333333333326,2.6458098888397217,2.6458098888397217,3.0985190868377686,0.9420319368458429,0.8920741589868216,0.47094609538872045,0.03333333333333333,10,1.0,1,10,HILCodec_3kbps,237-126133-0000.flac,123
random_loss,0.03,importance_aware,zero_fill,0.1,300,30,0.026666666666666616,0.020000000000000018,1.9018123149871826,1.9018123149871826,2.3679826259613037,0.9237793664112209,0.8784505654643162,0.07821558071147941,0.02,6,1.0,1,6,HILCodec_3kbps,237-126133-0000.flac,42
random_loss,0.03,importance_aware,neighbor_copy,0.1,300,30,0.026666666666666616,0.020000000000000018,2.3772037029266357,2.3772037029266357,2.864652156829834,0.9418469339927599,0.8947091411392561,-0.2268451575709221,0.02,6,1.0,1,6,HILCodec_3kbps,237-126133-0000.flac,42
random_loss,0.03,importance_aware,zero_fill,0.1,300,30,0.033333333333333326,0.033333333333333326,1.893261194229126,1.893261194229126,2.4504988193511963,0.9176980842047852,0.8663453489776349,-0.07222274474551243,0.03333333333333333,10,1.0,1,10,HILCodec_3kbps,237-126133-0000.flac,123
random_loss,0.03,importance_aware,neighbor_copy,0.1,300,30,0.033333333333333326,0.033333333333333326,2.6458098888397217,2.6458098888397217,3.0985190868377686,0.9420319368458429,0.8920741589868215,0.47094609538872045,0.03333333333333333,10,1.0,1,10,HILCodec_3kbps,237-126133-0000.flac,123
random_loss,0.03,importance_selective,zero_fill,0.1,300,30,0.030000000000000027,0.030000000000000027,2.035282850265503,2.035282850265503,2.6053802967071533,0.9320849486681693,0.8815621360572281,0.25584833946515645,0.03,9,1.0,1,9,HILCodec_3kbps,237-126133-0000.flac,42
random_loss,0.03,importance_selective,neighbor_copy,0.1,300,30,0.030000000000000027,0.030000000000000027,2.1613082885742188,2.1613082885742188,2.7619621753692627,0.9372221948284104,0.892505552018689,-0.04735733215125826,0.03,9,1.0,1,9,HILCodec_3kbps,237-126133-0000.flac,42
random_loss,0.03,importance_selective,zero_fill,0.1,300,30,0.036666666666666625,0.036666666666666625,2.034736156463623,2.034736156463623,2.452878713607788,0.9189125078187881,0.8629341266203857,0.4381037254768845,0.03666666666666667,11,1.1,2,10,HILCodec_3kbps,237-126133-0000.flac,123
random_loss,0.03,importance_selective,neighbor_copy,0.1,300,30,0.036666666666666625,0.036666666666666625,2.1732916831970215,2.1732916831970215,2.717741012573242,0.9378975666137448,0.8869940448871263,0.3848537930930498,0.03666666666666667,11,1.1,2,10,HILCodec_3kbps,237-126133-0000.flac,123
random_loss,0.05,none,zero_fill,0.1,300,0,0.050000000000000044,0.050000000000000044,1.5468027591705322,1.5468027591705322,1.9736096858978271,0.8843826538263031,0.8383621451227342,-0.8532715767767586,0.05,15,1.0,1,15,HILCodec_3kbps,237-126133-0000.flac,42
random_loss,0.05,none,neighbor_copy,0.1,300,0,0.050000000000000044,0.050000000000000044,1.722459316253662,1.722459316253662,2.3361599445343018,0.9255630340418449,0.8772079206360311,-1.2203680770760932,0.05,15,1.0,1,15,HILCodec_3kbps,237-126133-0000.flac,42
random_loss,0.05,none,zero_fill,0.1,300,0,0.050000000000000044,0.050000000000000044,1.588749885559082,1.588749885559082,2.0096824169158936,0.8974898042355388,0.8297873887082204,-0.8153068203515023,0.05,15,1.0714285714285714,2,14,HILCodec_3kbps,237-126133-0000.flac,123
random_loss,0.05,none,neighbor_copy,0.1,300,0,0.050000000000000044,0.050000000000000044,2.1594955921173096,2.1594955921173096,2.659658670425415,0.924998224917806,0.8747286856325664,0.07652414062604602,0.05,15,1.0714285714285714,2,14,HILCodec_3kbps,237-126133-0000.flac,123
random_loss,0.05,random,zero_fill,0.1,300,30,0.046666666666666634,0.033333333333333326,1.9656379222869873,1.9656379222869873,2.485969066619873,0.9144424380933429,0.8636235309863959,0.06726331376089886,0.03333333333333333,10,1.0,1,10,HILCodec_3kbps,237-126133-0000.flac,42
random_loss,0.05,random,neighbor_copy,0.1,300,30,0.046666666666666634,0.033333333333333326,2.123493194580078,2.123493194580078,2.699044704437256,0.937759110345825,0.8883260396978023,0.2723046418130727,0.03333333333333333,10,1.0,1,10,HILCodec_3kbps,237-126133-0000.flac,42
random_loss,0.05,random,zero_fill,0.1,300,30,0.053333333333333344,0.050000000000000044,1.9398820400238037,1.9398820400238037,2.512291431427002,0.9198351861033077,0.8640232930354633,-0.7896188181352831,0.05,15,1.0714285714285714,2,14,HILCodec_3kbps,237-126133-0000.flac,123
random_loss,0.05,random,neighbor_copy,0.1,300,30,0.053333333333333344,0.050000000000000044,1.9753791093826294,1.9753791093826294,2.576724052429199,0.9319446653445579,0.8767788124882129,-0.050952184272203334,0.05,15,1.0714285714285714,2,14,HILCodec_3kbps,237-126133-0000.flac,123
random_loss,0.05,heuristic,zero_fill,0.1,300,30,0.050000000000000044,0.043333333333333335,1.5603158473968506,1.5603158473968506,1.9868648052215576,0.8881959941074707,0.8419329366295506,-0.734186920004533,0.043333333333333335,13,1.0,1,13,HILCodec_3kbps,237-126133-0000.flac,42
random_loss,0.05,heuristic,neighbor_copy,0.1,300,30,0.050000000000000044,0.043333333333333335,1.7969143390655518,1.7969143390655518,2.418095350265503,0.9283286195363316,0.8802726456028278,-1.1359716824117698,0.043333333333333335,13,1.0,1,13,HILCodec_3kbps,237-126133-0000.flac,42
random_loss,0.05,heuristic,zero_fill,0.1,300,30,0.050000000000000044,0.046666666666666634,1.6680090427398682,1.6680090427398682,2.099015235900879,0.9007191367923908,0.8342316456396761,-0.6249868949753626,0.04666666666666667,14,1.0769230769230769,2,13,HILCodec_3kbps,237-126133-0000.flac,123
random_loss,0.05,heuristic,neighbor_copy,0.1,300,30,0.050000000000000044,0.046666666666666634,2.227771520614624,2.227771520614624,2.746511697769165,0.9276675357504667,0.8776163125839538,0.23054100336112182,0.04666666666666667,14,1.0769230769230769,2,13,HILCodec_3kbps,237-126133-0000.flac,123
random_loss,0.05,importance_aware,zero_fill,0.1,300,30,0.050000000000000044,0.043333333333333335,1.6267740726470947,1.6267740726470947,2.0922844409942627,0.9055634294955136,0.8537760913929838,-0.3661574733146339,0.043333333333333335,13,1.0,1,13,HILCodec_3kbps,237-126133-0000.flac,42
random_loss,0.05,importance_aware,neighbor_copy,0.1,300,30,0.050000000000000044,0.043333333333333335,1.8918259143829346,1.8918259143829346,2.5155189037323,0.9359379955979983,0.8842626513282869,-0.9813048438768529,0.043333333333333335,13,1.0,1,13,HILCodec_3kbps,237-126133-0000.flac,42
random_loss,0.05,importance_aware,zero_fill,0.1,300,30,0.050000000000000044,0.046666666666666634,1.6384844779968262,1.6384844779968262,2.108936071395874,0.9036224332732202,0.8401016915779331,-0.4028207111601396,0.04666666666666667,14,1.0769230769230769,2,13,HILCodec_3kbps,237-126133-0000.flac,123
random_loss,0.05,importance_aware,neighbor_copy,0.1,300,30,0.050000000000000044,0.046666666666666634,2.4695684909820557,2.4695684909820557,2.9092764854431152,0.9380485518078095,0.8847014118416346,0.25768514549747384,0.04666666666666667,14,1.0769230769230769,2,13,HILCodec_3kbps,237-126133-0000.flac,123
random_loss,0.05,importance_selective,zero_fill,0.1,300,30,0.043333333333333335,0.043333333333333335,1.7050542831420898,1.7050542831420898,2.1579837799072266,0.9080335991064862,0.8546143650682612,-0.2573201706795417,0.043333333333333335,13,1.0,1,13,HILCodec_3kbps,237-126133-0000.flac,42
random_loss,0.05,importance_selective,neighbor_copy,0.1,300,30,0.043333333333333335,0.043333333333333335,1.9122869968414307,1.9122869968414307,2.4639787673950195,0.9294812848695179,0.881166671047228,-1.050639589705177,0.043333333333333335,13,1.0,1,13,HILCodec_3kbps,237-126133-0000.flac,42
random_loss,0.05,importance_selective,zero_fill,0.1,300,30,0.050000000000000044,0.050000000000000044,1.9166520833969116,1.9166520833969116,2.401937484741211,0.914263933449738,0.8559082546657605,0.25541653977133466,0.05,15,1.0714285714285714,2,14,HILCodec_3kbps,237-126133-0000.flac,123
random_loss,0.05,importance_selective,neighbor_copy,0.1,300,30,0.050000000000000044,0.050000000000000044,2.109597682952881,2.109597682952881,2.6375844478607178,0.9312915741913627,0.8789132868953436,0.27855709686754165,0.05,15,1.0714285714285714,2,14,HILCodec_3kbps,237-126133-0000.flac,123
random_loss,0.1,none,zero_fill,0.1,300,0,0.09666666666666668,0.09666666666666668,1.36138117313385,1.36138117313385,1.755187749862671,0.8606573249931277,0.8048640287449546,-2.21100566201224,0.09666666666666666,29,1.0740740740740742,2,27,HILCodec_3kbps,237-126133-0000.flac,42
random_loss,0.1,none,neighbor_copy,0.1,300,0,0.09666666666666668,0.09666666666666668,1.5493707656860352,1.5493707656860352,2.095996141433716,0.9156572435207849,0.8564218070998045,-2.059244198014532,0.09666666666666666,29,1.0740740740740742,2,27,HILCodec_3kbps,237-126133-0000.flac,42
random_loss,0.1,none,zero_fill,0.1,300,0,0.09999999999999998,0.09999999999999998,1.4977279901504517,1.4977279901504517,1.901332139968872,0.8856001728057165,0.8050149462404106,-1.2473312456403993,0.1,30,1.1111111111111112,2,27,HILCodec_3kbps,237-126133-0000.flac,123
random_loss,0.1,none,neighbor_copy,0.1,300,0,0.09999999999999998,0.09999999999999998,1.975907325744629,1.975907325744629,2.4793858528137207,0.918515865902819,0.8615913129235357,-0.3670656859221215,0.1,30,1.1111111111111112,2,27,HILCodec_3kbps,237-126133-0000.flac,123
random_loss,0.1,random,zero_fill,0.1,300,30,0.08666666666666667,0.06999999999999995,1.66179621219635,1.66179621219635,2.167602062225342,0.8908554339331254,0.8197677541990523,-0.48521597709313835,0.07,21,1.105263157894737,2,19,HILCodec_3kbps,237-126133-0000.flac,42
random_loss,0.1,random,neighbor_copy,0.1,300,30,0.08666666666666667,0.06999999999999995,1.736056923866272,1.736056923866272,2.3005855083465576,0.9109487943213715,0.8595469110617797,-0.679821568092517,0.07,21,1.105263157894737,2,19,HILCodec_3kbps,237-126133-0000.flac,42
random_loss,0.1,random,zero_fill,0.1,300,30,0.10666666666666669,0.10333333333333339,1.4241288900375366,1.4241288900375366,1.8139886856079102,0.8827857847412733,0.7977981552112445,-2.0345510267456506,0.10333333333333333,31,1.1481481481481481,2,27,HILCodec_3kbps,237-126133-0000.flac,123
random_loss,0.1,random,neighbor_copy,0.1,300,30,0.10666666666666669,0.10333333333333339,1.642134189605713,1.642134189605713,2.1867594718933105,0.909419663114924,0.8318734617002437,-0.913087507019147,0.10333333333333333,31,1.1481481481481481,2,27,HILCodec_3kbps,237-126133-0000.flac,123
random_loss,0.1,heuristic,zero_fill,0.1,300,30,0.09666666666666668,0.08999999999999997,1.3626259565353394,1.3626259565353394,1.7552075386047363,0.8618959441993518,0.8077390136100381,-2.116984410622292,0.09,27,1.08,2,25,HILCodec_3kbps,237-126133-0000.flac,42
random_loss,0.1,heuristic,neighbor_copy,0.1,300,30,0.09666666666666668,0.08999999999999997,1.5837771892547607,1.5837771892547607,2.1383540630340576,0.919435684686971,0.8588471554477213,-1.980996496633286,0.09,27,1.08,2,25,HILCodec_3kbps,237-126133-0000.flac,42
random_loss,0.1,heuristic,zero_fill,0.1,300,30,0.09999999999999998,0.08999999999999997,1.5465068817138672,1.5465068817138672,1.9491643905639648,0.8870084893501525,0.8113812744523122,-1.0515228585905734,0.09,27,1.125,2,24,HILCodec_3kbps,237-126133-0000.flac,123
random_loss,0.1,heuristic,neighbor_copy,0.1,300,30,0.09999999999999998,0.08999999999999997,2.0255892276763916,2.0255892276763916,2.5103766918182373,0.9215358972093561,0.8666544219868287,-0.2075751796202262,0.09,27,1.125,2,24,HILCodec_3kbps,237-126133-0000.flac,123
random_loss,0.1,importance_aware,zero_fill,0.1,300,30,0.09666666666666668,0.08999999999999997,1.4019728899002075,1.4019728899002075,1.8244580030441284,0.8791523720090714,0.8193774548962001,-1.7893444644346723,0.09,27,1.08,2,25,HILCodec_3kbps,237-126133-0000.flac,42
random_loss,0.1,importance_aware,neighbor_copy,0.1,300,30,0.09666666666666668,0.08999999999999997,1.6526694297790527,1.6526694297790527,2.214665174484253,0.9271416732620327,0.8628003598033743,-1.8451897727387567,0.09,27,1.08,2,25,HILCodec_3kbps,237-126133-0000.flac,42
random_loss,0.1,importance_aware,zero_fill,0.1,300,30,0.09999999999999998,0.09333333333333338,1.5554149150848389,1.5554149150848389,1.9979522228240967,0.8921386365833249,0.815347865248103,-0.8494956945657284,0.09333333333333334,28,1.12,2,25,HILCodec_3kbps,237-126133-0000.flac,123
random_loss,0.1,importance_aware,neighbor_copy,0.1,300,30,0.09999999999999998,0.09333333333333338,2.230271816253662,2.230271816253662,2.6962697505950928,0.9315741418650434,0.8717982077585059,-0.18739316390716676,0.09333333333333334,28,1.12,2,25,HILCodec_3kbps,237-126133-0000.flac,123
random_loss,0.1,importance_selective,zero_fill,0.1,300,30,0.09666666666666668,0.09666666666666668,1.427476406097412,1.427476406097412,1.8948097229003906,0.8798226369889021,0.7955394625620418,-1.1822387341303071,0.09666666666666666,29,1.1153846153846154,2,26,HILCodec_3kbps,237-126133-0000.flac,42
random_loss,0.1,importance_selective,neighbor_copy,0.1,300,30,0.09666666666666668,0.09666666666666668,1.7683848142623901,1.7683848142623901,2.3154098987579346,0.9129662629882652,0.8576194298100018,-1.4671196655143424,0.09666666666666666,29,1.1153846153846154,2,26,HILCodec_3kbps,237-126133-0000.flac,42
random_loss,0.1,importance_selective,zero_fill,0.1,300,30,0.08666666666666667,0.08666666666666667,1.5041027069091797,1.5041027069091797,1.9859895706176758,0.881536730830534,0.8046227902471513,-0.898938937269598,0.08666666666666667,26,1.1304347826086956,2,23,HILCodec_3kbps,237-126133-0000.flac,123
random_loss,0.1,importance_selective,neighbor_copy,0.1,300,30,0.08666666666666667,0.08666666666666667,1.806277871131897,1.806277871131897,2.326188087463379,0.9164830909920763,0.8482598592870199,-0.8176688543641832,0.08666666666666667,26,1.1304347826086956,2,23,HILCodec_3kbps,237-126133-0000.flac,123
random_loss,0.2,none,zero_fill,0.1,300,0,0.24,0.24,1.154130458831787,1.154130458831787,1.402889370918274,0.7716822558674804,0.6208954298194285,-6.41735141591729,0.24,72,1.44,6,50,HILCodec_3kbps,237-126133-0000.flac,42
random_loss,0.2,none,neighbor_copy,0.1,300,0,0.24,0.24,1.1844624280929565,1.1844624280929565,1.5003522634506226,0.803633845775976,0.7025654683231838,-5.417329086475804,0.24,72,1.44,6,50,HILCodec_3kbps,237-126133-0000.flac,42
random_loss,0.2,none,zero_fill,0.1,300,0,0.20666666666666667,0.20666666666666667,1.2554469108581543,1.2554469108581543,1.5823901891708374,0.8243979975638511,0.700977840824455,-4.225305137756869,0.20666666666666667,62,1.3478260869565217,4,46,HILCodec_3kbps,237-126133-0000.flac,123
random_loss,0.2,none,neighbor_copy,0.1,300,0,0.20666666666666667,0.20666666666666667,1.4596620798110962,1.4596620798110962,1.9230537414550781,0.8754614524071641,0.7941474508718336,-3.1571770171847353,0.20666666666666667,62,1.3478260869565217,4,46,HILCodec_3kbps,237-126133-0000.flac,123
random_loss,0.2,random,zero_fill,0.1,300,30,0.22666666666666668,0.19666666666666666,1.197034239768982,1.197034239768982,1.5211424827575684,0.8100658261912228,0.6877096760128418,-5.08429893241148,0.19666666666666666,59,1.4047619047619047,5,42,HILCodec_3kbps,237-126133-0000.flac,42
random_loss,0.2,random,neighbor_copy,0.1,300,30,0.22666666666666668,0.19666666666666666,1.280657172203064,1.280657172203064,1.6046390533447266,0.84129364483217,0.7599115057849298,-5.784465080917778,0.19666666666666666,59,1.4047619047619047,5,42,HILCodec_3kbps,237-126133-0000.flac,42
random_loss,0.2,random,zero_fill,0.1,300,30,0.20333333333333337,0.19333333333333336,1.2833505868911743,1.2833505868911743,1.6380937099456787,0.8515771054925744,0.7234728030041656,-2.7294979759466798,0.19333333333333333,58,1.3181818181818181,4,44,HILCodec_3kbps,237-126133-0000.flac,123
random_loss,0.2,random,neighbor_copy,0.1,300,30,0.20333333333333337,0.19333333333333336,1.4767403602600098,1.4767403602600098,1.991605520248413,0.8881790107802917,0.7917597016984256,-1.745739637819961,0.19333333333333333,58,1.3181818181818181,4,44,HILCodec_3kbps,237-126133-0000.flac,123
random_loss,0.2,heuristic,zero_fill,0.1,300,30,0.24,0.22333333333333338,1.1583452224731445,1.1583452224731445,1.4139645099639893,0.7795735106510963,0.6475220339769789,-6.020774116594703,0.22333333333333333,67,1.488888888888889,6,45,HILCodec_3kbps,237-126133-0000.flac,42
random_loss,0.2,heuristic,neighbor_copy,0.1,300,30,0.24,0.22333333333333338,1.2138917446136475,1.2138917446136475,1.5711857080459595,0.8193122738135904,0.7180301476106209,-5.1148755881757175,0.22333333333333333,67,1.488888888888889,6,45,HILCodec_3kbps,237-126133-0000.flac,42
random_loss,0.2,heuristic,zero_fill,0.1,300,30,0.20666666666666667,0.18666666666666665,1.2889238595962524,1.2889238595962524,1.6171166896820068,0.8307601698563141,0.7221668295826693,-3.6703605225271128,0.18666666666666668,56,1.2727272727272727,3,44,HILCodec_3kbps,237-126133-0000.flac,123
random_loss,0.2,heuristic,neighbor_copy,0.1,300,30,0.20666666666666667,0.18666666666666665,1.5904743671417236,1.5904743671417236,2.0988826751708984,0.899568984391579,0.8244213006071976,-2.720553270632224,0.18666666666666668,56,1.2727272727272727,3,44,HILCodec_3kbps,237-126133-0000.flac,123
random_loss,0.2,importance_aware,zero_fill,0.1,300,30,0.24,0.22666666666666668,1.1569093465805054,1.1569093465805054,1.4203884601593018,0.7873357048045966,0.6503611082537154,-6.012093156061436,0.22666666666666666,68,1.446808510638298,6,47,HILCodec_3kbps,237-126133-0000.flac,42
random_loss,0.2,importance_aware,neighbor_copy,0.1,300,30,0.24,0.22666666666666668,1.2403632402420044,1.2403632402420044,1.6403610706329346,0.8389908086114585,0.7259874005370882,-4.753139129124659,0.22666666666666666,68,1.446808510638298,6,47,HILCodec_3kbps,237-126133-0000.flac,42
random_loss,0.2,importance_aware,zero_fill,0.1,300,30,0.20666666666666667,0.18666666666666665,1.2927002906799316,1.2927002906799316,1.6333880424499512,0.8362648007910315,0.730437735783143,-3.384426339954988,0.18666666666666668,56,1.2727272727272727,3,44,HILCodec_3kbps,237-126133-0000.flac,123
random_loss,0.2,importance_aware,neighbor_copy,0.1,300,30,0.20666666666666667,0.18666666666666665,1.6626367568969727,1.6626367568969727,2.1610474586486816,0.908410457238957,0.8296470693791279,-2.6729134901597194,0.18666666666666668,56,1.2727272727272727,3,44,HILCodec_3kbps,237-126133-0000.flac,123
random_loss,0.2,importance_selective,zero_fill,0.1,300,30,0.21666666666666667,0.21666666666666667,1.166908621788025,1.166908621788025,1.4174513816833496,0.8133292882654374,0.6847505907089737,-6.118359383260983,0.21666666666666667,65,1.3829787234042554,3,47,HILCodec_3kbps,237-126133-0000.flac,42
random_loss,0.2,importance_selective,neighbor_copy,0.1,300,30,0.21666666666666667,0.21666666666666667,1.3406795263290405,1.3406795263290405,1.737309217453003,0.8684729196967917,0.7835507017032308,-5.376698822455373,0.21666666666666667,65,1.3829787234042554,3,47,HILCodec_3kbps,237-126133-0000.flac,42
random_loss,0.2,importance_selective,zero_fill,0.1,300,30,0.20666666666666667,0.20666666666666667,1.1736328601837158,1.1736328601837158,1.456946611404419,0.7932234684841908,0.6647169303250723,-4.182086442341661,0.20666666666666667,62,1.3478260869565217,4,46,HILCodec_3kbps,237-126133-0000.flac,123
random_loss,0.2,importance_selective,neighbor_copy,0.1,300,30,0.20666666666666667,0.20666666666666667,1.3262227773666382,1.3262227773666382,1.799720287322998,0.8791825356862999,0.7810727268100902,-2.579705366732358,0.20666666666666667,62,1.3478260869565217,4,46,HILCodec_3kbps,237-126133-0000.flac,123
random_loss,0.3,none,zero_fill,0.1,300,0,0.32333333333333336,0.32333333333333336,1.1222087144851685,1.1222087144851685,1.338021993637085,0.739961973926302,0.5540342962231481,-7.816850770784551,0.3233333333333333,97,1.564516129032258,8,62,HILCodec_3kbps,237-126133-0000.flac,42
random_loss,0.3,none,neighbor_copy,0.1,300,0,0.32333333333333336,0.32333333333333336,1.1693189144134521,1.1693189144134521,1.442330002784729,0.7644293838172899,0.663538607500189,-6.371800775466056,0.3233333333333333,97,1.564516129032258,8,62,HILCodec_3kbps,237-126133-0000.flac,42
random_loss,0.3,none,zero_fill,0.1,300,0,0.3433333333333334,0.3433333333333334,1.1378569602966309,1.1378569602966309,1.4038355350494385,0.7563333754825041,0.5725677232442085,-7.959286754669162,0.3433333333333333,103,1.5846153846153845,6,65,HILCodec_3kbps,237-126133-0000.flac,123
random_loss,0.3,none,neighbor_copy,0.1,300,0,0.3433333333333334,0.3433333333333334,1.277474045753479,1.277474045753479,1.6305378675460815,0.844654503213245,0.7233065930479203,-5.098726355365754,0.3433333333333333,103,1.5846153846153845,6,65,HILCodec_3kbps,237-126133-0000.flac,123
random_loss,0.3,random,zero_fill,0.1,300,30,0.31999999999999995,0.2833333333333333,1.1348000764846802,1.1348000764846802,1.3440539836883545,0.750288826833169,0.5886436494994594,-6.553928829992004,0.2833333333333333,85,1.4655172413793103,5,58,HILCodec_3kbps,237-126133-0000.flac,42
random_loss,0.3,random,neighbor_copy,0.1,300,30,0.31999999999999995,0.2833333333333333,1.1917998790740967,1.1917998790740967,1.503300428390503,0.7947652729126535,0.6796826734606886,-7.327152982933298,0.2833333333333333,85,1.4655172413793103,5,58,HILCodec_3kbps,237-126133-0000.flac,42
random_loss,0.3,random,zero_fill,0.1,300,30,0.32666666666666666,0.31000000000000005,1.1724110841751099,1.1724110841751099,1.4091875553131104,0.7956007919746564,0.6198542130155502,-5.840254689611706,0.31,93,1.5245901639344261,6,61,HILCodec_3kbps,237-126133-0000.flac,123
random_loss,0.3,random,neighbor_copy,0.1,300,30,0.32666666666666666,0.31000000000000005,1.2684526443481445,1.2684526443481445,1.6802256107330322,0.8459183462399825,0.7165305925797082,-4.173381445322356,0.31,93,1.5245901639344261,6,61,HILCodec_3kbps,237-126133-0000.flac,123
random_loss,0.3,heuristic,zero_fill,0.1,300,30,0.32333333333333336,0.29333333333333333,1.1351807117462158,1.1351807117462158,1.371333360671997,0.7574943865862553,0.594627537466693,-7.126040737601253,0.29333333333333333,88,1.5714285714285714,7,56,HILCodec_3kbps,237-126133-0000.flac,42
random_loss,0.3,heuristic,neighbor_copy,0.1,300,30,0.32333333333333336,0.29333333333333333,1.2047241926193237,1.2047241926193237,1.5000331401824951,0.8118179960917509,0.6957535801753864,-5.7516019201139335,0.29333333333333333,88,1.5714285714285714,7,56,HILCodec_3kbps,237-126133-0000.flac,42
random_loss,0.3,heuristic,zero_fill,0.1,300,30,0.3433333333333334,0.30666666666666664,1.1705424785614014,1.1705424785614014,1.461213231086731,0.7778344343676998,0.6173473370235225,-6.017996099404743,0.30666666666666664,92,1.4603174603174602,4,63,HILCodec_3kbps,237-126133-0000.flac,123
random_loss,0.3,heuristic,neighbor_copy,0.1,300,30,0.3433333333333334,0.30666666666666664,1.3922233581542969,1.3922233581542969,1.7595528364181519,0.8678726103944653,0.7573381313987562,-4.247130961034525,0.30666666666666664,92,1.4603174603174602,4,63,HILCodec_3kbps,237-126133-0000.flac,123
random_loss,0.3,importance_aware,zero_fill,0.1,300,30,0.32333333333333336,0.29666666666666663,1.1331239938735962,1.1331239938735962,1.3677992820739746,0.7557482105352492,0.5912260313340626,-7.203803962015023,0.2966666666666667,89,1.5344827586206897,8,58,HILCodec_3kbps,237-126133-0000.flac,42
random_loss,0.3,importance_aware,neighbor_copy,0.1,300,30,0.32333333333333336,0.29666666666666663,1.2306108474731445,1.2306108474731445,1.5601866245269775,0.8166192201591511,0.6940805826054374,-5.495040065232736,0.2966666666666667,89,1.5344827586206897,8,58,HILCodec_3kbps,237-126133-0000.flac,42
random_loss,0.3,importance_aware,zero_fill,0.1,300,30,0.3433333333333334,0.31333333333333335,1.1574773788452148,1.1574773788452148,1.4574419260025024,0.7757053688197559,0.6112165654630225,-5.914110037583518,0.31333333333333335,94,1.492063492063492,4,63,HILCodec_3kbps,237-126133-0000.flac,123
random_loss,0.3,importance_aware,neighbor_copy,0.1,300,30,0.3433333333333334,0.31333333333333335,1.3848543167114258,1.3848543167114258,1.7759058475494385,0.8742338515123896,0.7611393491952635,-4.181653427572186,0.31333333333333335,94,1.492063492063492,4,63,HILCodec_3kbps,237-126133-0000.flac,123
random_loss,0.3,importance_selective,zero_fill,0.1,300,30,0.32666666666666666,0.32666666666666666,1.1082727909088135,1.1082727909088135,1.305509328842163,0.740697712747287,0.6037029848910319,-9.978075744049102,0.32666666666666666,98,1.5555555555555556,5,63,HILCodec_3kbps,237-126133-0000.flac,42
random_loss,0.3,importance_selective,neighbor_copy,0.1,300,30,0.32666666666666666,0.32666666666666666,1.2102749347686768,1.2102749347686768,1.5230512619018555,0.8210779217312401,0.713925797908439,-7.873216180800229,0.32666666666666666,98,1.5555555555555556,5,63,HILCodec_3kbps,237-126133-0000.flac,42
random_loss,0.3,importance_selective,zero_fill,0.1,300,30,0.33333333333333337,0.33333333333333337,1.0882898569107056,1.0882898569107056,1.3103662729263306,0.6808447920083182,0.4991142460743871,-9.091852371611765,0.3333333333333333,100,1.5873015873015872,5,63,HILCodec_3kbps,237-126133-0000.flac,123
random_loss,0.3,importance_selective,neighbor_copy,0.1,300,30,0.33333333333333337,0.33333333333333337,1.2109050750732422,1.2109050750732422,1.5436949729919434,0.8329457932746254,0.7164617884116478,-6.184962458457505,0.3333333333333333,100,1.5873015873015872,5,63,HILCodec_3kbps,237-126133-0000.flac,123
random_loss,0.4,none,zero_fill,0.1,300,0,0.41000000000000003,0.41000000000000003,1.0861724615097046,1.0861724615097046,1.3254637718200684,0.7022019620263866,0.47285081606043156,-9.186663982794736,0.41,123,1.662162162162162,8,74,HILCodec_3kbps,237-126133-0000.flac,42
random_loss,0.4,none,neighbor_copy,0.1,300,0,0.41000000000000003,0.41000000000000003,1.1548173427581787,1.1548173427581787,1.3797447681427002,0.7505517611235512,0.6330467589381887,-7.319862191268762,0.41,123,1.662162162162162,8,74,HILCodec_3kbps,237-126133-0000.flac,42
random_loss,0.4,none,zero_fill,0.1,300,0,0.42333333333333334,0.42333333333333334,1.1155568361282349,1.1155568361282349,1.3327412605285645,0.7011595335120592,0.4966916157241262,-10.413909321382164,0.42333333333333334,127,1.7887323943661972,6,71,HILCodec_3kbps,237-126133-0000.flac,123
random_loss,0.4,none,neighbor_copy,0.1,300,0,0.42333333333333334,0.42333333333333334,1.209639549255371,1.209639549255371,1.4804426431655884,0.7930212153199523,0.6699120901608965,-6.792532400332606,0.42333333333333334,127,1.7887323943661972,6,71,HILCodec_3kbps,237-126133-0000.flac,123
random_loss,0.4,random,zero_fill,0.1,300,30,0.42000000000000004,0.3733333333333333,1.100777268409729,1.100777268409729,1.2711877822875977,0.7168294485370009,0.5088627031536141,-8.939514449897667,0.37333333333333335,112,1.6,5,70,HILCodec_3kbps,237-126133-0000.flac,42
random_loss,0.4,random,neighbor_copy,0.1,300,30,0.42000000000000004,0.3733333333333333,1.1785523891448975,1.1785523891448975,1.451655387878418,0.7665691402846374,0.6305381436716249,-8.078082591139449,0.37333333333333335,112,1.6,5,70,HILCodec_3kbps,237-126133-0000.flac,42
random_loss,0.4,random,zero_fill,0.1,300,30,0.42333333333333334,0.3966666666666666,1.1229933500289917,1.1229933500289917,1.3257070779800415,0.7384871710094499,0.5315798332352165,-7.573517674910764,0.39666666666666667,119,1.6527777777777777,6,72,HILCodec_3kbps,237-126133-0000.flac,123
random_loss,0.4,random,neighbor_copy,0.1,300,30,0.42333333333333334,0.3966666666666666,1.2133651971817017,1.2133651971817017,1.4858925342559814,0.7940611556802177,0.6696698861560277,-5.57105939880218,0.39666666666666667,119,1.6527777777777777,6,72,HILCodec_3kbps,237-126133-0000.flac,123
random_loss,0.4,heuristic,zero_fill,0.1,300,30,0.41000000000000003,0.3733333333333333,1.1135306358337402,1.1135306358337402,1.3494296073913574,0.7230803337289681,0.5109219981838353,-8.082543257156381,0.37333333333333335,112,1.6231884057971016,7,69,HILCodec_3kbps,237-126133-0000.flac,42
random_loss,0.4,heuristic,neighbor_copy,0.1,300,30,0.41000000000000003,0.3733333333333333,1.1786906719207764,1.1786906719207764,1.4764623641967773,0.7992330190705667,0.6698792461021165,-6.4317620794210315,0.37333333333333335,112,1.6231884057971016,7,69,HILCodec_3kbps,237-126133-0000.flac,42
random_loss,0.4,heuristic,zero_fill,0.1,300,30,0.42333333333333334,0.3866666666666667,1.1393663883209229,1.1393663883209229,1.3571805953979492,0.7241716337625155,0.5355203458920166,-8.298467357482604,0.38666666666666666,116,1.6338028169014085,5,71,HILCodec_3kbps,237-126133-0000.flac,123
random_loss,0.4,heuristic,neighbor_copy,0.1,300,30,0.42333333333333334,0.3866666666666667,1.2434163093566895,1.2434163093566895,1.5498135089874268,0.8176182504568554,0.7025677696682248,-5.961726144069656,0.38666666666666666,116,1.6338028169014085,5,71,HILCodec_3kbps,237-126133-0000.flac,123
random_loss,0.4,importance_aware,zero_fill,0.1,300,30,0.41000000000000003,0.3766666666666667,1.1009682416915894,1.1009682416915894,1.3521806001663208,0.7232917935805265,0.5049482508736176,-8.235416660693621,0.37666666666666665,113,1.6142857142857143,8,70,HILCodec_3kbps,237-126133-0000.flac,42
random_loss,0.4,importance_aware,neighbor_copy,0.1,300,30,0.41000000000000003,0.3766666666666667,1.1975122690200806,1.1975122690200806,1.5252974033355713,0.8047771839604569,0.6689999194877109,-6.237479554006352,0.37666666666666665,113,1.6142857142857143,8,70,HILCodec_3kbps,237-126133-0000.flac,42
random_loss,0.4,importance_aware,zero_fill,0.1,300,30,0.42333333333333334,0.39,1.1315040588378906,1.1315040588378906,1.3620949983596802,0.7232919334482004,0.5363558437347669,-8.109056667601799,0.39,117,1.6956521739130435,5,69,HILCodec_3kbps,237-126133-0000.flac,123
random_loss,0.4,importance_aware,neighbor_copy,0.1,300,30,0.42333333333333334,0.39,1.2571561336517334,1.2571561336517334,1.5701782703399658,0.8304925233789427,0.703268761898253,-5.6386028568325095,0.39,117,1.6956521739130435,5,69,HILCodec_3kbps,237-126133-0000.flac,123
random_loss,0.4,importance_selective,zero_fill,0.1,300,30,0.4066666666666666,0.4066666666666666,1.0886691808700562,1.0886691808700562,1.2867004871368408,0.7005588039847559,0.5223134648948392,-11.231280015776237,0.4066666666666667,122,1.6944444444444444,5,72,HILCodec_3kbps,237-126133-0000.flac,42
random_loss,0.4,importance_selective,neighbor_copy,0.1,300,30,0.4066666666666666,0.4066666666666666,1.1624430418014526,1.1624430418014526,1.3882513046264648,0.7986722446608763,0.6726877545644657,-9.555578514657334,0.4066666666666667,122,1.6944444444444444,5,72,HILCodec_3kbps,237-126133-0000.flac,42
random_loss,0.4,importance_selective,zero_fill,0.1,300,30,0.43000000000000005,0.43000000000000005,1.0711688995361328,1.0711688995361328,1.25050950050354,0.6335305662911278,0.390368770459423,-11.458084057778251,0.43,129,1.8169014084507042,5,71,HILCodec_3kbps,237-126133-0000.flac,123
random_loss,0.4,importance_selective,neighbor_copy,0.1,300,30,0.43000000000000005,0.43000000000000005,1.1297813653945923,1.1297813653945923,1.3757330179214478,0.7908360688004554,0.6383591408457474,-9.604312975447073,0.43,129,1.8169014084507042,5,71,HILCodec_3kbps,237-126133-0000.flac,123
random_loss,0.0,none,zero_fill,0.1,300,0,0.0,0.0,1.7963945865631104,1.7963945865631104,3.498704433441162,0.9352278765431844,0.8371613146590603,3.7808423294777196,0.0,0,0.0,0,0,HILCodec_3kbps,260-123286-0000.flac,42
random_loss,0.0,none,neighbor_copy,0.1,300,0,0.0,0.0,1.7963945865631104,1.7963945865631104,3.498704433441162,0.9352278765431844,0.8371613146590602,3.7808423294777196,0.0,0,0.0,0,0,HILCodec_3kbps,260-123286-0000.flac,42
random_loss,0.0,none,zero_fill,0.1,300,0,0.0,0.0,1.7963945865631104,1.7963945865631104,3.498704433441162,0.9352278765431844,0.8371613146590602,3.7808423294777196,0.0,0,0.0,0,0,HILCodec_3kbps,260-123286-0000.flac,123
random_loss,0.0,none,neighbor_copy,0.1,300,0,0.0,0.0,1.7963945865631104,1.7963945865631104,3.498704433441162,0.9352278765431844,0.8371613146590602,3.7808423294777196,0.0,0,0.0,0,0,HILCodec_3kbps,260-123286-0000.flac,123
random_loss,0.0,random,zero_fill,0.1,300,30,0.0,0.0,1.7963945865631104,1.7963945865631104,3.498704433441162,0.9352278765431844,0.8371613146590602,3.7808423294777196,0.0,0,0.0,0,0,HILCodec_3kbps,260-123286-0000.flac,42
random_loss,0.0,random,neighbor_copy,0.1,300,30,0.0,0.0,1.7963945865631104,1.7963945865631104,3.498704433441162,0.9352278765431844,0.8371613146590602,3.7808423294777196,0.0,0,0.0,0,0,HILCodec_3kbps,260-123286-0000.flac,42
random_loss,0.0,random,zero_fill,0.1,300,30,0.0,0.0,1.7963945865631104,1.7963945865631104,3.498704433441162,0.9352278765431844,0.8371613146590602,3.7808423294777196,0.0,0,0.0,0,0,HILCodec_3kbps,260-123286-0000.flac,123
random_loss,0.0,random,neighbor_copy,0.1,300,30,0.0,0.0,1.7963945865631104,1.7963945865631104,3.498704433441162,0.9352278765431844,0.8371613146590602,3.7808423294777196,0.0,0,0.0,0,0,HILCodec_3kbps,260-123286-0000.flac,123
random_loss,0.0,heuristic,zero_fill,0.1,300,30,0.0,0.0,1.7963945865631104,1.7963945865631104,3.498704433441162,0.9352278765431844,0.8371613146590603,3.7808423294777196,0.0,0,0.0,0,0,HILCodec_3kbps,260-123286-0000.flac,42
random_loss,0.0,heuristic,neighbor_copy,0.1,300,30,0.0,0.0,1.7963945865631104,1.7963945865631104,3.498704433441162,0.9352278765431844,0.8371613146590602,3.7808423294777196,0.0,0,0.0,0,0,HILCodec_3kbps,260-123286-0000.flac,42
random_loss,0.0,heuristic,zero_fill,0.1,300,30,0.0,0.0,1.7963945865631104,1.7963945865631104,3.498704433441162,0.9352278765431844,0.8371613146590602,3.7808423294777196,0.0,0,0.0,0,0,HILCodec_3kbps,260-123286-0000.flac,123
random_loss,0.0,heuristic,neighbor_copy,0.1,300,30,0.0,0.0,1.7963945865631104,1.7963945865631104,3.498704433441162,0.9352278765431844,0.8371613146590601,3.7808423294777196,0.0,0,0.0,0,0,HILCodec_3kbps,260-123286-0000.flac,123
random_loss,0.0,importance_aware,zero_fill,0.1,300,30,0.0,0.0,1.7963945865631104,1.7963945865631104,3.498704433441162,0.9352278765431844,0.8371613146590602,3.7808423294777196,0.0,0,0.0,0,0,HILCodec_3kbps,260-123286-0000.flac,42
random_loss,0.0,importance_aware,neighbor_copy,0.1,300,30,0.0,0.0,1.7963945865631104,1.7963945865631104,3.498704433441162,0.9352278765431844,0.8371613146590602,3.7808423294777196,0.0,0,0.0,0,0,HILCodec_3kbps,260-123286-0000.flac,42
random_loss,0.0,importance_aware,zero_fill,0.1,300,30,0.0,0.0,1.7963945865631104,1.7963945865631104,3.498704433441162,0.9352278765431844,0.8371613146590602,3.7808423294777196,0.0,0,0.0,0,0,HILCodec_3kbps,260-123286-0000.flac,123
random_loss,0.0,importance_aware,neighbor_copy,0.1,300,30,0.0,0.0,1.7963945865631104,1.7963945865631104,3.498704433441162,0.9352278765431844,0.8371613146590602,3.7808423294777196,0.0,0,0.0,0,0,HILCodec_3kbps,260-123286-0000.flac,123
random_loss,0.0,importance_selective,zero_fill,0.1,300,30,0.0,0.0,1.7963945865631104,1.7963945865631104,3.498704433441162,0.9352278765431844,0.8371613146590601,3.7808423294777196,0.0,0,0.0,0,0,HILCodec_3kbps,260-123286-0000.flac,42
random_loss,0.0,importance_selective,neighbor_copy,0.1,300,30,0.0,0.0,1.7963945865631104,1.7963945865631104,3.498704433441162,0.9352278765431844,0.8371613146590602,3.7808423294777196,0.0,0,0.0,0,0,HILCodec_3kbps,260-123286-0000.flac,42
random_loss,0.0,importance_selective,zero_fill,0.1,300,30,0.0,0.0,1.7963945865631104,1.7963945865631104,3.498704433441162,0.9352278765431844,0.8371613146590603,3.7808423294777196,0.0,0,0.0,0,0,HILCodec_3kbps,260-123286-0000.flac,123
random_loss,0.0,importance_selective,neighbor_copy,0.1,300,30,0.0,0.0,1.7963945865631104,1.7963945865631104,3.498704433441162,0.9352278765431844,0.8371613146590601,3.7808423294777196,0.0,0,0.0,0,0,HILCodec_3kbps,260-123286-0000.flac,123
random_loss,0.01,none,zero_fill,0.1,300,0,0.0033333333333332993,0.0033333333333332993,1.7905523777008057,1.7905523777008057,3.4797279834747314,0.9341288173925555,0.8349482474466613,3.2463020227612294,0.0033333333333333335,1,1.0,1,1,HILCodec_3kbps,260-123286-0000.flac,42
random_loss,0.01,none,neighbor_copy,0.1,300,0,0.0033333333333332993,0.0033333333333332993,1.7190124988555908,1.7190124988555908,3.151224374771118,0.9246389575553662,0.8320826219461558,2.702973924019658,0.0033333333333333335,1,1.0,1,1,HILCodec_3kbps,260-123286-0000.flac,42
random_loss,0.01,none,zero_fill,0.1,300,0,0.013333333333333308,0.013333333333333308,1.6801300048828125,1.6801300048828125,3.087400197982788,0.9214979366618835,0.817969575325541,3.122222268063202,0.013333333333333334,4,1.0,1,4,HILCodec_3kbps,260-123286-0000.flac,123
random_loss,0.01,none,neighbor_copy,0.1,300,0,0.013333333333333308,0.013333333333333308,1.7002182006835938,1.7002182006835938,3.230325937271118,0.9282776030658808,0.8272450947500453,2.767663814097694,0.013333333333333334,4,1.0,1,4,HILCodec_3kbps,260-123286-0000.flac,123
random_loss,0.01,random,zero_fill,0.1,300,30,0.0033333333333332993,0.0033333333333332993,1.796388030052185,1.796388030052185,3.498710870742798,0.9352278765431844,0.8371613146590603,3.78067273687658,0.0033333333333333335,1,1.0,1,1,HILCodec_3kbps,260-123286-0000.flac,42
random_loss,0.01,random,neighbor_copy,0.1,300,30,0.0033333333333332993,0.0033333333333332993,1.7963945865631104,1.7963945865631104,3.498704433441162,0.9352278765431844,0.8371613146590602,3.7808423294777196,0.0033333333333333335,1,1.0,1,1,HILCodec_3kbps,260-123286-0000.flac,42
random_loss,0.01,random,zero_fill,0.1,300,30,0.01666666666666672,0.01666666666666672,1.742258071899414,1.742258071899414,3.289205551147461,0.9354065507832976,0.8374698199523325,3.5597590292280437,0.016666666666666666,5,1.0,1,5,HILCodec_3kbps,260-123286-0000.flac,123
random_loss,0.01,random,neighbor_copy,0.1,300,30,0.01666666666666672,0.01666666666666672,1.776163935661316,1.776163935661316,3.4601635932922363,0.9351115751759072,0.8378857845566032,3.589314851907716,0.016666666666666666,5,1.0,1,5,HILCodec_3kbps,260-123286-0000.flac,123
random_loss,0.01,heuristic,zero_fill,0.1,300,30,0.0033333333333332993,0.0033333333333332993,1.7905523777008057,1.7905523777008057,3.4797279834747314,0.9341288173925555,0.8349482474466613,3.2463020227612294,0.0033333333333333335,1,1.0,1,1,HILCodec_3kbps,260-123286-0000.flac,42
random_loss,0.01,heuristic,neighbor_copy,0.1,300,30,0.0033333333333332993,0.0033333333333332993,1.7190124988555908,1.7190124988555908,3.151224374771118,0.9246389575553662,0.832082621946156,2.702973924019658,0.0033333333333333335,1,1.0,1,1,HILCodec_3kbps,260-123286-0000.flac,42
random_loss,0.01,heuristic,zero_fill,0.1,300,30,0.013333333333333308,0.010000000000000009,1.6865930557250977,1.6865930557250977,3.120664358139038,0.9213994048976941,0.820348346873114,3.1224291115124956,0.01,3,1.0,1,3,HILCodec_3kbps,260-123286-0000.flac,123
random_loss,0.01,heuristic,neighbor_copy,0.1,300,30,0.013333333333333308,0.010000000000000009,1.7083756923675537,1.7083756923675537,3.260364055633545,0.9283861101985973,0.8277896291190038,2.768204943839291,0.01,3,1.0,1,3,HILCodec_3kbps,260-123286-0000.flac,123
random_loss,0.01,importance_aware,zero_fill,0.1,300,30,0.0033333333333332993,0.0033333333333332993,1.7905523777008057,1.7905523777008057,3.4797279834747314,0.9341288173925555,0.8349482474466612,3.2463020227612294,0.0033333333333333335,1,1.0,1,1,HILCodec_3kbps,260-123286-0000.flac,42
random_loss,0.01,importance_aware,neighbor_copy,0.1,300,30,0.0033333333333332993,0.0033333333333332993,1.7190124988555908,1.7190124988555908,3.151224374771118,0.9246389575553662,0.832082621946156,2.702973924019658,0.0033333333333333335,1,1.0,1,1,HILCodec_3kbps,260-123286-0000.flac,42
random_loss,0.01,importance_aware,zero_fill,0.1,300,30,0.013333333333333308,0.00666666666666671,1.6941661834716797,1.6941661834716797,3.135765790939331,0.9231864895812909,0.8202982200299549,3.561419103203333,0.006666666666666667,2,1.0,1,2,HILCodec_3kbps,260-123286-0000.flac,123
random_loss,0.01,importance_aware,neighbor_copy,0.1,300,30,0.013333333333333308,0.00666666666666671,1.78352952003479,1.78352952003479,3.443218469619751,0.9347801958531096,0.8331159824175233,3.446672356795202,0.006666666666666667,2,1.0,1,2,HILCodec_3kbps,260-123286-0000.flac,123
random_loss,0.01,importance_selective,zero_fill,0.1,300,30,0.0033333333333332993,0.0033333333333332993,1.7437691688537598,1.7437691688537598,3.3463337421417236,0.9346415720303103,0.8364370325102503,3.0128318415830306,0.0033333333333333335,1,1.0,1,1,HILCodec_3kbps,260-123286-0000.flac,42
random_loss,0.01,importance_selective,neighbor_copy,0.1,300,30,0.0033333333333332993,0.0033333333333332993,1.7598598003387451,1.7598598003387451,3.3971059322357178,0.9354238746657086,0.8371604139502592,3.0803435229688327,0.0033333333333333335,1,1.0,1,1,HILCodec_3kbps,260-123286-0000.flac,42
random_loss,0.01,importance_selective,zero_fill,0.1,300,30,0.010000000000000009,0.010000000000000009,1.6850855350494385,1.6850855350494385,3.040309190750122,0.9126042342563471,0.807260226316352,2.7875945921082934,0.01,3,1.0,1,3,HILCodec_3kbps,260-123286-0000.flac,123
random_loss,0.01,importance_selective,neighbor_copy,0.1,300,30,0.010000000000000009,0.010000000000000009,1.6397876739501953,1.6397876739501953,3.1151373386383057,0.9310549765868589,0.8249892028050575,2.2218343572108927,0.01,3,1.0,1,3,HILCodec_3kbps,260-123286-0000.flac,123
random_loss,0.03,none,zero_fill,0.1,300,0,0.026666666666666616,0.026666666666666616,1.6035284996032715,1.6035284996032715,2.4565377235412598,0.9212193734901043,0.8129880010724927,3.12310375259334,0.02666666666666667,8,1.0,1,8,HILCodec_3kbps,260-123286-0000.flac,42
random_loss,0.03,none,neighbor_copy,0.1,300,0,0.026666666666666616,0.026666666666666616,1.6943871974945068,1.6943871974945068,3.108330726623535,0.9210072834676923,0.8262892094848137,2.657788525472959,0.02666666666666667,8,1.0,1,8,HILCodec_3kbps,260-123286-0000.flac,42
random_loss,0.03,none,zero_fill,0.1,300,0,0.033333333333333326,0.033333333333333326,1.569448471069336,1.569448471069336,2.8046786785125732,0.9121633506497346,0.8084161635020732,2.9436882764295187,0.03333333333333333,10,1.0,1,10,HILCodec_3kbps,260-123286-0000.flac,123
random_loss,0.03,none,neighbor_copy,0.1,300,0,0.033333333333333326,0.033333333333333326,1.6833925247192383,1.6833925247192383,3.18349027633667,0.922245869856742,0.8224857187938672,2.630505824800569,0.03333333333333333,10,1.0,1,10,HILCodec_3kbps,260-123286-0000.flac,123
random_loss,0.03,random,zero_fill,0.1,300,30,0.026666666666666616,0.020000000000000018,1.59281325340271,1.59281325340271,2.8771469593048096,0.9310661112700342,0.8229676043890644,2.625658615840407,0.02,6,1.0,1,6,HILCodec_3kbps,260-123286-0000.flac,42
random_loss,0.03,random,neighbor_copy,0.1,300,30,0.026666666666666616,0.020000000000000018,1.73757803440094,1.73757803440094,3.3381900787353516,0.9327311511827219,0.8312867260875829,2.6081506363974545,0.02,6,1.0,1,6,HILCodec_3kbps,260-123286-0000.flac,42
random_loss,0.03,random,zero_fill,0.1,300,30,0.033333333333333326,0.033333333333333326,1.5870418548583984,1.5870418548583984,2.8817226886749268,0.9249661899586791,0.8214833271218571,3.2852099270868322,0.03333333333333333,10,1.0,1,10,HILCodec_3kbps,260-123286-0000.flac,123
random_loss,0.03,random,neighbor_copy,0.1,300,30,0.033333333333333326,0.033333333333333326,1.7672693729400635,1.7672693729400635,3.435062885284424,0.9331734164837858,0.8358618657360494,3.5336614566038698,0.03333333333333333,10,1.0,1,10,HILCodec_3kbps,260-123286-0000.flac,123
random_loss,0.03,heuristic,zero_fill,0.1,300,30,0.026666666666666616,0.026666666666666616,1.6035284996032715,1.6035284996032715,2.4565377235412598,0.9212193734901043,0.8129880010724927,3.12310375259334,0.02666666666666667,8,1.0,1,8,HILCodec_3kbps,260-123286-0000.flac,42
random_loss,0.03,heuristic,neighbor_copy,0.1,300,30,0.026666666666666616,0.026666666666666616,1.6943871974945068,1.6943871974945068,3.108330726623535,0.9210072834676923,0.8262892094848138,2.657788525472959,0.02666666666666667,8,1.0,1,8,HILCodec_3kbps,260-123286-0000.flac,42
random_loss,0.03,heuristic,zero_fill,0.1,300,30,0.033333333333333326,0.030000000000000027,1.574208378791809,1.574208378791809,2.8282182216644287,0.9120954271285551,0.8099483114098097,2.943898433143521,0.03,9,1.0,1,9,HILCodec_3kbps,260-123286-0000.flac,123
random_loss,0.03,heuristic,neighbor_copy,0.1,300,30,0.033333333333333326,0.030000000000000027,1.691185712814331,1.691185712814331,3.213798761367798,0.9223416884641237,0.8230430293918058,2.6310418107713347,0.03,9,1.0,1,9,HILCodec_3kbps,260-123286-0000.flac,123
random_loss,0.03,importance_aware,zero_fill,0.1,300,30,0.026666666666666616,0.026666666666666616,1.6035284996032715,1.6035284996032715,2.4565377235412598,0.9212193734901043,0.8129880010724927,3.12310375259334,0.02666666666666667,8,1.0,1,8,HILCodec_3kbps,260-123286-0000.flac,42
random_loss,0.03,importance_aware,neighbor_copy,0.1,300,30,0.026666666666666616,0.026666666666666616,1.6943871974945068,1.6943871974945068,3.108330726623535,0.9210072834676923,0.8262892094848135,2.657788525472959,0.02666666666666667,8,1.0,1,8,HILCodec_3kbps,260-123286-0000.flac,42
random_loss,0.03,importance_aware,zero_fill,0.1,300,30,0.033333333333333326,0.026666666666666616,1.5805385112762451,1.5805385112762451,2.831451654434204,0.9142089694478077,0.8100117449321351,3.35732305998341,0.02666666666666667,8,1.0,1,8,HILCodec_3kbps,260-123286-0000.flac,123
random_loss,0.03,importance_aware,neighbor_copy,0.1,300,30,0.033333333333333326,0.026666666666666616,1.7550923824310303,1.7550923824310303,3.3787381649017334,0.928744379371632,0.8284216552809984,3.2935900368900524,0.02666666666666667,8,1.0,1,8,HILCodec_3kbps,260-123286-0000.flac,123
random_loss,0.03,importance_selective,zero_fill,0.1,300,30,0.030000000000000027,0.030000000000000027,2.1388111114501953,2.1388111114501953,2.8332483768463135,0.9215419599364698,0.8009776949394557,2.85178278469358,0.03,9,1.0,1,9,HILCodec_3kbps,260-123286-0000.flac,42
random_loss,0.03,importance_selective,neighbor_copy,0.1,300,30,0.030000000000000027,0.030000000000000027,2.5520853996276855,2.5520853996276855,3.3661513328552246,0.9337315348628771,0.8280149755282656,2.8418662171889792,0.03,9,1.0,1,9,HILCodec_3kbps,260-123286-0000.flac,42
random_loss,0.03,importance_selective,zero_fill,0.1,300,30,0.036666666666666625,0.036666666666666625,1.6675333976745605,1.6675333976745605,2.9230000972747803,0.903739401065538,0.7934445931215758,2.383978322527567,0.03666666666666667,11,1.1,2,10,HILCodec_3kbps,260-123286-0000.flac,123
random_loss,0.03,importance_selective,neighbor_copy,0.1,300,30,0.036666666666666625,0.036666666666666625,1.620842456817627,1.620842456817627,3.075010061264038,0.9293447437964432,0.822078907879773,1.8923731060018467,0.03666666666666667,11,1.1,2,10,HILCodec_3kbps,260-123286-0000.flac,123
random_loss,0.05,none,zero_fill,0.1,300,0,0.050000000000000044,0.050000000000000044,1.3848296403884888,1.3848296403884888,1.9571518898010254,0.8801239374751977,0.7502085255043852,0.408294062343954,0.05,15,1.0,1,15,HILCodec_3kbps,260-123286-0000.flac,42
random_loss,0.05,none,neighbor_copy,0.1,300,0,0.050000000000000044,0.050000000000000044,1.5314675569534302,1.5314675569534302,2.703960657119751,0.8998853614485917,0.7997694345809258,1.2152020977190003,0.05,15,1.0,1,15,HILCodec_3kbps,260-123286-0000.flac,42
random_loss,0.05,none,zero_fill,0.1,300,0,0.050000000000000044,0.050000000000000044,1.5477559566497803,1.5477559566497803,2.723381757736206,0.912140903887618,0.7989215422825531,2.9870331223650193,0.05,15,1.0714285714285714,2,14,HILCodec_3kbps,260-123286-0000.flac,123
random_loss,0.05,none,neighbor_copy,0.1,300,0,0.050000000000000044,0.050000000000000044,1.6801784038543701,1.6801784038543701,3.1701626777648926,0.9212018676455187,0.8188551525660211,2.6184522349119215,0.05,15,1.0714285714285714,2,14,HILCodec_3kbps,260-123286-0000.flac,123
random_loss,0.05,random,zero_fill,0.1,300,30,0.046666666666666634,0.033333333333333326,1.572344422340393,1.572344422340393,2.772885322570801,0.9321227793410917,0.8243160401469044,2.6391654849480544,0.03333333333333333,10,1.0,1,10,HILCodec_3kbps,260-123286-0000.flac,42
random_loss,0.05,random,neighbor_copy,0.1,300,30,0.046666666666666634,0.033333333333333326,1.7391698360443115,1.7391698360443115,3.3400182723999023,0.9329798203854731,0.8314828507449317,2.6100699968105423,0.03333333333333333,10,1.0,1,10,HILCodec_3kbps,260-123286-0000.flac,42
random_loss,0.05,random,zero_fill,0.1,300,30,0.053333333333333344,0.050000000000000044,1.4833672046661377,1.4833672046661377,2.609091281890869,0.9124492651290604,0.7988951631589774,1.913325357043155,0.05,15,1.0714285714285714,2,14,HILCodec_3kbps,260-123286-0000.flac,123
random_loss,0.05,random,neighbor_copy,0.1,300,30,0.053333333333333344,0.050000000000000044,1.649390697479248,1.649390697479248,3.1762959957122803,0.9266630577833072,0.8226622509910694,2.3590319634089933,0.05,15,1.0714285714285714,2,14,HILCodec_3kbps,260-123286-0000.flac,123
random_loss,0.05,heuristic,zero_fill,0.1,300,30,0.050000000000000044,0.050000000000000044,1.3848296403884888,1.3848296403884888,1.9571518898010254,0.8801239374751977,0.7502085255043852,0.408294062343954,0.05,15,1.0,1,15,HILCodec_3kbps,260-123286-0000.flac,42
random_loss,0.05,heuristic,neighbor_copy,0.1,300,30,0.050000000000000044,0.050000000000000044,1.5314675569534302,1.5314675569534302,2.703960657119751,0.8998853614485917,0.7997694345809258,1.2152020977190003,0.05,15,1.0,1,15,HILCodec_3kbps,260-123286-0000.flac,42
random_loss,0.05,heuristic,zero_fill,0.1,300,30,0.050000000000000044,0.046666666666666634,1.5515457391738892,1.5515457391738892,2.7345449924468994,0.9120748195506336,0.8004770926116315,2.9872453358455804,0.04666666666666667,14,1.0769230769230769,2,13,HILCodec_3kbps,260-123286-0000.flac,123
random_loss,0.05,heuristic,neighbor_copy,0.1,300,30,0.050000000000000044,0.046666666666666634,1.6880195140838623,1.6880195140838623,3.2006375789642334,0.9212969856288282,0.8194046327369167,2.618987796797039,0.04666666666666667,14,1.0769230769230769,2,13,HILCodec_3kbps,260-123286-0000.flac,123
random_loss,0.05,importance_aware,zero_fill,0.1,300,30,0.050000000000000044,0.050000000000000044,1.3848296403884888,1.3848296403884888,1.9571518898010254,0.8801239374751977,0.7502085255043852,0.408294062343954,0.05,15,1.0,1,15,HILCodec_3kbps,260-123286-0000.flac,42
random_loss,0.05,importance_aware,neighbor_copy,0.1,300,30,0.050000000000000044,0.050000000000000044,1.5314675569534302,1.5314675569534302,2.703960657119751,0.8998853614485917,0.7997694345809258,1.2152020977190003,0.05,15,1.0,1,15,HILCodec_3kbps,260-123286-0000.flac,42
random_loss,0.05,importance_aware,zero_fill,0.1,300,30,0.050000000000000044,0.043333333333333335,1.5447065830230713,1.5447065830230713,2.73575758934021,0.9141104454042608,0.8005513480667567,3.3658291907933835,0.043333333333333335,13,1.0833333333333333,2,12,HILCodec_3kbps,260-123286-0000.flac,123
random_loss,0.05,importance_aware,neighbor_copy,0.1,300,30,0.050000000000000044,0.043333333333333335,1.7536001205444336,1.7536001205444336,3.3710110187530518,0.9281559328632802,0.8251538705002459,3.285289378073738,0.043333333333333335,13,1.0833333333333333,2,12,HILCodec_3kbps,260-123286-0000.flac,123
random_loss,0.05,importance_selective,zero_fill,0.1,300,30,0.043333333333333335,0.043333333333333335,1.9562410116195679,1.9562410116195679,2.678309917449951,0.9187127959383915,0.7859091863105377,2.8617534003801555,0.043333333333333335,13,1.0,1,13,HILCodec_3kbps,260-123286-0000.flac,42
random_loss,0.05,importance_selective,neighbor_copy,0.1,300,30,0.043333333333333335,0.043333333333333335,2.5218381881713867,2.5218381881713867,3.365187644958496,0.9336924833390747,0.8265937409347174,2.836437985116448,0.043333333333333335,13,1.0,1,13,HILCodec_3kbps,260-123286-0000.flac,42
random_loss,0.05,importance_selective,zero_fill,0.1,300,30,0.050000000000000044,0.050000000000000044,1.6532530784606934,1.6532530784606934,2.9148151874542236,0.9053501482910581,0.7856167911660389,2.2458559091576844,0.05,15,1.0714285714285714,2,14,HILCodec_3kbps,260-123286-0000.flac,123
random_loss,0.05,importance_selective,neighbor_copy,0.1,300,30,0.050000000000000044,0.050000000000000044,1.6046793460845947,1.6046793460845947,3.014512300491333,0.9280705451229094,0.818198861363955,1.749345354932351,0.05,15,1.0714285714285714,2,14,HILCodec_3kbps,260-123286-0000.flac,123
random_loss,0.1,none,zero_fill,0.1,300,0,0.09666666666666668,0.09666666666666668,1.3388583660125732,1.3388583660125732,1.8608121871948242,0.8682645650777786,0.7134122557948028,0.5386730025162012,0.09666666666666666,29,1.0740740740740742,2,27,HILCodec_3kbps,260-123286-0000.flac,42
random_loss,0.1,none,neighbor_copy,0.1,300,0,0.09666666666666668,0.09666666666666668,1.4275546073913574,1.4275546073913574,2.5254781246185303,0.8916152428091231,0.7878470899348672,1.0658226179559165,0.09666666666666666,29,1.0740740740740742,2,27,HILCodec_3kbps,260-123286-0000.flac,42
random_loss,0.1,none,zero_fill,0.1,300,0,0.09999999999999998,0.09999999999999998,1.4017417430877686,1.4017417430877686,2.3750205039978027,0.8829016265126577,0.7486782159281532,2.530163613324519,0.1,30,1.1111111111111112,2,27,HILCodec_3kbps,260-123286-0000.flac,123
random_loss,0.1,none,neighbor_copy,0.1,300,0,0.09999999999999998,0.09999999999999998,1.5772795677185059,1.5772795677185059,2.9889490604400635,0.9123316574319672,0.7938758178575605,1.1996915918911875,0.1,30,1.1111111111111112,2,27,HILCodec_3kbps,260-123286-0000.flac,123
random_loss,0.1,random,zero_fill,0.1,300,30,0.08666666666666667,0.06999999999999995,1.4342067241668701,1.4342067241668701,2.3441507816314697,0.8692249505816847,0.7542867456035754,1.5652669313291914,0.07,21,1.105263157894737,2,19,HILCodec_3kbps,260-123286-0000.flac,42
random_loss,0.1,random,neighbor_copy,0.1,300,30,0.08666666666666667,0.06999999999999995,1.5518035888671875,1.5518035888671875,2.8024940490722656,0.9029509439106584,0.7909208620702122,1.143167889244585,0.07,21,1.105263157894737,2,19,HILCodec_3kbps,260-123286-0000.flac,42
random_loss,0.1,random,zero_fill,0.1,300,30,0.10666666666666669,0.10333333333333339,1.3804359436035156,1.3804359436035156,2.232283592224121,0.8693162249757697,0.7416275391731693,1.292343958329352,0.10333333333333333,31,1.1481481481481481,2,27,HILCodec_3kbps,260-123286-0000.flac,123
random_loss,0.1,random,neighbor_copy,0.1,300,30,0.10666666666666669,0.10333333333333339,1.4692509174346924,1.4692509174346924,2.4234983921051025,0.9136952037213232,0.8053553840835058,1.719699893587542,0.10333333333333333,31,1.1481481481481481,2,27,HILCodec_3kbps,260-123286-0000.flac,123
random_loss,0.1,heuristic,zero_fill,0.1,300,30,0.09666666666666668,0.09333333333333338,1.3452098369598389,1.3452098369598389,1.8623459339141846,0.8726727812061682,0.7189241773769451,0.48665354684052686,0.09333333333333334,28,1.0769230769230769,2,26,HILCodec_3kbps,260-123286-0000.flac,42
random_loss,0.1,heuristic,neighbor_copy,0.1,300,30,0.09666666666666668,0.09333333333333338,1.429247260093689,1.429247260093689,2.529289484024048,0.8939639186319591,0.7876749229653464,1.0643850680442895,0.09333333333333334,28,1.0769230769230769,2,26,HILCodec_3kbps,260-123286-0000.flac,42
random_loss,0.1,heuristic,zero_fill,0.1,300,30,0.09999999999999998,0.07999999999999996,1.471149206161499,1.471149206161499,2.4606480598449707,0.899201551306221,0.7747632631698,2.5520754756094624,0.08,24,1.0909090909090908,2,22,HILCodec_3kbps,260-123286-0000.flac,123
random_loss,0.1,heuristic,neighbor_copy,0.1,300,30,0.09999999999999998,0.07999999999999996,1.6309210062026978,1.6309210062026978,3.1122007369995117,0.9170955730142021,0.8125120787595465,1.2866608543326394,0.08,24,1.0909090909090908,2,22,HILCodec_3kbps,260-123286-0000.flac,123
random_loss,0.1,importance_aware,zero_fill,0.1,300,30,0.09666666666666668,0.09666666666666668,1.3388583660125732,1.3388583660125732,1.8608121871948242,0.8682645650777786,0.7134122557948028,0.5386730025162012,0.09666666666666666,29,1.0740740740740742,2,27,HILCodec_3kbps,260-123286-0000.flac,42
random_loss,0.1,importance_aware,neighbor_copy,0.1,300,30,0.09666666666666668,0.09666666666666668,1.4275546073913574,1.4275546073913574,2.5254781246185303,0.8916152428091231,0.7878470899348672,1.0658226179559165,0.09666666666666666,29,1.0740740740740742,2,27,HILCodec_3kbps,260-123286-0000.flac,42
random_loss,0.1,importance_aware,zero_fill,0.1,300,30,0.09999999999999998,0.08666666666666667,1.4607409238815308,1.4607409238815308,2.4503180980682373,0.8974209981084658,0.7706255608260759,2.9250271687312828,0.08666666666666667,26,1.1304347826086956,2,23,HILCodec_3kbps,260-123286-0000.flac,123
random_loss,0.1,importance_aware,neighbor_copy,0.1,300,30,0.09999999999999998,0.08666666666666667,1.6975072622299194,1.6975072622299194,3.2430810928344727,0.9210399593261246,0.8149430225375239,1.8299839842783707,0.08666666666666667,26,1.1304347826086956,2,23,HILCodec_3kbps,260-123286-0000.flac,123
random_loss,0.1,importance_selective,zero_fill,0.1,300,30,0.09666666666666668,0.09666666666666668,1.593519926071167,1.593519926071167,2.1208486557006836,0.8720766871644365,0.7387435351566779,0.997819368522347,0.09666666666666666,29,1.1153846153846154,2,26,HILCodec_3kbps,260-123286-0000.flac,42
random_loss,0.1,importance_selective,neighbor_copy,0.1,300,30,0.09666666666666668,0.09666666666666668,1.9209425449371338,1.9209425449371338,2.8694703578948975,0.8909600759678399,0.7944655259465969,1.690106092611561,0.09666666666666666,29,1.1153846153846154,2,26,HILCodec_3kbps,260-123286-0000.flac,42
random_loss,0.1,importance_selective,zero_fill,0.1,300,30,0.08666666666666667,0.08666666666666667,1.395392656326294,1.395392656326294,2.241116523742676,0.8789100208581668,0.7434903368617273,1.466110916200931,0.08666666666666667,26,1.1304347826086956,2,23,HILCodec_3kbps,260-123286-0000.flac,123
random_loss,0.1,importance_selective,neighbor_copy,0.1,300,30,0.08666666666666667,0.08666666666666667,1.554039478302002,1.554039478302002,2.9117937088012695,0.9197403292152833,0.8047196745838362,1.6596899190201009,0.08666666666666667,26,1.1304347826086956,2,23,HILCodec_3kbps,260-123286-0000.flac,123
random_loss,0.2,none,zero_fill,0.1,300,0,0.24,0.24,1.2763316631317139,1.2763316631317139,1.6362313032150269,0.7780668862865363,0.5757497480214765,-2.419729596600839,0.24,72,1.44,6,50,HILCodec_3kbps,260-123286-0000.flac,42
random_loss,0.2,none,neighbor_copy,0.1,300,0,0.24,0.24,1.3070814609527588,1.3070814609527588,2.261204242706299,0.86016298457552,0.7420955260580243,-1.0258740763785672,0.24,72,1.44,6,50,HILCodec_3kbps,260-123286-0000.flac,42
random_loss,0.2,none,zero_fill,0.1,300,0,0.20666666666666667,0.20666666666666667,1.2164640426635742,1.2164640426635742,1.6297518014907837,0.7979350326473669,0.6369218219333991,-1.600958305756388,0.20666666666666667,62,1.3478260869565217,4,46,HILCodec_3kbps,260-123286-0000.flac,123
random_loss,0.2,none,neighbor_copy,0.1,300,0,0.20666666666666667,0.20666666666666667,1.3428757190704346,1.3428757190704346,2.025761365890503,0.819312388214438,0.7186776942118834,-1.3410031353301095,0.20666666666666667,62,1.3478260869565217,4,46,HILCodec_3kbps,260-123286-0000.flac,123
random_loss,0.2,random,zero_fill,0.1,300,30,0.22666666666666668,0.19666666666666666,1.2519696950912476,1.2519696950912476,1.7697898149490356,0.8080464294940312,0.6352757215322933,-1.2003073035625775,0.19666666666666666,59,1.4047619047619047,5,42,HILCodec_3kbps,260-123286-0000.flac,42
random_loss,0.2,random,neighbor_copy,0.1,300,30,0.22666666666666668,0.19666666666666666,1.3263808488845825,1.3263808488845825,2.101611375808716,0.7975715267821631,0.6787425796573472,-1.0468727241056666,0.19666666666666666,59,1.4047619047619047,5,42,HILCodec_3kbps,260-123286-0000.flac,42
random_loss,0.2,random,zero_fill,0.1,300,30,0.20333333333333337,0.19333333333333336,1.2284424304962158,1.2284424304962158,1.7293577194213867,0.8216963377329201,0.6616213232568859,-0.2845269188748189,0.19333333333333333,58,1.3181818181818181,4,44,HILCodec_3kbps,260-123286-0000.flac,123
random_loss,0.2,random,neighbor_copy,0.1,300,30,0.20333333333333337,0.19333333333333336,1.3721306324005127,1.3721306324005127,2.3627076148986816,0.8876105236336203,0.759297599704389,0.6757352396081533,0.19333333333333333,58,1.3181818181818181,4,44,HILCodec_3kbps,260-123286-0000.flac,123
random_loss,0.2,heuristic,zero_fill,0.1,300,30,0.24,0.22666666666666668,1.2037501335144043,1.2037501335144043,1.6505742073059082,0.7913665875805351,0.5892315981841874,-2.1641522145304095,0.22666666666666666,68,1.36,3,50,HILCodec_3kbps,260-123286-0000.flac,42
random_loss,0.2,heuristic,neighbor_copy,0.1,300,30,0.24,0.22666666666666668,1.3041151762008667,1.3041151762008667,2.2862963676452637,0.8765417355250059,0.7506257827499258,-0.962245903877694,0.22666666666666666,68,1.36,3,50,HILCodec_3kbps,260-123286-0000.flac,42
random_loss,0.2,heuristic,zero_fill,0.1,300,30,0.20666666666666667,0.18000000000000005,1.2404228448867798,1.2404228448867798,1.667039394378662,0.8191567425314195,0.6616977897781716,-1.1809853685125733,0.18,54,1.35,4,40,HILCodec_3kbps,260-123286-0000.flac,123
random_loss,0.2,heuristic,neighbor_copy,0.1,300,30,0.20666666666666667,0.18000000000000005,1.371462345123291,1.371462345123291,2.3964102268218994,0.8602119944846588,0.7410695123307266,-1.7293792134516766,0.18,54,1.35,4,40,HILCodec_3kbps,260-123286-0000.flac,123
random_loss,0.2,importance_aware,zero_fill,0.1,300,30,0.24,0.23333333333333328,1.1955251693725586,1.1955251693725586,1.6293814182281494,0.7819816902514429,0.5786085841485715,-2.1155218855017073,0.23333333333333334,70,1.4285714285714286,6,49,HILCodec_3kbps,260-123286-0000.flac,42
random_loss,0.2,importance_aware,neighbor_copy,0.1,300,30,0.24,0.23333333333333328,1.3190922737121582,1.3190922737121582,2.292962074279785,0.8779345493619005,0.7571291200628073,-0.8413884411778187,0.23333333333333334,70,1.4285714285714286,6,49,HILCodec_3kbps,260-123286-0000.flac,42
random_loss,0.2,importance_aware,zero_fill,0.1,300,30,0.20666666666666667,0.18666666666666665,1.2407822608947754,1.2407822608947754,1.712822437286377,0.8181262823914977,0.6591162065675924,-0.8356566743653211,0.18666666666666668,56,1.3658536585365855,4,41,HILCodec_3kbps,260-123286-0000.flac,123
random_loss,0.2,importance_aware,neighbor_copy,0.1,300,30,0.20666666666666667,0.18666666666666665,1.408177375793457,1.408177375793457,2.4746525287628174,0.8643170458133163,0.7440799915486224,-1.347178973009546,0.18666666666666668,56,1.3658536585365855,4,41,HILCodec_3kbps,260-123286-0000.flac,123
random_loss,0.2,importance_selective,zero_fill,0.1,300,30,0.21666666666666667,0.21666666666666667,1.3629993200302124,1.3629993200302124,1.8994234800338745,0.7912168129920076,0.6338619021590065,-3.029311488574331,0.21666666666666667,65,1.3541666666666667,3,48,HILCodec_3kbps,260-123286-0000.flac,42
random_loss,0.2,importance_selective,neighbor_copy,0.1,300,30,0.21666666666666667,0.21666666666666667,1.4908145666122437,1.4908145666122437,2.289041519165039,0.8633539258750111,0.7650406853631032,-2.3151185131821035,0.21666666666666667,65,1.3541666666666667,3,48,HILCodec_3kbps,260-123286-0000.flac,42
random_loss,0.2,importance_selective,zero_fill,0.1,300,30,0.20666666666666667,0.20666666666666667,1.3235501050949097,1.3235501050949097,1.8689460754394531,0.8334834308322443,0.6547983855770017,-1.480551714152044,0.20666666666666667,62,1.3191489361702127,4,47,HILCodec_3kbps,260-123286-0000.flac,123
random_loss,0.2,importance_selective,neighbor_copy,0.1,300,30,0.20666666666666667,0.20666666666666667,1.396535038948059,1.396535038948059,2.430860996246338,0.8832334971501675,0.747210833390644,-2.3304189308765735,0.20666666666666667,62,1.3191489361702127,4,47,HILCodec_3kbps,260-123286-0000.flac,123
random_loss,0.3,none,zero_fill,0.1,300,0,0.32333333333333336,0.32333333333333336,1.1716548204421997,1.1716548204421997,1.5019421577453613,0.7201560827119335,0.49617290751539045,-4.327618624901531,0.3233333333333333,97,1.564516129032258,8,62,HILCodec_3kbps,260-123286-0000.flac,42
random_loss,0.3,none,neighbor_copy,0.1,300,0,0.32333333333333336,0.32333333333333336,1.2289379835128784,1.2289379835128784,1.824731707572937,0.7830200682083515,0.6426093840105207,-2.677138355496998,0.3233333333333333,97,1.564516129032258,8,62,HILCodec_3kbps,260-123286-0000.flac,42
random_loss,0.3,none,zero_fill,0.1,300,0,0.3433333333333334,0.3433333333333334,1.1639010906219482,1.1639010906219482,1.4190020561218262,0.6806027173054421,0.44353091274462636,-6.078989193646032,0.3433333333333333,103,1.5846153846153845,6,65,HILCodec_3kbps,260-123286-0000.flac,123
random_loss,0.3,none,neighbor_copy,0.1,300,0,0.3433333333333334,0.3433333333333334,1.1832696199417114,1.1832696199417114,1.487064242362976,0.6571319077903676,0.5751107687027034,-6.209806479327212,0.3433333333333333,103,1.5846153846153845,6,65,HILCodec_3kbps,260-123286-0000.flac,123
random_loss,0.3,random,zero_fill,0.1,300,30,0.31999999999999995,0.2833333333333333,1.205542802810669,1.205542802810669,1.537445068359375,0.7708111798669195,0.5566323877609466,-4.3083348267906665,0.2833333333333333,85,1.4655172413793103,5,58,HILCodec_3kbps,260-123286-0000.flac,42
random_loss,0.3,random,neighbor_copy,0.1,300,30,0.31999999999999995,0.2833333333333333,1.3820627927780151,1.3820627927780151,1.8782600164413452,0.7489177010594337,0.6373945915051228,-3.716294749238154,0.2833333333333333,85,1.4655172413793103,5,58,HILCodec_3kbps,260-123286-0000.flac,42
random_loss,0.3,random,zero_fill,0.1,300,30,0.32666666666666666,0.31000000000000005,1.2682057619094849,1.2682057619094849,1.6454694271087646,0.6992739454847635,0.5177348521932824,-2.7171007046539932,0.31,93,1.5245901639344261,6,61,HILCodec_3kbps,260-123286-0000.flac,123
random_loss,0.3,random,neighbor_copy,0.1,300,30,0.32666666666666666,0.31000000000000005,1.311229944229126,1.311229944229126,2.097048044204712,0.8058066193436976,0.650209909277205,0.4097588594610502,0.31,93,1.5245901639344261,6,61,HILCodec_3kbps,260-123286-0000.flac,123
random_loss,0.3,heuristic,zero_fill,0.1,300,30,0.32333333333333336,0.30000000000000004,1.1947212219238281,1.1947212219238281,1.6003592014312744,0.7357413247538176,0.5047388047145706,-4.064227932805826,0.3,90,1.5,4,60,HILCodec_3kbps,260-123286-0000.flac,42
random_loss,0.3,heuristic,neighbor_copy,0.1,300,30,0.32333333333333336,0.30000000000000004,1.2569788694381714,1.2569788694381714,2.0662810802459717,0.8408681960372968,0.6988902175578791,-2.654294455382668,0.3,90,1.5,4,60,HILCodec_3kbps,260-123286-0000.flac,42
random_loss,0.3,heuristic,zero_fill,0.1,300,30,0.3433333333333334,0.29666666666666663,1.2046705484390259,1.2046705484390259,1.5250195264816284,0.7053553822982126,0.5202523666827337,-4.842566032672977,0.2966666666666667,89,1.5614035087719298,6,57,HILCodec_3kbps,260-123286-0000.flac,123
random_loss,0.3,heuristic,neighbor_copy,0.1,300,30,0.3433333333333334,0.29666666666666663,1.225039005279541,1.225039005279541,1.7691309452056885,0.7621524441644577,0.6569704574332105,-5.792517900081116,0.2966666666666667,89,1.5614035087719298,6,57,HILCodec_3kbps,260-123286-0000.flac,123
random_loss,0.3,importance_aware,zero_fill,0.1,300,30,0.32333333333333336,0.30666666666666664,1.1893160343170166,1.1893160343170166,1.428222894668579,0.7330957883069722,0.5022109138150614,-3.930084346262444,0.30666666666666664,92,1.5593220338983051,8,59,HILCodec_3kbps,260-123286-0000.flac,42
random_loss,0.3,importance_aware,neighbor_copy,0.1,300,30,0.32333333333333336,0.30666666666666664,1.2650141716003418,1.2650141716003418,2.076521158218384,0.8409090912440186,0.7005128213105196,-2.4949788256903043,0.30666666666666664,92,1.5593220338983051,8,59,HILCodec_3kbps,260-123286-0000.flac,42
random_loss,0.3,importance_aware,zero_fill,0.1,300,30,0.3433333333333334,0.29333333333333333,1.210005283355713,1.210005283355713,1.5522615909576416,0.7314562554904003,0.5568866532992687,-3.332738028898516,0.29333333333333333,88,1.543859649122807,6,57,HILCodec_3kbps,260-123286-0000.flac,123
random_loss,0.3,importance_aware,neighbor_copy,0.1,300,30,0.3433333333333334,0.29333333333333333,1.2648214101791382,1.2648214101791382,2.1143834590911865,0.8180781855336112,0.6979032623434906,-3.0385195600982966,0.29333333333333333,88,1.543859649122807,6,57,HILCodec_3kbps,260-123286-0000.flac,123
random_loss,0.3,importance_selective,zero_fill,0.1,300,30,0.32666666666666666,0.32666666666666666,1.2329692840576172,1.2329692840576172,1.689621925354004,0.6961004716973629,0.5248006115842021,-5.740100951509355,0.32666666666666666,98,1.53125,5,64,HILCodec_3kbps,260-123286-0000.flac,42
random_loss,0.3,importance_selective,neighbor_copy,0.1,300,30,0.32666666666666666,0.32666666666666666,1.3470103740692139,1.3470103740692139,1.8899210691452026,0.8017584524050463,0.7161624860198689,-5.6026882973647005,0.32666666666666666,98,1.53125,5,64,HILCodec_3kbps,260-123286-0000.flac,42
random_loss,0.3,importance_selective,zero_fill,0.1,300,30,0.33333333333333337,0.33333333333333337,1.200514316558838,1.200514316558838,1.6453163623809814,0.7331946925272503,0.4852117824379673,-4.913312993686514,0.3333333333333333,100,1.6129032258064515,5,62,HILCodec_3kbps,260-123286-0000.flac,123
random_loss,0.3,importance_selective,neighbor_copy,0.1,300,30,0.33333333333333337,0.33333333333333337,1.350143551826477,1.350143551826477,2.079076051712036,0.8143763825152605,0.6262533706275241,-4.701576202592381,0.3333333333333333,100,1.6129032258064515,5,62,HILCodec_3kbps,260-123286-0000.flac,123
random_loss,0.4,none,zero_fill,0.1,300,0,0.41000000000000003,0.41000000000000003,1.1298319101333618,1.1298319101333618,1.389093279838562,0.6600845207810152,0.3983876359386885,-7.335673851081048,0.41,123,1.662162162162162,8,74,HILCodec_3kbps,260-123286-0000.flac,42
random_loss,0.4,none,neighbor_copy,0.1,300,0,0.41000000000000003,0.41000000000000003,1.184926986694336,1.184926986694336,1.6416435241699219,0.7428094150759849,0.5886923416361833,-4.92297339635341,0.41,123,1.662162162162162,8,74,HILCodec_3kbps,260-123286-0000.flac,42
random_loss,0.4,none,zero_fill,0.1,300,0,0.42333333333333334,0.42333333333333334,1.1092069149017334,1.1092069149017334,1.2731984853744507,0.6530253066031353,0.3504773544355168,-9.458801329586441,0.42333333333333334,127,1.7887323943661972,6,71,HILCodec_3kbps,260-123286-0000.flac,123
random_loss,0.4,none,neighbor_copy,0.1,300,0,0.42333333333333334,0.42333333333333334,1.1166956424713135,1.1166956424713135,1.3274468183517456,0.5686103693273887,0.5208490707551965,-9.947614990213356,0.42333333333333334,127,1.7887323943661972,6,71,HILCodec_3kbps,260-123286-0000.flac,123
random_loss,0.4,random,zero_fill,0.1,300,30,0.42000000000000004,0.3733333333333333,1.1661365032196045,1.1661365032196045,1.296634554862976,0.6851334780883658,0.44319247011087176,-9.75102447044246,0.37333333333333335,112,1.6,5,70,HILCodec_3kbps,260-123286-0000.flac,42
random_loss,0.4,random,neighbor_copy,0.1,300,30,0.42000000000000004,0.3733333333333333,1.2599455118179321,1.2599455118179321,1.6752352714538574,0.6919012479815363,0.5853344793783087,-7.900589474667161,0.37333333333333335,112,1.6,5,70,HILCodec_3kbps,260-123286-0000.flac,42
random_loss,0.4,random,zero_fill,0.1,300,30,0.42333333333333334,0.3966666666666666,1.1709164381027222,1.1709164381027222,1.5547890663146973,0.6641639782519049,0.41202416473082104,-8.12767488438639,0.39666666666666667,119,1.6527777777777777,6,72,HILCodec_3kbps,260-123286-0000.flac,123
random_loss,0.4,random,neighbor_copy,0.1,300,30,0.42333333333333334,0.3966666666666666,1.3172624111175537,1.3172624111175537,1.7734479904174805,0.7288242920055695,0.5451971046828251,-4.128722743674022,0.39666666666666667,119,1.6527777777777777,6,72,HILCodec_3kbps,260-123286-0000.flac,123
random_loss,0.4,heuristic,zero_fill,0.1,300,30,0.41000000000000003,0.3733333333333333,1.151228904724121,1.151228904724121,1.4475069046020508,0.6694131100575068,0.4140971246908287,-6.837549261313594,0.37333333333333335,112,1.6,4,70,HILCodec_3kbps,260-123286-0000.flac,42
random_loss,0.4,heuristic,neighbor_copy,0.1,300,30,0.41000000000000003,0.3733333333333333,1.2132964134216309,1.2132964134216309,1.9406523704528809,0.8054641753923292,0.6434088860447181,-4.736566185843323,0.37333333333333335,112,1.6,4,70,HILCodec_3kbps,260-123286-0000.flac,42
random_loss,0.4,heuristic,zero_fill,0.1,300,30,0.42333333333333334,0.37,1.1616897583007812,1.1616897583007812,1.4326715469360352,0.6855699452015167,0.4548486253404341,-7.500947476788353,0.37,111,1.7076923076923076,6,65,HILCodec_3kbps,260-123286-0000.flac,123
random_loss,0.4,heuristic,neighbor_copy,0.1,300,30,0.42333333333333334,0.37,1.15704345703125,1.15704345703125,1.6567575931549072,0.7140263421054815,0.6210098578658402,-8.565244667936222,0.37,111,1.7076923076923076,6,65,HILCodec_3kbps,260-123286-0000.flac,123
random_loss,0.4,importance_aware,zero_fill,0.1,300,30,0.41000000000000003,0.38,1.140905737876892,1.140905737876892,1.4687714576721191,0.6748344290662224,0.4249566851889109,-6.578198075012254,0.38,114,1.6521739130434783,8,69,HILCodec_3kbps,260-123286-0000.flac,42
random_loss,0.4,importance_aware,neighbor_copy,0.1,300,30,0.41000000000000003,0.38,1.211327075958252,1.211327075958252,1.9228419065475464,0.810889017421673,0.6479317046518976,-4.101078929983885,0.38,114,1.6521739130434783,8,69,HILCodec_3kbps,260-123286-0000.flac,42
random_loss,0.4,importance_aware,zero_fill,0.1,300,30,0.42333333333333334,0.36,1.1699328422546387,1.1699328422546387,1.5059778690338135,0.7178377051547397,0.5002400554759356,-5.167417550435588,0.36,108,1.6363636363636365,6,66,HILCodec_3kbps,260-123286-0000.flac,123
random_loss,0.4,importance_aware,neighbor_copy,0.1,300,30,0.42333333333333334,0.36,1.2498853206634521,1.2498853206634521,2.0104775428771973,0.8193187531827576,0.6822175506148956,-4.979396408237788,0.36,108,1.6363636363636365,6,66,HILCodec_3kbps,260-123286-0000.flac,123
random_loss,0.4,importance_selective,zero_fill,0.1,300,30,0.4066666666666666,0.4066666666666666,1.172066330909729,1.172066330909729,1.4930510520935059,0.6576092057005996,0.4615946471340061,-8.76163742340748,0.4066666666666667,122,1.6712328767123288,5,73,HILCodec_3kbps,260-123286-0000.flac,42
random_loss,0.4,importance_selective,neighbor_copy,0.1,300,30,0.4066666666666666,0.4066666666666666,1.313873291015625,1.313873291015625,1.8535205125808716,0.7874117092942885,0.6905595329121951,-6.823755227519669,0.4066666666666667,122,1.6712328767123288,5,73,HILCodec_3kbps,260-123286-0000.flac,42
random_loss,0.4,importance_selective,zero_fill,0.1,300,30,0.43000000000000005,0.43000000000000005,1.1609749794006348,1.1609749794006348,1.4736626148223877,0.6956771909623358,0.39735539518975854,-10.121728409812095,0.43,129,1.7916666666666667,5,72,HILCodec_3kbps,260-123286-0000.flac,123
random_loss,0.4,importance_selective,neighbor_copy,0.1,300,30,0.43000000000000005,0.43000000000000005,1.3087395429611206,1.3087395429611206,1.9315409660339355,0.7938517149868831,0.5908663205826347,-8.022180985335877,0.43,129,1.7916666666666667,5,72,HILCodec_3kbps,260-123286-0000.flac,123
